"Rank","Name","Symbol","marketcap","price (USD)","country"
"1","NVIDIA","NVDA","4852250312704","199.64","United States"
"2","Alphabet (Google)","GOOG","4085761966080","337.75","United States"
"3","Apple","AAPL","4014264025088","273.43","United States"
"4","Microsoft","MSFT","3090011127808","415.75","United States"
"5","Amazon","AMZN","2743194615808","255.08","United States"
"6","Broadcom","AVGO","1988276649984","419.94","United States"
"7","TSMC","TSM","1984627998720","382.66","Taiwan"
"8","Saudi Aramco","2222.SR","1757661678455","7.26585","Saudi Arabia"
"9","Meta Platforms (Facebook)","META","1673201713152","659.15","United States"
"10","Tesla","TSLA","1403589099520","373.72","United States"
"11","Walmart","WMT","1052596305920","132.03","United States"
"12","Berkshire Hathaway","BRK-B","1014915596288","470.55","United States"
"13","Samsung","005930.KS","977602078027","148.159","South Korea"
"14","JPMorgan Chase","JPM","835173351424","311.69","United States"
"15","Eli Lilly","LLY","819789496320","917.65","United States"
"16","Exxon Mobil","XOM","625686872064","150.53","United States"
"17","Visa","V","595532840960","308.88","United States"
"18","SK Hynix","000660.KS","583781196638","823.743","South Korea"
"19","Tencent","TCEHY","562601328640","62.21","China"
"20","Johnson & Johnson","JNJ","555224530944","230.65","United States"
"21","ASML","ASML","546445197312","1417.8","Netherlands"
"22","Micron Technology","MU","543252021248","481.72","United States"
"23","Oracle","ORCL","506989412352","176.28","United States"
"24","AMD","AMD","497813323776","305.33","United States"
"25","Costco","COST","450032271360","1014.38","United States"
"26","Mastercard","MA","448342851584","502.38","United States"
"27","Netflix","NFLX","390846316544","92.82","United States"
"28","Caterpillar","CAT","388626579456","835.24","United States"
"29","Bank of America","BAC","374106292224","52.47","United States"
"30","China Construction Bank","601939.SS","373687452375","1.42847","China"
"31","Chevron","CVX","373680209920","187.6","United States"
"32","Agricultural Bank of China","601288.SS","360981716206","1.03143","China"
"33","AbbVie","ABBV","355432792064","200.95","United States"
"34","Cisco","CSCO","349921017856","88.59","United States"
"35","Procter & Gamble","PG","340485439488","145.71","United States"
"36","Home Depot","HD","338808766464","340.16","United States"
"37","Palantir","PLTR","338589548544","141.57","United States"
"38","Roche","RO.SW","337807070073","424.585","Switzerland"
"39","Intel","INTC","335303081984","66.78","United States"
"40","Coca-Cola","KO","328320778240","76.28","United States"
"41","ICBC","1398.HK","327587646365","0.919141","China"
"42","Alibaba","BABA","324980473856","131.7","China"
"43","Lam Research","LRCX","323339354112","258.56","United States"
"44","UnitedHealth","UNH","322016051200","354.56","United States"
"45","Applied Materials","AMAT","320546963456","403.91","United States"
"46","HSBC","HSBC","310589816832","89.64","United Kingdom"
"47","GE Vernova","GEV","308901707776","1149.53","United States"
"48","Morgan Stanley","MS","299549818880","188.65","United States"
"49","AstraZeneca","AZN","298119528448","192.3","United Kingdom"
"50","CATL","300750.SZ","295269334173","64.6942","China"
"51","General Electric","GE","294997196800","282.34","United States"
"52","Novartis","NVS","284672327680","147.48","Switzerland"
"53","Merck","MRK","283097563136","114.62","United States"
"54","Goldman Sachs","GS","276366000128","931.3","United States"
"55","LVMH","MC.PA","274582290100","555.53","France"
"56","Bank of China","601988.SS","273329392708","0.848289","China"
"57","Kweichow Moutai","600519.SS","264379357576","211.12","China"
"58","Philip Morris International","PM","263687749632","169.19","United States"
"59","Nestlé","NESN.SW","261710875596","101.745","Switzerland"
"60","PetroChina","0857.HK","260510618931","1.42339","China"
"61","Texas Instruments","TXN","256829308928","282.23","United States"
"62","Toyota","TM","255558615040","196.08","Japan"
"63","Shell","SHEL","249320947712","89.27","United Kingdom"
"64","Wells Fargo","WFC","246710009856","80.51","United States"
"65","Royal Bank Of Canada","RY","243215237120","174.91","Canada"
"66","RTX","RTX","241460330496","179.3","United States"
"67","KLA","KLAC","238533591040","1815.43","United States"
"68","Linde","LIN","235432034304","508.06","United Kingdom"
"69","L'Oréal","OR.PA","234536301691","439.385","France"
"70","International Holding Company","IHC.AE","234168750272","106.75","United Arab Emirates"
"71","China Mobile","0941.HK","232101907443","10.7233","China"
"72","Citigroup","C","224804978688","128.51","United States"
"73","Arm Holdings","ARM","217295536128","204.61","United Kingdom"
"74","Arista Networks","ANET","217269682176","172.55","United States"
"75","American Express","AXP","217251086336","318.55","United States"
"76","IBM","IBM","217188696064","231.08","United States"
"77","Siemens","SIE.DE","217034976244","284.545","Germany"
"78","McDonald","MCD","215046684672","302.53","United States"
"79","T-Mobile US","TMUS","213838512128","194.07","United States"
"80","Pepsico","PEP","212832698368","155.7","United States"
"81","Prosus","PRX.AS","212241467324","48.5738","Netherlands"
"82","SoftBank Group Corp.","9984.T","209523606705","36.7665","Japan"
"83","Commonwealth Bank","CBA.AX","205853978169","123.109","Australia"
"84","Hermès","RMS.PA","205161020240","1956.98","France"
"85","BHP Group","BHP","202821140480","79.84","Australia"
"86","Nextera Energy","NEE","200710406144","96.25","United States"
"87","Verizon","VZ","197379604480","47.22","United States"
"88","Analog Devices","ADI","197175902208","403.88","United States"
"89","Inditex","ITX.MC","194882291947","62.5672","Spain"
"90","Mitsubishi UFJ Financial","MUFG","194372419584","17.22","Japan"
"91","Reliance Industries","RELIANCE.NS","192927116359","14.2566","India"
"92","TotalEnergies","TTE","192865402880","90.47","France"
"93","SAP","SAP","192460701696","163.25","Germany"
"94","Amgen","AMGN","187929755648","348.62","United States"
"95","Siemens Energy","ENR.F","187187768953","218.845","Germany"
"96","Foxconn Industrial Internet","601138.SS","187029594752","9.42495","China"
"97","AT&T","T","185794904064","26.61","United States"
"98","Amphenol","APH","184635883520","150.18","United States"
"99","Boeing","BA","184580980736","234.15","United States"
"100","Walt Disney","DIS","183618043904","103.65","United States"
"101","Schneider Electric","SU.PA","180544185483","321.312","France"
"102","ABB","ABBN.SW","180227663400","99.3411","Switzerland"
"103","Toronto Dominion Bank","TD","176104931328","105.03","Canada"
"104","TJX Companies","TJX","175842459648","158.35","United States"
"105","Thermo Fisher Scientific","TMO","173435699200","466.7","United States"
"106","Allianz SE","ALV.DE","173407166666","456.044","Germany"
"107","Santander","SAN","173057933312","11.89","Spain"
"108","Novo Nordisk","NVO","170849763328","38.52","Denmark"
"109","Intuitive Surgical","ISRG","169580265472","478.82","United States"
"110","CNOOC","0883.HK","169164756804","3.55912","China"
"111","Delta Electronics","2308.TW","168077796989","64.7064","Taiwan"
"112","Gilead Sciences","GILD","165874466816","133.64","United States"
"113","Eaton","ETN","164699783168","424.5","Ireland"
"114","BlackRock","BLK","163672326144","1053.47","United States"
"115","CM Bank","3968.HK","162103209513","6.4276","China"
"116","Shopify","SHOP","161621639168","124.23","Canada"
"117","Union Pacific Corporation","UNP","161041170432","271.26","United States"
"118","Rio Tinto","RIO","160746160128","98.85","United Kingdom"
"119","Abbott Laboratories","ABT","160700923904","92.48","United States"
"120","Deere &amp; Company (John Deere)","DE","159890014208","591.95","United States"
"121","Iberdrola","IBE.MC","158162337798","23.4043","Spain"
"122","Charles Schwab","SCHW","155806547968","88.92","United States"
"123","Deutsche Telekom","DTE.DE","155705829628","32.1838","Germany"
"124","Airbus","AIR.PA","154758271724","196.586","Netherlands"
"125","Uber","UBER","153741262848","74.7","United States"
"126","Ping An Insurance","601318.SS","152941993291","8.44627","China"
"127","AppLovin","APP","152719622144","454.17","United States"
"128","Pfizer","PFE","151708467200","26.67","United States"
"129","ConocoPhillips","COP","151588749312","124.37","United States"
"130","China Life Insurance","601628.SS","151065323775","5.34466","China"
"131","Southern Copper","SCCO","150550429696","182.25","United States"
"132","Blackstone Group","BX","149519319040","122.33","United States"
"133","China Shenhua Energy","601088.SS","149097976361","6.87422","China"
"134","Welltower","WELL","146711429120","208.24","United States"
"135","Corning","GLW","145603018752","169.5","United States"
"136","Hitachi","6501.T","145556105907","32.3475","Japan"
"137","Marvell Technology","MRVL","144775299072","165.56","United States"
"138","QUALCOMM","QCOM","143064645632","133.95","United States"
"139","Salesforce","CRM","141768720384","173.3","United States"
"140","Zhongji Innolight","300308.SZ","140944579772","126.567","China"
"141","Palo Alto Networks","PANW","140473319424","173.21","United States"
"142","Anheuser-Busch Inbev","BUD","140046663680","72.22","Belgium"
"143","PDD Holdings (Pinduoduo)","PDD","138798825472","97.77","China"
"144","Lowe's Companies","LOW","138077913088","246.54","United States"
"145","Dell","DELL","137931030528","212.14","United States"
"146","Western Digital","WDC","137826435072","403.12","United States"
"147","Sandisk","SNDK","137627582464","932.43","United States"
"148","Booking Holdings (Booking.com)","BKNG","137542107136","176.75","United States"
"149","Petrobras","PBR","137071673344","21.27","Brazil"
"150","Honeywell","HON","135817207808","214.34","United States"
"151","Safran","SAF.PA","135548808025","326.163","France"
"152","Fast Retailing","9983.T","134631908323","438.769","Japan"
"153","Prologis","PLD","132693704704","142.34","United States"
"154","BYD","002594.SZ","132186337417","14.4986","China"
"155","Seagate Technology","STX","131641786368","587.62","Ireland"
"156","S&P Global","SPGI","131182166016","439.03","United States"
"157","Zijin Mining","601899.SS","130937499995","4.92418","China"
"158","HDFC Bank","HDB","130909200384","25.51","India"
"159","Interactive Brokers","IBKR","130727632896","76.89","United States"
"160","Tokyo Electron","8035.T","130527363174","285.732","Japan"
"161","Rolls-Royce Holdings","RR.L","130099610700","15.6291","United Kingdom"
"162","Chubb","CB","129322409984","332.88","Switzerland"
"163","Sumitomo Mitsui Financial Group","SMFG","127903113216","20.1","Japan"
"164","Advantest","6857.T","127560713159","175.821","Japan"
"165","UBS","UBS","126883340288","41.04","Switzerland"
"166","Air Liquide","AI.PA","126736978242","219.617","France"
"167","Danaher","DHR","126386601984","178.57","United States"
"168","Stryker Corporation","SYK","126250754048","329.65","United States"
"169","Investor AB","INVE-B.ST","125900489549","41.094","Sweden"
"170","DBS Group","D05.SI","125889159950","44.3641","Singapore"
"171","Unilever","UL","125617127424","57.52","United Kingdom"
"172","Capital One","COF","124701941760","196.63","United States"
"173","British American Tobacco","BTI","123971854336","57.28","United Kingdom"
"174","Vertiv Holdings","VRT","123587002368","321.75","United States"
"175","Parker-Hannifin","PH","122919755776","973.88","United States"
"176","Lockheed Martin","LMT","122096517120","529.79","United States"
"177","MediaTek","2454.TW","121504245405","76.1252","Taiwan"
"178","Sony","SONY","121048104960","20.49","Japan"
"179","Banco Bilbao Vizcaya Argentaria","BBVA","120665645056","21.62","Spain"
"180","Bristol-Myers Squibb","BMY","120503222272","59.02","United States"
"181","Progressive","PGR","119994851328","205.33","United States"
"182","Newmont","NEM","119937376256","111.06","United States"
"183","BP","BP","119351115776","46.35","United Kingdom"
"184","Bharti Airtel","BHARTIARTL.NS","119023854181","19.5394","India"
"185","KIOXIA Holdings Corporation","285A.T","118044789936","216.568","Japan"
"186","BNP Paribas","BNP.PA","116302952465","105.576","France"
"187","Intesa Sanpaolo","ISP.MI","115416820193","6.63783","Italy"
"188","Comcast","CMCSA","115292823552","31.64","United States"
"189","Enel","ENEL.MI","114661602858","11.5548","Italy"
"190","Enbridge","ENB","114572681216","52.5","Canada"
"191","Sanofi","SNY","113874755584","47.53","France"
"192","Starbucks","SBUX","113405919232","99.54","United States"
"193","Mitsubishi Corporation","8058.T","113354475636","30.9079","Japan"
"194","CrowdStrike","CRWD","112957186048","445.39","United States"
"195","UniCredit","UCG.MI","112887499568","75.3449","Italy"
"196","Compagnie Financière Richemont","CFR.SW","112737538894","191.75","Switzerland"
"197","Delta Electronics (Thailand)","DELTA.BK","112733755999","9.03763","Thailand"
"198","Altria Group","MO","112267960320","67.15","United States"
"199","GSK plc","GSK","111035965440","55.63","United Kingdom"
"200","Vertex Pharmaceuticals","VRTX","110671921152","435.1","United States"
"201","Al Rajhi Bank","1120.SR","110028702940","18.3381","Saudi Arabia"
"202","Equinix","EQIX","109993795584","1115.29","United States"
"203","Accenture","ACN","109719773184","178.28","Ireland"
"204","AIA","1299.HK","108063424069","10.3659","Hong Kong"
"205","Medtronic","MDT","107576721408","83.79","Ireland"
"206","Trane Technologies","TT","107361402880","485.53","Ireland"
"207","State Bank of India","SBIN.NS","107190947631","11.6125","India"
"208","Bank of Montreal","BMO","106887012352","151.63","Canada"
"209","Intuit","INTU","106662453248","383.3","United States"
"210","Spotify","SPOT","106222936064","515.94","Sweden"
"211","Constellation Energy","CEG","106069000192","292.77","United States"
"212","HCA Healthcare","HCA","105978396672","474.03","United States"
"213","Southern Company","SO","105865125888","93.91","United States"
"214","Zurich Insurance Group","ZURN.SW","104268554513","698.059","Switzerland"
"215","CME Group","CME","103570825216","285.47","United States"
"216","EssilorLuxottica","EL.PA","103135227447","224.223","France"
"217","Mitsui Bussan","8031.T","102921799079","36.3158","Japan"
"218","McKesson","MCK","102411755520","836.1","United States"
"219","Xiaomi","XIACF","102363873280","3.96","China"
"220","Brookfield Corporation","BN","101476171776","45.36","Canada"
"221","CVS Health","CVS","101067317248","78.86","United States"
"222","ICICI Bank","IBN","100490698752","28.05","India"
"223","CIBC (Canadian Imperial Bank of Commerce)","CM","99903995904","108.55","Canada"
"224","Agnico Eagle Mines","AEM","99676872704","198.96","Canada"
"225","Duke Energy","DUK","99642859520","128.04","United States"
"226","Mitsubishi Heavy Industries","7011.T","99311275552","29.5559","Japan"
"227","Mizuho Financial Group","MFG","99002155008","8.12","Japan"
"228","Howmet Aerospace","HWM","98695405568","246.16","United States"
"229","Foxconn (Hon Hai Precision Industry)","2317.TW","98319788672","7.04158","Taiwan"
"230","AXA","CS.PA","98190684263","48.2698","France"
"231","Boston Scientific","BSX","97626849280","65.69","United States"
"232","Marriott International","MAR","97577910272","368.24","United States"
"233","Itaú Unibanco","ITUB","97098178560","8.81","Brazil"
"234","Tata Consultancy Services","TCS.NS","96827894650","26.7622","India"
"235","Keyence","6861.T","96758089955","398.961","Japan"
"236","Adobe","ADBE","96595714048","238.98","United States"
"237","Equinor","EQNR","96222380032","38.61","Norway"
"238","China Yangtze Power","600900.SS","96073289014","3.92645","China"
"239","Sinopec","600028.SS","95138818916","0.786756","China"
"240","Quanta Services","PWR","95051931648","633.44","United States"
"241","Canadian Natural Resources","CNQ","94804705280","45.43","Canada"
"242","Dior","CDI.PA","94486710935","523.732","France"
"243","Westpac Banking","WBC.AX","94431653175","27.6556","Australia"
"244","KKR & Co.","KKR","94130782208","101.64","United States"
"245","Waste Management","WM","93896572928","232.8","United States"
"246","FedEx","FDX","93698482176","392.69","United States"
"247","Sberbank","SBER.ME","93346423141","4.29","Russia"
"248","BNY Mellon (Bank of New York Mellon)","BK","92949446656","135.42","United States"
"249","Chugai Pharmaceutical","4519.T","92450025303","56.1763","Japan"
"250","Scotiabank","BNS","92308258816","74.96","Canada"
"251","MercadoLibre","MELI","91721342976","1809.2","Argentina"
"252","Glencore","GLCNF","91596701696","7.76","Switzerland"
"253","United Parcel Service","UPS","91526766592","107.72","United States"
"254","Postal Savings Bank of China","601658.SS","91318345209","0.760384","China"
"255","Cummins","CMI","90825449472","656.93","United States"
"256","PNC Financial Services","PNC","90794754048","225.09","United States"
"257","Hyundai","005380.KS","90413912032","345.31","South Korea"
"258","Bank of Communications","601328.SS","90363961308","1.02264","China"
"259","Intercontinental Exchange","ICE","89201516544","157.48","United States"
"260","Midea","000333.SZ","88999558536","11.7017","China"
"261","Freeport-McMoRan","FCX","88359157760","61.48","United States"
"262","Grupo México","GMBXF","88126193664","11.32","Mexico"
"263","U.S. Bancorp","USB","88059658240","56.63","United States"
"264","ServiceNow","NOW","87845363712","84.78","United States"
"265","Williams Companies","WMB","87617699840","71.65","United States"
"266","Synopsys","SNPS","87515111424","456.85","United States"
"267","Cadence Design Systems","CDNS","86784016384","314.33","United States"
"268","Johnson Controls","JCI","86748135424","141.73","Ireland"
"269","Tokio Marine","8766.T","86644393415","44.9723","Japan"
"270","National Australia Bank","NAB.AX","86617107639","28.3473","Australia"
"271","Atlas Copco","ATCO-B.ST","86616815620","17.7638","Sweden"
"272","National Grid","NGG","86497837056","86.96","United Kingdom"
"273","General Dynamics","GD","86321283072","318.71","United States"
"274","CSX Corporation","CSX","85808857088","46.18","United States"
"275","CaixaBank","CABK.MC","85271276245","12.234","Spain"
"276","ENGIE","ENGI.PA","85193186970","33.5282","France"
"277","Airbnb","ABNB","85053046784","141.87","United States"
"278","Vinci","DG.PA","84752902896","153.203","France"
"279","Itōchū Shōji","8001.T","84701589117","12.1178","Japan"
"280","Marsh & McLennan Companies","MRSH","83837059072","174.01","United States"
"281","Sherwin-Williams","SHW","83663626240","337.66","United States"
"282","American Tower","AMT","83484901376","179.01","United States"
"283","Northrop Grumman","NOC","83467386880","587.66","United States"
"284","Munich RE (Münchener Rück)","MUV2.DE","83413069446","651.859","Germany"
"285","Cambricon Technologies","688256.SS","82662773200","196.03","China"
"286","SLB (Schlumberger)","SLB","82172043264","54.74","United States"
"287","BAE Systems","BA.L","82129726066","28.0198","United Kingdom"
"288","Enterprise Products","EPD","81801027584","37.84","United States"
"289","Infineon","IFX.DE","81212472683","62.3685","Germany"
"290","Regeneron Pharmaceuticals","REGN","80983490560","766.02","United States"
"291","Moody's","MCO","80520052736","452.35","United States"
"292","ENI","E","80367034368","54.65","Italy"
"293","Emerson","EMR","80051281920","142.44","United States"
"294","Automatic Data Processing","ADP","79936978944","198.53","United States"
"295","ING","ING","79645761536","27.72","Netherlands"
"296","Illinois Tool Works","ITW","78716067840","273.13","United States"
"297","Shin-Etsu Chemical","4063.T","78549864467","42.3059","Japan"
"298","America Movil","AMX","78348894208","26.04","Mexico"
"299","Brookfield Asset Management","BAM","78305427456","47.8","Canada"
"300","Cement Roadstone Holding","CRH","78286348288","117.16","Ireland"
"301","Eoptolink Technology","300502.SZ","78204236851","78.6756","China"
"302","Monolithic Power Systems","MPWR","78204207104","1592.17","United States"
"303","O'Reilly Automotive","ORLY","78180532224","93.24","United States"
"304","Lloyds Banking Group","LYG","77904674816","5.33","United Kingdom"
"305","Barclays","BCS","77779959808","22.77","United Kingdom"
"306","Simon Property Group","SPG","77521747968","203.66","United States"
"307","CPKC (Canadian Pacific Kansas City)","CP","77329629184","86.18","Canada"
"308","NTT (Nippon Telegraph &amp; Telephone)","9432.T","77160426605","0.947642","Japan"
"309","DoorDash","DASH","77127114752","177","United States"
"310","Suncor Energy","SU","76872392704","64.56","Canada"
"311","Ecolab","ECL","76663939072","271.45","United States"
"312","Hilton Worldwide","HLT","76647604224","334.28","United States"
"313","ANZ Bank","ANZ.AX","76474264051","25.6302","Australia"
"314","Rheinmetall","RHM.F","76309923792","1647.65","Germany"
"315","OCBC Bank","O39.SI","76023039229","16.9319","Singapore"
"316","Monster Beverage","MNST","75846393856","77.56","United States"
"317","Mitsubishi Electric","6503.T","75787836580","37.0356","Japan"
"318","3M","MMM","75543797760","144.84","United States"
"319","Robinhood","HOOD","75211767808","83.54","United States"
"320","Elevance Health","ELV","75201167360","346.29","United States"
"321","LG Energy Solution","373220.KS","74398411978","317.942","South Korea"
"322","Mondelez International","MDLZ","74068279296","57.71","United States"
"323","The Cigna Group","CI","73751191552","279.72","United States"
"324","Motorola Solutions","MSI","73656459264","443.17","United States"
"325","American Electric Power","AEP","73424551936","135.08","United States"
"326","Ross Stores","ROST","73396125696","226.92","United States"
"327","Vale","VALE","73094103040","17.14","Brazil"
"328","Ciena","CIEN","72940380160","515.85","United States"
"329","Norfolk Southern","NSC","72186437632","321.44","United States"
"330","Cloudflare","NET","72155955200","205","United States"
"331","Apollo Global Management","APO","72147918848","124.77","United States"
"332","EOG Resources","EOG","71716274176","133.87","United States"
"333","TAQA","TAQA.AE","71649278301","0.64","United Arab Emirates"
"334","Cintas","CTAS","71063470080","177.62","United States"
"335","General Motors","GM","70798073856","78.52","United States"
"336","Kinder Morgan","KMI","70593503232","31.73","United States"
"337","Royal Caribbean Group","RCL","70453690368","260.43","United States"
"338","Nu Holdings","NU","70284263424","14.46","Brazil"
"339","Volvo Group","VOLV-A.ST","70009654608","34.3495","Sweden"
"340","Valero Energy","VLO","69921308672","233.83","United States"
"341","NetEase","NTES","69900558336","109.54","China"
"342","Digital Realty","DLR","69791088640","200","United States"
"343","Canadian National Railway","CNI","69730172928","114.05","Canada"
"344","Aon","AON","69544452096","323.56","United Kingdom"
"345","Ma'aden","1211.SR","69459064687","17.8977","Saudi Arabia"
"346","Luxshare Precision","002475.SZ","69321201969","9.51432","China"
"347","CITIC Bank","601998.SS","68155231508","1.22482","China"
"348","Air Products and Chemicals","APD","67609493504","303.65","United States"
"349","Bloom Energy","BE","67517571072","237.57","United States"
"350","Barrick Gold","B","67517448192","40.2","Canada"
"351","Warner Bros. Discovery","WBD","67432067072","26.9","United States"
"352","Nongfu Spring","9633.HK","67248509988","5.97952","China"
"353","Colgate-Palmolive","CL","67168714752","83.72","United States"
"354","Paccar","PCAR","66772815872","126.97","United States"
"355","Nike","NKE","66314121216","44.78","United States"
"356","Republic Services","RSG","66128982016","214.04","United States"
"357","Hong Kong Exchanges & Clearing","0388.HK","65965724781","52.1868","Hong Kong"
"358","Energy Transfer LP","ET","65882021888","19.15","United States"
"359","Generali","G.MI","65862203182","44.0262","Italy"
"360","ADNOC Gas","ADNOCGAS.AE","65840681879","0.86","United Arab Emirates"
"361","TransDigm Group","TDG","65834622976","1165.76","United States"
"362","SK Square","402340.KS","65555372362","497.354","South Korea"
"363","The Travelers Companies","TRV","65352089600","307.33","United States"
"364","ASE Group","ASX","65296662528","29.81","Taiwan"
"365","London Stock Exchange","LSEG.L","65280298192","132.178","United Kingdom"
"366","Japan Tobacco","2914.T","65197058140","36.7227","Japan"
"367","Marathon Petroleum","MPC","65113260032","221.1","United States"
"368","Meituan","3690.HK","64751651397","10.4871","China"
"369","Manulife Financial","MFC","64631480320","38.65","Canada"
"370","SMIC","0981.HK","64445434942","8.04248","China"
"371","RELX","RELX","64343347200","36.13","United Kingdom"
"372","Wheaton Precious Metals","WPM","64271847424","141.55","Canada"
"373","Truist Financial Corporation","TFC","64038182912","51.4","United States"
"374","Phillips 66","PSX","63968751616","159.53","United States"
"375","Baker Hughes","BKR","63958429696","64.49","United States"
"376","TE Connectivity","TEL","63889440768","217.73","Switzerland"
"377","TC Energy","TRP","63412350976","60.87","Canada"
"378","Recruit","6098.T","63402674946","45.4104","Japan"
"379","Ferrari","RACE","63395074048","354.19","Italy"
"380","Coherent Corp.","COHR","63308873728","337.68","United States"
"381","Macquarie Group Limited","MQG.AX","63026117273","165.363","Australia"
"382","Imperial Oil","IMO","63014969344","126.73","Canada"
"383","The Saudi National Bank","1180.SR","62978268427","10.6185","Saudi Arabia"
"384","Ubiquiti","UI","62812712960","1037.87","United States"
"385","Teradyne","TER","62778761216","400.99","United States"
"386","Vingroup Company","VIC.VN","62769936748","8.37073","Vietnam"
"387","Nordea Bank","NDA-FI.HE","62745158768","18.4884","Finland"
"388","DHL Group (Deutsche Post)","DHL.DE","62726814397","56.044","Germany"
"389","NatWest Group","NWG","62495854592","15.68","United Kingdom"
"390","Comfort Systems USA","FIX","62413193216","1773.91","United States"
"391","DSV","DSV.VI","62382762857","263.502","Denmark"
"392","Fujikura","5803.T","62206701703","37.5739","Japan"
"393","CoreWeave","CRWV","62021255168","117.42","United States"
"394","Rosneft","ROSN.ME","61858050586","5.76","Russia"
"395","United Rentals","URI","61818372096","986.78","United States"
"396","L3Harris Technologies","LHX","61680435200","330.22","United States"
"397","Marubeni","8002.T","61355922057","37.4488","Japan"
"398","Sempra","SRE","61354463232","93.91","United States"
"399","Fortinet","FTNT","61236076544","82.76","United States"
"400","KDDI","9433.T","61217312996","16.0799","Japan"
"401","NXP Semiconductors","NXPI","60939407360","241.16","Netherlands"
"402","Crédit Agricole","ACA.PA","60765666511","20.09","France"
"403","Bajaj Finance","BAJFINANCE.NS","60583470906","9.74583","India"
"404","Cencora","COR","60574912512","311.39","United States"
"405","Lumentum","LITE","60467945472","846.89","United States"
"406","Deutsche Bank","DB","60282691584","31.39","Germany"
"407","Strategy 
 (MicroStrategy)","MSTR","60180860928","172.47","United States"
"408","BTG Pactual","BPAC3.SA","59823621603","5.1627","Brazil"
"409","Wesfarmers","WES.AX","59790065618","52.6654","Australia"
"410","Hoya","7741.T","59762846554","178.137","Japan"
"411","Realty Income","O","59751436288","64.08","United States"
"412","AutoZone","AZO","59597766656","3597.2","United States"
"413","Société Générale","GLE.PA","59476977993","81.494","France"
"414","Bank of China (Hong Kong)","2388.HK","59441017356","5.62208","Hong Kong"
"415","Keysight","KEYS","59430760448","346.53","United States"
"416","Aflac","AFL","59307945984","115.12","United States"
"417","E.ON","EOAN.DE","59202066203","22.6561","Germany"
"418","Larsen &amp; Toubro","LT.NS","59184446012","43.0235","India"
"419","Hindustan Unilever","HINDUNILVR.NS","59005332368","25.113","India"
"420","Target","TGT","58948210688","130.17","United States"
"421","Singtel","Z74.SI","58941033573","3.57573","Singapore"
"422","Thales","HO.PA","58304623724","283.727","France"
"423","Nintendo","7974.T","58143847586","49.7731","Japan"
"424","China Telecom","0728.HK","57707418012","0.630633","China"
"425","Nokia","NOK","57667575808","10.33","Finland"
"426","Wuliangye Yibin","000858.SZ","57665381227","14.8561","China"
"427","Carvana","CVNA","57629351936","403.02","United States"
"428","BMW","BMW.DE","57547299491","94.7861","Germany"
"429","National Bank of Canada","NA.TO","57493815409","147.305","Canada"
"430","Occidental Petroleum","OXY","57349734400","57.83","United States"
"431","Merck KGaA","MRK.DE","56952144101","130.991","Germany"
"432","Saudi Telecom Company","7010.SR","56740160192","11.3712","Saudi Arabia"
"433","CITIC Securities","600030.SS","56650511789","3.82243","China"
"434","Deutsche Börse","DB1.DE","56458378355","310.03","Germany"
"435","MPLX","MPLX","56455516160","55.61","United States"
"436","Industrial Bank","601166.SS","56430154131","2.66647","China"
"437","Arthur J. Gallagher & Co.","AJG","56400027648","219.37","United States"
"438","BASF","BAS.DE","56074118596","63.4089","Germany"
"439","Murata Manufacturing (Murata Seisakusho)","6981.T","55988077951","30.7577","Japan"
"440","Allstate","ALL","55921704960","216.56","United States"
"441","Orange","ORA.PA","55710018013","20.961","France"
"442","Japan Post Bank","7182.T","55313678810","15.5291","Japan"
"443","W. W. Grainger","GWW","55135174656","1164.91","United States"
"444","Walmex","WMMVF","55043510272","3.12","Mexico"
"445","Diamondback Energy","FANG","55021764608","195.59","United States"
"446","UCB","UCB.VI","54989818268","288.871","Belgium"
"447","Dominion Energy","D","54952873984","62.52","United States"
"448","Oneok","OKE","54944968704","87.21","United States"
"449","Doosan Enerbility","034020.KS","54893995069","85.8882","South Korea"
"450","Jiangsu Hengrui Medicine","600276.SS","54688469282","8.23969","China"
"451","Public Storage","PSA","54562050048","310.82","United States"
"452","Anglo American","AAL.L","54517524525","50.8802","United Kingdom"
"453","Life Insurance Corporation of India (LIC)","LICI.NS","54480361284","8.6135","India"
"454","Sandvik","SAND.ST","54259399819","43.2557","Sweden"
"455","Cheniere Energy","LNG","54045114368","257.19","United States"
"456","KBC","KBCSF","53948010496","135.22","Belgium"
"457","Cameco","CCJ","53940760576","123.85","Canada"
"458","Ametek","AME","53830373376","235","United States"
"459","Corteva","CTVA","53460115456","79.63","United States"
"460","Loblaw Companies","L.TO","53103705691","45.3129","Canada"
"461","Vistra","VST","53101457408","156.85","United States"
"462","First Abu Dhabi Bank","FAB.AE","52951521499","4.79","United Arab Emirates"
"463","Ferguson Enterprises","FERG","52879749120","263.37","United Kingdom"
"464","Takeda Pharmaceutical","TAK","52600557568","16.65","Japan"
"465","Zijin Gold International Company Limited","2259.HK","52512744059","19.6211","Hong Kong"
"466","Infosys","INFY","52363505664","12.94","India"
"467","Mercedes-Benz","MBG.DE","52320843872","59.1302","Germany"
"468","Alimentation Couche-Tard","ATD.TO","52306154699","56.9641","Canada"
"469","Coinbase","COIN","52268396544","197.93","United States"
"470","Standard Chartered","STAN.L","52188450447","23.666","United Kingdom"
"471","Fastenal","FAST","52178194432","45.45","United States"
"472","Entergy","ETR","52152418304","113.92","United States"
"473","Jardine Matheson","J36.SI","52070620000","72.22","Hong Kong"
"474","Volkswagen","VOW3.DE","51782148541","103.297","Germany"
"475","Targa Resources","TRGP","51569086464","239.91","United States"
"476","Carrier Global","CARR","51412570112","61.54","United States"
"477","China Pacific Insurance","601601.SS","51248354978","5.32708","China"
"478","Sea Limited","SE","51050586112","83.35","Singapore"
"479","Danone","BN.PA","50965371497","79.6119","France"
"480","Emirates NBD Bank PJSC","EMIRATESNBD.AE","50952518670","8.06645","United Arab Emirates"
"481","Antofagasta","ANTO.L","50877737257","51.6076","United Kingdom"
"482","Electronic Arts","EA","50678878208","202.51","United States"
"483","Compass Group","CPG.L","50652323840","29.79","United Kingdom"
"484","Snowflake","SNOW","50610479104","146.4","United States"
"485","Holcim Group","HOLN.SW","50571917286","91.4294","Switzerland"
"486","RWE","RWE.DE","50551811500","70.844","Germany"
"487","Hanwha Aerospace","012450.KS","50446467589","980.518","South Korea"
"488","CMOC","3993.HK","50444625316","2.35785","China"
"489","Ferrovial","FER.MC","50365063786","70.166","Spain"
"490","Garmin","GRMN","50303979520","260.8","Switzerland"
"491","Lukoil","LKOH.ME","50241485477","72.11","Russia"
"492","Sun Hung Kai Properties","0016.HK","50125006166","17.2977","Hong Kong"
"493","Ford","F","50058305536","12.48","United States"
"494","Cenovus Energy","CVE","49716310016","26.45","Canada"
"495","NAURA Technology Group","002371.SZ","49684300486","68.5459","China"
"496","Xcel Energy","XEL","49608413184","79.48","United States"
"497","Sumitomo Denki Kōgyō","5802.T","49597664679","63.5934","Japan"
"498","MetLife","MET","49595215872","76.06","United States"
"499","Nasdaq","NDAQ","49477353472","87.04","United States"
"500","Argenx","ARGX","49242910720","787.95","Netherlands"
"501","Microchip Technology","MCHP","49048518656","90.64","United States"
"502","Zoetis","ZTS","48992141312","116.06","United States"
"503","Autodesk","ADSK","48947777536","231.98","United States"
"504","Rocket Lab","RKLB","48902545408","84.6","United States"
"505","AngloGold Ashanti","AU","48865230848","96.76","South Africa"
"506","Disco Corp.","6146.T","48689614202","448.909","Japan"
"507","ASM International","ASM.AS","48668901331","995.558","Netherlands"
"508","Swiss Re","SREN.SW","48579315295","164.721","Switzerland"
"509","Novatek","NVTK.ME","48545765927","15.93","Russia"
"510","Nucor","NUE","48496304128","212.95","United States"
"511","Cardinal Health","CAH","48173895680","204.72","United States"
"512","Galderma Group","GALD.SW","47947279451","204.406","Switzerland"
"513","CITIC limited","0267.HK","47942822285","1.64807","China"
"514","Exelon Corporation","EXC","47833436160","46.75","United States"
"515","Samsung Biologics","207940.KS","47797772031","1032.55","South Korea"
"516","Great-West Lifeco","GWO.TO","47635595983","52.511","Canada"
"517","Kuwait Finance House","KFH.KW","47631868043","2587.28","Kuwait"
"518","Franco-Nevada","FNV","47050592256","244.04","Canada"
"519","Siemens Healthineers","SHL.DE","46962166082","42.0505","Germany"
"520","D. R. Horton","DHI","46792994816","164.22","United States"
"521","The People's Insurance Company (PICC)","601319.SS","46715257086","1.05633","China"
"522","WuXi AppTec","2359.HK","46584305992","15.6126","China"
"523","Endesa","ELE.MC","46474045863","45.1251","Spain"
"524","Old Dominion Freight Line","ODFL","46433058816","222.78","United States"
"525","HD Hyundai Heavy Industries","329180.KS","46386844437","441.943","South Korea"
"526","Shanghai Pudong Development Bank","600000.SS","46356376555","1.39184","China"
"527","eBay","EBAY","46323200000","103.4","United States"
"528","Fifth Third Bank","FITB","46097330176","50.89","United States"
"529","UOB","U11.SI","46045312086","28.0816","Singapore"
"530","Legrand","LR.PA","46000032279","176","France"
"531","Bayer","BAYN.DE","45985805934","46.8085","Germany"
"532","Rockwell Automation","ROK","45975052288","408.91","United States"
"533","Edwards Lifesciences","EW","45961904128","79.72","United States"
"534","SABIC","2010.SR","45885333442","15.2951","Saudi Arabia"
"535","Ambev","ABEV","45854281728","2.94","Brazil"
"536","Wabtec","WAB","45719564288","269.45","United States"
"537","East Money Information","300059.SZ","45567865801","2.88331","China"
"538","Emirates Telecom (Etisalat Group)","EAND.AE","45473224380","5.23","United Arab Emirates"
"539","ArcelorMittal","MT","45317431296","59.54","Luxembourg"
"540","Datadog","DDOG","45243432960","127.86","United States"
"541","Axis Bank","AXISBANK.BO","45180267805","14.5341","India"
"542","Erste Group Bank","EBO.F","45179352687","116.32","Austria"
"543","Hikvision","002415.SZ","45129493284","4.92418","China"
"544","Celestica","CLS","45021937664","391.6","Canada"
"545","Victory Giant Technology","300476.SZ","45021609247","46.4904","China"
"546","Delta Air Lines","DAL","44918689792","68.37","United States"
"547","PayPal","PYPL","44758781952","49.75","United States"
"548","CSL","CSL.AX","44684990872","92.0734","Australia"
"549","IDEXX Laboratories","IDXX","44663508992","560.93","United States"
"550","Porsche","P911.DE","44634097244","48.9946","Germany"
"551","QNB (Qatar National Bank)","QNBK.QA","44565158382","4.89011","Qatar"
"552","Banco Santander Brasil","BSBR","44563750912","5.95","Brazil"
"553","Compagnie de Saint-Gobain","SGO.PA","44498571075","91.2088","France"
"554","Yum! Brands","YUM","44430614528","160.73","United States"
"555","Assa Abloy","ASSA-B.ST","44421686407","39.9916","Sweden"
"556","Lonza","LONN.SW","44340045533","634.842","Switzerland"
"557","STMicroelectronics","STM","44181954560","49.71","Switzerland"
"558","Chipotle Mexican Grill","CMG","44152143872","33.9","United States"
"559","Diageo","DEO","44120944640","79.37","United Kingdom"
"560","Bank Central Asia","BBCA.JK","44077949705","0.358319","Indonesia"
"561","Heineken","HEIA.AS","44067408909","78.8871","Netherlands"
"562","Becton Dickinson","BDX","44049661952","154.85","United States"
"563","Maruti Suzuki India","MARUTI.NS","43908920917","139.658","India"
"564","Fortescue","FMG.AX","43848761358","14.2414","Australia"
"565","Adani Power","ADANIPOWER.NS","43833129227","2.27295","India"
"566","Swisscom","SCMN.SW","43784362278","845.226","Switzerland"
"567","Woodside Energy","WDS","43782336512","23.03","Australia"
"568","CBRE Group","CBRE","43768844288","149.31","United States"
"569","Kroger","KR","43729874944","69.1","United States"
"570","Commerzbank","CBK.F","43712238698","39.8644","Germany"
"571","MSCI","MSCI","43491827712","598.01","United States"
"572","Coca-Cola European Partners","CCEP","43346763776","97.33","United Kingdom"
"573","Sumitomo","8053.T","43342047226","36.3284","Japan"
"574","DNB","DNB.OL","43284771416","30.045","Norway"
"575","SSE","SSE.L","43216770535","35.8532","United Kingdom"
"576","Aena","AENA.MC","43102641485","28.7351","Spain"
"577","Rocket Companies","RKT","43086778368","15.28","United States"
"578","Guotai Junan Securities","601211.SS","42926199949","2.43499","China"
"579","Telstra","TLS.AX","42913342778","3.81886","Australia"
"580","Waste Connections","WCN","42911723520","168.89","United States"
"581","China State Shipbuilding Corporation (CSSC)","600150.SS","42890145787","5.69922","China"
"582","Sun Pharmaceutical","SUNPHARMA.NS","42779606942","17.8298","India"
"583","Ahold Delhaize","AD.AS","42755769576","48.3516","Netherlands"
"584","Universal Music Group","UMG.AS","42622479591","23.2406","Netherlands"
"585","Moore Threads","688795.SS","42555610216","90.5384","China"
"586","Block","XYZ","42494013440","69.93","United States"
"587","Goodman Group","GMG.AX","42478031977","20.7738","Australia"
"588","Haleon","HLN","42396397568","9.53","United Kingdom"
"589","State Street Corporation","STT","42157645824","151.25","United States"
"590","Titan Company","TITAN.NS","41951787767","47.2939","India"
"591","Grayscale Bitcoin Trust","GBTC","41874534400","60.48","United States"
"592","Alnylam Pharmaceuticals","ALNY","41868345344","313.79","United States"
"593","Panasonic","6752.T","41720716976","17.87","Japan"
"594","Ameriprise Financial","AMP","41683693568","459.63","United States"
"595","Banco Bradesco","BBD","41648607232","3.94","Brazil"
"596","Tesco","TSCO.L","41600898351","6.553","United Kingdom"
"597","Naspers","NPSNY","41430118400","10.87","South Africa"
"598","NTPC Limited","NTPC.NS","41393228833","4.26881","India"
"599","Baidu","BIDU","41350905856","121.53","China"
"600","Reckitt Benckiser","RKT.L","41267049833","64.3243","United Kingdom"
"601","PKN Orlen","PKN.WA","41121620823","35.4209","Poland"
"602","Polyus","PLZL.ME","41120417568","30.52","Russia"
"603","Prysmian Group","PRY.MI","41073680237","143.208","Italy"
"604","Danske Bank","DANS.VI","41025786630","50.6079","Denmark"
"605","Wanhua Chemical","600309.SS","40966044164","13.0862","China"
"606","JD.com","JD","40947302400","29.98","China"
"607","American International Group","AIG","40826384384","76.33","United States"
"608","Fomento Económico Mexicano (FEMSA)","FMX","40655849260","113.62","Mexico"
"609","Sungrow Power Supply","300274.SZ","40641081429","19.603","China"
"610","Consolidated Edison","ED","40618442752","110.25","United States"
"611","ITC","ITC.NS","40594784362","3.23994","India"
"612","Fujitsu","6702.T","40588371061","23.3969","Japan"
"613","Hochtief","HOT.F","40549895993","538.929","Germany"
"614","Toyota Tsusho","8015.T","40429639107","38.2937","Japan"
"615","WEG ON","WEGE3.SA","40317377628","9.60892","Brazil"
"616","Kia","000270.KS","40314565816","103.728","South Korea"
"617","PICC Property and Casualty Company Limited","2328.HK","40235402276","1.80892","China"
"618","Aselsan","ASELS.IS","40181700209","8.81178","Turkey"
"619","EQT","EQT.ST","40153022284","34.2955","Sweden"
"620","PSEG","PEG","40012185600","80.16","United States"
"621","Thomson Reuters","TRI","39946350592","90.18","Canada"
"622","Elbit Systems","ESLT","39752216576","852.34","Israel"
"623","Nebius Group","NBIS","39743905792","157.08","Netherlands"
"624","Roblox","RBLX","39690842112","55.45","United States"
"625","Daikin","6367.T","39516725269","134.948","Japan"
"626","Ventas","VTR","39430160384","82.93","United States"
"627","Gold Fields","GFI","39318638592","43.96","South Africa"
"628","Komatsu","6301.T","39300381196","43.6141","Japan"
"629","Weichai Power","2338.HK","39283308921","4.5089","China"
"630","Swedbank","SWED-A.ST","39248019235","34.9332","Sweden"
"631","Sun Life Financial","SLF","39194050560","70.74","Canada"
"632","Adani Ports & SEZ","ADANIPORTS.NS","39191508635","17.0105","India"
"633","Swire Pacific","0019.HK","39181207487","10.7999","Hong Kong"
"634","Gazprom","GAZP.ME","39138482744","1.65","Russia"
"635","Kotak Mahindra Bank","KOTAKBANK.NS","39097639777","3.93081","India"
"636","Medline","MDLN","39092617216","46.23","United States"
"637","Quanta Computer","2382.TW","39001213722","10.1183","Taiwan"
"638","The Hershey Company","HSY","38936936448","192.1","United States"
"639","Daimler Truck","DTG.F","38906532862","50.8183","Germany"
"640","Emcor","EME","38881828864","873.11","United States"
"641","Take-Two Interactive","TTWO","38868328448","209.9","United States"
"642","Mahindra &amp; Mahindra","M&M.NS","38836494509","32.3432","India"
"643","Keurig Dr Pepper","KDP","38813204480","28.53","United States"
"644","Hannover Rück","HNR1.DE","38742214027","321.253","Germany"
"645","Fairfax Financial","FFH.TO","38741122695","1806.21","Canada"
"646","Maybank","MLYBY","38705016832","6.4","Malaysia"
"647","Constellation Software","CSU.TO","38691975838","1825.82","Canada"
"648","Kinross Gold","KGC","38616305664","32.12","Canada"
"649","Toyota Industries","6201.T","38488846442","128.094","Japan"
"650","HeidelbergCement","HEI.DE","38468688480","218.611","Germany"
"651","ON Semiconductor","ON","38459547648","97.78","United States"
"652","Unimicron","3037.TW","38455286190","24.4235","Taiwan"
"653","The Hartford","HIG","38395707392","139.61","United States"
"654","Vulcan Materials","VMC","38222184448","292.71","United States"
"655","Oil &amp; Natural Gas","ONGC.NS","38216117666","3.03778","India"
"656","Crown Castle","CCI","38190870528","87.52","United States"
"657","Bank Leumi","LUMI.TA","38183586937","25.8414","Israel"
"658","Skandinaviska Enskilda Banken","SEB-A.ST","38129417403","19.4554","Sweden"
"659","Fubon Financial","2881.TW","38101216766","2.78809","Taiwan"
"660","Prudential","PUK","38055550976","30.37","United Kingdom"
"661","UltraTech Cement","ULTRACEMCO.NS","37983251012","129.12","India"
"662","Alcon","ALC","37917118464","75.86","Switzerland"
"663","NEC Corp","6701.T","37909578180","28.5357","Japan"
"664","KB Financial Group","KB","37823901696","106.64","South Korea"
"665","Accton Technology","2345.TW","37760463661","67.5611","Taiwan"
"666","Grupo ACS","ACS.MC","37733548918","144.845","Spain"
"667","Ericsson","ERIC","37733515264","11.32","Sweden"
"668","Symbotic","SYM","37648257024","62.51","United States"
"669","WEC Energy Group","WEC","37641105408","115.57","United States"
"670","Coupang","CPNG","37624184832","20.58","United States"
"671","HEICO","HEI","37494173696","268.74","United States"
"672","Roper Technologies","ROP","37440913408","363.76","United States"
"673","Martin Marietta Materials","MLM","37326524416","618.89","United States"
"674","PG&amp;E Corporation","PCG","37063442432","16.83","United States"
"675","Hewlett Packard Enterprise","HPE","37059035136","27.93","United States"
"676","Carnival Corporation","CCL","36913971200","26.65","United States"
"677","Renesas Electronics","6723.T","36898888478","20.3486","Japan"
"678","EQT Corporation","EQT","36859420672","58.93","United States"
"679","Schindler Group","SCHN.SW","36817002262","339.617","Switzerland"
"680","3i Group","III.L","36700311431","36.0553","United Kingdom"
"681","HCL Technologies","HCLTECH.NS","36684087316","13.5583","India"
"682","Leonardo","LDO.MI","36653687441","63.5258","Italy"
"683","Dubai Electricity and Water Authority (DEWA)","DEWA.AE","36492375689","0.729847","United Arab Emirates"
"684","Fanuc","6954.T","36405838215","39.0136","Japan"
"685","Muyuan Foods","002714.SZ","36403147580","6.30577","China"
"686","Teva Pharmaceutical Industries","TEVA","36341022720","31.21","Israel"
"687","Sysco","SYY","36307730432","75.81","United States"
"688","Suzhou TFC Optical Communication","300394.SZ","36297251083","46.6896","China"
"689","Viking Holdings","VIK","36122841088","80.98","Bermuda"
"690","MS&amp;AD Insurance","8725.T","36027145843","24.8302","Japan"
"691","Vodafone","VOD","36022063104","15.62","United Kingdom"
"692","Live Nation","LYV","35974004736","153.21","United States"
"693","Bank Hapoalim","POLI.TA","35898531393","27.4025","Israel"
"694","Jabil","JBL","35715805184","338.53","United States"
"695","Otsuka Holdings","4578.T","35679363049","67.6619","Japan"
"696","Sandoz Group","SDZ.SW","35510093933","82.0677","Switzerland"
"697","Experian","EXPGF","35313242112","39.36","Ireland"
"698","KONE","KNEBV.HE","35249861773","68.015","Finland"
"699","Talanx","TLX.DE","35138945602","136.077","Germany"
"700","EchoStar","SATS","35104194560","121.52","United States"
"701","Arch Capital","ACGL","34939674624","98.07","Bermuda"
"702","Bharat Electronics","BEL.NS","34904329086","4.77502","India"
"703","Nutrien","NTR","34735124480","72.19","Canada"
"704","ACWA POWER Company","2082.SR","34682387225","45.2714","Saudi Arabia"
"705","Samsung C&T Corporation","028260.KS","34610603574","211.511","South Korea"
"706","Trip.com","TCOM","34608304128","52.95","China"
"707","Cathay Financial Holding","2882.TW","34571076219","2.35671","Taiwan"
"708","Iron Mountain","IRM","34543239168","116.12","United States"
"709","Las Vegas Sands","LVS","34474967040","51.95","United States"
"710","Foshan Haitian Flavouring and Food","603288.SS","34371061103","5.87356","China"
"711","Adyen","ADYEN.AS","34309146497","1087.91","Netherlands"
"712","China General Nuclear Power Group (CGN)","003816.SZ","34255154895","0.678339","China"
"713","Credo Technology","CRDO","34222839808","185.54","United States"
"714","SAAB AB","SAAB-B.ST","34179927783","63.3704","Sweden"
"715","Kering","KER.PA","34138456691","278.408","France"
"716","Huntington Bancshares","HBAN","34116608000","16.83","United States"
"717","Mitsubishi Estate","8802.T","33929022476","28.1226","Japan"
"718","Dollarama","DOL.TO","33922855818","124.382","Canada"
"719","China Coal Energy Company Limited","601898.SS","33819254801","2.55073","China"
"720","GlobalFoundries","GFS","33789915136","61.54","United States"
"721","Ørsted","ORSTED.CO","33784300762","25.5736","Denmark"
"722","Archer Daniels Midland (ADM)","ADM","33747113984","70.03","United States"
"723","Astera Labs","ALAB","33624170496","197.54","United States"
"724","Power Corporation of Canada","POW.TO","33622439821","53.1315","Canada"
"725","Kenvue","KVUE","33579335680","17.49","United States"
"726","Ingersoll Rand","IR","33564626944","84.95","Ireland"
"727","Intact Financial","IFC.TO","33546934388","188.931","Canada"
"728","OTP Bank","OTP.BD","33515631167","132.02","Hungary"
"729","Poste Italiane","PST.MI","33509655588","25.9294","Italy"
"730","Chunghwa Telecom","CHT","33496653824","43.18","Taiwan"
"731","Maersk","MAERSK-B.CO","33489297533","2312.58","Denmark"
"732","ORIX","IX","33386366976","30.4","Japan"
"733","Fresnillo","FNLPF","33359171584","45.27","Mexico"
"734","Swiss Life","SLHN.SW","33313642772","1192.09","Switzerland"
"735","PKO Bank Polski","PKO.WA","33312160262","26.6497","Poland"
"736","BeOne Medicines","ONC","33281898496","299.81","United States"
"737","Shinhan Financial Group","SHG","33254072320","66.73","South Korea"
"738","Givaudan","GIVN.SW","33116543161","3588.24","Switzerland"
"739","Halliburton","HAL","33113993216","39.65","United States"
"740","Epiroc","EPI-A.ST","33096417508","27.3564","Sweden"
"741","CTBC Financial Holding","2891.TW","33080353104","1.6811","Taiwan"
"742","Woolworths Group","WOW.AX","33034793050","27.0423","Australia"
"743","Fiserv","FISV","32915554304","61.55","United States"
"744","Prudential Financial","PRU","32833800192","94.35","United States"
"745","NRG Energy","NRG","32818493440","154.53","United States"
"746","Sompo Holdings","8630.T","32804339143","36.7665","Japan"
"747","Copart","CPRT","32636891136","33.88","United States"
"748","M&T Bank","MTB","32626462720","219.7","United States"
"749","Steel Dynamics","STLD","32605784064","225.05","United States"
"750","Paychex","PAYX","32586555392","90.95","United States"
"751","JSW Steel","JSWSTEEL.NS","32557318300","13.3397","India"
"752","Kimberly-Clark","KMB","32505489408","97.93","United States"
"753","Agilent Technologies","A","32335355904","114.42","United States"
"754","Banca Monte dei Paschi di Siena","BMPS.MI","32323596910","10.6383","Italy"
"755","TDK","6762.T","32306691331","17.0219","Japan"
"756","COSCO Shipping","601919.SS","32283287509","2.10827","China"
"757","Venture Global","VG","32149264384","12.95","United States"
"758","ResMed","RMD","31977865216","219.51","United States"
"759","Flex","FLEX","31950864384","86.9","Singapore"
"760","GE HealthCare Technologies","GEHC","31890118656","69.89","United States"
"761","QNB Finansbank","QNBTR.IS","31841296764","5.78933","Turkey"
"762","Adani Enterprises","ADANIENT.NS","31772204977","24.4084","India"
"763","Honda","HMC","31763220480","24.48","Japan"
"764","Dai-ichi Life Holdings","8750.T","31757036408","8.80668","Japan"
"765","Advanced Info Service (AIS)","ADVANC.BK","31650291574","10.6416","Thailand"
"766","Axon Enterprise","AXON","31635869696","392.64","United States"
"767","CK Hutchison Holdings","0001.HK","31634266352","8.2595","Hong Kong"
"768","Tenaris","TS","31616868352","62.63","Luxembourg"
"769","Geely","0175.HK","31597429855","2.92593","China"
"770","Powergrid Corporation of India","POWERGRID.NS","31500452100","3.38693","India"
"771","Amrize","AMRZ","31474706432","56.87","Switzerland"
"772","Denso","6902.T","31466281604","11.689","Japan"
"773","Cboe Global Markets","CBOE","31435249664","300.12","United States"
"774","DMart","DMART.NS","31289201266","47.9805","India"
"775","Itaúsa","ITSA3.SA","31283456028","2.79033","Brazil"
"776","Japan Post Holdings","6178.T","31258220339","11.0944","Japan"
"777","Ping An Bank","000001.SZ","31217781418","1.60867","China"
"778","Atmos Energy","ATO","31071088640","187.81","United States"
"779","Insmed","INSM","31046014976","143.83","United States"
"780","Transurban","TCL.AX","31040513598","9.9483","Australia"
"781","Ameren","AEE","30998992896","112.05","United States"
"782","Kongsberg Gruppen","KOG.OL","30934643012","35.1686","Norway"
"783","Bank of Ningbo","002142.SZ","30920922686","4.68244","China"
"784","ČEZ Group","CEZ.PR","30914531646","57.5893","Czech Republic"
"785","Hindustan Aeronautics","HAL.NS","30890830310","46.1902","India"
"786","Celltrion","068270.KS","30889199211","141.232","South Korea"
"787","Henkel","HEN3.DE","30856542776","75.8008","Germany"
"788","Banorte","GFNORTEO.MX","30832100165","11.1043","Mexico"
"789","Capitec Bank","CPI.JO","30786597800","265.767","South Africa"
"790","Dover Corporation","DOV","30723000320","228.15","United States"
"791","Standard Bank Group","SBK.JO","30699578900","18.9166","South Africa"
"792","Expedia Group","EXPE","30679054336","250.37","United States"
"793","DTE Energy","DTE","30663342080","147.4","United States"
"794","Otis Worldwide","OTIS","30660136960","79.49","United States"
"795","Northern Trust","NTRS","30650228736","165.39","United States"
"796","HD Hyundai Electric","267260.KS","30645958312","851.449","South Korea"
"797","Charter Communications","CHTR","30616977408","241.78","United States"
"798","Partners Group","PGHN.SW","30578487755","1185.99","Switzerland"
"799","PTT PCL","PTT-R.BK","30578401921","1.07958","Thailand"
"800","Waters Corporation","WAT","30549100544","311.2","United States"
"801","Vedanta","VEDL.NS","30508864566","7.80643","India"
"802","VICI Properties","VICI","30476875776","28.51","United States"
"803","Hexagon AB","HEXA-B.ST","30450383742","11.3436","Sweden"
"804","Veolia","VIE.PA","30447222910","41.6296","France"
"805","GigaDevice Semiconductor","603986.SS","30435374907","43.4107","China"
"806","Cheniere Energy
Partners","CQP","30432481280","62.87","United States"
"807","Hansoh Pharma","3692.HK","30402239044","5.01443","China"
"808","Bajaj Finserv","BAJAJFINSV.NS","30390250183","19.0237","India"
"809","Gree Electric Appliances","000651.SZ","30380784778","5.42378","China"
"810","Chandra Asri Petrochemical","TPIA.JK","30371104827","0.351095","Indonesia"
"811","Bank of Jiangsu","600919.SS","30327879736","1.65263","China"
"812","Texas Pacific Land Corporation","TPL","30275682304","439.15","United States"
"813","Yankuang Energy (Yanzhou Coal Mining)","600188.SS","30220528590","3.01077","China"
"814","United Microelectronics","UMC","30188457984","12","Taiwan"
"815","Teledyne Technologies","TDY","30187290624","651.75","United States"
"816","MasTec","MTZ","30181588992","382.88","United States"
"817","Extra Space Storage","EXR","30129410048","142.66","United States"
"818","Sika","SIKA.SW","30100980591","187.616","Switzerland"
"819","H&amp;M","HM-B.ST","30023168469","18.7906","Sweden"
"820","Samsung Life Insurance","032830.KS","29973018278","166.911","South Korea"
"821","Tapestry","TPR","29970956288","146.45","United States"
"822","Aluminum Corporation of China","601600.SS","29959308749","1.74639","China"
"823","Devon Energy","DVN","29922353152","48.15","United States"
"824","Raymond James Financial","RJF","29853587456","153.41","United States"
"825","FirstRand","FSR.JO","29822381100","5.33321","South Africa"
"826","Naturgy","NTGY.MC","29804011108","32.1721","Spain"
"827","Emaar Properties","EMAAR.AE","29799625342","3.37146","United Arab Emirates"
"828","Teck Resources","TECK","29761079296","60.75","Canada"
"829","Ashtead","AHT.L","29671932322","71.7469","United Kingdom"
"830","Ecopetrol","EC","29665695744","14.43","Colombia"
"831","Ryanair","RYAAY","29659498496","56.88","Ireland"
"832","Hubbell","HUBB","29656197120","557.85","United States"
"833","United Airlines Holdings","UAL","29616988160","91.25","United States"
"834","Xylem","XYL","29587877888","121.69","United States"
"835","Dassault Systèmes","DSY.PA","29572786312","22.5216","France"
"836","Inpex","1605.T","29519073372","25.3998","Japan"
"837","Workday","WDAY","29475807232","114.67","United States"
"838","Coal India","COALINDIA.NS","29472921479","4.78245","India"
"839","Royalty Pharma","RPRX","29427445760","49.64","United Kingdom"
"840","Anta Sports","2020.HK","29425992392","10.6212","China"
"841","BPER Banca","BPE.MI","29403580912","14.1104","Italy"
"842","Qnity Electronics","Q","29379504128","140.13","United States"
"843","Kühne + Nagel","KNIN.SW","29358443195","247.208","Switzerland"
"844","Vestas Wind Systems","VWS.CO","29337315764","29.789","Denmark"
"845","China State Construction Engineering","601668.SS","29300518564","0.709106","China"
"846","AMEC","688012.SS","29291680253","46.7233","China"
"847","Casey's General Stores","CASY","29276205056","789.82","United States"
"848","Reddit","RDDT","29220833280","152.96","United States"
"849","Mitsui Fudosan","8801.T","29209242511","10.7157","Japan"
"850","China Resources Land","1109.HK","29203226959","4.09528","Hong Kong"
"851","Ajinomoto","2802.T","29071594965","30.3321","Japan"
"852","PPL","PPL","28988444672","38.54","United States"
"853","TechnipFMC","FTI","28973195264","72.44","United Kingdom"
"854","Imperial Brands","IMB.L","28969650048","37.3418","United Kingdom"
"855","Chocoladefabriken Lindt &amp; Sprüngli","LISP.SW","28961678047","12554.4","Switzerland"
"856","BT Group","BT-A.L","28900940304","2.967","United Kingdom"
"857","Nestlé India","NESTLEIND.NS","28864345706","14.9687","India"
"858","Fortis","FTS","28801652736","56.57","Canada"
"859","Mindray","300760.SZ","28741194177","23.7052","China"
"860","FirstEnergy","FE","28700141568","49.62","United States"
"861","Daiichi Sankyō","4568.T","28678916329","15.7606","Japan"
"862","Adidas","ADS.DE","28632087795","161.445","Germany"
"863","China Unicom","0762.HK","28631673527","0.935737","Hong Kong"
"864","New China Life Insurance","601336.SS","28551472954","9.15244","China"
"865","Natera","NTRA","28507824128","201.14","United States"
"866","Revolution Medicines","RVMD","28440459264","134.48","United States"
"867","ABN AMRO","ABN.AS","28395835177","34.6037","Netherlands"
"868","AXIA Energia SA","AXIA3.SA","28324895886","12.5943","Brazil"
"869","Bajaj Auto","BAJAJ-AUTO.NS","28302495715","101.353","India"
"870","CenterPoint Energy","CNP","28247037952","43.18","United States"
"871","Sampo","SAMPO.HE","28239441148","10.6336","Finland"
"872","Restaurant Brands International","QSR","28209793024","81.23","Canada"
"873","Nornickel","GMKN.ME","28185773050","1.86","Russia"
"874","Svenska Handelsbanken","SHB-A.ST","28114980032","14.0241","Sweden"
"875","Novonesis","NZYM.VI","28094278319","60.2993","Denmark"
"876","Tata Steel","TATASTEEL.NS","27915074550","2.23825","India"
"877","Dassault Aviation","AM.PA","27856491017","359.13","France"
"878","7-Eleven","3382.T","27838838044","12.0427","Japan"
"879","Helvetia Baloise Holding AG","HBAN.SW","27796783970","280.597","Switzerland"
"880","Dow","DOW","27770167296","38.53","United States"
"881","Citizens Financial Group","CFG","27763955712","65.17","United States"
"882","Hanwha Ocean (DSME)","042660.KS","27761688677","90.6185","South Korea"
"883","Astellas Pharma","4503.T","27723610525","15.4759","Japan"
"884","Estee Lauder","EL","27635945472","76.4","United States"
"885","Abu Dhabi Commercial Bank (ADCB)","ADCB.AE","27579067062","3.49","United Arab Emirates"
"886","Biogen","BIIB","27572992000","187.88","United States"
"887","SMC corp","6273.T","27533555509","436.078","Japan"
"888","China Everbright Bank","601818.SS","27527954838","0.4659","China"
"889","Zhejiang Sanhua Intelligent Controls Co.,Ltd","002050.SZ","27527335532","6.54165","China"
"890","Willis Towers Watson","WTW","27502458880","290.89","United Kingdom"
"891","Rollins","ROL","27438520320","56.99","United States"
"892","Constellation Brands","STZ","27432937472","159.31","United States"
"893","PT DCI Indonesia Tbk","DCII.JK","27415212049","11.5009","Indonesia"
"894","MTR Corporation","0066.HK","27352738876","4.40166","Hong Kong"
"895","China National Nuclear Power","601985.SS","27301459331","1.32738","China"
"896","Haier Smart Home","600690.SS","27271146951","2.99465","China"
"897","Wärtsilä","WRT1V.HE","27261816862","46.3292","Finland"
"898","Bank Rakyat Indonesia","BBRI.JK","27153261365","0.17916","Indonesia"
"899","Aeon","8267.T","27083535488","9.78938","Japan"
"900","Edison International","EIX","27074283520","70.34","United States"
"901","ST Engineering","S63.SI","27067876809","8.66939","Singapore"
"902","Repsol","REP.MC","27052410424","24.5616","Spain"
"903","IQVIA","IQV","26972762112","160.68","United States"
"904","Sumitomo Realty &amp; Development","8830.T","26968216083","29.1991","Japan"
"905","S.F. Express","002352.SZ","26963594391","5.35052","China"
"906","JX Advanced Metals","5016.T","26919469260","29.0677","Japan"
"907","Dollar General","DG","26880823296","122.06","United States"
"908","Fresenius","FRE.DE","26805455725","47.5918","Germany"
"909","Michelin","ML.PA","26784264648","37.5497","France"
"910","Curtiss-Wright","CW","26776154112","725.5","United States"
"911","George Weston","WN.TO","26715754445","70.7689","Canada"
"912","W. R. Berkley","WRB","26696800256","68.45","United States"
"913","BioNTech","BNTX","26694461440","105.56","Germany"
"914","Snam","SRG.MI","26676853587","7.9495","Italy"
"915","Wiwynn","6669.TW","26673313779","143.528","Taiwan"
"916","Synchrony Financial","SYF","26632828928","76.62","United States"
"917","Hindustan Zinc","HINDZINC.NS","26550047976","6.28356","India"
"918","EnBW Energie","EBK.DE","26547557131","81.8331","Germany"
"919","Zoom","ZM","26522966016","90.01","United States"
"920","National Bank of Kuwait","NBK.KW","26446508273","2880.91","Kuwait"
"921","Exor","EXO.AS","26416357285","80.3718","Netherlands"
"922","XPO Logistics","XPO","26388692992","224.76","United States"
"923","American Water","AWK","26356957184","134.97","United States"
"924","Cognizant Technology Solutions","CTSH","26351405056","55.1","United States"
"925","Sany Heavy Industry","600031.SS","26296462780","2.85986","China"
"926","Philips","PHG","26284113920","27.63","Netherlands"
"927","Techtronic Industries","0669.HK","26277956895","14.3616","Hong Kong"
"928","Pop Mart International Group","9992.HK","26217939675","19.8509","China"
"929","Cincinnati Financial","CINF","26183305216","168.18","United States"
"930","Banco do Brasil","BBAS3.SA","26130499606","4.57757","Brazil"
"931","Bridgestone","5108.T","26016828534","20.6115","Japan"
"932","Kraft Heinz","KHC","26006872064","21.97","United States"
"933","Gulf Development Public Company","GULF.BK","25921217819","1.73504","Thailand"
"934","Aviva","AV.L","25898080356","8.58646","United Kingdom"
"935","Ares Management","ARES","25884444672","114.78","United States"
"936","Verbund AG","OEWA.F","25851071952","74.4096","Austria"
"937","Eversource Energy","ES","25846882304","68.77","United States"
"938","Shengyi Technology (SYTECH)","600183.SS","25809057084","10.6249","China"
"939","Humana","HUM","25805707264","214.95","United States"
"940","LPL Financial","LPLA","25740374016","321","United States"
"941","Credicorp","BAP","25674297344","323.49","Bermuda"
"942","Veeva Systems","VEEV","25668225024","156.15","United States"
"943","Asian Paints","ASIANPAINT.NS","25650000801","26.7579","India"
"944","Telefónica","TEF.MC","25625700979","4.54524","Spain"
"945","Klabin","KLBN11.SA","25612653349","3.60434","Brazil"
"946","Mettler Toledo","MTD","25601398784","1264.36","United States"
"947","Resona Holdings","8308.T","25561810605","11.3479","Japan"
"948","Coterra Energy","CTRA","25552218112","33.65","United States"
"949","Telefonica Brasil","VIV","25532893184","15.98","Brazil"
"950","Hydro One","H.TO","25443910564","42.4219","Canada"
"951","Hyundai Mobis","012330.KS","25432655649","284.83","South Korea"
"952","Shenzhen Inovance","300124.SZ","25384606947","9.3766","China"
"953","Great Wall Motors","601633.SS","25375850251","2.96535","China"
"954","Eternal (Zomato)","ETERNAL.NS","25360037221","2.75836","India"
"955","Sieyuan Electric","002028.SZ","25264730461","32.2892","China"
"956","Lasertec","6920.T","25262536716","281.851","Japan"
"957","Ganfeng Lithium","002460.SZ","25259862429","12.0475","China"
"958","ZTE","000063.SZ","25258018914","5.2802","China"
"959","VeriSign","VRSN","25234495488","276.95","United States"
"960","Shriram Transport Finance","SHRIRAMFIN.NS","25199685108","10.711","India"
"961","China National Uranium","001280.SZ","25155730233","12.1632","China"
"962","Amadeus IT Group","AMS.MC","25150605216","58.2768","Spain"
"963","Pembina Pipeline","PBA","25108283392","43.19","Canada"
"964","United Therapeutics","UTHR","25106690048","572.85","United States"
"965","PulteGroup","PHM","25101373440","130.64","United States"
"966","International Consolidated Airlines","BABWF","24993474560","5.23","Spain"
"967","CSG N.V. (The Czechoslovak Group)","CSG.AS","24953236824","24.9532","Czech Republic"
"968","HENGTONG Optic-Electric","600487.SS","24893379798","10.093","China"
"969","Sabesp","SBS","24874418176","34.54","Brazil"
"970","China Tower","0788.HK","24860287195","1.42212","China"
"971","Huatai Securities","601688.SS","24797260171","2.74705","China"
"972","Tradeweb","TW","24772116480","113.62","United States"
"973","Bank Mandiri","BMRI.JK","24758712535","0.265272","Indonesia"
"974","China Northern Rare Earth (CNREHT)","600111.SS","24734242202","6.84199","China"
"975","Circle Internet Group","CRCL","24723513344","100.01","United States"
"976","Hindalco Industries","HINDALCO.NS","24712066127","11.0512","India"
"977","Fabrinet","FN","24700674048","689.46","Cayman Islands"
"978","ULTA Beauty","ULTA","24686704640","564.44","United States"
"979","PPG Industries","PPG","24682754048","110.29","United States"
"980","Oriental Land","4661.T","24659693297","15.0408","Japan"
"981","Fox Corporation","FOX","24562368512","57.74","United States"
"982","Bunge Global SA","BG","24501512192","126.42","United States"
"983","Central Japan Railway","9022.T","24484526990","25.6314","Japan"
"984","East Japan Railway","9020.T","24421857895","21.638","Japan"
"985","Sociedad Química y Minera","SQM","24407750656","85.45","Chile"
"986","Alfa Laval","ALFA.ST","24383344594","58.993","Sweden"
"987","Airports of Thailand","AOT.BK","24345618684","1.7042","Thailand"
"988","China Securities (CSC Financial)","601066.SS","24308212595","3.13384","China"
"989","Regions Financial","RF","24262582272","28.4","United States"
"990","Markel Group","MKL","24214657024","1929.91","United States"
"991","DexCom","DXCM","24194236416","62.7","United States"
"992","FTAI Aviation","FTAI","24161847296","235.54","United States"
"993","AvalonBay Communities","AVB","24114933760","173.35","United States"
"994","CLP Group","0002.HK","24092457896","9.53609","Hong Kong"
"995","Stellantis","STLA","24020135936","8.29","Netherlands"
"996","J. B. Hunt","JBHT","24002000896","253.71","United States"
"997","China Minsheng Bank","600016.SS","23990367076","0.547945","China"
"998","Terna","TRN.MI","23987724802","11.9535","Italy"
"999","Kuaishou Technology","1024.HK","23974383244","5.53272","China"
"1000","Telenor","TEL.OL","23964492916","17.5146","Norway"
"1001","QBE Insurance","QBE.AX","23960007164","15.9494","Australia"
"1002","Tower Semiconductor","TSEM","23948920832","201.27","Israel"
"1003","China International Capital Corporation","601995.SS","23932954064","4.95788","China"
"1004","KeyCorp (KeyBank)","KEY","23931320320","22.01","United States"
"1005","Nomura Holdings","NMR","23875721216","8.27","Japan"
"1006","Omnicom Group","OMC","23840038912","76.82","United States"
"1007","Kazatomprom","0ZQ.F","23831457667","91.8868","Kazakhstan"
"1008","Hapag-Lloyd","HLAG.DE","23798970747","135.375","Germany"
"1009","Fidelity National Information Services","FIS","23686494208","45.74","United States"
"1010","Shandong Gold Mining","600547.SS","23665949234","5.13369","China"
"1011","Bouygues","EN.PA","23636191383","61.3982","France"
"1012","PBBank (Public Bank Bhd)","1295.KL","23621475567","1.21693","Malaysia"
"1013","CMS Energy","CMS","23598702592","76.62","United States"
"1014","Aker BP","AKRBP.OL","23476864961","37.1623","Norway"
"1015","Equity Residential","EQR","23473371136","62.65","United States"
"1016","Lundin Mining","LUN.TO","23435113503","27.398","Canada"
"1017","Hua Hong Semiconductor Limited","1347.HK","23402137507","13.468","China"
"1018","Yili Group","600887.SS","23399803751","3.69936","China"
"1019","SoFi","SOFI","23362834432","18.32","United States"
"1020","AIB Group (Allied Irish Banks)","A5G.IR","23352344434","11.0007","Ireland"
"1021","SBA Communications","SBAC","23291305984","219.6","United States"
"1022","Neste","NESTE.HE","23279941387","30.3016","Finland"
"1023","Constellation Oil Services Holding","QG21.F","23276747522","15.3145","Luxembourg"
"1024","Pan American Silver","PAAS","23257262080","55.12","Canada"
"1025","Fair Isaac (FICO)","FICO","23241998336","979.76","United States"
"1026","Bayan Resources","BYAN.JK","23213702060","0.696411","Indonesia"
"1027","Verisk Analytics","VRSK","23205435392","177.14","United States"
"1028","Lennar","LEN","23196375040","94.18","United States"
"1029","Darden Restaurants","DRI","23175012352","202.34","United States"
"1030","Fortum","FORTUM.HE","23160623962","25.8125","Finland"
"1031","Expand Energy","EXE","23150352384","96.3","United States"
"1032","Loews Corporation","L","23132403712","112.42","United States"
"1033","LS ELECTRIC Co., Ltd.","010120.KS","23110264838","155.423","South Korea"
"1034","NiSource","NI","23108368384","48.29","United States"
"1035","nVent Electric","NVT","23084048384","142.76","United Kingdom"
"1036","SAIC Motor","600104.SS","23056237836","2.00571","China"
"1037","Vonovia","VNA.DE","23046049451","27.1686","Germany"
"1038","AST SpaceMobile","ASTS","23045165056","78.75","United States"
"1039","Brown &amp; Brown","BRO","22995374080","67.55","United States"
"1040","Seres Group","601127.SS","22969549422","13.1858","China"
"1041","Tyson Foods","TSN","22966112256","65.23","United States"
"1042","First Citizens BancShares","FCNCA","22962313216","1976.37","United States"
"1043","Industrivarden","INDU-A.ST","22939511885","53.1131","Sweden"
"1044","Vinhomes","VHM.VN","22931775686","5.58302","Vietnam"
"1045","Williams-Sonoma","WSM","22897498112","192.39","United States"
"1046","LyondellBasell","LYB","22826244096","70.72","United States"
"1047","EVE Energy","300014.SZ","22811518415","10.5985","China"
"1048","Riyad Bank","1010.SR","22807410963","5.72566","Saudi Arabia"
"1049","Dr. Sulaiman Al Habib Medical Services Group Company","4013.SR","22777171174","65.0776","Saudi Arabia"
"1050","Albemarle","ALB","22768672768","193.14","United States"
"1051","Chery Automobile","9973.HK","22764593368","3.91912","China"
"1052","Entegris","ENTG","22735327232","149.33","United States"
"1053","International Container Terminal Services","ICTEF","22700896256","11.24","Philippines"
"1054","GF Securities","000776.SZ","22653129747","2.89503","China"
"1055","AerCap","AER","22637264896","139.1","Ireland"
"1056","First Quantum Minerals","FM.TO","22624103640","27.3177","Canada"
"1057","Publicis Groupe","PUB.PA","22622321280","91.0451","France"
"1058","Halma","HLMA.L","22616349341","59.8789","United Kingdom"
"1059","ADNOC Drilling Company","ADNOCDRILL.AE","22614379508","1.41","United Arab Emirates"
"1060","Geberit","GEBN.SW","22556245474","684.067","Switzerland"
"1061","Fuyao Glass Industry Group","600660.SS","22512885779","8.62647","China"
"1062","Cellnex Telecom","CLNX.MC","22510358843","33.5399","Spain"
"1063","Ralph Lauren","RL","22506174464","371.14","United States"
"1064","Kyocera","6971.T","22486565225","17.0688","Japan"
"1065","MTN Group","MTN.JO","22481419200","12.265","South Africa"
"1066","Hyosung Heavy Industries Corporation","298040.KS","22476595653","2413.79","South Korea"
"1067","BCE Inc.","BCE","22473873408","24.1","Canada"
"1068","HD Korea Shipbuilding &amp; Offshore Engineering","009540.KS","22459253898","317.604","South Korea"
"1069","Norsk Hydro","NHY.OL","22445362119","11.421","Norway"
"1070","VAT Group","VACN.SW","22443365556","748.938","Switzerland"
"1071","NN Group","NN.AS","22433346958","85.7377","Netherlands"
"1072","BOE Technology","000725.SZ","22414925038","0.605084","China"
"1073","Pure Storage","PSTG","22405251072","67.8","United States"
"1074","Church & Dwight","CHD","22403645440","94.58","United States"
"1075","Northern Star","NST.AX","22361146147","15.6249","Australia"
"1076","Sumitomo Mitsui Trust Holdings","8309.T","22314524662","32.0158","Japan"
"1077","BE Semiconductor","BESI.AS","22255527221","282.675","Netherlands"
"1078","WSP Global","WSP.TO","22239281436","164.959","Canada"
"1079","Formula One Group","FWONK","22209599488","88.67","United States"
"1080","Luzhou Laojiao","000568.SZ","22201511766","15.0831","China"
"1081","China Satellite Communications","601698.SS","22188002258","5.25236","China"
"1082","Nan Ya Plastics","1303.TW","22162128823","2.79443","Taiwan"
"1083","Quest Diagnostics","DGX","22087258112","199.53","United States"
"1084","OMV","OMV.F","22085294708","67.7461","Austria"
"1085","Canon","7751.T","22072828434","25.4123","Japan"
"1086","Hana Financial Group","086790.KS","22026642504","82.104","South Korea"
"1087","Wipro","WIT","21986222080","2.03","India"
"1088","West Pharmaceutical Services","WST","21957730304","309.7","United States"
"1089","Coles Group","COL.AX","21953893201","16.3452","Australia"
"1090","Steris","STE","21937819648","223.52","Ireland"
"1091","Woodward","WWD","21910022144","367.52","United States"
"1092","Ibiden","4062.T","21865649926","78.3025","Japan"
"1093","Abu Dhabi Islamic Bank (ADIB)","ADIB.AE","21859259668","6.02","United Arab Emirates"
"1094","ENEOS Holdings","5020.T","21837229456","8.11817","Japan"
"1095","LabCorp","LH","21829408768","264.92","United States"
"1096","Veralto","VLTO","21803726848","88.79","United States"
"1097","Indian Oil","IOC.NS","21801525048","1.54388","India"
"1098","C. H. Robinson","CHRW","21795391488","183.74","United States"
"1099","EDP Group","EDP.F","21766638463","5.26537","Portugal"
"1100","Fujifilm","4901.T","21731605598","18.0296","Japan"
"1101","T. Rowe Price","TROW","21696071680","99.49","United States"
"1102","Suzuki Motor","7269.T","21693998234","11.2446","Japan"
"1103","Industrias Peñoles","PE&OLES.MX","21671613548","54.5231","Mexico"
"1104","Futu Holdings","FUTU","21615185920","154.18","Hong Kong"
"1105","Naver","035420.KS","21566672886","144.273","South Korea"
"1106","NetApp","NTAP","21469743104","108.4","United States"
"1107","Twilio","TWLO","21466857472","141.59","United States"
"1108","InterContinental Hotels Group","IHG","21409697792","143.62","United Kingdom"
"1109","CK Asset Holdings","1113.HK","21400590922","6.11484","Hong Kong"
"1110","Coca-Cola FEMSA","KOF","21394876416","101.84","Mexico"
"1111","Zscaler","ZS","21380339712","132.97","United States"
"1112","Bank of Nanjing","601009.SS","21374272794","1.72881","China"
"1113","Banco BPM","BAMI.MI","21342579893","14.1805","Italy"
"1114","MACOM Technology Solutions","MTSI","21333403648","284.4","United States"
"1115","Royal Gold","RGLD","21315825664","251.25","United States"
"1116","CK Infrastructure","1038.HK","21277130512","8.44461","Hong Kong"
"1117","CIMB Group","1023.KL","21257182693","1.96775","Malaysia"
"1118","Carpenter Technology","CRS","21255700480","426.66","United States"
"1119","Smurfit Westrock","SW","21242769408","40.52","Ireland"
"1120","Adani Green Energy","ADANIGREEN.NS","21223802590","12.885","India"
"1121","Yuanta Financial Holding","2885.TW","21121289856","1.58436","Taiwan"
"1122","APi Group","APG","21115461632","48.94","United States"
"1123","Equifax","EFX","21102610432","174.93","United States"
"1124","Mizrahi-Tefahot","MZTF.TA","21095761514","81.1225","Israel"
"1125","ATI Inc.","ATI","21095038976","154.05","United States"
"1126","First Solar","FSLR","21080764416","196.19","United States"
"1127","Dongfang Electric Corporation","600875.SS","21077985359","6.09479","China"
"1128","Brambles","BXB.AX","21039120388","15.5928","Australia"
"1129","Rivian","RIVN","21034778624","16.95","United States"
"1130","Principal Financial Group","PFG","20995584000","97","United States"
"1131","SGS","SGSN.SW","20993047996","108.703","Switzerland"
"1132","Affirm","AFRM","20979308544","62.98","United States"
"1133","Moderna","MRNA","20959614976","52.85","United States"
"1134","PT Amman Mineral Internasional Tbk","AMMN.JK","20913477019","0.288389","Indonesia"
"1135","Amer Sports","AS","20869955584","35.87","Finland"
"1136","KPN","KPN.AS","20802749711","5.45593","Netherlands"
"1137","Arca Continental","AC.MX","20775518217","12.2339","Mexico"
"1138","MongoDB","MDB","20744177664","258.11","United States"
"1139","Corpay","CPAY","20730394624","313.47","United States"
"1140","Burlington Stores","BURL","20710113280","329.62","United States"
"1141","Borouge","BOROUGE.AE","20709684403","0.69","United Arab Emirates"
"1142","BWX Technologies","BWXT","20659402752","225.51","United States"
"1143","Eicher Motors","EICHERMOT.NS","20647070510","75.268","India"
"1144","POSCO","PKX","20638423040","68.23","South Korea"
"1145","Chaozhou Three-Circle","300408.SZ","20587149477","10.7421","China"
"1146","Puig Brands","PUIG.MC","20578307688","21.5104","Spain"
"1147","Coca-Cola HBC","CCH.L","20522647172","56.309","Switzerland"
"1148","US Foods","USFD","20472909824","92.83","United States"
"1149","Bank of Shanghai","601229.SS","20463650772","1.44019","China"
"1150","Industries Qatar","IQCD.QA","20443680044","3.37912","Qatar"
"1151","Next plc","NXT.L","20439449205","177.144","United Kingdom"
"1152","Uniper","UN0.DE","20351493011","48.866","Germany"
"1153","Nanya Technology","2408.TW","20344972948","6.5658","Taiwan"
"1154","Aristocrat","ALL.AX","20344496066","33.7351","Australia"
"1155","Snap-on","SNA","20341407744","390.75","United States"
"1156","Tenaga Nasional","TNABY","20299986944","13.93","Malaysia"
"1157","Baosteel","600019.SS","20296543814","0.9318","China"
"1158","Telia Company","TELIA.ST","20225907037","5.14378","Sweden"
"1159","Centene","CNC","20206931968","41.09","United States"
"1160","Dick's Sporting Goods","DKS","20194420736","224.46","United States"
"1161","IHH Healthcare","Q0F.SI","20187797771","2.22212","Malaysia"
"1162","LG Chem","051910.KS","20179312620","257.8","South Korea"
"1163","Rogers Communications","RCI","20177414144","37.35","Canada"
"1164","Dollar Tree","DLTR","20173744128","102.25","United States"
"1165","Zangge Mining Company","000408.SZ","20154931613","12.8357","China"
"1166","Roivant Sciences","ROIV","20139829248","28.14","United Kingdom"
"1167","AVIC Shenyang Aircraft Company Limited","600760.SS","20103814877","7.09106","China"
"1168","Tractor Supply","TSCO","20090828800","38.17","United States"
"1169","Lens Technology","300433.SZ","20038412100","3.79606","China"
"1170","Exact Sciences","EXAS","20026083328","104.91","United States"
"1171","China Tourism Group Duty Free","601888.SS","19994093326","9.62274","China"
"1172","Korea Zinc","010130.KS","19979591208","1098.77","South Korea"
"1173","Expeditors International","EXPD","19914354688","149.75","United States"
"1174","China Galaxy Securities","601881.SS","19912771028","1.82111","China"
"1175","Ems-Chemie","EMSN.SW","19888022059","850.314","Switzerland"
"1176","IHI Corporation","7013.T","19860644163","18.7338","Japan"
"1177","Korea Electric Power","KEP","19785332736","15.41","South Korea"
"1178","RB Global","RBA","19748945920","106.22","Canada"
"1179","Alpha Dhabi","ALPHADHABI.AE","19744009084","1.97","United Arab Emirates"
"1180","ITT","ITT","19683905536","219.1","United States"
"1181","Grasim Industries","GRASIM.NS","19683779671","29.0247","India"
"1182","Multiply Group","MULTIPLY.AE","19672652590","0.57","United Arab Emirates"
"1183","Capgemini","CAP.PA","19666450919","117.664","France"
"1184","Samsung Heavy Industries","010140.KS","19624628704","22.9756","South Korea"
"1185","ZTO Express","ZTO","19565826048","25.51","China"
"1186","Coeur Mining","CDE","19521939456","18.86","United States"
"1187","ASICS Corporation","7936.T","19489607810","27.5029","Japan"
"1188","China Merchants Securities","600999.SS","19481341698","2.24013","China"
"1189","SBI Life Insurance","SBILIFE.NS","19460389760","19.4004","India"
"1190","The Saudi British Bank","1060.SR","19460321855","9.47069","Saudi Arabia"
"1191","Telus","TU","19391952896","12.42","Canada"
"1192","Pernod Ricard","RI.PA","19364616333","76.8997","France"
"1193","LONGi Green Energy Technology","601012.SS","19307385170","2.5478","China"
"1194","Azrieli Group","AZRG.TA","19298745018","155.055","Israel"
"1195","CF Industries","CF","19292686336","125.59","United States"
"1196","Yageo","2327.TW","19277700899","9.35706","Taiwan"
"1197","Alinma Bank","1150.SR","19255721663","6.45972","Saudi Arabia"
"1198","Packaging Corporation of America","PKG","19182663680","215.02","United States"
"1199","Saudi Electricity","5110.SR","19163043020","4.59921","Saudi Arabia"
"1200","Legal &amp; General","LGEN.L","19140643312","3.41693","United Kingdom"
"1201","Banco de Chile","BCH","19072024576","37.76","Chile"
"1202","Li Auto","LI","19068547072","18.65","China"
"1203","MTU Aero Engines","MTX.DE","19068161519","354.22","Germany"
"1204","Illumina","ILMN","19055204352","125.44","United States"
"1205","RBC Bearings","RBC","19015327744","601.39","United States"
"1206","Dupont De Nemours","DD","19006005248","46.37","United States"
"1207","Incyte","INCY","18999912448","95.47","United States"
"1208","Furukawa Electric","5801.T","18991128108","269.959","Japan"
"1209","B3","B3SA3.SA","18978036456","3.78744","Brazil"
"1210","Knorr-Bremse","KBX.DE","18958053390","117.606","Germany"
"1211","Terumo","4543.T","18936395610","12.8376","Japan"
"1212","Beiersdorf","BEI.DE","18929868851","86.6261","Germany"
"1213","General Mills","GIS","18929674240","35.47","United States"
"1214","Taishin Financial Holdings","2887.TW","18929508034","0.761252","Taiwan"
"1215","Wilmar International","F34.SI","18903665868","3.02803","Singapore"
"1216","MKS Instruments","MKSI","18887774208","280.56","United States"
"1217","HANMI Semiconductor","042700.KS","18876634595","199.009","South Korea"
"1218","Lenovo","0992.HK","18876035937","1.52169","Hong Kong"
"1219","DSM-Firmenich","DSFIR.AS","18868465963","75.567","Switzerland"
"1220","Evergy","EVRG","18857967616","81.89","United States"
"1221","Nippon Steel","5401.T","18835991168","3.60404","Japan"
"1222","China Steel","2002A.TW","18829201183","1.23228","Taiwan"
"1223","Fortive","FTV","18813276160","61.11","United States"
"1224","Alliant Energy","LNT","18758619136","72.63","United States"
"1225","Mediobanca","MB.MI","18744330208","23.2406","Italy"
"1226","Traton","8TRA.DE","18739771648","37.4795","Germany"
"1227","InterGlobe Aviation (IndiGo)","INDIGO.NS","18694298080","48.3498","India"
"1228","Global Payments","GPN","18677991424","67.86","United States"
"1229","Grupo Carso","GCARSOA1.MX","18663516895","8.28189","Mexico"
"1230","Leidos","LDOS","18655561728","147.6","United States"
"1231","Unipol Assicurazioni","UNI.MI","18655340133","26.0112","Italy"
"1232","MFHC","2886.TW","18647300173","1.25289","Taiwan"
"1233","Henderson Land Development","0012.HK","18615490715","3.84507","Hong Kong"
"1234","JD Health","6618.HK","18587470130","5.80591","China"
"1235","Daiwa House","1925.T","18565126262","29.9753","Japan"
"1236","Evolution Mining","EVN.AX","18547416113","9.13175","Australia"
"1237","Southwest Airlines","LUV","18538108928","37.75","United States"
"1238","CRRC","1766.HK","18501450676","0.644675","China"
"1239","HP","HPQ","18488207360","20.14","United States"
"1240","Innovent Biologics","1801.HK","18485640599","10.7425","China"
"1241","Galaxy Entertainment","0027.HK","18470922314","4.21784","Hong Kong"
"1242","Alamos Gold","AGI","18470078464","43.98","Canada"
"1243","Nextpower","NXT","18464454656","124.36","United States"
"1244","Flutter Entertainment","FLUT","18445152256","106.05","Ireland"
"1245","Kubota","6326.T","18365694018","16.1518","Japan"
"1246","Essity","ESSITY-B.ST","18364066833","26.978","Sweden"
"1247","Amundi","AMUN.PA","18361972641","90.3086","France"
"1248","Nomura Research Institute","4307.T","18337150488","31.9845","Japan"
"1249","Amcor","AMCR","18315491328","39.64","Switzerland"
"1250","Permian Resources","PR","18311981056","20.86","United States"
"1251","YPF S.A.","YPF","18274060288","43.31","Argentina"
"1252","Banco Sabadell","SAB.MC","18263798410","3.71405","Spain"
"1253","NVR","NVR","18218579968","6669.01","United States"
"1254","Global Unichip Corp.","3443.TW","18214137298","135.915","Taiwan"
"1255","Broadridge Financial Solutions","BR","18206961664","155.95","United States"
"1256","Cemex","CX","18149918720","12.51","Mexico"
"1257","Hyundai Rotem Company","064350.KS","18143303815","166.235","South Korea"
"1258","Bank of Hangzhou","600926.SS","18129143812","2.50092","China"
"1259","International Flavors & Fragrances","IFF","18120759296","70.94","United States"
"1260","Amkor Technology","AMKR","18067918848","72.91","United States"
"1261","Lundin Gold","LUG.TO","18067520754","74.7184","Canada"
"1262","Swire Properties","1972.HK","18066099418","3.13785","Hong Kong"
"1263","Santos","STO.AX","18065700534","5.56249","Australia"
"1264","PTT Exploration and Production","PTTEP.BK","18062086484","4.54966","Thailand"
"1265","JBS N.V.","JBS","18054983680","16.86","Brazil"
"1266","Shanghai Electric Group","601727.SS","18054818710","1.16182","China"
"1267","Singapore Exchange","S68.SI","18044903479","16.8537","Singapore"
"1268","JDE Peet's","JDEP.AS","18036094288","37.1522","Netherlands"
"1269","Weyerhaeuser","WY","18026065920","25","United States"
"1270","UL Solutions","ULS","18005534720","89.49","United States"
"1271","Divis Laboratories","DIVISLAB.NS","17969767477","67.6908","India"
"1272","TD Synnex","SNX","17965979648","222.83","United States"
"1273","Airtel Africa","AAF.L","17960308963","4.92233","United Kingdom"
"1274","Santander Polska","SPL.WA","17954576649","175.699","Poland"
"1275","Saudi Arabian Fertilizer Company","2020.SR","17916633020","37.6372","Saudi Arabia"
"1276","Nan Ya PCB","8046.TW","17913175169","27.7223","Taiwan"
"1277","Viper Energy","VNOM","17912817664","47.75","United States"
"1278","Zimmer Biomet","ZBH","17893527552","92.44","United States"
"1279","Atlassian","TEAM","17834375168","67.62","Australia"
"1280","KGHM Polska Miedź","KGH.WA","17820680356","89.1034","Poland"
"1281","Elia Group","ELI.BR","17812833804","163.198","Belgium"
"1282","Bank of Ireland Group","BIRG.IR","17788343517","18.7222","Ireland"
"1283","Watsco","WSO","17763356672","437.49","United States"
"1284","Zhongjin Gold","600489.SS","17761524587","3.6642","China"
"1285","International Paper","IP","17758967808","33.54","United States"
"1286","Bombardier","BBD-B.TO","17757597430","179.383","Canada"
"1287","TVS Motor","TVSMOTOR.NS","17716966695","37.2811","India"
"1288","Carlyle Group","CG","17708216320","49.03","United States"
"1289","LY Corporation","4689.T","17705345132","2.58379","Japan"
"1290","Tianqi Lithium","002466.SZ","17688652933","10.367","China"
"1291","WuXi Biologics","WXXWY","17671051264","8.55","China"
"1292","KE Holdings","BEKE","17644728320","15.8","China"
"1293","Power Assets","0006.HK","17629079097","8.27227","Hong Kong"
"1294","Nidec","6594.T","17621739302","15.3726","Japan"
"1295","Unibail-Rodamco-Westfield","URW.PA","17619967707","122.224","France"
"1296","Zhejiang Huayou Cobalt","603799.SS","17618127681","9.2887","China"
"1297","Reliance","RS","17609564160","344.55","United States"
"1298","Rongsheng Petrochemical","002493.SZ","17606474890","1.76251","China"
"1299","CDW Corporation","CDW","17603753984","136.47","United States"
"1300","DiDi","DIDIY","17579315200","3.9","China"
"1301","Zhejiang Century Huatong","002602.SZ","17547957689","2.38078","China"
"1302","Al Dar Properties","ALDAR.AE","17515335337","2.23","United Arab Emirates"
"1303","Doosan","000150.KS","17465066446","1025.12","South Korea"
"1304","VeriSilicon Microelectronics","688521.SS","17426745374","33.136","China"
"1305","Jio Financial Services","JIOFIN.NS","17424781721","2.63886","India"
"1306","Moncler","MONC.MI","17405914125","64.087","Italy"
"1307","Associated British Foods","ABF.L","17394865434","24.7733","United Kingdom"
"1308","Varun Beverages","VBL.NS","17380655679","5.13902","India"
"1309","Sichuan Biokin Pharmaceutical","688506.SS","17360602071","42.0482","China"
"1310","Adani Energy Solutions","ADANIENSOL.NS","17353772219","14.446","India"
"1311","China Overseas Land &amp; Investment","0688.HK","17353315709","1.58552","Hong Kong"
"1312","Straumann","STMN.SW","17332754107","108.703","Switzerland"
"1313","Tatneft","TATN.ME","17309010334","7.85","Russia"
"1314","Telecom Italia","TIT.MI","17295943663","0.771803","Italy"
"1315","Summit Therapeutics","SMMT","17283301376","22.27","United Kingdom"
"1316","Air China","601111.SS","17280980464","0.990404","China"
"1317","IREN (Iris Energy)","IREN","17258113024","52.02","Australia"
"1318","China Three Gorges Renewables","600905.SS","17256042602","0.603619","China"
"1319","Wolters Kluwer","WKL.AS","17251119423","76.8997","Netherlands"
"1320","Alcoa","AA","17248698368","65.37","United States"
"1321","Hong Kong and China Gas","0003.HK","17246337811","0.924248","Hong Kong"
"1322","Woori Financial Group","WF","17213528064","70.64","South Korea"
"1323","WH Group","0288.HK","17197807420","1.34041","Hong Kong"
"1324","Magna International","MGA","17193891840","62.2","Canada"
"1325","Lennox","LII","17188544512","493.67","United States"
"1326","Viatris","VTRS","17175207936","14.75","United States"
"1327","Bank Pekao (Bank Polska Kasa Opieki)","PEO.WA","17155990252","65.3636","Poland"
"1328","Pan Pacific International Holdings","7532.T","17134403981","5.73342","Japan"
"1329","Kajima","1812.T","17131156818","36.7665","Japan"
"1330","PMetal (Press Metal Aluminium)","8869.KL","17126944201","2.07861","Malaysia"
"1331","KEPCO","9503.T","17126152348","15.3726","Japan"
"1332","Tourmaline Oil","TOU.TO","17087173116","44.1302","Canada"
"1333","Telkom Indonesia","TLK","17058512896","17.22","Indonesia"
"1334","Grupo Cibest (Bancolombia)","CIB","17056997376","71.89","Colombia"
"1335","ABB India","ABB.NS","17036100328","80.3937","India"
"1336","East West Bancorp","EWBC","17007280128","124.16","United States"
"1337","Samsara","IOT","17003373568","29.28","United States"
"1338","iFLYTEK","002230.SZ","16994569517","7.07494","China"
"1339","Hologic","HOLX","16968846336","76.01","United States"
"1340","COSCO Shipping Energy","600026.SS","16966966000","3.10453","China"
"1341","Euronext","ENX.PA","16965379857","170.096","Netherlands"
"1342","F5","FFIV","16949565440","299.89","United States"
"1343","Roku","ROKU","16948296704","114.96","United States"
"1344","Bank of Beijing","601169.SS","16944124896","0.801406","China"
"1345","China Communications Construction","601800.SS","16927097586","1.04315","China"
"1346","SS&C Technologies","SSNC","16919860224","70.06","United States"
"1347","Bolloré","BOL.PA","16905450600","6.0498","France"
"1348","Rentokil Initial","RTO","16904098816","33.59","United Kingdom"
"1349","Boliden","BOL.ST","16898692236","59.5118","Sweden"
"1350","Yum China","YUMC","16863711232","48.04","China"
"1351","Kaō","4452.T","16862319954","37.2798","Japan"
"1352","Galp Energia","GZ5.F","16857438481","22.8723","Portugal"
"1353","Vodacom","VOD.JO","16842695100","8.71735","South Africa"
"1354","EDP Renováveis","EDPR.LS","16808665005","15.9925","Spain"
"1355","Raiffeisen Bank International","RAW.F","16807282354","51.2041","Austria"
"1356","Konami Holdings","9766.T","16799803454","123.932","Japan"
"1357","Ball Corporation","BALL","16799580160","63.12","United States"
"1358","Western Midstream","WES","16772704256","41.11","United States"
"1359","Huagong Tech","000988.SZ","16764517802","16.6728","China"
"1360","Eastroc Beverage Group","605499.SS","16739097458","29.6389","China"
"1361","Carlsberg","CARL-B.CO","16724884075","126.539","Denmark"
"1362","Shanghai International Port Group (SIPG)","600018.SS","16712593328","0.717896","China"
"1363","TPG Inc.","TPG","16710614016","43.49","United States"
"1364","Somnigroup International","SGI","16709459968","79.44","United States"
"1365","Kingspan Group","KRX.IR","16703038822","92.3545","Ireland"
"1366","Hua Xia Bank","600015.SS","16671560716","1.04754","China"
"1367","News Corp","NWS","16667814912","30.4","United States"
"1368","E.SUN Bank","2884.TW","16647517812","1.02928","Taiwan"
"1369","Tata Motors","TATAMOTORS.NS","16633915542","4.51722","India"
"1370","Nova Ltd.","NVMI","16619632640","522.91","Israel"
"1371","lululemon athletica","LULU","16618293248","141.66","Canada"
"1372","Kawasaki Heavy Industries","7012.T","16610724720","19.8729","Japan"
"1373","Eurobank Ergasias Services and Holdings","EUROB.AT","16607963884","4.58265","Greece"
"1374","Rede D'Or Sao Luiz","RDOR3.SA","16596128235","7.53508","Brazil"
"1375","Hanwha Systems","272210.KS","16572287033","88.625","South Korea"
"1376","Brookfield Infrastructure Partners","BIP","16571029504","35.87","Bermuda"
"1377","Sun Communities","SUI","16570518528","129.6","United States"
"1378","Genmab","GMAB","16563307520","26.98","Denmark"
"1379","Emaar Development","EMAARDEV.AE","16557734514","4.13943","United Arab Emirates"
"1380","Sumitomo Metal Mining","5713.T","16544906910","61.1523","Japan"
"1381","Clean Harbors","CLH","16544234496","310.32","United States"
"1382","Shionogi","4507.T","16533222703","19.4285","Japan"
"1383","Guosen Securities","002736.SZ","16520634923","1.61307","China"
"1384","SPEEH Hidroelectrica","H2O.RO","16506706676","36.6977","Romania"
"1385","Tenet Healthcare","THC","16499283968","188.33","United States"
"1386","Power Finance Corp","PFC.NS","16453227073","4.98567","India"
"1387","Essex Property Trust","ESS","16445536256","255.06","United States"
"1388","Toast","TOST","16444879872","27.92","United States"
"1389","Keppel","BN4.SI","16406958517","9.04496","Singapore"
"1390","Annaly Capital Management","NLY","16380416000","22.43","United States"
"1391","Kaspi.kz Joint Stock Company","KKS.F","16374723171","84.6388","Kazakhstan"
"1392","Invitation Homes","INVH","16364875776","27.3","United States"
"1393","Falabella","FALABELLA.SN","16354735916","6.51883","Chile"
"1394","UPM-Kymmene","UPM.HE","16311658708","30.9329","Finland"
"1395","Hongkong Land","H78.SI","16298690560","7.58","Hong Kong"
"1396","Grab Holdings","GRAB","16237907968","3.96","Singapore"
"1397","Julius Bär","BAER.SW","16223812854","79.1422","Switzerland"
"1398","SharkNinja","SN","16199144448","114.69","United States"
"1399","Samsung SDI","006405.KS","16192544114","205.767","South Korea"
"1400","W. P. Carey","WPC","16165939200","73.72","United States"
"1401","PTC","PTC","16163241984","135.83","United States"
"1402","Lattice Semiconductor","LSCC","16151960576","118.01","United States"
"1403","Kimco Realty","KIM","16077772800","23.84","United States"
"1404","Supermicro","SMCI","16062891008","26.75","United States"
"1405","Trent Limited","TRENT.NS","16038620605","45.1173","India"
"1406","Ovintiv","OVV","16031120384","56.58","United States"
"1407","Emera","EMA.TO","16027905909","52.4159","Canada"
"1408","H World Group Limited","HTHT","16026432512","52.09","China"
"1409","QXO, Inc.","QXO","16020908032","22.1","United States"
"1410","CVC Capital Partners plc","CVC.AS","15999532647","15.2093","Jersey"
"1411","IonQ","IONQ","15996536832","43.63","United States"
"1412","Taisei Corporation","1801.T","15993410998","98.1129","Japan"
"1413","Huaneng Power International","600011.SS","15961434157","1.01678","China"
"1414","Banca Mediolanum","BMED.MI","15960083390","21.411","Italy"
"1415","Ipsen","IPN.PA","15943686701","193.477","France"
"1416","Hyundai Motor India","HYUNDAI.NS","15902453452","19.5713","India"
"1417","CoStar Group","CSGP","15842496512","37.38","United States"
"1418","Goldwind Science&amp;Technology","002202.SZ","15841914132","3.75064","China"
"1419","Nordson","NDSN","15833058304","283.83","United States"
"1420","Talen Energy","TLN","15776201728","345.25","United States"
"1421","SDIC Power Holdings","600886.SS","15773268400","1.97055","China"
"1422","Investment AB Latour","LATO-B.ST","15761919509","24.6543","Sweden"
"1423","Banco Santander-Chile","BSAC","15754095616","33.44","Chile"
"1424","NIO","NIO","15735589888","6.28","China"
"1425","Textron","TXT","15733317632","90.37","United States"
"1426","REA Group","REA.AX","15695960515","119.23","Australia"
"1427","Singapore Airlines","C6L.SI","15694650102","4.97629","Singapore"
"1428","CGI","GIB","15689028608","73.01","Canada"
"1429","Inspur","000977.SZ","15671208959","10.6717","China"
"1430","Jones Lang LaSalle","JLL","15663707136","337.63","United States"
"1431","Grupo Financiero Inbursa","GFINBURO.MX","15630145045","2.57208","Mexico"
"1432","Samsung Electro-Mechanics","009155.KS","15596173095","206.443","South Korea"
"1433","Zhejiang NHU Co., Ltd.","002001.SZ","15579867349","5.06923","China"
"1434","DLF","DLF.NS","15572159813","6.29099","India"
"1435","Trimble","TRMB","15559229440","67.04","United States"
"1436","Eiffage","FGR.PA","15556248639","161.62","France"
"1437","LG Electronics","066570.KS","15550723439","86.3613","South Korea"
"1438","Hyatt Hotels","H","15536169984","164.46","United States"
"1439","WESCO International","WCC","15509914624","318.19","United States"
"1440","Continental","CON.DE","15506658741","77.531","Germany"
"1441","Origin Energy","ORG.AX","15504420491","8.99982","Australia"
"1442","Hua Nan Financial Holdings","2880.TW","15494193777","1.11333","Taiwan"
"1443","Powszechny Zakład Ubezpieczeń","PZU.WA","15486128705","17.9337","Poland"
"1444","Lifco","LIFCO-B.ST","15484282530","34.0901","Sweden"
"1445","Banco de Crédito e Inversiones","BCI.SN","15478930450","70.808","Chile"
"1446","Obayashi","1802.T","15455328707","22.483","Japan"
"1447","Akeso","9926.HK","15439796472","16.7616","China"
"1448","FinecoBank","FBK.MI","15392037543","25.1578","Italy"
"1449","Formosa Petrochemical","6505.TW","15379559306","1.61449","Taiwan"
"1450","Acciona","ANA.MC","15368974200","281.973","Spain"
"1451","IDEX","IEX","15363234816","206.64","United States"
"1452","Nippon Sanso","4091.T","15361835356","35.4896","Japan"
"1453","ASR Nederland","ASRNL.AS","15333979354","74.2109","Netherlands"
"1454","Deckers Brands","DECK","15289431040","107.71","United States"
"1455","Genuine Parts Company","GPC","15274216448","109.79","United States"
"1456","SM Investments Corporation","SVTMF","15260140544","12.52","Philippines"
"1457","Banco Comercial Português (Millennium bcp)","BCP.LS","15230385848","1.02876","Portugal"
"1458","Cummins India","CUMMINSIND.NS","15229084464","54.939","India"
"1459","Masco","MAS","15210776576","75.4","United States"
"1460","Sterling Infrastructure","STRL","15207520256","495.67","United States"
"1461","Ebara Corporation","6361.T","15203072226","33.2926","Japan"
"1462","XPeng","XPEV","15196436480","15.9","China"
"1463","ING Bank Slaski","ING.WA","15179223023","116.674","Poland"
"1464","Muthoot Finance","MUTHOOTFIN.NS","15173403556","37.7948","India"
"1465","Aptiv","APTV","15171734528","60.41","Ireland"
"1466","Bank of Baroda","BANKBARODA.NS","15165597379","2.93261","India"
"1467","Lingyi iTECH","002600.SZ","15150336743","2.07311","China"
"1468","Plains All American Pipeline","PAA","15147765760","21.47","United States"
"1469","Pidilite","PIDILITIND.NS","15144038589","14.8795","India"
"1470","Warner Music Group","WMG","15142815744","28.99","United States"
"1471","ageas","AGS.BR","15139563012","79.3781","Belgium"
"1472","Solar Industries India","SOLARINDS.NS","15122008256","167.112","India"
"1473","National Bank of Greece","ETE.AT","15114233558","16.6939","Greece"
"1474","Regency Centers","REG","15092045824","80.74","United States"
"1475","Bandai Namco","7832.T","15042643675","23.4469","Japan"
"1476","Swedish Orphan Biovitrum","SOBI.ST","15035915986","43.299","Sweden"
"1477","AIER Eye Hospital","300015.SZ","15015180446","1.61014","China"
"1478","Mueller Industries","MLI","15008856064","135.74","United States"
"1479","Hitachi Energy India","POWERINDIA.NS","15004089362","336.623","India"
"1480","Jacobs Engineering","J","14983852032","127.58","United States"
"1481","The Phoenix Holdings","PHOE.TA","14982437032","59.2524","Israel"
"1482","Rambus","RMBS","14980073472","138.5","United States"
"1483","Jerónimo Martins","JEM.F","14943128358","23.7783","Portugal"
"1484","SK Group","034730.KS","14940009370","274.018","South Korea"
"1485","Endeavour Mining","EDV.TO","14935670458","61.8261","United Kingdom"
"1486","BSE","BSE.NS","14925447556","36.7505","India"
"1487","Bankinter","BKT.MC","14923989112","16.6063","Spain"
"1488","Nippon Yūsen","9101.T","14903432436","36.754","Japan"
"1489","Torrent Pharmaceuticals","TORNTPHARM.NS","14895478903","44.0115","India"
"1490","Pinnacle Financial Partners","PNFP","14889156608","99.08","United States"
"1491","Sino Land","0083.HK","14868332977","1.56765","Hong Kong"
"1492","Carlisle Companies","CSL","14867429376","363.7","United States"
"1493","Qatar Islamic Bank","QIBK.QA","14839732179","6.28022","Qatar"
"1494","Anhui Conch Cement","AHCHF","14838046720","2.8","China"
"1495","Mapfre","MAP.MC","14821438280","4.8375","Spain"
"1496","Astra International","ASII.JK","14816069695","0.368433","Indonesia"
"1497","POSCO Chemical","003670.KS","14816049193","166.573","South Korea"
"1498","Coloplast","COLO-B.CO","14815769968","65.7407","Denmark"
"1499","Metso","METSO.HE","14782900016","17.8513","Finland"
"1500","Pentair","PNR","14769567744","90.48","United Kingdom"
"1501","China Southern Airlines","600029.SS","14761200241","0.814592","China"
"1502","Lundbergföretagen","LUND-B.ST","14756239851","59.501","Sweden"
"1503","Daifuku","6383.T","14739239867","40.0839","Japan"
"1504","LATAM Airlines","LTM","14719164416","50.28","Chile"
"1505","JAC Motors","600418.SS","14709706641","6.52553","China"
"1506","True Corporation","TRUE.BK","14707556799","0.425663","Thailand"
"1507","SiTime","SITM","14680068096","556.13","United States"
"1508","Sinopac Financial Holdings","2890.TW","14663782179","1.01183","Taiwan"
"1509","Mid-America Apartment Communities","MAA","14659802112","126","United States"
"1510","CapitaLand Mall Trust","C38U.SI","14651702952","1.94044","Singapore"
"1511","Yara International","YAR.OL","14629329501","57.4317","Norway"
"1512","Tryg","TRYG.CO","14615256698","24.4944","Denmark"
"1513","Siemens India","SIEMENS.NS","14604605623","41.0103","India"
"1514","Tata Power","TATAPOWER.NS","14591473386","4.56649","India"
"1515","LIG Nex1","079550.KS","14584855549","667.644","South Korea"
"1516","Tencent Music Entertainment","TME","14575693824","9.25","China"
"1517","Huntington Ingalls Industries","HII","14575067136","370.14","United States"
"1518","Indian Railway Finance","IRFC.NS","14570489069","1.11493","India"
"1519","GFL Environmental","GFL","14568801280","40.36","Canada"
"1520","SK Telecom","SKM","14568494080","37.96","South Korea"
"1521","Power Construction Corporation of China","601669.SS","14562295049","0.845359","China"
"1522","Union Bank of India","UNIONBANK.NS","14558370856","1.90714","India"
"1523","Advanced Energy","AEIS","14544420864","382.47","United States"
"1524","Onto Innovation","ONTO","14540541952","292.31","United States"
"1525","TKO Group Holdings","TKO","14522009600","186.26","United States"
"1526","Britannia Industries","BRITANNIA.NS","14497341632","60.1878","India"
"1527","Power Financial","PWF-PS.TO","14494033496","15.7686","Canada"
"1528","Host Hotels & Resorts","HST","14482112512","21.07","United States"
"1529","Covestro","1COV.F","14467340671","69.675","Germany"
"1530","Chongqing Changan","000625.SZ","14436226704","1.4563","China"
"1531","Tyler Technologies","TYL","14431897600","335.74","United States"
"1532","Lincoln Electric","LECO","14427969536","263.17","United States"
"1533","MIXUE Group","2097.HK","14412468776","37.9656","China"
"1534","Israel Discount Bank","DSCT.TA","14390508397","11.7639","Israel"
"1535","Westlake Corporation","WLK","14377371648","112.25","United States"
"1536","Secom","9735.T","14354486343","35.4896","Japan"
"1537","Asahi Group","2502.T","14315979815","9.78625","Japan"
"1538","China Eastern Airlines","600115.SS","14271030473","0.646106","China"
"1539","Bharat Petroleum","BPCL.NS","14263705766","3.2877","India"
"1540","Nippon Paint","4612.T","14249230025","6.1434","Japan"
"1541","Kakao","035720.KS","14234532818","32.301","South Korea"
"1542","Samvardhana Motherson","MOTHERSON.NS","14218223519","1.3501","India"
"1543","Regal Rexnord","RRX","14209732608","213.47","United States"
"1544","Wise PLC","WISE.L","14202723316","14.1918","United Kingdom"
"1545","Omega Healthcare Investors","OHI","14183555072","46.35","United States"
"1546","Performance Food Group","PFGC","14173469696","90.22","United States"
"1547","LTIMindtree","LTIM.NS","14169156718","47.7979","India"
"1548","Akamai","AKAM","14159911936","96.18","United States"
"1549","Tele2","TEL2-B.ST","14156808367","20.4119","Sweden"
"1550","Toll Brothers","TOL","14135019520","149.25","United States"
"1551","Krung Thai Bank","KTB.BK","14118323034","1.01018","Thailand"
"1552","Millicom","TIGO","14112016384","84.23","Luxembourg"
"1553","TransUnion","TRU","14100091904","73.08","United States"
"1554","Ecopro","086520.KQ","14084603232","104.809","South Korea"
"1555","Wistron Corporation","3231.TW","14072618448","4.42478","Taiwan"
"1556","Everest Group","EG","14039467008","350.81","Bermuda"
"1557","Metro","MRU.TO","14017165998","65.7614","Canada"
"1558","CG Power and Industrial Solutions","CGPOWER.NS","14003683019","8.89101","India"
"1559","Regencell Bioscience","RGC","13998980096","28.31","Hong Kong"
"1560","Kasikornbank","KBANK.BK","13995258063","5.90685","Thailand"
"1561","Fidelity National Financial","FNF","13974430720","51.54","United States"
"1562","Osaka Gas","9532.T","13968151078","36.3847","Japan"
"1563","Franklin Resources","BEN","13966875648","26.82","United States"
"1564","Cholamandalam Investment and Finance","CHOLAFIN.NS","13960283068","16.3791","India"
"1565","Dubai Islamic Bank","DIB.AE","13954308165","1.93083","United Arab Emirates"
"1566","McCormick & Company","MKC","13950273536","51.89","United States"
"1567","Check Point Software","CHKP","13948434432","133.82","Israel"
"1568","Shanghai United Imaging Healthcare","688271.SS","13940229940","16.9145","China"
"1569","Logitech","LOGI","13925949440","95","Switzerland"
"1570","ENKA","ENKAI.IS","13915296293","2.37351","Turkey"
"1571","Gjensidige Forsikring","GJF.OL","13912097699","27.8262","Norway"
"1572","Ascendis Pharma","ASND","13900444672","225","Denmark"
"1573","BridgeBio Pharma","BBIO","13894151168","71.67","United States"
"1574","ASUS","2357.TW","13876543643","18.6824","Taiwan"
"1575","MMG Limited","1208.HK","13871083958","1.14254","Australia"
"1576","South32","S32.AX","13853848662","3.09146","Australia"
"1577","Ally Financial","ALLY","13839508480","45.02","United States"
"1578","Swiss Prime Site","SPSN.SW","13838531659","172.48","Switzerland"
"1579","Mitsui Mining &amp; Smelting","5706.T","13822929553","241.605","Japan"
"1580","TTM Technologies","TTMI","13809065984","132.98","United States"
"1581","mBank","MBK.WA","13798606275","324.476","Poland"
"1582","Evercore","EVR","13781904384","347.98","United States"
"1583","Admiral Group","ADM.L","13778776888","46.098","United Kingdom"
"1584","Evergreen Marine","2603.TW","13768867708","6.35963","Taiwan"
"1585","Sekisui House","1928.T","13762848015","21.2312","Japan"
"1586","Scentre Group","SCG.AX","13762809242","2.63505","Australia"
"1587","Punjab National Bank","PNB.NS","13746891517","1.19612","India"
"1588","BAWAG Group","0B2.F","13741384069","178.513","Austria"
"1589","Reinsurance Group of America","RGA","13740729344","209.58","United States"
"1590","HDFC Life","HDFCLIFE.NS","13705354088","6.35307","India"
"1591","PayPay Corporation","PAYP","13693151232","20.23","Japan"
"1592","Technoprobe","TPRO.MI","13676215102","21.3584","Italy"
"1593","Hasbro","HAS","13668150272","96.58","United States"
"1594","APA Corporation","APA","13662459904","38.66","United States"
"1595","SCB (Siam Commercial Bank)","SCB.BK","13657453520","4.05614","Thailand"
"1596","Align Technology","ALGN","13655265280","190.67","United States"
"1597","Graco","GGG","13639264256","82.18","United States"
"1598","Chow Tai Fook","1929.HK","13638695273","1.38254","Hong Kong"
"1599","DT Midstream","DTM","13632147456","133.63","United States"
"1600","Smith & Nephew","SNN","13623005184","31.92","United Kingdom"
"1601","Modon Holding PSC","MODON.AE","13622567228","0.83","United Arab Emirates"
"1602","HD Hyundai","267250.KS","13610011384","192.59","South Korea"
"1603","Carrefour","CA.PA","13599674876","19.2191","France"
"1604","Xi'an Eswin Material Technology Co.,Ltd.","688783.SS","13594408840","3.36679","China"
"1605","Ecopro BM","247540.KQ","13571429273","138.867","South Korea"
"1606","China Railway Construction","601186.SS","13568599630","0.999194","China"
"1607","Canara Bank","CANBK.NS","13560252674","1.49496","India"
"1608","Jindal Steel &amp; Power","JINDALSTEL.NS","13545992352","13.3132","India"
"1609","Pilbara Minerals","PLS.AX","13540946113","4.20396","Australia"
"1610","Informa plc","INF.L","13538444524","10.723","United Kingdom"
"1611","RPM International","RPM","13537599488","105.7","United States"
"1612","Nitto Denko","6988.T","13535179071","20.092","Japan"
"1613","RenaissanceRe","RNR","13526129664","313.44","Bermuda"
"1614","Lamar Advertising","LAMR","13515056128","133.23","United States"
"1615","HMM","011200.KS","13496864119","14.3091","South Korea"
"1616","DWS Group","DWS.F","13455692387","67.2785","Germany"
"1617","Okta","OKTA","13450558464","76.04","United States"
"1618","Satellite Chemical","002648.SZ","13448918777","3.99238","China"
"1619","Alteogen","196170.KQ","13444337179","251.38","South Korea"
"1620","Verisure plc","VSURE.ST","13441267324","12.9998","Switzerland"
"1621","Sartorius","SRT.DE","13432662564","194.529","Germany"
"1622","Etihad Etisalat (Mobily)","7020.SR","13418925315","17.4839","Saudi Arabia"
"1623","Whitecap Resources","WCP.TO","13402317973","11.0407","Canada"
"1624","Tōkyō Gas","9531.T","13391891241","40.1652","Japan"
"1625","Grupo Bimbo","BIMBOA.MX","13383493833","3.10901","Mexico"
"1626","Evolution Gaming","EVO.ST","13372285565","67.121","Sweden"
"1627","Ares Capital","ARCC","13369585664","18.62","United States"
"1628","Tech Mahindra","TECHM.NS","13366710400","15.0854","India"
"1629","Banque Saudi Fransi","1050.SR","13355026842","5.39466","Saudi Arabia"
"1630","Sonova","SOON.SW","13322131825","223.486","Switzerland"
"1631","Banque Cantonale Vaudoise","BCVN.SW","13317029929","155.054","Switzerland"
"1632","Insulet","PODD","13313178624","192.21","United States"
"1633","Oklo","OKLO","13297910784","76.46","United States"
"1634","Bureau Veritas","BVI.PA","13274429788","29.9158","France"
"1635","Brown Forman","BF-A","13270295552","28.93","United States"
"1636","Planet Labs","PL","13254046720","38.29","United States"
"1637","Lynas","LYC.AX","13253754379","13.1681","Australia"
"1638","Grupo Aeroportuario del Pacífico","PAC","13240795136","262.05","Mexico"
"1639","BB Seguridade Participações","BBSE3.SA","13240439913","6.82058","Brazil"
"1640","Nexon","3659.T","13227974327","16.7214","Japan"
"1641","Hyundai Engineering and Construction","000720.KS","13217342572","117.581","South Korea"
"1642","Modine Manufacturing","MOD","13212856320","250.57","United States"
"1643","Mitsui O.S.K. Lines","9104.T","13210836888","38.4627","Japan"
"1644","Suncorp","SUN.AX","13210311513","12.1983","Australia"
"1645","Gaming and Leisure Properties","GLPI","13209466880","46.64","United States"
"1646","Impala Platinum","IMP.JO","13197397600","14.6938","South Africa"
"1647","CNA Financial","CNA","13195327488","48.75","United States"
"1648","Five Below","FIVE","13157794816","238.2","United States"
"1649","UDR Apartments","UDR","13143232512","34.91","United States"
"1650","Neurocrine Biosciences","NBIX","13094769664","130.19","United States"
"1651","China Resources Power Holdings","0836.HK","13085728459","2.52764","Hong Kong"
"1652","Indian Bank","INDIANB.NS","13078687236","9.70975","India"
"1653","Penumbra","PEN","13067936768","333","United States"
"1654","TopBuild","BLD","13037109248","465.24","United States"
"1655","CNH Industrial","CNH","13027066880","10.5","United Kingdom"
"1656","New York Times","NYT","13022981120","80.43","United States"
"1657","Erie Indemnity","ERIE","13014947840","248.9","United States"
"1658","GarantiBank","GARAN.IS","13011648255","3.09801","Turkey"
"1659","CSPC Pharmaceutical Group Limited","1093.HK","13006902915","1.13871","China"
"1660","Zhaojin Mining Industry Company","1818.HK","13005748376","3.67146","China"
"1661","Daiwa Securities Group","8601.T","13000787782","9.38253","Japan"
"1662","SEGRO","SGRO.L","12977401397","9.59409","United Kingdom"
"1663","Uni-President Enterprises","1216.TW","12976340894","2.28376","Taiwan"
"1664","Focus Media Information Technology","002027.SZ","12970579430","0.898103","China"
"1665","Emirates Integrated Telecommunications Company","DU.AE","12961740931","2.85948","United Arab Emirates"
"1666","First Financial Holding","2892.TW","12930438463","0.899229","Taiwan"
"1667","Asahi Kasei","3407.T","12926366386","9.52962","Japan"
"1668","Best Buy","BBY","12886409216","61.5","United States"
"1669","Avery Dennison","AVY","12878218240","167.43","United States"
"1670","Solstice Advanced Materials","SOLS","12866489344","81.05","United States"
"1671","Meritz Financial Group","138040.KS","12850117405","77.9144","South Korea"
"1672","Sichuan Road and Bridge Group (SRBG)","600039.SS","12841778218","1.47681","China"
"1673","TCL Technology Group Corporation","000100.SZ","12830067817","0.616805","China"
"1674","Coca-Cola Consolidated","COKE","12824942592","192.67","United States"
"1675","Generac","GNRC","12813627392","218.38","United States"
"1676","Sino Biopharmaceutical","1177.HK","12798922697","0.716164","China"
"1677","China Railway Group","0390.HK","12794707164","0.518293","China"
"1678","Link REIT","0823.HK","12773401522","4.91485","Hong Kong"
"1679","Severn Trent","SVT.L","12772334333","42.4204","United Kingdom"
"1680","Globus Medical","GMED","12765182976","94.38","United States"
"1681","Unisplendour","000938.SZ","12763611260","4.46268","China"
"1682","Ozon","OZON.ME","12738542877","58.8","United States"
"1683","Kirin Holdings","2503.T","12728724265","15.745","Japan"
"1684","IGM Financial","IGM.TO","12726246213","54.3287","Canada"
"1685","Polycab India","POLYCAB.NS","12723219651","84.5113","India"
"1686","James Hardie Industries","JHX","12705741824","21.9","Ireland"
"1687","Eurofins Scientific","ERF.PA","12684945064","72.4807","Luxembourg"
"1688","Centrica","CNA.L","12683702765","2.80063","United Kingdom"
"1689","Pinterest","PINS","12681829376","19.79","United States"
"1690","Mitsubishi HC Capital","8593.T","12680623921","8.83172","Japan"
"1691","Cooper Companies","COO","12672679936","64.95","United States"
"1692","Diploma plc","DPLM.L","12671894786","94.4995","United Kingdom"
"1693","Allegion","ALLE","12668648448","147.42","Ireland"
"1694","Budweiser APAC","1876.HK","12666692389","0.957439","Hong Kong"
"1695","Kerry Group","KRZ.IR","12630637393","79.0274","Ireland"
"1696","Aéroports de Paris","ADP.PA","12582654004","127.192","France"
"1697","Nordex","NDX1.F","12577147340","53.1915","Germany"
"1698","BJ's Wholesale Club","BJ","12573442048","96.96","United States"
"1699","Orkla","ORK.OL","12563650911","12.7983","Norway"
"1700","Unum","UNM","12557710336","77.76","United States"
"1701","SCREEN Holdings","7735.T","12551431468","66.3787","Japan"
"1702","Paramount Skydance","PSKY","12529321984","11.27","United States"
"1703","Toromont","TIH.TO","12528678747","153.817","Canada"
"1704","Domino's Pizza","DPZ","12521874432","372.39","United States"
"1705","Pinnacle West Capital","PNW","12520102912","103.45","United States"
"1706","KT&amp;G (Korea Tobacco)","033780.KS","12512197636","118.73","South Korea"
"1707","Abu Dhabi National Oil Company (ADNOC)","ADNOCDIST.AE","12493191955","1","United Arab Emirates"
"1708","Harel Group","HARL.TA","12487516204","60.6837","Israel"
"1709","Bharat Heavy Electricals Limited","BHEL.NS","12475269215","3.58272","India"
"1710","Sunoco","SUN","12470987776","66.19","United States"
"1711","AGNC Investment","AGNC","12465107968","10.86","United States"
"1712","CP All","CPALL.BK","12443754830","1.39574","Thailand"
"1713","Tata Consumer Products","TATACONSUM.NS","12439765855","12.5692","India"
"1714","Dycom Industries","DY","12438207488","414.35","United States"
"1715","TIM S.A.","TIMB","12435407872","26.03","Brazil"
"1716","Fresenius Medical Care","FMS","12425396224","22.74","Germany"
"1717","Ryohin Keikaku","7453.T","12416394451","23.3906","Japan"
"1718","CPFL Energia","CPFE3.SA","12415773943","10.7752","Brazil"
"1719","Godrej","GODREJCP.NS","12411305024","12.1294","India"
"1720","Fisher & Paykel Healthcare","FPH.NZ","12408460070","21.1284","New Zealand"
"1721","Pershing Square Holdings","PSHZF","12400852992","57.5","United States"
"1722","Italgas","IG.MI","12368527398","12.1697","Italy"
"1723","Computershare","CPU.AX","12363810233","21.3764","Australia"
"1724","Hecla Mining","HL","12358529024","18.43","United States"
"1725","United Utilities","UU.L","12350257042","18.1118","United Kingdom"
"1726","Ivanhoe Mines","IVN.TO","12346178877","8.65814","Canada"
"1727","Tsingtao","600600.SS","12323824902","9.03377","China"
"1728","HDFC Asset Management Company Limited","HDFCAMC.NS","12314313416","28.7403","India"
"1729","Equity LifeStyle Properties","ELS","12310744064","63.48","United States"
"1730","Hong Kong Telecom","6823.HK","12309667839","1.62382","Hong Kong"
"1731","Jazz Pharmaceuticals","JAZZ","12309608448","199.96","Ireland"
"1732","Prada","1913.HK","12301849600","4.80762","Italy"
"1733","Kratos Defense &amp; Security Solutions","KTOS","12280969216","65.52","United States"
"1734","Getlink","GET.PA","12261372517","22.621","France"
"1735","Bajaj Holdings &amp; Investment","BAJAJHLDNG.NS","12255513932","110.119","India"
"1736","Ionis Pharmaceuticals","IONS","12239076352","74.09","United States"
"1737","Chubu Electric Power","9502.T","12239072940","16.2019","Japan"
"1738","Enlight Renewable Energy","ENLT","12236539904","87.82","Israel"
"1739","Elm Company","7203.SR","12225412121","152.818","Saudi Arabia"
"1740","Edison","EDNR.MI","12180801652","2.5719","Italy"
"1741","Schroders","SDR.L","12151802998","7.79301","United Kingdom"
"1742","Tongling Nonferrous Metals Group Co.,Ltd.","000630.SZ","12141313311","0.905428","China"
"1743","Aramark","ARMK","12135137280","46.17","United States"
"1744","Insurance Australia Group","IAG.AX","12134356104","5.16313","Australia"
"1745","OPC Energy","OPCE.TA","12123548825","39.1132","Israel"
"1746","Corebridge Financial","CRBG","12121541632","26.54","United States"
"1747","Symrise","SY1.DE","12085035987","86.4625","Germany"
"1748","Swatch","UHR.SW","12083331255","232.39","Switzerland"
"1749","Globe Life","GL","12078107648","153.97","United States"
"1750","Rexel","RXL.PA","12061328604","41.2088","France"
"1751","Vår Energi","VAR.OL","12057452231","4.82992","Norway"
"1752","Piraeus Financial Holdings","TPEIR.AT","12055830321","9.80126","Greece"
"1753","SBI Holdings","8473.T","12054184014","18.6493","Japan"
"1754","PhosAgro","PHOR.ME","12050131654","94.17","Russia"
"1755","AEGON","AEG","12039702528","7.96","Netherlands"
"1756","Service Corporation International","SCI","12024748032","86.37","United States"
"1757","Industrial Bank of Korea (IBK)","024110.KS","12016648864","15.0693","South Korea"
"1758","On Holding","ONON","11988730880","36.22","Switzerland"
"1759","Lite-On Technology","2301.TW","11987091752","5.28119","Taiwan"
"1760","Hormel Foods","HRL","11974184960","21.76","United States"
"1761","Solventum","SOLV","11964078080","68.96","United States"
"1762","Jiangsu Eastern Shenghong","000301.SZ","11942930208","1.80646","China"
"1763","Aritzia","ATZ.TO","11936735858","103.102","Canada"
"1764","Advanced Drainage Systems","WMS","11919582208","153.02","United States"
"1765","Recordati","REC.MI","11912223722","58.5106","Italy"
"1766","LPP SA","LPP.WA","11905746021","6415.11","Poland"
"1767","Stifel","SF","11901642752","76.89","United States"
"1768","Madrigal Pharmaceuticals","MDGL","11899878400","518.74","United States"
"1769","Japan Exchange Group","8697.T","11899472865","11.5764","Japan"
"1770","Ambuja Cements","AMBUJACEM.NS","11876914359","4.77979","India"
"1771","Apollo Hospitals","APOLLOHOSP.NS","11872952849","82.5746","India"
"1772","Shimizu Corporation","1803.T","11857151454","17.5257","Japan"
"1773","JD Logistics","2618.HK","11841800194","1.92509","China"
"1774","Accor","AC.PA","11828655317","50.3975","France"
"1775","Bitmine Immersion Technologies","BMNR","11827833856","22","United States"
"1776","Tongwei Co.,Ltd","600438.SS","11819744756","2.62545","China"
"1777","Clorox","CLX","11808252928","97.66","United States"
"1778","Stanley Black &amp; Decker","SWK","11803322368","76.01","United States"
"1779","Vicor","VICR","11802915840","260.13","United States"
"1780","First Horizon Corporation","FHN","11802137600","24.71","United States"
"1781","Antero Resources","AR","11785655296","38.2","United States"
"1782","Saia","SAIA","11760726016","440.98","United States"
"1783","J&amp;T Global Express","1519.HK","11723171279","1.31871","China"
"1784","(HLBank) Hong Leong Bank","5819.KL","11715709347","5.71429","Malaysia"
"1785","Saputo","SAP.TO","11715542855","28.9091","Canada"
"1786","Equitable Holdings","EQH","11711912960","41.6","United States"
"1787","Seven Group Holdings
 (SGH)","SGH.AX","11699836900","28.7467","Australia"
"1788","BOSCH India","BOSCHLTD.NS","11699800943","396.689","India"
"1789","Arab National Bank","1080.SR","11699238242","5.89382","Saudi Arabia"
"1790","Exelixis","EXEL","11697076224","46.05","United States"
"1791","Klépierre","LI.PA","11692327091","40.8464","France"
"1792","IES Holdings","IESC","11681195008","586.17","United States"
"1793","iA Financial","IAG.TO","11674479244","128.551","Canada"
"1794","CACI International Inc","CACI","11627938816","526.49","United States"
"1795","Orient Securities Company Limited (DFZQ)","600958.SS","11626791381","1.3684","China"
"1796","BorgWarner","BWA","11623717888","56.14","United States"
"1797","Ooredoo Qatar","ORDS.QA","11615999103","3.62637","Qatar"
"1798","Barito Pacific","BRPT.JK","11590078574","0.123678","Indonesia"
"1799","Hualu Hengsheng","600426.SS","11577908227","5.45308","China"
"1800","Mashreqbank","MASQ.AE","11576585698","57.707","United Arab Emirates"
"1801","FormFactor","FORM","11566099456","148.37","United States"
"1802","Webster Financial","WBS","11565465600","71.73","United States"
"1803","Suzano","SUZ","11557506048","9.35","Brazil"
"1804","Crown Holdings","CCK","11547452416","102.88","United States"
"1805","Koç Holding","KCHOL.IS","11543605974","4.55368","Turkey"
"1806","Mazagon Dock Shipbuilders Limited","MAZDOCK.NS","11531625266","28.5875","India"
"1807","Guardant Health","GH","11525947392","87.87","United States"
"1808","Smithfield Foods","SFD","11521013760","29.28","United States"
"1809","GAIL","GAIL.NS","11510401005","1.75061","India"
"1810","Porsche SE","PAH3.DE","11499589084","37.5497","Germany"
"1811","Citic Pacific Special Steel Group","000708.SZ","11498543464","2.27822","China"
"1812","Assurant","AIZ","11473911808","230.46","United States"
"1813","SKF (Svenska Kullagerfabriken)","SKF-B.ST","11473353465","25.1839","Sweden"
"1814","Washington H. Soul Pattinson and Company (Soul Patts)","SOL.AX","11468711218","30.1872","Australia"
"1815","Taiwan Cooperative Financial","5880.TW","11464635117","0.731119","Taiwan"
"1816","OBIC","4684.T","11462252802","26.4514","Japan"
"1817","Orion Corporation","ORNAV.HE","11445165294","81.2485","Finland"
"1818","Mowi","MNHVF","11445155840","21.65","Norway"
"1819","Essential Utilities","WTRG","11425639424","40.33","United States"
"1820","Guangdong HAID Group","002311.SZ","11419922828","6.86397","China"
"1821","Zhejiang Zheneng Electric","600023.SS","11413777778","0.85122","China"
"1822","Healthpeak Properties","DOC","11409161216","16.41","United States"
"1823","Orient Overseas Container Line","0316.HK","11406096508","17.2722","Hong Kong"
"1824","Strabag","XD4.F","11403913202","98.7842","Austria"
"1825","Gen Digital","GEN","11392534528","18.81","United States"
"1826","Bank of Chengdu","601838.SS","11376182553","2.68405","China"
"1827","Lupin Limited","LUPIN.NS","11359854602","24.8477","India"
"1828","Salik Company","SALIK.AE","11356209293","1.51416","United Arab Emirates"
"1829","Hyundai Glovis","086280.KS","11352656053","151.369","South Korea"
"1830","GEA Group","G1A.F","11350670950","70.6687","Germany"
"1831","Skanska","SKA-B.ST","11342671237","27.378","Sweden"
"1832","Dr. Reddy's Laboratories","RDY","11337888768","13.58","India"
"1833","TFI International","TFII","11330988032","137.87","Canada"
"1834","Indus Towers","INDUSTOWER.NS","11326073970","4.29481","India"
"1835","HubSpot","HUBS","11322865664","214.69","United States"
"1836","GBL","GBLB.VI","11320414229","94.108","Belgium"
"1837","Allison Transmission","ALSN","11305601024","136","United States"
"1838","GoDaddy","GDDY","11304428544","84.77","United States"
"1839","AltaGas","ALA.TO","11301187692","36.3043","Canada"
"1840","APR Co., Ltd.","278470.KS","11277010316","301.217","South Korea"
"1841","BELIMO Holding","BEAN.SW","11272390432","916.457","Switzerland"
"1842","Invesco","IVZ","11272235008","25.37","United States"
"1843","Türkiye Petrol Rafinerileri","TUPRS.IS","11261900775","5.84489","Turkey"
"1844","MP Materials","MP","11249903616","63.32","United States"
"1845","Avidity Biosciences","RNAM","11249150976","72.82","United States"
"1846","SPX Technologies","SPXC","11237588992","223.96","United States"
"1847","Medpace","MEDP","11235952640","393.42","United States"
"1848","Embraer","EMBJ","11222046720","63.06","Brazil"
"1849","GameStop","GME","11213862912","25.01","United States"
"1850","360 Security Technology","601360.SS","11198471783","1.59988","China"
"1851","Cipla","CIPLA.NS","11194771768","13.8586","India"
"1852","China Merchants Shekou Industrial Zone","001979.SZ","11188308446","1.24093","China"
"1853","Elanco","ELAN","11181105152","22.39","United States"
"1854","Dayforce","DAY","11180042240","69.86","United States"
"1855","Korea Aerospace Industries","047810.KS","11177990693","114.675","South Korea"
"1856","Romgaz","SNG.RO","11170124044","2.89815","Romania"
"1857","Fuji Electric","6504.T","11168032607","75.7675","Japan"
"1858","LG Electronics India Ltd.","LGEINDIA.NS","11160162112","16.4417","India"
"1859","Zebra Technologies","ZBRA","11160121344","226.87","United States"
"1860","Guidewire Software","GWRE","11158766592","131.25","United States"
"1861","AMH (American Homes 4 Rent)","AMH","11135789056","30.61","United States"
"1862","CapitaLand Investment Limited","9CI.SI","11135286872","2.22994","Singapore"
"1863","Confluent","CFLT","11133729792","30.99","United States"
"1864","PChem (Petronas Chemicals Group)","5183.KL","11126227986","1.39078","Malaysia"
"1865","Jonhon Optronic Technology","002179.SZ","11121496628","5.25236","China"
"1866","SCSK Corporation","9719.T","11119806742","35.5522","Japan"
"1867","Datang International Power Generation Company","601991.SS","11116770220","0.600689","China"
"1868","Equinox Gold","EQX","11111107584","14.08","Canada"
"1869","San’an Optoelectronics","600703.SS","11110260308","2.22694","China"
"1870","Chifeng Jilong Gold Mining","600988.SS","11106497664","5.84426","China"
"1871","Yunnan Energy New Material","002812.SZ","11104111657","11.3061","China"
"1872","T&amp;D Holdings","8795.T","11094701529","23.1215","Japan"
"1873","CCL Industries","CCL-B.TO","11090035766","63.8045","Canada"
"1874","Gildan","GIL","11088512000","59.84","Canada"
"1875","TMX Group","X.TO","11072037778","39.8303","Canada"
"1876","Almarai","2280.SR","11064114121","11.131","Saudi Arabia"
"1877","YANGHE","002304.SZ","11061904044","7.34305","China"
"1878","The Ensign Group","ENSG","11060101120","189.34","United States"
"1879","Universal Health Services","UHS","11057366016","181.18","United States"
"1880","Houlihan Lokey","HLI","11044919296","158.27","United States"
"1881","Subaru","7270.T","11038284740","15.4289","Japan"
"1882","Ooredoo","ORDS.AE","11023263525","3.44","United Arab Emirates"
"1883","BIDV  (Commercial Bank for Investment and Development of Vietnam)","BID.VN","11015104326","1.5688","Vietnam"
"1884","Vodafone Idea","IDEA.NS","11014817276","0.101666","India"
"1885","Leonardo DRS","DRS","11013635072","41.41","United States"
"1886","Wynn Resorts","WYNN","11013358592","105.61","United States"
"1887","Equatorial Energia","EQTL3.SA","10998474761","8.74117","Brazil"
"1888","DraftKings","DKNG","10990618624","22.17","United States"
"1889","American Financial Group","AFG","10986500096","132.23","United States"
"1890","Merlin Properties","MRL.MC","10986401576","17.7461","Spain"
"1891","AtkinsRéalis","ATRL.TO","10982358069","67.0166","Canada"
"1892","Applied Industrial Technologies","AIT","10981837824","294.4","United States"
"1893","D'Ieteren Group","DIE.BR","10976515918","206.804","Belgium"
"1894","Alchip Technologies","3661.TW","10970387835","134.964","Taiwan"
"1895","Sage Group","SGE.L","10961229090","11.965","United Kingdom"
"1896","SEI Investments","SEIC","10961145856","91.05","United States"
"1897","Financière de Tubize","TUB.BR","10948621077","245.967","Belgium"
"1898","KGI Financial Holding","2883.TW","10903055816","0.642307","Taiwan"
"1899","Jack Henry &amp; Associates","JKHY","10899996672","150.6","United States"
"1900","ARC Resources","ARX.TO","10880393889","19.0683","Canada"
"1901","Mallplaza","MALLPLAZA.SN","10866435766","4.96184","Chile"
"1902","Brookfield Property Partners","BPYPP","10859931648","16.4337","Bermuda"
"1903","Sanlam","SLM.JO","10849860500","5.19193","South Africa"
"1904","Tongfu Microelectronics Co.,Ltd","002156.SZ","10841407161","7.1438","China"
"1905","CAVA Group","CAVA","10835934208","93.11","United States"
"1906","Far EasTone","4904.TW","10834688592","3.00377","Taiwan"
"1907","China Resources Beer","0291.HK","10808640191","3.33189","Hong Kong"
"1908","SITC International","1308.HK","10807460553","4.03401","Hong Kong"
"1909","GMR Airports","GMRAIRPORT.NS","10806618251","1.02345","India"
"1910","EastGroup Properties","EGP","10780072960","200.54","United States"
"1911","The Trade Desk","TTD","10766601216","22.62","United States"
"1912","HF Sinclair","DINO","10733481984","59.54","United States"
"1913","Camden Property Trust","CPT","10727136256","102.43","United States"
"1914","Sichuan Chuantou Energy","600674.SS","10712635955","2.19764","China"
"1915","Marico","MARICO.NS","10709751832","8.26594","India"
"1916","Applied Optoelectronics","AAOI","10698193920","137.73","United States"
"1917","Taiwan Mobile","3045.TW","10696637271","3.53665","Taiwan"
"1918","Chewy","CHWY","10687763456","25.65","United States"
"1919","Hero MotoCorp","HEROMOTOCO.NS","10685044559","53.4012","India"
"1920","Knight-Swift Transportation","KNX","10684852224","65.77","United States"
"1921","Olympus","7733.T","10682277386","9.70175","Japan"
"1922","VIAVI Solutions","VIAV","10678618112","46.15","United States"
"1923","Indra Sistemas","IDR.MC","10670649498","60.9773","Spain"
"1924","United Spirits","UNITDSPR.BO","10669432901","14.6689","India"
"1925","Zillow","Z","10665546752","44.5","United States"
"1926","BKW AG","BKW.SW","10659070220","201.989","Switzerland"
"1927","Komerční banka","KOMB.PR","10649496126","56.3895","Czech Republic"
"1928","China Resources Microelectronics","688396.SS","10646312620","8.01553","China"
"1929","MOL Group","MOL.BD","10641930538","13.489","Hungary"
"1930","The Weir Group","WEIR.L","10638634707","40.979","United Kingdom"
"1931","Ashok Leyland","ASHOKLEY.NS","10636270560","1.81078","India"
"1932","ADNOC Logistics &amp; Services","ADNOCLS.AE","10618216017","1.44","United Arab Emirates"
"1933","Unity Software","U","10607182848","24.31","United States"
"1934","Ackermans &amp; Van Haaren","ACKB.BR","10590102575","324.059","Belgium"
"1935","Rakuten","4755.T","10584638529","4.87779","Japan"
"1936","Hikari Tsushin","9435.T","10582233922","241.48","Japan"
"1937","Texas Roadhouse","TXRH","10577030144","160.44","United States"
"1938","AkzoNobel","AKZA.AS","10563328220","61.7489","Netherlands"
"1939","Gotion High-tech Co.,Ltd.","002074.SZ","10530390810","5.8047","China"
"1940","Hensoldt","HAG.F","10523813121","91.1153","Germany"
"1941","Discovery Limited","DSY.JO","10522968500","15.7231","South Africa"
"1942","Penske Automotive Group","PAG","10519880704","160","United States"
"1943","Rural Electrification Corp","RECLTD.NS","10519761424","3.99501","India"
"1944","Boubyan Bank","BOUBYAN.KW","10515595066","2228.39","Kuwait"
"1945","Kingdom Holding","4280.SR","10505771379","2.8348","Saudi Arabia"
"1946","GAC (Guangzhou Automobile Group)","601238.SS","10502582057","1.02996","China"
"1947","Rubrik","RBRK","10502475776","51.03","United States"
"1948","Hainan Airlines","900945.SS","10501399552","0.243","China"
"1949","BDO Unibank","BDOUY","10499075072","19.68","Philippines"
"1950","Bunzl","BNZL.L","10486713891","32.6673","United Kingdom"
"1951","Largan Precision","3008.TW","10475638540","80.0901","Taiwan"
"1952","Flowserve","FLS","10467723264","81.91","United States"
"1953","JSW Energy","JSWENERGY.NS","10462585908","5.95776","India"
"1954","Renault","RNO.PA","10459868788","36.0884","France"
"1955","WiseTech Global","WTC.AX","10457789391","31.1143","Australia"
"1956","KT Corporation","KT","10446444544","21.69","South Korea"
"1957","Lufthansa","LHA.DE","10439036841","8.7047","Germany"
"1958","Globalstar","GSAT","10437581824","81.29","United States"
"1959","Sime Darby Plantation","5285.KL","10437170173","1.5092","Malaysia"
"1960","Harmony Gold","HMY","10436797440","16.53","South Africa"
"1961","BioMarin Pharmaceutical","BMRN","10432715776","53.98","United States"
"1962","Waaree Energies Limited (WEL)","WAAREEENER.NS","10418698420","36.2199","India"
"1963","Arrowhead Pharmaceuticals","ARWR","10418395136","74.4","United States"
"1964","Crane Company","CR","10418148352","180.42","United States"
"1965","Chongqing Rural Commercial Bank","3618.HK","10409689340","0.916588","China"
"1966","AECOM","ACM","10402563072","80.46","United States"
"1967","Max Healthcare Institute","MAXHEALTH.NS","10397554141","10.684","India"
"1968","Shinkin Central Bank","8421.T","10388928462","1193","Japan"
"1969","Applied Digital","APLD","10387722240","36.35","United States"
"1970","Nutanix","NTNX","10383053824","39.15","United States"
"1971","Pro Medicus","PME.AX","10375475056","99.3154","Australia"
"1972","Brookfield Renewable Partners","BEP","10372993024","33.9","Bermuda"
"1973","Localiza","RENT3.SA","10366368485","9.82983","Brazil"
"1974","Unicharm","8113.T","10358750685","6.01759","Japan"
"1975","Jardine Cycle &amp; Carriage","C07.SI","10356684378","26.2038","Singapore"
"1976","Phoenix Group","PHNX.L","10347052820","10.3323","United Kingdom"
"1977","AES","AES","10339538944","14.5","United States"
"1978","Dynatrace","DT","10338032640","34.29","United States"
"1979","VinFast Auto","VFS","10317353984","4.41","Vietnam"
"1980","Smiths Group","SMIN.L","10302600471","33.9875","United Kingdom"
"1981","Accelleron Industries","ACLN.SW","10295716819","109.644","Switzerland"
"1982","SenseTime","0020.HK","10292850798","0.25404","China"
"1983","Korea Investment Holdings","071050.KS","10260069490","175.696","South Korea"
"1984","J.M. Smucker Company","SJM","10258502656","96.19","United States"
"1985","Niterra","5334.T","10245148388","52.2017","Japan"
"1986","Sainsbury's","SBRY.L","10239156038","4.58151","United Kingdom"
"1987","DaVita","DVA","10223351808","155.03","United States"
"1988","AeroVironment","AVAV","10217670656","201.91","United States"
"1989","Idemitsu Kosan","5019.T","10210412441","8.38106","Japan"
"1990","Securitas AB","SECU-B.ST","10205071513","17.8125","Sweden"
"1991","Toray Industries","3402.T","10200003964","6.96335","Japan"
"1992","Donaldson Company","DCI","10188178432","87.97","United States"
"1993","Stantec","STN","10185041920","89.29","Canada"
"1994","NTPC Green Energy","NTPCGREEN.NS","10175443235","1.20758","India"
"1995","Wintrust Financial","WTFC","10152685568","150.55","United States"
"1996","XP Inc.","XP","10151609344","19.63","Brazil"
"1997","Beazley","BEZ.L","10146322015","17.1689","United Kingdom"
"1998","Watts Water Technologies","WTS","10128004096","303.39","United States"
"1999","Encompass Health","EHC","10126530560","101.86","United States"
"2000","U-Haul","UHAL","10123921408","53.29","United States"
"2001","Menora Mivtachim Holdings","MMHD.TA","10122640443","162.045","Israel"
"2002","Brenntag","BNR.DE","10117440517","70.0725","Germany"
"2003","CITIC Metal","601061.SS","10115155847","2.06432","China"
"2004","Antero Midstream","AM","10114470912","21.38","United States"
"2005","Prio SA (Petro Rio)","PRIO3.SA","10108768435","12.4828","Brazil"
"2006","Littelfuse","LFUS","10107116544","401.68","United States"
"2007","Japan Post Insurance","7181.T","10105983913","9.3262","Japan"
"2008","Zydus Lifesciences","ZYDUSLIFE.NS","10105586855","10.043","India"
"2009","Owens Corning","OC","10100948992","125.66","United States"
"2010","bioMérieux","BIM.PA","10100699064","85.6325","France"
"2011","Instacart (Maplebear Inc.)","CART","10100423680","42.67","United States"
"2012","Zhejiang Chint Electrics","601877.SS","10084458201","4.6927","China"
"2013","Bank Albilad","1140.SR","10081961693","6.72131","Saudi Arabia"
"2014","“K” Line","9107.T","10076951422","15.9422","Japan"
"2015","Formosa Plastics","1301.TW","10075506624","1.58277","Taiwan"
"2016","Wayfair","W","10060329984","76.94","United States"
"2017","BİM Birleşik Mağazalar","BIMAS.IS","10053538294","16.9568","Turkey"
"2018","Dongfeng Motor","0489.HK","10050513624","1.21786","China"
"2019","Range Resources","RRC","10046932992","42.64","United States"
"2020","Hai Di Lao Hot Pot","6862.HK","10045050478","1.85488","China"
"2021","LG Corp","003550.KS","10034779723","65.075","South Korea"
"2022","Gartner","IT","10032015360","148.6","United States"
"2023","Intertek","ITRK.L","10020350474","65.2808","United Kingdom"
"2024","Aisin Seiki","7259.T","10007010257","13.8109","Japan"
"2025","National Silicon Industry Group","688126.SS","10003924438","3.02688","China"
"2026","Ascendas Reit","A17U.SI","9997874946","2.00304","Singapore"
"2027","Companhia Paranaense de Energia (COPEL)","ELPC","9986918400","13.45","Brazil"
"2028","First Majestic Silver","AG","9986029568","20.25","Canada"
"2029","TeraWulf","WULF","9979100160","20.37","United States"
"2030","Ayvens","AYV.PA","9974731146","12.7309","France"
"2031","Buzzi Unicem","BZU.MI","9971839549","55.8335","Italy"
"2032","DigitalOcean","DOCN","9964085248","95.86","United States"
"2033","MGM Resorts","MGM","9961961472","38.94","United States"
"2034","Iamgold","IAG","9961818112","17.11","Canada"
"2035","Fosun Pharma","600196.SS","9961047711","3.73013","China"
"2036","Chart Industries","GTLS","9953171456","207.94","United States"
"2037","Addtech AB","ADDT-B.ST","9949832496","36.8571","Sweden"
"2038","Western Mining","601168.SS","9932803884","4.16819","China"
"2039","Xero","XRO.AX","9919196447","57.1581","New Zealand"
"2040","Indutrade","INDT.ST","9907497196","27.1943","Sweden"
"2041","Concordia Financial Group","7186.T","9906700161","8.91309","Japan"
"2042","Bentley Systems","BSY","9901004800","32.65","United States"
"2043","Shanghai Airport (AVINEX)","600009.SS","9886902640","3.97334","China"
"2044","Turkish Airlines","THYAO.IS","9875842941","7.18943","Turkey"
"2045","South State Corp","SSB","9859551232","98.09","United States"
"2046","Murphy USA","MUSA","9856145408","532.76","United States"
"2047","Alpha Services and Holdings","ALPHA.AT","9843578585","4.26701","Greece"
"2048","Sanmina","SANM","9829971968","180.02","United States"
"2049","OGE Energy","OGE","9808927744","47.53","United States"
"2050","Semtech","SMTC","9808681984","105.34","United States"
"2051","Desay SV","002920.SZ","9804442547","16.4281","China"
"2052","Xanadu Quantum Technologies Limited","XNDU","9799806976","28.85","Canada"
"2053","Subsea 7","SUBC.OL","9770710975","32.9927","Luxembourg"
"2054","Shree Cement","SHREECEM.NS","9752484630","270.296","India"
"2055","Mankind Pharma","MANKIND.NS","9747562117","24.333","India"
"2056","Revvity","RVTY","9743660032","87.15","United States"
"2057","Surgutneftegas","SNGS.ME","9732385717","0.27","Russia"
"2058","Aditya Birla Capital","ABCAPITAL.NS","9726494874","3.71166","India"
"2059","Old Republic International","ORI","9717920768","39.9","United States"
"2060","Empresas Copec","COPEC.SN","9715338582","7.47418","Chile"
"2061","American Healthcare REIT","AHR","9704794112","50.58","United States"
"2062","Kokusai Electric","6525.T","9703453854","41.5673","Japan"
"2063","Anker Innovations","300866.SZ","9701212906","18.0939","China"
"2064","Builders FirstSource","BLDR","9691436032","90.14","United States"
"2065","Advantech","2395.TW","9680752372","11.1809","Taiwan"
"2066","Chiba Bank","CHBAY","9673559040","69.31","Japan"
"2067","Darling Ingredients","DAR","9672957952","60.94","United States"
"2068","Vienna Insurance Group","WSV2.F","9666588438","75.5202","Austria"
"2069","Isuzu","7202.T","9665586421","14.0644","Japan"
"2070","Valmont Industries","VMI","9664923648","494.44","United States"
"2071","Indian Hotels Company","INDHOTEL.NS","9659489307","6.78606","India"
"2072","Popular, Inc. (Banco Popular de Puerto Rico)","BPOP","9651020800","149.27","United States"
"2073","SM Prime Holdings","SPHXF","9647781888","0.33606","Philippines"
"2074","China Taiping Insurance","0966.HK","9634946401","2.68083","Hong Kong"
"2075","Federal Realty Investment Trust","FRT","9632285696","111.5","United States"
"2076","Enel Américas","ENELAM.SN","9630628587","0.0935115","Chile"
"2077","Aurubis","NDA.F","9620911264","220.365","Germany"
"2078","Lotus Bakeries","LOTB.BR","9611562506","11830.7","Belgium"
"2079","ENN Natural Gas Co.,Ltd.","600803.SS","9601900734","3.1016","China"
"2080","Oshkosh Corporation","OSK","9590336512","153.08","United States"
"2081","Canadian Utilities","CU.TO","9587841407","35.2312","Canada"
"2082","Arrow Electronics","ARW","9578263552","187.5","United States"
"2083","ICICI Lombard","ICICIGI.NS","9577115503","19.2073","India"
"2084","Saipem","SPM.MI","9576658640","4.9357","Italy"
"2085","Core &amp; Main","CNM","9570327552","48.95","United States"
"2086","Ayala Corporation","AYALY","9567946752","9.38","Philippines"
"2087","Ryder","R","9564645376","242.59","United States"
"2088","M&G plc","MNG.L","9550218435","4.00899","United Kingdom"
"2089","Evonik Industries","EVK.DE","9544447053","20.4816","Germany"
"2090","Hudbay Minerals","HBM","9540651008","24.02","Canada"
"2091","APA Group","APA.AX","9534597469","7.20271","Australia"
"2092","Booz Allen Hamilton","BAH","9528163328","79.01","United States"
"2093","Element Fleet Management","EFN.TO","9517060058","23.9471","Canada"
"2094","Bharat Forge","BHARATFORG.NS","9508499181","19.8886","India"
"2095","Hwatsing Technology","688120.SS","9507749444","26.8845","China"
"2096","Baxter","BAX","9504208896","18.41","United States"
"2097","Finning","FTT.TO","9491864347","72.2728","Canada"
"2098","Trelleborg AB","TREL-B.ST","9487608896","42.3911","Sweden"
"2099","Bangkok Bank","BBL.BK","9479448382","4.96607","Thailand"
"2100","Sembcorp","U96.SI","9473874341","5.32839","Singapore"
"2101","Grupo Aeroportuario del Sureste
(ASUR)","ASR","9464605696","315.15","Mexico"
"2102","Red Eléctrica","RED.MC","9457456736","17.5006","Spain"
"2103","Stora Enso","STEAV.HE","9449794692","11.9827","Finland"
"2104","Aurora Innovation","AUR","9448011776","4.82","United States"
"2105","Dillard's","DDS","9425371136","603.53","United States"
"2106","Sirius XM","SIRI","9423409152","28","United States"
"2107","Sagax","SAGA-B.ST","9412766623","20.2552","Sweden"
"2108","UMB Financial","UMBF","9412005888","123.62","United States"
"2109","Snap","SNAP","9407462400","5.57","United States"
"2110","Banca Popolare di Sondrio","BPSO.MI","9393763794","20.885","Italy"
"2111","SBI Shinsei Bank","8303.T","9385494421","10.5812","Japan"
"2112","Haisco Pharmaceutical Group","002653.SZ","9385291316","8.38034","China"
"2113","The Toro Company","TTC","9383486464","96.26","United States"
"2114","Brixmor Property Group","BRX","9376916480","30.56","United States"
"2115","Deutsche Wohnen","DWNI.DE","9373493886","23.6147","Germany"
"2116","FirstCash","FCFS","9371004928","212.33","United States"
"2117","Kesko","KESKOA.HE","9366801494","23.3809","Finland"
"2118","Masimo","MASI","9357757440","178.71","United States"
"2119","Primoris Services Corporation","PRIM","9356565504","172.53","United States"
"2120","Schaeffler","SHA0.DE","9356059310","9.9018","Germany"
"2121","Ryan Specialty","RYAN","9352315904","35.4","United States"
"2122","Kunlun Tech","300418.SZ","9348735469","7.44707","China"
"2123","Axsome Therapeutics","AXSM","9346728960","182.72","United States"
"2124","Yuntianhua","600096.SS","9345314884","5.12636","China"
"2125","Jefferies Financial Group","JEF","9340511232","45.69","United States"
"2126","Marks &amp; Spencer","MKS.L","9319484881","4.60239","United Kingdom"
"2127","Banca Transilvania","TLV.RO","9304200078","8.54289","Romania"
"2128","NextVision Stabilized Systems","NXSN.TA","9296107006","100.995","Israel"
"2129","Posco International","047050.KS","9294898841","54.5333","South Korea"
"2130","Wharf Holdings","0004.HK","9292845107","3.04083","Hong Kong"
"2131","Torrent Power","TORNTPOWER.NS","9288766154","18.4336","India"
"2132","Alibaba Health Information Technology","0241.HK","9283616113","0.57574","Hong Kong"
"2133","Lumen Technologies","LUMN","9281728512","9.01","United States"
"2134","Agree Realty","ADC","9277948928","77.25","United States"
"2135","IMI plc","IMI.L","9271839826","38.4734","United Kingdom"
"2136","Old National Bank","ONB","9267701760","23.99","United States"
"2137","S-OIL","010950.KS","9267518651","79.6037","South Korea"
"2138","Skyworks Solutions","SWKS","9257487360","61.55","United States"
"2139","InterDigital","IDCC","9253879808","359.45","United States"
"2140","Element Solutions","ESI","9251752960","37.98","United States"
"2141","Shoprite","SHP.JO","9243171600","17.0962","South Africa"
"2142","JSC Halyk Bank","H4L1.F","9240855124","33.9023","Kazakhstan"
"2143","NIBE Industrier","NIBE-B.ST","9237085706","4.58174","Sweden"
"2144","Bilibili","BILI","9236546560","22.17","China"
"2145","Tempus AI","TEM","9228573696","51.44","United States"
"2146","Shenzhen Transsion Holdings","688036.SS","9223980748","8.0126","China"
"2147","Bank Muscat","BKMB.OM","9222145190","1.22857","Oman"
"2148","eMemory Technology","3529.TWO","9215352612","123.386","Taiwan"
"2149","Zions Bancorporation","ZION","9211431936","62.63","United States"
"2150","Gap Inc.","GAP","9210225664","25.21","United States"
"2151","Alstom","ALO.PA","9206570159","19.9264","France"
"2152","Wharf REIC","1997.HK","9201629181","3.03061","Hong Kong"
"2153","Quebecor","QBR-B.TO","9188350507","40.6845","Canada"
"2154","Luckin Coffee","LKNCY","9187003392","32.09","China"
"2155","Powell Industries","POWL","9186122752","252.18","United States"
"2156","Praxis Precision Medicines","PRAX","9179634688","329.6","United States"
"2157","Rohm","6963.T","9179407871","23.7787","Japan"
"2158","Sofina","SOF.VI","9178270099","258.826","Belgium"
"2159","Argan","AGX","9169093632","656.79","United States"
"2160","Akbank","AKBNK.IS","9158469566","1.76124","Turkey"
"2161","Sibanye-Stillwater","SBSW","9157867520","12.66","South Africa"
"2162","Formosa Chemicals &amp; Fibre","1326.TW","9127783155","1.56057","Taiwan"
"2163","Figma","FIG","9127170048","17.32","United States"
"2164","BlueScope Steel","BSL.AX","9127068487","20.8344","Australia"
"2165","PSP Swiss Property","PSPN.SW","9124803235","198.937","Switzerland"
"2166","Cullen/Frost Bankers","CFR","9122932736","144.89","United States"
"2167","Camtek","CAMT","9118406656","195.89","Israel"
"2168","BrightSpring Health Services","BTSG","9117516800","47.2","United States"
"2169","Medibank","MPL.AX","9112907384","3.30897","Australia"
"2170","MISC Berhad","3816.KL","9109685482","2.04082","Malaysia"
"2171","Severstal","CHMF.ME","9101813251","10.84","Russia"
"2172","Molina Healthcare","MOH","9100310528","174.7","United States"
"2173","Huadong Medicine (HD Medicine)","000963.SZ","9095639215","5.18643","China"
"2174","Cathay Pacific","0293.HK","9090562290","1.49488","Hong Kong"
"2175","Lodha Group","LODHA.NS","9079601094","9.08946","India"
"2176","Sunway","5211.KL","9078620197","1.34291","Malaysia"
"2177","CubeSmart","CUBE","9070640128","39.79","United States"
"2178","Bangkok Dusit Medical Services (BDMS)","BDMS.BK","9068539459","0.570635","Thailand"
"2179","PetGas (Petronas Gas)","6033.KL","9063578827","4.5805","Malaysia"
"2180","SSAB","SSAB-B.ST","9053684682","9.07484","Sweden"
"2181","Zoomlion","1157.HK","9053283429","1.0468","China"
"2182","BXP, Inc.","BXP","9044530176","57","United States"
"2183","Cognex","CGNX","9035449344","54.1","United States"
"2184","SPIE","SPIE.PA","9028818656","53.4487","France"
"2185","Shenzhen Salubris Pharmaceuticals","002294.SZ","9022411101","8.09318","China"
"2186","Qantas Airways","QAN.AX","9010670964","5.95472","Australia"
"2187","A. O. Smith","AOS","8998028288","65.09","United States"
"2188","CTP N.V.","CTPNV.AS","8993233640","18.541","Netherlands"
"2189","Nemetschek","NEM.F","8992279551","77.9168","Germany"
"2190","Zurich Airport","FHZN.SW","8988615719","292.808","Switzerland"
"2191","Dino Polska","DNP.WA","8985596739","9.16524","Poland"
"2192","Capcom","9697.T","8985434601","21.4816","Japan"
"2193","Henry Schein","HSIC","8975592448","78.22","United States"
"2194","Abivax","ABVX","8959903744","113","France"
"2195","Daewoo Engineering &amp; Construction","047040.KS","8954450863","21.793","South Korea"
"2196","Shimano","7309.T","8933651459","103.84","Japan"
"2197","Tingyi (master kang)","0322.HK","8908018539","1.58041","China"
"2198","HELLA","HLE.F","8897721761","80.0795","Germany"
"2199","Freedom Holding","FRHC","8897716224","145.41","Kazakhstan"
"2200","St. James's Place","STJ.L","8895619150","17.4181","United Kingdom"
"2201","Meridian Energy","MEZ.AX","8894537064","3.29114","New Zealand"
"2202","Primerica","PRI","8890100736","280.8","United States"
"2203","Full Truck Alliance","YMM","8890100736","8.5","China"
"2204","InPost","INPST.AS","8889283996","17.7928","Luxembourg"
"2205","GlobalWafers","6488.TWO","8886816181","18.5872","Taiwan"
"2206","ENN Energy","2688.HK","8880608688","7.99142","China"
"2207","Kinden Corporation","1944.T","8875690669","44.8283","Japan"
"2208","Samsung SDS","018260.KS","8870158340","114.675","South Korea"
"2209","Shizuoka Financial Group","5831.T","8864924494","16.7089","Japan"
"2210","ASMPT
 (ASM Pacific Technology)","0522.HK","8854106573","21.1913","Hong Kong"
"2211","Aurobindo Pharma","AUROPHARMA.NS","8847315869","15.2329","India"
"2212","Zurn Elkay Water Solutions","ZWS","8839531520","52.76","United States"
"2213","Vaxcyte","PCVX","8824183808","60.77","United States"
"2214","OTE Group","OTE.F","8816755254","21.0428","Greece"
"2215","A2A","A2A.MI","8814719584","2.8209","Italy"
"2216","Cirrus Logic","CRUS","8814586880","172.81","United States"
"2217","Rational AG","RAA.F","8812613716","775.076","Germany"
"2218","Davide Campari-Milano","CPR.MI","8803802025","7.34393","Italy"
"2219","Celcomdigi","6947.KL","8778679279","0.748299","Malaysia"
"2220","The Lottery Corporation","TLC.AX","8777691165","3.94366","Australia"
"2221","Acuity Brands","AYI","8773816320","289.42","United States"
"2222","Pearson","PSO","8760532992","14.44","United Kingdom"
"2223","Dahua Technology","002236.SZ","8749593077","2.66208","China"
"2224","DocuSign","DOCU","8746998784","45.02","United States"
"2225","Gaztransport & Technigaz","GTT.PA","8735336243","235.679","France"
"2226","Hut 8","HUT","8734590976","78.77","Canada"
"2227","Hotai Motor","2207.TW","8720469240","15.6532","Taiwan"
"2228","Celsius Holdings","CELH","8716483584","33.93","United States"
"2229","Giant Network Group","002558.SZ","8712707173","4.58428","China"
"2230","Autoliv","ALV","8707354624","116.31","Sweden"
"2231","Realtek","2379.TW","8698968455","16.8744","Taiwan"
"2232","Western Alliance Bancorporation","WAL","8686012416","79.93","United States"
"2233","NHPC Limited","NHPC.NS","8683735988","0.864481","India"
"2234","Chime Financial","CHYM","8672973824","22.58","United States"
"2235","Vanguard International Semiconductor","5347.TWO","8667655044","4.50408","Taiwan"
"2236","Hulic","3003.T","8666601437","11.4136","Japan"
"2237","GDS Holdings","GDS","8666332160","43.25","China"
"2238","Dabur","DABUR.NS","8658573865","4.88167","India"
"2239","Canadian Tire","CTC.TO","8657672991","164.256","Canada"
"2240","AGCO","AGCO","8655152128","119.54","United States"
"2241","Levi Strauss &amp; Co.","LEVI","8649569280","22.49","United States"
"2242","G Mining Ventures","GMIN.TO","8642383373","36.3627","Canada"
"2243","Rexford Industrial","REXR","8628018176","36.33","United States"
"2244","Qingdao Port International","601298.SS","8625635893","1.32884","China"
"2245","Central Pattana","CPN.BK","8617458905","1.92011","Thailand"
"2246","Suntory","2587.T","8616364759","27.8847","Japan"
"2247","China Gold International Resources","CGG.TO","8609449357","21.7183","Canada"
"2248","Games Workshop Group","GAW.L","8602318485","260.328","United Kingdom"
"2249","Columbia Banking System","COLB","8598318080","29.65","United States"
"2250","China Zheshang Bank","2016.HK","8589930409","0.312763","China"
"2251","Acciona Energías Renovables","ANE.MC","8583911978","26.4671","Spain"
"2252","New Oriental","EDU","8579005952","51.46","China"
"2253","First International Bank of Israel","FIBI.TA","8573724980","85.4832","Israel"
"2254","Melrose Industries","MRO.L","8567944301","6.86485","United Kingdom"
"2255","National Aluminum &amp; Alloy","NATIONALUM.NS","8561397257","4.66147","India"
"2256","Voestalpine","VAS.F","8558500522","49.9182","Austria"
"2257","Makita","6586.T","8551556868","33.0924","Japan"
"2258","Sunny Optical","2382.HK","8548752363","7.96589","China"
"2259","Albertsons","ACI","8541497344","16.86","United States"
"2260","Nordnet AB","SAVE.ST","8538089720","34.3279","Sweden"
"2261","AirTAC International","1590.TW","8532368949","42.6618","Taiwan"
"2262","Mineral Resources","MIN.AX","8529632331","43.1592","Australia"
"2263","Wuhan Guide Infrared","002414.SZ","8528332264","1.99692","China"
"2264","YTL Power International","6742.KL","8512008426","0.985135","Malaysia"
"2265","Hindustan Petroleum","HINDPETRO.NS","8510837935","3.99979","India"
"2266","ViaSat","VSAT","8500329984","62.58","United States"
"2267","Nuvalent","NUVL","8492208128","108.02","United States"
"2268","LG Innotek","011070.KS","8491417351","358.825","South Korea"
"2269","Gerdau","GGB","8479816704","4.31","Brazil"
"2270","CareTrust REIT","CTRE","8478550016","37.98","United States"
"2271","National Fuel Gas","NFG","8471605760","89.15","United States"
"2272","China Merchants Port","0144.HK","8467401787","2.017","Hong Kong"
"2273","ImmunityBio","IBRX","8457960448","8.19","United States"
"2274","Forgent Power Solutions","FPS","8451394048","34.62","United States"
"2275","Konecranes","KCR.HE","8451126572","35.5623","Finland"
"2276","SK Innovation","096775.KS","8446869716","50.5463","South Korea"
"2277","Avolta AG","AVOL.SW","8441778397","59.6555","Switzerland"
"2278","West Japan Railway","9021.T","8439980151","18.546","Japan"
"2279","Vicinity Centres","VCX.AX","8438478991","1.81851","Australia"
"2280","Kunlun Energy Company","0135.HK","8425295613","0.974034","Hong Kong"
"2281","NNN REIT","NNN","8424508416","44.28","United States"
"2282","Match Group","MTCH","8418263040","35.66","United States"
"2283","IDBI Bank","IDBI.NS","8413187004","0.782447","India"
"2284","NexGen Energy","NXE","8402194432","12.71","Canada"
"2285","ENGIE Brasil","EGIE3.SA","8398685749","7.35198","Brazil"
"2286","Persistent Systems","PERSISTENT.NS","8397978034","53.7536","India"
"2287","POOLCORP","POOL","8392689152","228.68","United States"
"2288","Norwegian Cruise Line","NCLH","8391150592","18.42","United States"
"2289","Havells India","HAVELLS.NS","8389385259","13.3747","India"
"2290","AU Small Finance Bank","AUBANK.NS","8388559017","11.2093","India"
"2291","Keyera","KEY.TO","8386223769","36.5744","Canada"
"2292","Shanghai Zhangjiang Hi-Tech Park Development","600895.SS","8383866576","5.41352","China"
"2293","Kikkoman","2801.T","8383006307","9.04766","Japan"
"2294","Founder Securities","601901.SS","8382258301","1.01824","China"
"2295","Allegro.eu","ALE.WA","8380355650","8.27103","Poland"
"2296","Eisai","4523.T","8366837766","29.6811","Japan"
"2297","Yokogawa Electric Corporation","6841.T","8365712170","32.8545","Japan"
"2298","Joby Aviation","JOBY","8347106816","8.49","United States"
"2299","Yaskawa","6506.T","8341204212","32.1597","Japan"
"2300","Eldorado Gold","EGO","8337238016","31.66","Canada"
"2301","Huadian Power International","600027.SS","8336047404","0.717896","China"
"2302","Bank of the Philippine Islands","BPHLY","8335697920","31.55","Philippines"
"2303","First Industrial Realty Trust","FR","8332050944","62.85","United States"
"2304","Ternium","TX","8325408768","42.41","Luxembourg"
"2305","Installed Building Products","IBP","8323406336","308.98","United States"
"2306","ASX","ASX.AX","8319463505","42.5744","Australia"
"2307","FactSet","FDS","8309211648","228.08","United States"
"2308","Procore","PCOR","8302090752","53.4","United States"
"2309","VPBank (Vietnam Prosperity Joint Stock Commercial Bank)","VPB.VN","8282734285","1.04396","Vietnam"
"2310","Bid Corp","BID.JO","8277667600","24.637","South Africa"
"2311","Charles River Laboratories","CRL","8276620800","167.74","United States"
"2312","Bharti Hexacom","BHARTIHEXA.NS","8273904057","16.5478","India"
"2313","ICON plc","ICLR","8270287872","106.34","Ireland"
"2314","Svenska Cellulosa Aktiebolaget (SCA)","SCA-B.ST","8266915531","11.7705","Sweden"
"2315","Liberty Live Group","LLYVA","8260060672","89.85","United States"
"2316","ESCO Technologies","ESE","8259983360","318.83","United States"
"2317","Thai Beverage","Y92.SI","8258851984","0.328623","Thailand"
"2318","StoneX Group","SNEX","8255102976","104.9","United States"
"2319","Idacorp","IDA","8245854208","148.82","United States"
"2320","Aker ASA","AKER.OL","8233713681","110.833","Norway"
"2321","ICICI Prulife","ICICIPRULI.NS","8231215592","5.68078","India"
"2322","Eastman Chemical","EMN","8224045568","71.92","United States"
"2323","Türkiye Is Bankasi","ISCTR.IS","8217286954","0.328691","Turkey"
"2324","PB Fintech","POLICYBZR.NS","8212957596","17.7311","India"
"2325","Sasol","SSL","8211485184","12.88","South Africa"
"2326","Quiñenco","QUINENCO.SN","8207741106","4.93622","Chile"
"2327","Technip Energies","TE.PA","8193015492","46.715","France"
"2328","SG Micro","300661.SZ","8192357647","13.202","China"
"2329","Krafton","259960.KS","8187810506","186.846","South Korea"
"2330","Manhattan Associates","MANH","8183632896","138.32","United States"
"2331","Oil India","OIL.NS","8180508827","5.02918","India"
"2332","Choice Properties REIT","CHP-UN.TO","8179667774","11.3008","Canada"
"2333","Nitori Holdings","9843.T","8177100246","14.4713","Japan"
"2334","Commercial International Bank","CIN.F","8176840267","2.47837","Egypt"
"2335","CAE Inc.","CAE","8173853184","25.4","Canada"
"2336","Tetra Tech","TTEK","8171101184","31.33","United States"
"2337","Bio-Techne","TECH","8166862336","52.2","United States"
"2338","National Mineral Development Corporation","NMDC.NS","8146169021","0.926563","India"
"2339","Mengniu Dairy","2319.HK","8143924238","2.10381","China"
"2340","BOK Financial","BOKF","8138800640","133.95","United States"
"2341","Auckland Airport","AIA.AX","8135654690","4.79943","New Zealand"
"2342","Cytokinetics","CYTK","8135093248","65.48","United States"
"2343","Novatek Microelectronics","3034.TW","8125839233","13.3536","Taiwan"
"2344","Buenaventura Mining Company","BVN","8117420032","31.96","Peru"
"2345","Liberty Broadband","LBRDA","8115213824","56.41","United States"
"2346","Hoa Phat Group","HPG.VN","8115081443","1.05728","Vietnam"
"2347","KakaoBank","323410.KS","8097498607","16.9952","South Korea"
"2348","StandardAero","SARO","8096818176","24.34","United States"
"2349","Bank Negara Indonesia","BBNI.JK","8096027238","0.217303","Indonesia"
"2350","Avis Budget Group","CAR","8094298112","229.14","United States"
"2351","Kirby Corporation","KEX","8088728064","150.85","United States"
"2352","Allegro MicroSystems","ALGM","8080534528","43.61","United States"
"2353","Aaon","AAON","8078792704","98.71","United States"
"2354","Swiggy","SWIGGY.NS","8074923748","3.10994","India"
"2355","Lineage","LINE","8074842624","35.55","United States"
"2356","MBME GROUP","MBME.AE","8073257081","2.94","United Arab Emirates"
"2357","Molson Coors","TAP","8071791104","42.87","United States"
"2358","The Magnum Ice Cream Company","MICC","8058807808","13.15","Netherlands"
"2359","Kinsale Capital Group","KNSL","8052636160","347.8","United States"
"2360","Unicaja Banco","UNI.MC","8046267702","3.13304","Spain"
"2361","AptarGroup","ATR","8043604480","124.94","United States"
"2362","Public Power Corporation","PPC.AT","8042436381","21.7793","Greece"
"2363","Alexandria Real Estate Equities","ARE","8029634560","46.38","United States"
"2364","Pilgrim's Pride","PPC","8020348416","33.71","United States"
"2365","Fannie Mae","FNMA","8013965824","6.92","United States"
"2366","LKQ Corporation","LKQ","8005910528","31.37","United States"
"2367","SRF Limited","SRF.NS","7997268146","26.9808","India"
"2368","Dai Nippon Printing","7912.T","7993251594","18.5272","Japan"
"2369","UGI Corporation","UGI","7990798336","37.2","United States"
"2370","Madison Square Garden Sports","MSGS","7984519680","331.73","United States"
"2371","Jackson Financial","JXN","7981742592","113.4","United States"
"2372","Ford Otosan","FROTO.IS","7977956891","2.27351","Turkey"
"2373","Jyske Bank","JYSK.CO","7975173900","138.583","Denmark"
"2374","Dundee Precious Metals","DPM.TO","7971734047","35.9612","Canada"
"2375","Bajaj Housing Finance Limited (BHFL)","BAJAJHFL.NS","7966276428","0.956489","India"
"2376","Investec","INVR.L","7959785824","9.02561","United Kingdom"
"2377","Nykaa","NYKAA.NS","7956878276","2.77884","India"
"2378","Toppan","7911.T","7956283325","28.229","Japan"
"2379","Janus Henderson","JHG","7942597632","51.55","United Kingdom"
"2380","Shiseido","4911.T","7939960548","19.8729","Japan"
"2381","Pharmaron Beijing","300759.SZ","7938098395","4.32056","China"
"2382","Zain (Mobile Telecommunications Company)","ZAIN.KW","7934118527","1833.61","Kuwait"
"2383","NGK Insulators","5333.T","7931426696","27.5843","Japan"
"2384","Hyundai Autoever Corporation","307950.KS","7931380123","289.222","South Korea"
"2385","Siam Cement","SCC.BK","7921036781","6.60086","Thailand"
"2386","Andritz","AZ2.F","7904975698","80.664","Austria"
"2387","Kiwoom Securities","039490.KS","7891314248","304.765","South Korea"
"2388","Krystal Biotech","KRYS","7889957376","268.04","United States"
"2389","Halozyme Therapeutics","HALO","7889203712","66.59","United States"
"2390","Galaxy Digital Holdings","7LX.F","7887111260","22.3715","United States"
"2391","Paytm","PAYTM.NS","7876888610","12.3055","India"
"2392","Chang Hwa Commercial Bank","2801.TW","7874634013","0.669268","Taiwan"
"2393","SalMar ASA","SALM.OL","7874264034","58.0963","Norway"
"2394","Cinda Securities","601059.SS","7872904454","2.42766","China"
"2395","Qorvo","QRVO","7847536128","84.65","United States"
"2396","Babcock International Group","BAB.L","7839851387","15.9767","United Kingdom"
"2397","Barry Callebaut","BARN.SW","7838606619","1429.7","Switzerland"
"2398","Zensho Holdings","7550.T","7837588775","50.0923","Japan"
"2399","VF Corporation","VFC","7833092096","20.02","United States"
"2400","Qiagen","QGEN","7824658432","37.97","Netherlands"
"2401","Suzlon","SUZLON.NS","7820577588","0.570201","India"
"2402","CD Projekt","CDR.WA","7810735436","78.1773","Poland"
"2403","Noble Corporation","NE","7804630016","48.94","United Kingdom"
"2404","ALK-Abelló","ALK-B.CO","7804405688","35.2244","Denmark"
"2405","NKT A/S","NKT.CO","7800239407","145.934","Denmark"
"2406","Hanwha Corporation","000880.KS","7798579009","87.6452","South Korea"
"2407","American Airlines","AAL","7791116800","11.78","United States"
"2408","Richter Gedeon","RIG2.F","7790031881","42.6","Hungary"
"2409","CPI Property Group","O5G.DE","7788794078","0.870938","Luxembourg"
"2410","Mitsubishi Chemical Holdings","4188.T","7776412817","5.72403","Japan"
"2411","Chord Energy","CHRD","7775065600","137.16","United States"
"2412","Shandong Hi-Speed","600350.SS","7770162096","1.60721","China"
"2413","Frontline","FRO","7769539584","34.9","Bermuda"
"2414","Fraport","FRA.DE","7766981706","83.9958","Germany"
"2415","Empire Company","EMP-A.TO","7765738072","34.2635","Canada"
"2416","Nissan","7201.T","7752259274","2.21763","Japan"
"2417","Steel Authority of India","SAIL.NS","7734597670","1.87255","India"
"2418","kyowa Kirin","4151.T","7732808292","14.7717","Japan"
"2419","Sinopharm","1099.HK","7732521827","2.47785","China"
"2420","INWIT","INW.MI","7726177929","8.5574","Italy"
"2421","Federal Bank","FEDERALBNK.NS","7724193144","3.13488","India"
"2422","The Mosaic Company","MOS","7717317120","24.28","United States"
"2423","Elisa","ELISA.HE","7715035315","48.0477","Finland"
"2424","Sojitz Corporation","2768.T","7712244021","37.0669","Japan"
"2425","Toho Co.","9602.T","7696624331","9.16972","Japan"
"2426","Armstrong World Industries","AWI","7683571712","179.38","United States"
"2427","ANA Holdings","9202.T","7681480476","16.953","Japan"
"2428","MinebeaMitsumi","6479.T","7679246513","19.1218","Japan"
"2429","RaiaDrogasil","RADL3.SA","7673444688","4.3885","Brazil"
"2430","Simpson Manufacturing Company","SSD","7673039360","185.33","United States"
"2431","STAG Industrial","STAG","7666258432","39.28","United States"
"2432","EnerSys","ENS","7657716224","207.8","United States"
"2433","ALS Global","ALQ.AX","7651594992","15.0758","Australia"
"2434","Storebrand","STB.OL","7650033219","18.1685","Norway"
"2435","Valley Bank","VLY","7648219648","13.77","United States"
"2436","Commercial Bank of Dubai","CBD.AE","7641831045","2.55991","United Arab Emirates"
"2437","Swissquote","SQN.SW","7641144913","509.807","Switzerland"
"2438","China National Chemical Engineering (CNCEC)","601117.SS","7631654825","1.24973","China"
"2439","SOLV Energy","MWH","7619715072","37.63","United States"
"2440","Bezeq","BEZQ.TA","7611805156","2.74125","Israel"
"2441","ISU Petasys","007660.KS","7609640040","103.661","South Korea"
"2442","Smoore International Holdings","6969.HK","7608135902","1.22807","China"
"2443","Bio-Rad Laboratories","BIO","7599012352","281.42","United States"
"2444","Matador Resources","MTDR","7587943936","61.07","United States"
"2445","Cipher Mining","CIFR","7586513408","18.69","United States"
"2446","Timken Company","TKR","7584873472","108.7","United States"
"2447","Indoritel","DNET.JK","7582615631","0.534589","Indonesia"
"2448","Copenhagen Airport","KBHL.CO","7561683751","963.509","Denmark"
"2449","Affiliated Managers Group","AMG","7551722496","284.39","United States"
"2450","Pirelli","PIRC.MI","7546232140","6.95581","Italy"
"2451","Commercial Metals Company","CMC","7543668736","68.03","United States"
"2452","Multi Commodity Exchange","MCX.NS","7539537142","29.6233","India"
"2453","OR Royalties","OR","7532800512","40.04","Canada"
"2454","Commerce Bancshares","CBSH","7528150528","51.57","United States"
"2455","AXIS Capital","AXS","7519741440","101.48","Bermuda"
"2456","Capital Power","CPX.TO","7518978789","48.0651","Canada"
"2457","President Chain Store (PSCS)","2912.TW","7518440650","7.2319","Taiwan"
"2458","99 Speed Mart Retail","5326.KL","7513227386","0.894432","Malaysia"
"2459","AGC","5201.T","7508811482","35.3582","Japan"
"2460","Kandenko","1942.T","7506387185","37.7179","Japan"
"2461","VZ Holding","VZN.SW","7494819383","190.287","Switzerland"
"2462","Beijer Ref","BEIJ-B.ST","7478704892","14.7536","Sweden"
"2463","Birkenstock","BIRK","7477619712","40.66","Germany"
"2464","Cemig","CIG","7466379776","2.61","Brazil"
"2465","Industrial Securities","601377.SS","7464994943","0.864406","China"
"2466","WIN Semiconductors","3105.TWO","7449581808","17.5722","Taiwan"
"2467","LS Corp.","006260.KS","7440555445","268.274","South Korea"
"2468","A1 Telekom Austria","TA1.F","7429614178","11.1877","Austria"
"2469","Fortis Healthcare","FORTIS.NS","7424996937","9.83498","India"
"2470","General Insurance Corporation of India","GICRE.NS","7424967031","4.2322","India"
"2471","Banca Generali","BGN.MI","7424031499","65.1742","Italy"
"2472","Aura Minerals","AUGO","7415346176","88.5","United States"
"2473","Weatherford International","WFRD","7403274240","102.93","United States"
"2474","Fastighets AB Balder","BALD-B.ST","7391388611","6.2322","Sweden"
"2475","Compagnie du Cambodge","CBDG.PA","7380966398","121.581","France"
"2476","Brookfield Renewable","BEPC","7379026432","40.94","United States"
"2477","HD Hyundai Marine Solution","443060.KS","7376813830","164.546","South Korea"
"2478","Covivio","COV.PA","7375336434","66.577","France"
"2479","Bupa Arabia for Cooperative Insurance Company","8210.SR","7367278647","49.1152","Saudi Arabia"
"2480","Galicia Financial Group","GGAL","7366141440","43.47","Argentina"
"2481","Spirax-Sarco Engineering","SPX.L","7362370399","99.7667","United Kingdom"
"2482","Novolipetsk Steel","NLMK.ME","7361811944","1.23","Russia"
"2483","PharmaEssentia","6446.TW","7346213512","19.7926","Taiwan"
"2484","Primo Brands","PRMB","7342877696","20.21","United States"
"2485","Oracle Corp Japan","4716.T","7339540605","57.2716","Japan"
"2486","Cencosud","CENCOSUD.SN","7335937349","2.66373","Chile"
"2487","Vista Energy","VIST","7332364800","70.3","Mexico"
"2488","Uranium Energy","UEC","7328800256","14.95","United States"
"2489","Nippon Building Fund","8951.T","7327211560","831.221","Japan"
"2490","OceanaGold","OGC.TO","7324869485","32.5374","Canada"
"2491","Mobileye","MBLY","7320018944","8.7","Israel"
"2492","Voya Financial","VOYA","7316222976","78.87","United States"
"2493","Celanese","CE","7300722176","65.23","United States"
"2494","NOV","NOV","7291956736","20.22","United States"
"2495","Nedbank","NED.JO","7288887900","15.9527","South Africa"
"2496","Bank of India","BANKINDIA.NS","7288712942","1.60098","India"
"2497","Sodexo","SW.PA","7286799462","49.9649","France"
"2498","Air Lease Corporation","AL","7282301440","65","United States"
"2499","Hitachi Construction Machinery","6305.T","7259668439","34.1251","Japan"
"2500","Adani Total Gas","ATGL.NS","7256201579","6.59769","India"
"2501","HK Electric Investments","2638.HK","7253142776","0.820844","Hong Kong"
"2502","HYBE","352820.KS","7233820521","169.952","South Korea"
"2503","AL Sydbank A/S","ALSYDB.CO","7232918458","84.698","Denmark"
"2504","Petrovietnam Gas","GAS.VN","7231324012","2.99688","Vietnam"
"2505","Stockland","SGP.AX","7231204030","2.97379","Australia"
"2506","Volvo Car","VOLCAR-B.ST","7229057397","2.4384","Sweden"
"2507","Longfor Group","0960.HK","7223328158","1.05063","China"
"2508","New Gold","NGD","7213915648","9.08","Canada"
"2509","Infratil","IFT.NZ","7207158221","7.22743","New Zealand"
"2510","Clearwater Analytics","CWAN","7201431040","24.18","United States"
"2511","Sanrio Company","8136.T","7199668941","5.9381","Japan"
"2512","Pegatron","4938.TW","7197359571","2.68341","Taiwan"
"2513","BOC Aviation","2588.HK","7189590825","10.3595","Singapore"
"2514","Fertiglobe","FERTIGLB.AE","7189050838","0.87","United Arab Emirates"
"2515","Fukuoka Financial Group","8354.T","7186506364","38.0309","Japan"
"2516","Mebuki Financial Group","7167.T","7181679921","7.65186","Japan"
"2517","Xinjiang Daqo New Energy Co.,Ltd.","688303.SS","7181591711","3.34774","China"
"2518","Lottomatica Group","LTMC.MI","7181230739","30.5471","Italy"
"2519","Indian Overseas Bank","IOB.NS","7181115812","0.372917","India"
"2520","Daito Trust Construction","1878.T","7158546962","22.0699","Japan"
"2521","Powerchip Semiconductor Manufacturing","6770.TW","7157807129","1.69061","Taiwan"
"2522","Otsuka","4768.T","7153709034","18.8652","Japan"
"2523","Beijing Wantai Biological Pharmacy Enterprise","603392.SS","7150473993","5.65526","China"
"2524","Kimberly-Clark de México","KIMBERA.MX","7146313784","2.38143","Mexico"
"2525","D-Wave Quantum","QBTS","7143033344","19.31","Canada"
"2526","Sonic Healthcare","SHL.AX","7142614615","14.4518","Australia"
"2527","Terex","TEX","7141497344","62.81","United States"
"2528","Hera Group","HER.MI","7127440813","4.82114","Italy"
"2529","DB Insurance","005830.KS","7126426206","117.514","South Korea"
"2530","Yapı Kredi","YKBNK.IS","7122340175","0.843175","Turkey"
"2531","Ingredion","INGR","7118184960","112.89","United States"
"2532","Kymera Therapeutics","KYMR","7116767232","87.17","United States"
"2533","IndusInd Bank","INDUSINDBK.NS","7113487085","9.13032","India"
"2534","Federal Signal","FSS","7112812032","116.81","United States"
"2535","Aedifica","AED.BR","7103803461","85.1064","Belgium"
"2536","KION Group","KGX.DE","7100419856","54.1501","Germany"
"2537","Permata Bank","BNLI.JK","7088634586","0.19592","Indonesia"
"2538","Intermediate Capital Group (ICG)","ICG.L","7082255770","24.679","United Kingdom"
"2539","Glaukos","GKOS","7074185216","120.87","United States"
"2540","Silicon Labs","SLAB","7072384512","214.52","United States"
"2541","GATX","GATX","7067071488","198.94","United States"
"2542","Prosperity Bancshares","PB","7066680320","69.63","United States"
"2543","UOL Group","U14.SI","7061252835","8.34077","Singapore"
"2544","Terreno Realty","TRNO","7047990272","66.33","United States"
"2545","First American Financial Corporation","FAF","7042566144","68.84","United States"
"2546","Light &amp; Wonder","LNW","7028988928","86.22","United States"
"2547","Melisron","MLSR.TA","7024990215","147.299","Israel"
"2548","SM Energy","SM","7022040064","29.29","United States"
"2549","Triple Flag Precious Metals","TFPM","7014202880","33.95","Canada"
"2550","Alkem Laboratories","ALKEM.NS","7004760480","58.5854","India"
"2551","RTL Group","RRTL.F","7000872550","45.242","Luxembourg"
"2552","Schaeffler India","SCHAEFFLER.NS","7000074965","44.7851","India"
"2553","Dixon Technologies","DIXON.NS","6998213139","115.319","India"
"2554","Info Edge","NAUKRI.NS","6995518117","10.8039","India"
"2555","Glenmark Pharmaceuticals","GLENMARK.NS","6992877342","24.7798","India"
"2556","Compagnie de l'Odet","ODET.PA","6986063217","1657.7","France"
"2557","Arabian Internet and Communications Services","7202.SR","6984281414","58.6713","Saudi Arabia"
"2558","Erasca","ERAS","6983665664","22.47","United States"
"2559","Ormat Technologies","ORA","6981124096","113.6","United States"
"2560","Lincoln National Corporation","LNC","6971507712","36.46","United States"
"2561","Amdocs","DOX","6968449024","64.78","United States"
"2562","AutoNation","AN","6967044096","202.97","United States"
"2563","PT Bumi Resources Minerals Tbk","BRMS.JK","6965059816","0.0491244","Indonesia"
"2564","KBC Ancora","KBCA.BR","6959334950","90.3671","Belgium"
"2565","AAK","AAK.ST","6947563463","26.6538","Sweden"
"2566","OneMain Financial","OMF","6946182656","59","United States"
"2567","Dutch Bros","BROS","6942539776","54.54","United States"
"2568","Empyrean Technology","301269.SZ","6926750359","12.6994","China"
"2569","Yealink Network Technology","300628.SZ","6926462910","5.46773","China"
"2570","UNO Minda","UNOMINDA.NS","6925017018","11.993","India"
"2571","Orica","ORI.AX","6921076450","14.9367","Australia"
"2572","Leapmotor","9863.HK","6911942907","5.9208","China"
"2573","Maxis Berhad","6012.KL","6909245937","0.881834","Malaysia"
"2574","Riot Platforms","RIOT","6903881728","18.21","United States"
"2575","Zhongtai Securities","600918.SS","6902663443","0.871731","China"
"2576","Shin Kong Financial Holding","2888.TW","6901126407","0.389619","Taiwan"
"2577","Starwood Property Trust","STWD","6898273280","18.14","United States"
"2578","Nexans","NEX.PA","6897641765","157.704","France"
"2579","Conagra Brands","CAG","6894279168","14.41","United States"
"2580","NEXTDC","NXT.AX","6892680487","10.5723","Australia"
"2581","Hexcel","HXL","6888010240","91.32","United States"
"2582","Greatland Resources","GGP.L","6880156564","10.2245","Australia"
"2583","Construction Partners","ROAD","6879617024","121.73","United States"
"2584","SBI Card","SBICARD.NS","6872668201","7.22222","India"
"2585","Demant","DEMANT.CO","6867985382","32.5653","Denmark"
"2586","Telekom Malaysia","4863.KL","6865190977","1.78886","Malaysia"
"2587","StepStone Group","STEP","6864817152","54.92","United States"
"2588","CAR Group (Carsales)","CAR.AX","6862347888","18.1137","Australia"
"2589","Sprouts Farmers Market","SFM","6861517312","72.55","United States"
"2590","FirstService","FSV","6859113472","149.16","Canada"
"2591","Ono Pharmaceutical","4528.T","6856036986","14.5902","Japan"
"2592","Spring Airlines","601021.SS","6854282575","7.00608","China"
"2593","Vipshop","VIPS","6843854848","14.25","China"
"2594","Morningstar","MORN","6841848832","177.63","United States"
"2595","Zabka Group","ZAB.WA","6825713112","6.83121","Poland"
"2596","Churchill Downs","CHDN","6824025088","97.91","United States"
"2597","Axfood","AXFO.ST","6824021825","31.6041","Sweden"
"2598","Fluor Corporation","FLR","6814720000","47.62","United States"
"2599","JBT Marel Corporation","JBTM","6813358592","130.9","United States"
"2600","Essential Properties Realty Trust","EPRT","6811747328","31.5","United States"
"2601","Paycom","PAYC","6811524608","125.5","United States"
"2602","Elis","ELIS.PA","6807590461","30.3718","France"
"2603","Brunello Cucinelli","BC.MI","6799999645","100","Italy"
"2604","Sangfor Technologies","300454.SZ","6798216193","15.7527","China"
"2605","Scor","SCR.PA","6782938565","37.9939","France"
"2606","Jindal Stainless","JSL.NS","6781716226","8.23305","India"
"2607","Hiscox","HSX.L","6780077050","21.0553","Bermuda"
"2608","Middleby","MIDD","6777883136","145.38","United States"
"2609","IOI Corporation Berhad","1961.KL","6777689934","1.07836","Malaysia"
"2610","OUTsurance Group","OUT.JO","6776276100","4.37851","South Africa"
"2611","IG Group","IGG.L","6776177382","20.4558","United Kingdom"
"2612","Phoenix Mills","PHOENIXLTD.NS","6775815692","18.9462","India"
"2613","Delivery Hero","DHER.F","6767879038","22.5509","Germany"
"2614","Silan Microelectronics","600460.SS","6765510604","4.06564","China"
"2615","McDonald's Japan","2702.T","6757582646","50.8246","Japan"
"2616","Technology One","TNE.AX","6749313190","20.6169","Australia"
"2617","Petro Rabigh","2380.SR","6745250088","3.0697","Saudi Arabia"
"2618","China Longyuan Power Group","0916.HK","6744713572","0.806802","China"
"2619","International Games System","3293.TWO","6739568468","23.916","Taiwan"
"2620","Samsung E&A","028050.KS","6728340310","34.3283","South Korea"
"2621","Arcellx","ACLX","6728102400","115.05","United States"
"2622","ICL Group","ICL","6724405248","5.21","Israel"
"2623","Yancoal","YAL.AX","6714018509","5.08469","Australia"
"2624","Boyd Gaming","BYD","6713389568","89.15","United States"
"2625","Lundbeck","HLUN-B.CO","6707128986","6.7602","Denmark"
"2626","Transocean","RIG","6706908672","6.06","Switzerland"
"2627","JFE Holdings","5411.T","6703279221","10.5374","Japan"
"2628","Hankyu Hanshin Holdings","9042.T","6697489623","28.229","Japan"
"2629","Qatar Gas Transport Company","QGTS.QA","6697021697","1.20879","Qatar"
"2630","Plexus","PLXS","6693134336","249.87","United States"
"2631","Rakuten Bank","5838.T","6689851652","38.3376","Japan"
"2632","Charter Hall Group","CHC.AX","6688633387","14.1451","Australia"
"2633","Oberbank","OBS.VI","6685536464","94.6925","Austria"
"2634","MSA Safety","MSA","6681269760","172.31","United States"
"2635","37 Interactive Entertainment","002555.SZ","6676741033","3.01809","China"
"2636","Vallourec","VK.PA","6675674149","29.0741","France"
"2637","Yes Bank","YESBANK.NS","6673859678","0.212565","India"
"2638","Syensqo","SYENS.BR","6672140308","65.408","Belgium"
"2639","South Bow","SOBO","6664276992","31.86","Canada"
"2640","Kingboard Holdings","0148.HK","6663962227","6.01271","Hong Kong"
"2641","Want Want China","0151.HK","6659098834","0.564251","Hong Kong"
"2642","RENK Group","R3NK.DE","6653027398","66.5303","Germany"
"2643","Zalando","ZAL.DE","6651541197","25.7657","Germany"
"2644","Japan Airlines","9201.T","6650606350","15.4727","Japan"
"2645","IMCD","IMCD.AS","6643091462","112.532","Netherlands"
"2646","TAL Education Group","TAL","6638971904","10.91","China"
"2647","Toyo Suisan","2875.T","6638156704","68.1939","Japan"
"2648","Pure Health Holding","PUREHEALTH.AE","6626724888","0.6","United Arab Emirates"
"2649","Mohawk Industries","MHK","6625869824","108.27","United States"
"2650","Migdal Insurance and Financial Holdings","MGDL.TA","6625568946","6.26266","Israel"
"2651","Urban Outfitters","URBN","6622789120","73.85","United States"
"2652","Genting Singapore","G13.SI","6620699107","0.547705","Singapore"
"2653","B2Gold","BTG","6619930624","4.95","Canada"
"2654","Samyang Foods","003230.KS","6617329409","887.264","South Korea"
"2655","UBTECH Robotics","9880.HK","6612710198","13.1361","China"
"2656","PGE Polska","PGE.WA","6609466332","2.94577","Poland"
"2657","OHB SE","OHB.DE","6605227165","344.868","Germany"
"2658","Yamaha Motor","7272.T","6602809146","6.81","Japan"
"2659","Wan Hai Lines","2615.TW","6595471692","2.35037","Taiwan"
"2660","Kingfisher","KGF.L","6595382887","3.9349","United Kingdom"
"2661","Amorepacific","090430.KS","6591706495","95.5515","South Korea"
"2662","Capstone Copper","CS.TO","6589542971","8.62893","Canada"
"2663","Oberoi Realty","OBEROIRLTY.NS","6589446003","18.1227","India"
"2664","Gamuda Berhad","5398.KL","6587618614","1.10607","Malaysia"
"2665","United Tractors","UNTR.JK","6586722591","1.84361","Indonesia"
"2666","Apogee Therapeutics","APGE","6586227200","88.29","United States"
"2667","Isetan Mitsukoshi Holdings","3099.T","6582809313","18.7744","Japan"
"2668","Belite Bio","BLTE","6572295680","164.45","United States"
"2669","Porto Seguro","PSSA3.SA","6571076107","10.2299","Brazil"
"2670","Warehouses De Pauw","WDP.BR","6569833685","27.9401","Belgium"
"2671","HealthEquity","HQY","6568196096","77.75","United States"
"2672","Core Scientific","CORZ","6567527936","20.81","United States"
"2673","Lear Corporation","LEA","6567329280","129.72","United States"
"2674","Fonterra","FCG.NZ","6558751326","2.72567","New Zealand"
"2675","Amentum","AMTM","6554537984","26.87","United States"
"2676","Sailun Group","601058.SS","6551632253","1.99253","China"
"2677","Eagle Materials","EXP","6550457344","208.4","United States"
"2678","Southwest Gas","SWX","6549723136","90.51","United States"
"2679","Protagonist Therapeutics","PTGX","6548050432","102.62","United States"
"2680","Linde India","LINDEINDIA.NS","6545878439","76.7537","India"
"2681","SailPoint","SAIL","6545757696","11.61","United States"
"2682","Temenos","TEMN.SW","6541463788","94.8256","Switzerland"
"2683","Chailease Holding","5871.TW","6541258514","3.82212","Taiwan"
"2684","BIG Shopping Centers","BIG.TA","6532026314","260.61","Israel"
"2685","EquipmentShare.com","EQPT","6526136832","24.53","United States"
"2686","Lion Finance Group PLC","BGEO.L","6521449216","150.876","United Kingdom"
"2687","GXO Logistics","GXO","6518575616","56.66","United States"
"2688","GPT Group","GPT.AX","6509342660","3.39811","Australia"
"2689","iSoftStone Information Technology","301236.SZ","6507943586","6.28672","China"
"2690","Ramsay Health Care","RHC.AX","6501424506","28.1654","Australia"
"2691","Onex","ONEX.TO","6501400971","85.2235","Canada"
"2692","Shimadzu","7701.T","6499872114","22.4955","Japan"
"2693","Janus Living","JAN","6499577344","24.7","United States"
"2694","TMBThanachart Bank (ttb)","TTB.BK","6497242843","0.0684763","Thailand"
"2695","Wyndham Hotels &amp; Resorts","WH","6495866368","86.44","United States"
"2696","Gates Industrial Corp","GTES","6491936256","25.5","United States"
"2697","Open House Group","3288.T","6491519571","58.2105","Japan"
"2698","Remgro Limited","REM.JO","6489540600","11.6698","South Africa"
"2699","Rayonier","RYN","6474799616","21.3","United States"
"2700","Solaris Energy Infrastructure","SEI","6471661056","69.48","United States"
"2701","Laurus Labs","LAURUSLABS.NS","6469754306","11.9813","India"
"2702","CTS Eventim","EVD.F","6469368801","67.3954","Germany"
"2703","Li Ning Company","2331.HK","6459420528","2.50849","China"
"2704","Bachem","BANB.SW","6448127893","86.049","Switzerland"
"2705","EFG International","EFGN.SW","6444475681","21.4964","Switzerland"
"2706","Halkbank","HALKB.IS","6444434832","0.896957","Turkey"
"2707","Healthcare Realty Trust","HR","6442067968","18.59","United States"
"2708","Lithia Motors","LAD","6439764480","276.39","United States"
"2709","Repligen","RGEN","6432900608","114.06","United States"
"2710","Capital Securities Corporation","601136.SS","6431373501","2.35294","China"
"2711","LEENO Industrial","058470.KQ","6431352299","84.7395","South Korea"
"2712","TXNM Energy","TXNM","6426360320","59","United States"
"2713","Glacier Bancorp","GBCI","6423407104","49.37","United States"
"2714","Thyssenkrupp","TKA.F","6420358300","10.3133","Germany"
"2715","SiteOne Landscape Supply","SITE","6419924992","144.4","United States"
"2716","Ezdan Holding Group","ERES.QA","6419916052","0.242033","Qatar"
"2717","Food &amp; Life Companies","3563.T","6419636507","56.6833","Japan"
"2718","Hims &amp; Hers Health","HIMS","6416476160","28.15","United States"
"2719","National Storage Affiliates Trust","NSA","6410002944","43.61","United States"
"2720","Zhuzhou CRRC Times Electric","3898.HK","6402344559","4.7157","Hong Kong"
"2721","Hanover Insurance Group","THG","6399787008","181.87","United States"
"2722","Avnet","AVT","6394316288","78.11","United States"
"2723","Tokyo Century","8439.T","6393843795","13.0817","Japan"
"2724","CSPC Innovation Pharmaceutical","300765.SZ","6391715724","4.55058","China"
"2725","Coromandel","COROMANDEL.NS","6379777408","21.647","India"
"2726","Sinotrans Limited","601598.SS","6379704071","0.889312","China"
"2727","EPAM Systems","EPAM","6371444224","120.77","United States"
"2728","Blue Owl Capital","OWL","6366059008","9.42","United States"
"2729","Bullish","BLSH","6362292736","42.33","Cayman Islands"
"2730","Luzerner Kantonalbank","LUKN.SW","6361712835","128.469","Switzerland"
"2731","Bosideng","3998.HK","6349214835","0.546378","Hong Kong"
"2732","Ryman Hospitality Properties","RHP","6348161536","100.59","United States"
"2733","Archrock","AROC","6342217728","36.19","United States"
"2734","Shanghai Allist Pharmaceuticals","688578.SS","6341733182","14.0927","China"
"2735","F.N.B. Corporation","FNB","6341612544","17.83","United States"
"2736","Tube Investments of India","TIINDIA.NS","6340432858","32.7581","India"
"2737","Qube Holdings","QUB.AX","6331692815","3.57639","Australia"
"2738","The Fertilisers And Chemicals Travancore Limited","FACT.NS","6328230491","9.77979","India"
"2739","Prestige Group","PRESTIGE.NS","6327249851","14.6896","India"
"2740","SOL S.p.A.","SOL.MI","6319522914","69.675","Italy"
"2741","Meiji Holdings","2269.T","6314134889","23.2905","Japan"
"2742","Bank of Maharashtra","MAHABANK.NS","6310453773","0.820439","India"
"2743","Bank of Ayudhya","BAY.BK","6296187602","0.855953","Thailand"
"2744","Zheshang Securities","601878.SS","6285578585","1.37426","China"
"2745","NewMarket Corp","NEU","6282614784","683.04","United States"
"2746","Sulzer","SUN.SW","6282506467","186.217","Switzerland"
"2747","Gecina","GFC.PA","6280296916","84.7557","France"
"2748","Grupo Catalana Occidente","GCO.MC","6280031254","53.2104","Spain"
"2749","Seatrium","5E2.SI","6279896968","1.85437","Singapore"
"2750","Axalta","AXTA","6279310848","29.34","United States"
"2751","TKMS","TKMS.DE","6275132025","98.7842","Germany"
"2752","ESAB","ESAB","6265926144","102.92","United States"
"2753","Brinker International","EAT","6264714752","143.85","United States"
"2754","Sichuan Changhong Electric","600839.SS","6262753084","1.35668","China"
"2755","Piper Sandler","PIPR","6257813504","87.78","United States"
"2756","Vishal Mega Mart Limited","VMM.NS","6256759184","1.33885","India"
"2757","Valaris","VAL","6255513088","90.33","United Kingdom"
"2758","Rockwool","ROCK-B.CO","6254645697","29.5309","Denmark"
"2759","Campbell's","CPB","6249150464","20.96","United States"
"2760","The Yokohama Rubber Company","5101.T","6242369964","39.5831","Japan"
"2761","Enel Chile","ENIC","6238823936","4.51","Chile"
"2762","Nitto Boseki","3110.T","6236821155","171.314","Japan"
"2763","Omron","6645.T","6234948991","31.7091","Japan"
"2764","MGIC Investment","MTG","6233509888","28.77","United States"
"2765","Super Group","SGHC","6223940608","12.25","Guernsey"
"2766","Descartes Systems Group","DSGX","6219556864","72.3","Canada"
"2767","Sealed Air","SEE","6211799552","42.15","United States"
"2768","Nexstar Media Group","NXST","6211780608","204.82","United States"
"2769","Colgate-Palmolive India","COLPAL.NS","6206340351","22.8186","India"
"2770","Enact Holdings","ACT","6199507968","43.91","United States"
"2771","IDFC FIRST Bank","IDFCFIRSTB.NS","6192164184","0.719834","India"
"2772","Ultrapar Participacoes","UGP","6187402752","5.73","Brazil"
"2773","SFS Group","SFSN.SW","6181065761","158.997","Switzerland"
"2774","M3, Inc","2413.T","6178585938","9.25735","Japan"
"2775","Firefly Aerospace","FLY","6170493440","38.54","United States"
"2776","Beijing New Building Materials","000786.SZ","6167503606","3.62318","China"
"2777","Umm Al Qura for development and construction","4325.SR","6167341357","4.2869","Saudi Arabia"
"2778","Azimut Holding","AZM.MI","6163234230","43.6404","Italy"
"2779","Castellum","CAST.ST","6163195169","13.1216","Sweden"
"2780","Fomento de Construcciones y Contratas","FCC.MC","6159235315","13.0231","Spain"
"2781","Central Bancompany","CBC","6158711808","25.63","United States"
"2782","Resideo Technologies","REZI","6152244224","40.63","United States"
"2783","Biocon","BIOCON.NS","6152187434","3.79921","India"
"2784","Sekisui Chemical","4204.T","6145357076","15.2224","Japan"
"2785","SDIC Capital","600061.SS","6145270407","0.961102","China"
"2786","EnPro Industries","NPO","6135997952","288.78","United States"
"2787","PJT Partners","PJT","6124238848","154.11","United States"
"2788","Shanghai Commercial and Savings Bank","5876.TW","6122982956","1.26241","Taiwan"
"2789","Topicus","TOI.V","6115842478","73.3852","Canada"
"2790","LB Group (LomonBillions)","002601.SZ","6113008893","2.56391","China"
"2791","SSR Mining","SSRM","6112758784","29.85","Canada"
"2792","Landstar System","LSTR","6110683136","179.9","United States"
"2793","Kanzhun","BZ","6108961792","13.33","China"
"2794","Sensata Technologies","ST","6103169536","41.86","United States"
"2795","Bank Millennium","MIL.WA","6102275485","5.03454","Poland"
"2796","Centessa Pharmaceuticals","CNTA","6098326528","39.43","United Kingdom"
"2797","Terns Pharmaceuticals","TERN","6097289728","52.83","United States"
"2798","LondonMetric Property","LMP.L","6096236465","2.61069","United Kingdom"
"2799","OPAP (Organization of Football Prognostics)","OPAP.AT","6091312418","16.9862","Greece"
"2800","Yonyou","600588.SS","6087566945","1.78155","China"
"2801","Harbour Energy","HBR.L","6086684556","3.87967","United Kingdom"
"2802","Delek Group","DLEKG.TA","6082248958","332.579","Israel"
"2803","Credito Emiliano","CE.MI","6078943375","17.8981","Italy"
"2804","Tokyu","9005.T","6078109711","10.6688","Japan"
"2805","Avanza Bank","AZA.ST","6076418560","38.5","Sweden"
"2806","Essent Group","ESNT","6068320768","64.55","Bermuda"
"2807","Lamb Weston","LW","6066918400","43.94","United States"
"2808","China State Construction International","3311.HK","6062134556","1.14765","Hong Kong"
"2809","Madras Rubber Factory","MRF.NS","6058807505","1428.58","India"
"2810","Land Securities Group","LAND.L","6052013793","8.12305","United Kingdom"
"2811","Life Time Group","LTH","6050828800","27.17","United States"
"2812","United Bankshares","UBSI","6050711040","43.91","United States"
"2813","Teleflex","TFX","6048864256","136.65","United States"
"2814","Etsy","ETSY","6037638144","63.48","United States"
"2815","PCCW","0008.HK","6033312905","0.778717","Hong Kong"
"2816","ChinaLin Securities","002945.SZ","6028569063","2.2328","China"
"2817","Howden Joinery","HWDN.L","6026997018","11.1608","United Kingdom"
"2818","Soochow Securities","601555.SS","6020243840","1.21163","China"
"2819","Dolby","DLB","6015186944","62.96","United States"
"2820","TPG Telecom","TPG.AX","6012630565","3.06293","Australia"
"2821","Taylor Morrison","TMHC","6010201088","64.33","United States"
"2822","Aixtron","AIXA.F","6007158631","53.2616","Germany"
"2823","NICE","NICE","6005004288","98.73","Israel"
"2824","Tokyu Fudosan Holdings","3289.T","5987159205","8.38106","Japan"
"2825","Taiwan Cement","1101.TW","5978461600","0.777112","Taiwan"
"2826","Reece Group","REH.AX","5976557433","9.71653","Australia"
"2827","Spyre Therapeutics","SYRE","5972597760","69.24","United States"
"2828","Flagstar Bank","FLG","5969501184","14.35","United States"
"2829","Mobile TeleSystems","MTSS.ME","5961280229","2.97","Russia"
"2830","DCC plc","DCC.L","5960904756","69.7801","Ireland"
"2831","APL Apollo","APLAPOLLO.NS","5960682945","21.4677","India"
"2832","Pegasystems","PEGA","5958790656","35.25","United States"
"2833","Portland General Electric","POR","5951841792","51.43","United States"
"2834","Innolux","3481.TW","5936362198","0.743807","Taiwan"
"2835","Definity Financial","DFY.TO","5930965439","49.4594","Canada"
"2836","City Developments","C09.SI","5927770465","6.63506","Singapore"
"2837","Century Aluminum","CENX","5925576192","59.87","United States"
"2838","Ithaca Energy","ITH.L","5923493052","3.58869","United Kingdom"
"2839","Convatec Group","CTEC.L","5913398335","3.0256","United Kingdom"
"2840","Seibu Holdings","9024.T","5904513249","23.2466","Japan"
"2841","JB Hi-Fi","JBH.AX","5903138333","53.9918","Australia"
"2842","CG Oncology","CGON","5901176320","69.89","United States"
"2843","Arcosa","ACA","5901158400","120.19","United States"
"2844","OneStream","OS","5900146688","24","United States"
"2845","EVN Group","EVN.F","5899067018","33.0839","Austria"
"2846","TG Therapeutics","TGTX","5895690240","36.92","United States"
"2847","Korean Air Lines","003495.KS","5890015171","15.9478","South Korea"
"2848","Immunovant","IMVT","5884114944","28.91","United States"
"2849","Rumo","RAIL3.SA","5880099357","3.16847","Brazil"
"2850","Australian Foundation Investment Company","AFI.AX","5879699341","4.70672","Australia"
"2851","Ringkjøbing Landbobank","RILBA.CO","5874323070","244.475","Denmark"
"2852","Corporación Financiera Alba","ALB.MC","5871019284","97.9515","Spain"
"2853","Cogent Biosciences","COGT","5865840640","36.14","United States"
"2854","ZOZO","3092.T","5864503329","6.63161","Japan"
"2855","Genpact","G","5856813056","34.5","Bermuda"
"2856","Shanghai BOCHU Electronic Technology","688188.SS","5852433562","20.2696","China"
"2857","Versant Media Group","VSNT","5851930624","40.49","United States"
"2858","UWM Holdings","UWMC","5849645568","3.65","United States"
"2859","Max Financial Services","MFSL.NS","5843108319","16.9309","India"
"2860","Rush Enterprises","RUSHA","5842196480","74.62","United States"
"2861","Dottikon ES","DESN.SW","5835994259","422.295","Switzerland"
"2862","ADT","ADT","5835829248","7.24","United States"
"2863","De' Longhi","DLG.MI","5832835625","39.0227","Italy"
"2864","Nestle Malaysia","4707.KL","5831480934","24.8677","Malaysia"
"2865","Bank of Changsha","601577.SS","5827143440","1.44898","China"
"2866","Scout24 (ImmoScout24)","G24.F","5824065066","82.3591","Germany"
"2867","Tokyo Electric Power Company","9501.T","5820904548","3.63284","Japan"
"2868","Rhythm Pharmaceuticals","RYTM","5818568192","85.21","United States"
"2869","Strathcona Resources","SCR.TO","5816443558","27.1498","Canada"
"2870","MarketAxess","MKTX","5816051712","163.61","United States"
"2871","Compass","COMP","5812472832","7.79","United States"
"2872","Hang Lung Properties","0101.HK","5809715033","1.14893","Hong Kong"
"2873","ServiceTitan","TTAN","5804266496","60.93","United States"
"2874","Berger Paints","BERGEPAINT.NS","5799078950","4.97347","India"
"2875","Kuala Lumpur Kepong","2445.KL","5796977114","5.20534","Malaysia"
"2876","Tsuruha Holdings","3391.T","5793887381","12.7907","Japan"
"2877","California Resources Corporation","CRC","5790969856","65.26","United States"
"2878","Acushnet Holdings","GOLF","5789824512","98.88","United States"
"2879","Ampol","ALD.AX","5783148322","24.2681","Australia"
"2880","Gruma (Maseca)","GRUMAB.MX","5782385494","16.8745","Mexico"
"2881","EVA Air","2618.TW","5781235181","1.07051","Taiwan"
"2882","Ameris Bancorp","ABCB","5776924160","84.62","United States"
"2883","Changjiang Securities","000783.SZ","5776781633","1.04461","China"
"2884","Edenred","EDEN.PA","5768498044","24.6551","France"
"2885","UPL","UPL.NS","5759468028","6.81365","India"
"2886","Tokyo Metro","9023.T","5756378876","9.91456","Japan"
"2887","Metlen Energy &amp; Metals","MTLN.AT","5751684166","40.2151","Greece"
"2888","Mapletree Commercial Trust","N2IU.SI","5743710694","1.08759","Singapore"
"2889","MatsukiyoCocokara","3088.T","5732354547","14.4055","Japan"
"2890","Shanghai Lujiazui Finance & Trade Zone Development Co.,Ltd.","600663.SS","5731908965","1.13838","China"
"2891","Abbott India","ABBOTINDIA.NS","5730072806","269.659","India"
"2892","Godrej Properties","GODREJPROP.NS","5724960609","19.0067","India"
"2893","Abu Dhabi Ports","ADPORTS.AE","5724863941","1.12","United Arab Emirates"
"2894","Kodiak Gas Services","KGS","5723332608","64.82","United States"
"2895","Mycronic","MYCR.ST","5719681694","29.2911","Sweden"
"2896","Nippon Express","9147.T","5718957334","23.5846","Japan"
"2897","Pandora","PNDORA.CO","5717597720","76.674","Denmark"
"2898","Klaviyo","KVYO","5717562368","18.76","United States"
"2899","Red Rock Resorts","RRR","5716147200","55.59","United States"
"2900","Sweco","SWEC-A.ST","5713018354","15.8345","Sweden"
"2901","DFI Retail Group","D01.SI","5712405504","4.22","Hong Kong"
"2902","Getinge","GETI-B.ST","5711195243","20.9686","Sweden"
"2903","Bank of Suzhou","002966.SZ","5704998566","1.2761","China"
"2904","Vopak","VPK.AS","5704955339","49.7779","Netherlands"
"2905","Dropbox","DBX","5703460864","23.9","United States"
"2906","New Jersey Resources","NJR","5697753088","56.5","United States"
"2907","Tritax Big Box REIT","BBOX.L","5696671237","2.10822","United Kingdom"
"2908","PTC Therapeutics","PTCT","5686919168","68.59","United States"
"2909","Caesars Entertainment","CZR","5684342272","27.93","United States"
"2910","Uniqa Insurance Group","UN9.F","5683457803","18.354","Austria"
"2911","Black Hills","BKH","5679006208","74.67","United States"
"2912","OpenText","OTEX","5671022080","22.29","Canada"
"2913","Murphy Oil","MUR","5670875648","39.56","United States"
"2914","Monotaro","3064.T","5667264847","11.4762","Japan"
"2915","ISS A/S","ISS.CO","5666439524","35.7562","Denmark"
"2916","Colliers International","CIGI","5665880576","110.87","Canada"
"2917","Scholar Rock Holding","SRRK","5664453632","47.48","United States"
"2918","Magnolia Oil &amp; Gas","MGY","5662734336","29.62","United States"
"2919","Wacker Chemie","WCH.F","5662384042","113.982","Germany"
"2920","White Mountains Insurance Group","WTM","5660156416","2285.39","Bermuda"
"2921","HORIBA","6856.T","5656761613","134.698","Japan"
"2922","Balchem","BCPC","5653442560","176.53","United States"
"2923","Alkermes","ALKS","5651099136","33.91","Ireland"
"2924","Hanwha Solutions","009830.KS","5651047355","32.8754","South Korea"
"2925","Rithm Capital","RITM","5650062848","10.12","United States"
"2926","New Hope Liuhe","000876.SZ","5647023258","1.25412","China"
"2927","Maire Tecnimont","MAIRE.MI","5646103472","17.3369","Italy"
"2928","VisEra Technologies","6789.TW","5643708219","17.7308","Taiwan"
"2929","Liberty Global","LBTYB","5641883648","16.84","United Kingdom"
"2930","Hindustan Copper","HINDCOPPER.NS","5638664243","5.83095","India"
"2931","Blue Owl Capital Corporation","OBDC","5638173696","11.35","United States"
"2932","Square Enix","9684.T","5626272492","15.6042","Japan"
"2933","Bausch + Lomb","BLCO","5623717888","15.78","Canada"
"2934","Danieli &amp; C. Officine Meccaniche","DAN.MI","5622735467","78.5597","Italy"
"2935","Navitas Petroleum","NVPT.TA","5620958804","47.4352","Israel"
"2936","ACEA","ACE.MI","5610628589","26.397","Italy"
"2937","Rigetti Computing","RGTI","5600058880","16.86","United States"
"2938","YTL Corporation Berhad","1773.T","5598106759","0.481958","Malaysia"
"2939","Sectra AB","SECT-B.ST","5597632457","29.0533","Sweden"
"2940","Hancock Whitney","HWC","5595722752","68.62","United States"
"2941","Masraf Al Rayan","MARK.QA","5595329386","0.601648","Qatar"
"2942","Caris Life Sciences","CAI","5592256512","19.79","United States"
"2943","Maruwa","5344.T","5591459018","453.166","Japan"
"2944","Nissan Chemical","4021.T","5589641410","41.68","Japan"
"2945","Croda International","CRDA.L","5581059265","40.0495","United Kingdom"
"2946","Seaboard Corporation","SEB","5578542592","5824.36","United States"
"2947","FTI Consulting","FCN","5577944064","185.2","United States"
"2948","Auto Trader Group","AUTO.L","5573224409","6.80289","United Kingdom"
"2949","ONE Gas","OGS","5570754560","88.76","United States"
"2950","Macerich","MAC","5570371072","21.41","United States"
"2951","Mercury NZ","MCY.AX","5569503117","3.9294","New Zealand"
"2952","Zegona Communications","ZEG.L","5566205835","24.4096","United Kingdom"
"2953","Credit Acceptance","CACC","5564612608","517.75","United States"
"2954","ATCO","ACO-X.TO","5563630356","49.4594","Canada"
"2955","PrairieSky Royalty","PSK.TO","5563104456","23.9376","Canada"
"2956","Xinyi Glass Holdings","0868.HK","5557387015","1.25616","Hong Kong"
"2957","Tong Ren Tang","600085.SS","5551786982","4.04806","China"
"2958","Burberry","BRBY.L","5549121856","15.4917","United Kingdom"
"2959","Mirum Pharmaceuticals","MIRM","5548411392","91.95","United States"
"2960","Parsons","PSN","5546405888","51.83","United States"
"2961","Trina Solar","688599.SS","5546244435","2.36759","China"
"2962","LandBridge","LB","5544178176","69.66","United States"
"2963","Discovery Silver Corp.","DSV.TO","5543052577","6.84036","Canada"
"2964","Shenzhen New Industries Biomedical Engineering","300832.SZ","5540494853","7.0515","China"
"2965","Yang Ming","2609.TW","5538275229","1.58594","Taiwan"
"2966","Bharat Dynamics","BDL.NS","5536754828","15.1045","India"
"2967","Axos Financial","AX","5535764480","97.67","United States"
"2968","China Oilfield Services","2883.HK","5530939280","1.15914","China"
"2969","Planet Fitness","PLNT","5530569216","69.12","United States"
"2970","United Internet","UTDI.F","5528207605","31.985","Germany"
"2971","SG Holdings","9143.T","5526013262","9.26048","Japan"
"2972","Ayala Land","AYAAF","5523002880","0.386","Philippines"
"2973","Asahi Intecc","7747.T","5520220793","20.8056","Japan"
"2974","Hangzhou Greatstar Industrial","002444.SZ","5519572877","4.62091","China"
"2975","Loar Holdings","LOAR","5516353536","58.92","United States"
"2976","Bruker","BRKR","5513522176","36.22","United States"
"2977","Turkcell","TKC","5510752256","6.33","Turkey"
"2978","Grupo Aeroportuario Centro Norte","OMAB","5509189120","114.13","Mexico"
"2979","PACS Group","PACS","5508634112","35.05","United States"
"2980","Floor &amp; Decor","FND","5507397120","50.95","United States"
"2981","Galenica","GALE.SW","5507312775","110.534","Switzerland"
"2982","Zhejiang Supor","002032.SZ","5506273404","6.86983","China"
"2983","Emmi AG","EMMN.SW","5505095919","1029.03","Switzerland"
"2984","Hong Leong Financial Group","1082.KL","5504110026","4.85261","Malaysia"
"2985","Choice Hotels International","CHH","5490851328","120","United States"
"2986","AppFolio","APPF","5481266176","152.3","United States"
"2987","Atour Lifestyle","ATAT","5480454656","39.66","China"
"2988","UFP Industries","UFPI","5480054272","96.48","United States"
"2989","MSC Industrial Direct","MSM","5475112448","98.06","United States"
"2990","ADES Holding Company","2382.SR","5470208613","4.95423","Saudi Arabia"
"2991","CNX Resources","CNX","5469412864","38.52","United States"
"2992","TBS Holdings","9401.T","5468932765","34.8825","Japan"
"2993","Holmen","HOLM-B.ST","5468163718","35.6033","Sweden"
"2994","CarMax","KMX","5467188736","38.55","United States"
"2995","Whitbread","WTB.L","5462528750","32.7212","United Kingdom"
"2996","China Resources Gas Group","1193.HK","5461077102","2.3936","Hong Kong"
"2997","Arkema","AKE.PA","5457774986","72.13","France"
"2998","SmartSens Technology","688213.SS","5455646352","13.5609","China"
"2999","TOTO","5332.T","5455242257","33.18","Japan"
"3000","Vornado Realty Trust","VNO","5452801024","28.92","United States"
"3001","DEME Group","DEME.BR","5444660747","215.805","Belgium"
"3002","Paylocity","PCTY","5442511360","100.08","United States"
"3003","British Land","BLND.L","5439883227","5.31029","United Kingdom"
"3004","Energy Fuels","UUUU","5438791168","21.91","United States"
"3005","Contact Energy","CEN.NZ","5438438884","5.46893","New Zealand"
"3006","Grifols","GRFS","5437796352","7.99","Spain"
"3007","MGM China Holdings","2282.HK","5436566671","1.43233","Macau"
"3008","Sumitomo Forestry","1911.T","5430630108","8.8818","Japan"
"3009","Rush Street Interactive","RSI","5428535808","23.32","United States"
"3010","CLEAR Secure","YOU","5426828800","53.75","United States"
"3011","Sysmex","6869.T","5425740495","8.70654","Japan"
"3012","Atlantic Union Bankshares","AUB","5423253504","37.91","United States"
"3013","SIG Combibloc","SIGN.SW","5419093428","14.1825","Switzerland"
"3014","Patanjali Foods","PATANJALI.NS","5418580689","4.97984","India"
"3015","Home BancShares","HOMB","5418556416","26.82","United States"
"3016","Phillips Edison &amp; Company","PECO","5414474752","39.04","United States"
"3017","SK Biopharmaceuticals","326030.KS","5413760643","69.1296","South Korea"
"3018","Mercury General","MCY","5408145408","97.64","United States"
"3019","Valmet","VALMT.HE","5401775212","29.3196","Finland"
"3020","Spire Inc.","SR","5396109312","91.31","United States"
"3021","Lantheus Holdings","LNTH","5391797248","82.82","United States"
"3022","Ollie's Bargain Outlet","OLLI","5379385856","88.25","United States"
"3023","BGC Group","BGC","5378131456","11.34","United States"
"3024","Shanghai RAAS Blood Products","002252.SZ","5378075896","0.810197","China"
"3025","Nomura Real Estate Holdings","3231.T","5372369870","6.26545","Japan"
"3026","Japan Real Estate Investment","8952.T","5365853393","754.233","Japan"
"3027","WEX","WEX","5364998656","154.76","United States"
"3028","Golar LNG","GLNG","5361758208","52.68","Bermuda"
"3029","Lyft","LYFT","5361198080","14.03","United States"
"3030","Guangzhou Baiyunshan Pharmaceutical Holdings","600332.SS","5359358097","3.29646","China"
"3031","Balfour Beatty","BBY.L","5358531291","11.1136","United Kingdom"
"3032","Bank OZK","OZK","5355042816","48.51","United States"
"3033","Xenon Pharmaceuticals","XENE","5354978816","55.41","Canada"
"3034","HASI (HA Sustainable Infrastructure Capita)","HASI","5352308736","41.88","United States"
"3035","Fincantieri","FCT.MI","5338972913","14.9053","Italy"
"3036","Casella Waste Systems","CWST","5334957056","83.87","United States"
"3037","Hebei Changshan Biochemical Pharmaceutical Co., Ltd.","300255.SZ","5334875113","5.8047","China"
"3038","Perseus Mining","PRU.AX","5333659622","3.96149","Australia"
"3039","Granite Construction","GVA","5332680192","122.58","United States"
"3040","JFrog","FROG","5327286784","43.97","United States"
"3041","LEG Immobilien","LEG.DE","5322820433","70.4349","Germany"
"3042","Macy's","M","5322707456","20.18","United States"
"3043","CRISPR Therapeutics","CRSP","5321167872","55.18","Switzerland"
"3044","Altius Telecom Infrastructure Trust","ALTIUSINVIT.BO","5319932773","1.74573","India"
"3045","Imeik Technology Development","300896.SZ","5314590446","17.5635","China"
"3046","The Company for Cooperative Insurance","8010.SR","5310168867","35.4484","Saudi Arabia"
"3047","Huber+Suhner","HUBN.SW","5305906120","287.466","Switzerland"
"3048","Japan Metropolitan Fund Investment","8953.T","5294490876","736.081","Japan"
"3049","Avantor","AVTR","5292754432","7.76","United States"
"3050","Electrical Industries Company (EIC)","1303.SR","5288858442","4.75403","Saudi Arabia"
"3051","UiPath","PATH","5286371840","10.09","United States"
"3052","Kite Realty","KRG","5285434368","26.03","United States"
"3053","Kingnet Network","002517.SZ","5283592749","2.47308","China"
"3054","Schneider National","SNDR","5282888704","30.13","United States"
"3055","Silergy","6415.TW","5268240388","13.5757","China"
"3056","Randstad","RAND.AS","5261022502","29.986","Netherlands"
"3057","Outfront Media","OUT","5256897536","29.86","United States"
"3058","Associated Banc-Corp","ASB","5255703040","27.91","United States"
"3059","MYR Group","MYRG","5253321728","338.05","United States"
"3060","Nexi","NEXI.MI","5252487174","4.47978","Italy"
"3061","Wallenius Wilhelmsen","WAWI.OL","5247917964","12.4125","Norway"
"3062","IPG Photonics","IPGP","5244303872","123.56","United States"
"3063","Liberty Energy","LBRT","5237505024","32.32","United States"
"3064","China Great Wall Securities","002939.SZ","5236982183","1.29807","China"
"3065","Française des Jeux","FDJ.VI","5236951200","28.3727","France"
"3066","Beijing Yanjing Brewery","000729.SZ","5236111434","1.85774","China"
"3067","Crocs","CROX","5235345408","104.22","United States"
"3068","Apellis Pharmaceuticals","APLS","5233836032","40.94","United States"
"3069","Louisiana-Pacific","LPX","5217678336","74.7","United States"
"3070","First National of Nebraska","FINN","5215438848","19300","United States"
"3071","Vontier","VNT","5215128064","36.83","United States"
"3072","Axiata Group","6888.KL","5208696998","0.566893","Malaysia"
"3073","Brunswick Corporation","BC","5207732224","79.98","United States"
"3074","Zhifei Biological Products","300122.SZ","5204576645","2.1742","China"
"3075","Enagás","ENG.MC","5202500437","20.014","Spain"
"3076","China Power International Development","2380.HK","5195419593","0.419996","Hong Kong"
"3077","Sumitomo Chemical","4005.T","5195094712","3.17279","Japan"
"3078","CSN Mineração","CMIN3.SA","5189335376","0.955319","Brazil"
"3079","Grupo Aval","AVAL","5187949056","4.37","Colombia"
"3080","Cleveland-Cliffs","CLF","5185069056","9.09","United States"
"3081","Matson","MATX","5182233600","170.36","United States"
"3082","Global-e","GLBE","5180114432","30.84","Israel"
"3083","Klarna","KLAR","5171858432","13.7","Sweden"
"3084","Nissin Foods","2897.T","5171035516","18.014","Japan"
"3085","Hanjin Kal","180640.KS","5170300793","76.8332","South Korea"
"3086","Mabanee Company","MABANEE.KW","5165647552","3295.27","Kuwait"
"3087","Telephone and Data Systems","TDS","5163960832","45.36","United States"
"3088","COSCO SHIPPING Development","601866.SS","5162661282","0.39118","China"
"3089","Cenergy Holdings","CENER.BR","5162613639","24.3161","Belgium"
"3090","Beijing Enterprises Holdings","0392.HK","5161517027","4.10294","Hong Kong"
"3091","Yakult","2267.T","5155910940","17.6509","Japan"
"3092","VSE Corporation","VSEC","5155739648","183.77","United States"
"3093","Orange Polska","OPL.WA","5153335677","3.92678","Poland"
"3094","Belden","BDC","5152446976","132.34","United States"
"3095","West Fraser Timber","WFG","5147378688","65.7","Canada"
"3096","Hankook Tire","161390.KS","5143900567","42.167","South Korea"
"3097","Chemed","CHE","5137127936","382.97","United States"
"3098","Icahn Enterprises","IEP","5135908864","8.06","United States"
"3099","APT Medical","688617.SS","5133544306","36.3973","China"
"3100","Wingstop Restaurants","WING","5132469248","186.74","United States"
"3101","Baycurrent","6532.T","5130715483","33.7871","Japan"
"3102","Taiyo Yuden","6976.T","5126788204","40.9977","Japan"
"3103","Changchun High-Tech Industry","000661.SZ","5115430811","12.5397","China"
"3104","Entain","ENT.L","5101456703","7.97217","Isle of Man"
"3105","Marfrig Global Foods","MBRF3.SA","5098230046","3.63817","Brazil"
"3106","Logista (Compañía de Distribución Integral Logista)","LOG.MC","5093871326","38.5551","Spain"
"3107","Intercorp Financial Services","IFS","5086477312","45.79","Peru"
"3108","Ondas Holdings","ONDS","5084190208","10.54","United States"
"3109","HD Bank (Ho Chi Minh City Development Joint Stock Commercial Bank)","HDB.VN","5082561686","1.01544","Vietnam"
"3110","Budimex","BDX.WA","5082198333","199.067","Poland"
"3111","Lemonade","LMND","5080744960","66.14","United States"
"3112","Ralliant Corporation","RAL","5079365632","45.38","United States"
"3113","Galaxycore","688728.SS","5078868962","1.95297","China"
"3114","Nelnet","NNI","5078468096","141.1","United States"
"3115","Liontown Resources","LTR.AX","5078415446","1.59743","Australia"
"3116","China Gas","0384.HK","5077171341","0.931907","China"
"3117","Laboratorios Farmaceuticos Rovi","ROVI.MC","5076680361","99.2518","Spain"
"3118","Voltas","VOLTAS.NS","5075813094","15.3401","India"
"3119","Kingsoft Cloud","KC","5071322112","16.94","China"
"3120","Selective Insurance","SIGI","5069715456","84.38","United States"
"3121","abrdn","ABDN.L","5068586106","2.83296","United Kingdom"
"3122","Pepkor","PPH.JO","5062547700","1.36832","South Africa"
"3123","Pepco Group","PCO.WA","5061752364","8.76567","United Kingdom"
"3124","Millrose Properties","MRP","5061446656","30.49","United States"
"3125","Motilal Oswal Financial Services","MOTILALOFS.NS","5057299853","8.39276","India"
"3126","Dar Al Arkan Real Estate Development Company","4300.SR","5056516213","4.68196","Saudi Arabia"
"3127","Riyadh Cables Group Company","4142.SR","5055465506","33.7667","Saudi Arabia"
"3128","Kakao Pay","377300.KS","5053215955","37.3692","South Korea"
"3129","Comstock Resources","CRK","5051568640","17.2","United States"
"3130","Ramelius Resources","RMS.AX","5051406967","2.66001","Australia"
"3131","RLI Corp.","RLI","5050849792","54.94","United States"
"3132","Apar Industries","APARINDS.NS","5046296510","125.629","India"
"3133","Perimeter Solutions","PRM","5042257408","30.91","United States"
"3134","PTT Global Chemical","PTTGC.BK","5041511222","1.11814","Thailand"
"3135","FAW Car","000800.SZ","5039887500","1.0241","China"
"3136","Taiwan Business Bank","2834.TW","5039816967","0.518603","Taiwan"
"3137","Mapletree Logistics Trust","M44U.SI","5038685718","0.985869","Singapore"
"3138","Caliway Biopharmaceuticals","6919.TW","5035348226","3.23532","Taiwan"
"3139","Sumitomo Pharma","4506.T","5024397151","12.6467","Japan"
"3140","Sabra Health Care REIT","SBRA","5020220928","19.91","United States"
"3141","Dukhan Bank","DUBK.QA","5018408928","0.958791","Qatar"
"3142","Post Holdings","POST","5018191360","104.64","United States"
"3143","Knife River Corporation","KNF","5014202880","88.35","United States"
"3144","PriceSmart","PSMT","5009766912","162.15","United States"
"3145","Strauss Group","STRS.TA","5009474601","42.7749","Israel"
"3146","Atmus Filtration Technologies","ATMU","5008970240","61.33","United States"
"3147","Metropolitan Bank (Metrobank)","MTPOY","5003375104","22.25","Philippines"
"3148","Opendoor","OPEN","5002459136","5.22","United States"
"3149","Flughafen Wien (Vienna Airport)","FLU.VI","5000711451","59.6212","Austria"
"3150","Mondi","MNDI.L","4998621075","11.3399","United Kingdom"
"3151","Aurizon Holdings","AZJ.AX","4993801173","2.96666","Australia"
"3152","Telecom Argentina","TEO","4983633920","11.57","Argentina"
"3153","MISUMI Group","9962.T","4976460068","18.7838","Japan"
"3154","TIS","3626.T","4976230355","22.6207","Japan"
"3155","Boot Barn Holdings","BOOT","4964310528","163.19","United States"
"3156","CJ Group","001040.KS","4962242598","147.99","South Korea"
"3157","Fortune Brands Innovations","FBIN","4961560576","41.4","United States"
"3158","Gentex","GNTX","4960716800","23.03","United States"
"3159","Supreme Industries","SUPREMEIND.NS","4959332126","39.0247","India"
"3160","Yanbu National Petrochemical","2290.SR","4954895085","8.8087","Saudi Arabia"
"3161","Barratt Redrow","BTRW.L","4954239422","3.52942","United Kingdom"
"3162","Türk Telekom","TTKOM.IS","4950929528","1.41455","Turkey"
"3163","Capstone Infrastructure","CSE-PA.TO","4950026863","16.2504","Canada"
"3164","Oscar Health","OSCR","4947428352","16.43","United States"
"3165","PI Industries","PIIND.NS","4941825606","32.5756","India"
"3166","Glanbia plc","GL9.IR","4941758130","20.4466","Ireland"
"3167","VakıfBank","VAKBN.IS","4937989532","0.740945","Turkey"
"3168","Moelis &amp; Company","MC","4937949696","67.24","United States"
"3169","CSW Industrials","CSW","4934259712","295.7","United States"
"3170","Oil &amp; Gas Development Company","OGDC.PK","4930035153","1.14627","Pakistan"
"3171","Westports","5246.KL","4926554948","1.43361","Malaysia"
"3172","Graham Holdings","GHC","4923168768","1132","United States"
"3173","St. Galler Kantonalbank","SGKN.SW","4922145789","822.967","Switzerland"
"3174","Doosan Bobcat","241560.KS","4915597924","51.3573","South Korea"
"3175","KEI Industries","KEI.NS","4909891152","51.3584","India"
"3176","Acom","8572.T","4908752866","3.13335","Japan"
"3177","Sampoerna","HMSP.JK","4907368647","0.0421892","Indonesia"
"3178","Luberef (Saudi Aramco Base Oil Company)","2223.SR","4904596208","29.1488","Saudi Arabia"
"3179","Radian Group","RDN","4901719040","35.97","United States"
"3180","Hess Midstream","HESM","4899207168","37.86","United States"
"3181","Mirion Technologies","MIR","4890408448","19.48","United States"
"3182","Amada Co., Ltd.","6113.T","4889340444","15.745","Japan"
"3183","Ypsomed","YPSN.SW","4882224144","357.679","Switzerland"
"3184","Vinamilk (Vietnam Dairy Products)","VNM.VN","4880324898","2.33513","Vietnam"
"3185","Gek Terna","GEKTERNA.AT","4878354587","48.2581","Greece"
"3186","The Commercial Bank (P.S.Q.C.)","CBQK.QA","4876718277","1.20494","Qatar"
"3187","Coca-Cola İçecek","CCOLA.IS","4875243203","1.74235","Turkey"
"3188","Erdemir","EREGL.IS","4869993373","0.724499","Turkey"
"3189","Jarir","4190.SR","4868810417","4.05734","Saudi Arabia"
"3190","Main Street Capital","MAIN","4867463168","54.02","United States"
"3191","Orla Mining","ORLA","4867354112","14.31","Canada"
"3192","Dentsu","4324.T","4866288295","18.7463","Japan"
"3193","Perfect World Entertainment","002624.SZ","4865908768","2.50824","China"
"3194","Mirvac Group","MGR.AX","4859689857","1.23159","Australia"
"3195","MONETA Money Bank","MONET.PR","4855642724","9.50224","Czech Republic"
"3196","Estithmar Holding","IGRD.QA","4853782928","1.08022","Qatar"
"3197","Thermax","THERMAX.NS","4853219171","43.0829","India"
"3198","DKSH Holding","DKSH.SW","4852076789","74.6648","Switzerland"
"3199","Sonoco","SON","4851798528","49.19","United States"
"3200","Alliance Laundry Holdings","ALH","4851625472","24.51","United States"
"3201","LG Uplus Corp.","032640.KS","4851006724","11.1567","South Korea"
"3202","Algonquin Power & Utilities","AQN","4850445312","6.31","Canada"
"3203","GS Holdings Corp.","078930.KS","4849460959","51.2221","South Korea"
"3204","HUB24 Limited","HUB.AX","4848401941","59.2904","Australia"
"3205","Persimmon","PSN.L","4846711640","15.1011","United Kingdom"
"3206","Corcept Therapeutics","CORT","4839639552","45.08","United States"
"3207","1&1","1U1.DE","4839022346","27.4141","Germany"
"3208","AXT Inc","AXTI","4827752448","75.27","United States"
"3209","Bank of Qingdao (BQD)","002948.SZ","4826489831","0.829243","China"
"3210","Silicon Motion","SIMO","4825681408","142","Hong Kong"
"3211","Sumco Corporation","3436.T","4818902114","13.7796","Japan"
"3212","PBF Energy","PBF","4812077568","40.97","United States"
"3213","NOBA Bank Group AB","NOBA.ST","4809796799","9.61959","Sweden"
"3214","Shapir Civil and Marine Engineering","SPEN.TA","4806212942","13.3984","Israel"
"3215","Jabal Omar Development","4250.SR","4803506446","4.07069","Saudi Arabia"
"3216","Clearway Energy","CWEN","4799889920","39.7","United States"
"3217","FPT Corporation","FPT.VN","4787752873","2.81053","Vietnam"
"3218","Yuhan","000100.KS","4784443194","63.9938","South Korea"
"3219","Tauron Polska","TPE.WA","4781089128","2.72808","Poland"
"3220","Tata Communications","TATACOMM.NS","4780849639","16.7749","India"
"3221","EXL Service","EXLS","4779086336","30.56","United States"
"3222","Copa Holdings","CPA","4775774208","116.09","Panama"
"3223","Umicore","UMI.VI","4775241118","19.8504","Belgium"
"3224","AUTO1","AG1.F","4774272664","21.6858","Germany"
"3225","CTF Services Limited","0659.HK","4772976900","1.04552","Hong Kong"
"3226","Waystar","WAY","4766550528","24.85","United States"
"3227","Enphase Energy","ENPH","4765307392","36.16","United States"
"3228","Banco Macro","BMA","4764097536","74.51","Argentina"
"3229","CP Axtra","CPAXT.BK","4760314362","0.456508","Thailand"
"3230","The Bidvest Group","BVT.JO","4756610100","13.9946","South Africa"
"3231","JK Cement","JKCEMENT.NS","4755158248","61.5409","India"
"3232","Presight AI","PRESIGHT.AE","4750271004","0.85","United Arab Emirates"
"3233","Novanta","NOVT","4746654720","133.02","United States"
"3234","GPGI, Inc.","GPGI","4742126592","16.36","United States"
"3235","Dexus","DXS.AX","4738594969","4.4179","Australia"
"3236","SentinelOne","S","4736648704","13.92","United States"
"3237","Mercury Systems","MRCY","4735754752","78.91","United States"
"3238","UniFirst","UNF","4735565312","261.88","United States"
"3239","Elastic NV","ESTC","4735171072","45.75","United States"
"3240","Chartwell Retirement Residences","CSH-UN.TO","4733030600","14.9364","Canada"
"3241","Computacenter","CCC.L","4724817713","45.0203","United Kingdom"
"3242","Fuchs Petrolub","FPE.F","4724514872","36.065","Germany"
"3243","Grupo Simec","SIMECB.MX","4722181082","10.255","Mexico"
"3244","OSI Systems","OSIS","4716914688","286.35","United States"
"3245","JCDecaux","DEC.PA","4714470599","22.1534","France"
"3246","Sanwa Holdings","5929.T","4709643041","22.4392","Japan"
"3247","Bicecorp","BICE.SN","4701069972","0.461938","Chile"
"3248","Qatar International Islamic Bank","QIIK.QA","4699084946","3.1044","Qatar"
"3249","Meiko Electronics","6787.T","4698108967","183.081","Japan"
"3250","Jiangsu Yuyue Medical Equipment &amp; Supply Co., Ltd.","002223.SZ","4696976298","4.68537","China"
"3251","Taiwan High Speed Rail","2633.TW","4695153259","0.834206","Taiwan"
"3252","Eagers Automotive Limited","APE.AX","4692816019","16.6197","Australia"
"3253","Duolingo","DUOL","4691769856","100.29","United States"
"3254","JD Sports Fashion","JD.L","4690980130","0.970725","United Kingdom"
"3255","Krones","KRN.F","4690577665","148.469","Germany"
"3256","K92 Mining","KNT.TO","4689346083","19.134","Canada"
"3257","Colruyt","COLR.BR","4686232489","39.0928","Belgium"
"3258","Indian Railway Catering & Tourism","IRCTC.NS","4680886899","5.85111","India"
"3259","Berner Kantonalbank","BEKN.SW","4680207593","505.609","Switzerland"
"3260","Warrior Met Coal","HCC","4679085568","88.62","United States"
"3261","Nippon Prologis REIT","3283.T","4673304843","557.068","Japan"
"3262","Meritage Homes","MTH","4669366272","69.9","United States"
"3263","Methanex","MEOH","4668986880","60.37","Canada"
"3264","Victory Capital","VCTR","4668722688","74.52","United States"
"3265","Saigon Thuong Tin Commercial Bank","STB.VN","4667511267","2.47585","Vietnam"
"3266","Hisense Visual Technology","600060.SS","4666965469","3.57629","China"
"3267","Aboitiz Power","ABZPY","4665790464","12.95","Philippines"
"3268","PennyMac Financial Services","PFSI","4665286656","89.85","United States"
"3269","Alaska Airlines","ALK","4663846400","41.16","United States"
"3270","Merdeka Copper Gold","MDKA.JK","4656751771","0.190718","Indonesia"
"3271","Nomura Real Estate Master Fund","3462.T","4653198358","1001.47","Japan"
"3272","Fluidra","FDR.MC","4652708880","24.5032","Spain"
"3273","Whitehaven Coal","WHC.AX","4652233197","5.64093","Australia"
"3274","Vontobel","VONN.SW","4651167689","83.4414","Switzerland"
"3275","Indofood CBP","ICBP.JK","4650474981","0.398775","Indonesia"
"3276","Balkrishna Industries","BALKRISIND.NS","4647571898","24.0412","India"
"3277","First Financial Bankshares","FFIN","4643673088","32.41","United States"
"3278","Argo Investments","ARG.AX","4643040383","6.11874","Australia"
"3279","SLM Corporation (Sallie Mae)","SLM","4640781312","23.42","United States"
"3280","Codan Limited","CDA.AX","4640755050","25.5161","Australia"
"3281","Johnson Matthey","JMAT.L","4640386184","27.6965","United Kingdom"
"3282","Ricoh Company","7752.T","4633598473","8.14008","Japan"
"3283","Bank of East Asia","0023.HK","4623840016","1.74892","Hong Kong"
"3284","Transportadora de Gas del Sur","TGS","4620447232","30.69","Argentina"
"3285","Diodes Incorporated","DIOD","4619059200","100.4","United States"
"3286","Technogym","TGYM.MI","4615339884","23.1588","Italy"
"3287","Eastern Bankshares","EBC","4613720576","20.51","United States"
"3288","Gulf Bank","GBK.KW","4612512131","1102.77","Kuwait"
"3289","Mphasis","MPHASIS.NS","4610956450","24.1643","India"
"3290","Nippon Television Holdings","9404.T","4607919387","18.6305","Japan"
"3291","Universal Display Corporation","OLED","4605270016","97.78","United States"
"3292","China Resources Pharmaceutical Group","3320.HK","4603570217","0.73276","Hong Kong"
"3293","Mapletree Industrial Trust","ME8U.SI","4600429872","1.61182","Singapore"
"3294","Organo Corporation","6368.T","4597823484","99.9906","Japan"
"3295","PLDT","PHI","4592592384","20.99","Philippines"
"3296","Everbright Securities Company","6178.HK","4591128591","0.995736","Hong Kong"
"3297","Asia Commercial Joint Stock Bank","ACB.VN","4590835293","0.89374","Vietnam"
"3298","Dubai Investments","DIC.AE","4585511685","1.07843","United Arab Emirates"
"3299","Ligand Pharmaceuticals","LGND","4578358272","228.48","United States"
"3300","Plains GP","PAGP","4577522176","23.13","United States"
"3301","Tutor Perini Corporation","TPC","4565405184","86.48","United States"
"3302","Brink's","BCO","4563743232","110.87","United States"
"3303","York Space Systems","YSS","4556924928","35.71","United States"
"3304","Fielmann","FIE.F","4556119311","54.2436","Germany"
"3305","Cochlear","COH.AX","4554238464","69.6381","Australia"
"3306","Kobe Steel","5406.T","4548481047","11.5545","Japan"
"3307","Radico Khaitan","RADICO.NS","4545964673","33.951","India"
"3308","Warba Bank","WARBABANK.KW","4545913290","962.48","Kuwait"
"3309","Sabancı Holding","SAHOL.IS","4544985267","2.19794","Turkey"
"3310","Charoen Pokphand Foods","CPF.BK","4543332477","0.595312","Thailand"
"3311","Pampa Energía","PAM","4543112192","82.9","Argentina"
"3312","MINISO Group","MNSO","4542191104","14.58","China"
"3313","The Tel-Aviv Stock Exchange","TASE.TA","4541222229","48.9997","Israel"
"3314","Amicus Therapeutics","FOLD","4540450304","14.46","United States"
"3315","QuantumScape","QS","4539231744","7.41","United States"
"3316","Yadea Group","1585.HK","4538834967","1.4936","China"
"3317","Champion Homes","SKY","4538485760","81.25","United States"
"3318","Trend Micro","4704.T","4537978222","34.9701","Japan"
"3319","Allreal Holding","ALLN.SW","4537297220","274.746","Switzerland"
"3320","360 One Wam","360ONE.NS","4537027977","11.1668","India"
"3321","RioCan REIT","REI-UN.TO","4534664378","15.4401","Canada"
"3322","Hamilton Lane","HLNE","4532712960","103.16","United States"
"3323","MDA Space","MDA","4526268928","32.86","Canada"
"3324","Kalyan Jewellers India","KALYANKJIL.NS","4524745629","4.3813","India"
"3325","Texas Capital Bancshares","TCBI","4523473920","103.58","United States"
"3326","TECOM Group","TECOM.AE","4520697113","0.904139","United Arab Emirates"
"3327","Hochschild Mining","HOC.L","4515091602","8.7764","United Kingdom"
"3328","RAKBANK (The National Bank of Ras Al Khaimah)","RAKBANK.AE","4513811301","2.24","United Arab Emirates"
"3329","Saudi Tadawul Group Holding Company","1111.SR","4513258925","37.6105","Saudi Arabia"
"3330","Oji Holdings","3861.T","4510342471","5.14506","Japan"
"3331","AGL Energy","AGL.AX","4509769225","6.70351","Australia"
"3332","Qatar Electricity &amp; Water Company","QEWS.QA","4508791149","4.0989","Qatar"
"3333","Offshore Oil Engineering Co.,Ltd","600583.SS","4495524571","1.01678","China"
"3334","Page Industries","PAGEIND.NS","4493864146","402.897","India"
"3335","International Bancshares Corp","IBOC","4493747712","72.27","United States"
"3336","Pony AI","PONY","4491490304","10.36","China"
"3337","MDU Resources","MDU","4491250176","21.94","United States"
"3338","Motor Oil (Hellas) Corinth Refineries","MOH.AT","4490912036","41.4543","Greece"
"3339","Astral Poly Technik","ASTRAL.NS","4490047298","16.7134","India"
"3340","Brother Industries","6448.T","4489815528","18.039","Japan"
"3341","Franklin Electric","FELE","4487629824","101.61","United States"
"3342","MARA Holdings","MARA","4486768640","11.8","United States"
"3343","Grand Canyon Education","LOPE","4479755264","165.04","United States"
"3344","Interpump Group","IP.MI","4478394852","42.4363","Italy"
"3345","Springer Nature AG","SPG.DE","4473490929","22.4924","Germany"
"3346","HASEKO Corporation","1808.T","4470787055","16.8936","Japan"
"3347","Hoshizaki Corporation","6465.T","4468382448","31.8468","Japan"
"3348","Renishaw","RSW.L","4467956249","61.428","United Kingdom"
"3349","KBR","KBR","4466791936","35.23","United States"
"3350","National Marine Dredging","NMDC.AE","4465646287","5.29","United Arab Emirates"
"3351","Option Care Health","OPCH","4465025024","28.54","United States"
"3352","Laureate Education","LAUR","4460738560","31.25","United States"
"3353","Mattel","MAT","4460472320","14.76","United States"
"3354","Atlas Arteria","ALX.AX","4459929692","3.07363","Australia"
"3355","OFILM Group","002456.SZ","4457567784","1.32591","China"
"3356","AAR","AIR","4456779264","112.08","United States"
"3357","Soitec","SOI.PA","4448025304","124.62","France"
"3358","PTT Oil and Retail Business","OR.BK","4441702651","0.370142","Thailand"
"3359","Alior Bank S.A.","ALR.WA","4441223499","34.0183","Poland"
"3360","Sacyr","SCYR.MC","4440815466","5.55296","Spain"
"3361","Hirose Electric","6806.T","4440247070","135.699","Japan"
"3362","Giant Biogene","2367.HK","4437433683","4.17954","China"
"3363","Legend Biotech","LEGN","4437086208","23.99","United States"
"3364","Rightmove","RMV.L","4436097123","5.90033","United Kingdom"
"3365","Core Natural Resources","CNR","4434567168","87.38","United States"
"3366","Makkah Construction &amp; Development","4100.SR","4433714111","22.1686","Saudi Arabia"
"3367","Stevanato Group","STVN","4433579520","16.24","Italy"
"3368","Plug Power","PLUG","4432777216","3.18","United States"
"3369","Saudi Investment Bank","1030.SR","4431461816","3.55284","Saudi Arabia"
"3370","Endeavour Group","EDV.AX","4430886723","2.46746","Australia"
"3371","Kulicke and Soffa Industries","KLIC","4430479360","84.66","Singapore"
"3372","Azbil Corporation","6845.T","4429427569","8.73157","Japan"
"3373","Sonae","SON.LS","4428837575","2.2773","Portugal"
"3374","NOF Corporation","4403.T","4421970908","19.5287","Japan"
"3375","RadNet","RDNT","4417644032","56.44","United States"
"3376","Lazard","LAZ","4417426944","47.04","Bermuda"
"3377","Far Eastern New Century","1402.TW","4413819503","0.82469","Taiwan"
"3378","DMG Mori Aktiengesellschaft","GIL.F","4413586511","55.9972","Germany"
"3379","Siegfried Holding","SFZN.SW","4410488685","100.677","Switzerland"
"3380","Georg Fischer","GF.SW","4409491621","53.8045","Switzerland"
"3381","Envista","NVST","4407002112","27.04","United States"
"3382","NorthWestern Energy","NWE","4406408192","71.65","United States"
"3383","Vail Resorts","MTN","4403176448","123.57","United States"
"3384","Trex","TREX","4401778176","42.37","United States"
"3385","Northland Power","NPI.TO","4400334319","16.8272","Canada"
"3386","Reynolds Consumer Products","REYN","4400161280","20.88","United States"
"3387","BBB Foods","TBBB","4396070912","37.3","Mexico"
"3388","Mueller Water Products","MWA","4392863232","28.09","United States"
"3389","Intuitive Machines","LUNR","4392307712","27.56","United States"
"3390","Petronet LNG","PETRONET.NS","4390480988","2.92699","India"
"3391","Ottobock","OBCK.F","4383706578","68.506","Germany"
"3392","Beijing Roborock Technology","688169.SS","4380759758","16.9072","China"
"3393","AZZ","AZZ","4380154368","146.59","United States"
"3394","National Shipping Company of Saudi Arabia (Bahri)","4030.SR","4374947477","8.88878","Saudi Arabia"
"3395","Bilfinger","GBF.F","4374554743","118.424","Germany"
"3396","Sotera Health","SHC","4371448320","15.33","United States"
"3397","Synnex Technology International","2347.TW","4369981767","2.61998","Taiwan"
"3398","NLC India","NLCINDIA.NS","4369016436","3.1508","India"
"3399","ServisFirst Bancshares","SFBS","4368676864","79.92","United States"
"3400","Mitsui Chemicals","4183.T","4368392310","11.8674","Japan"
"3401","PVH Corp.","PVH","4368129024","95.35","United States"
"3402","Doximity","DOCS","4362245120","23.17","United States"
"3403","Covivio Hotels","COVH.PA","4358675201","27.5894","France"
"3404","Vanke","2202.HK","4355940881","0.365103","China"
"3405","AutoStore Holdings","AUTO.OL","4354653267","1.29484","Norway"
"3406","Aumovio SE","AMV0.DE","4351060144","43.4884","Germany"
"3407","Coforge","COFORGE.NS","4350411042","12.9534","India"
"3408","Iveco Group","IVG.MI","4349853467","16.3315","Italy"
"3409","PUMA","PUM.DE","4348806602","29.5417","Germany"
"3410","Hudco","HUDCO.NS","4343717301","2.1698","India"
"3411","CommScope","COMM","4337923584","19.58","United States"
"3412","MakeMyTrip","MMYT","4329738752","45.64","India"
"3413","IONOS Group","IOS.DE","4329237297","31.1433","Germany"
"3414","Sunrise Communications AG","SUNN.SW","4327963545","58.6125","Switzerland"
"3415","Iridium Communications","IRDM","4327436800","40.93","United States"
"3416","Archer Aviation","ACHR","4326716928","5.77","United States"
"3417","Mitsubishi Materials","5711.T","4326128738","33.1049","Japan"
"3418","FLSmidth","FLS.CO","4324210069","79.771","Denmark"
"3419","Masan Group","MSN.VN","4322239364","2.98928","Vietnam"
"3420","Centrus Energy","LEU","4317944832","219.58","United States"
"3421","Bright Horizons","BFAM","4315831808","81.7","United States"
"3422","EPR Properties","EPR","4315565568","56.41","United States"
"3423","Remitly","RELY","4309988352","20.46","United States"
"3424","Mesaieed Petrochemical Holding Company","MPHC.QA","4307374293","0.342857","Qatar"
"3425","Worley","WOR.AX","4305868176","8.50419","Australia"
"3426","E-L Financial","ELF.TO","4302852442","12.4324","Canada"
"3427","Viohalco","VIO.BR","4302658968","16.6004","Belgium"
"3428","Tiantan Bio","600161.SS","4302097415","2.17566","China"
"3429","Axcelis Technologies","ACLS","4297893376","139.86","United States"
"3430","Griffon Corporation","GFF","4297860096","92.27","United States"
"3431","Embassy Office Parks REIT","EMBASSY.BO","4295548725","4.53168","India"
"3432","Gentera, S.A.B. de C.V.","GENTERA.MX","4288668255","2.71565","Mexico"
"3433","Federated Hermes","FHI","4282665984","56.47","United States"
"3434","Tamarack Valley Energy","TVE.TO","4281854914","8.79684","Canada"
"3435","LG Display","LPL","4280000256","4.28","South Korea"
"3436","ACI Worldwide","ACIW","4277980416","42.21","United States"
"3437","Bechtle","BC8.F","4274631547","33.9256","Germany"
"3438","China Everbright Environment Group","0257.HK","4273906104","0.695739","Hong Kong"
"3439","Skylark Holdings","3197.T","4272747858","18.7901","Japan"
"3440","Navitas Semiconductor","NVTS","4271974144","18.51","Ireland"
"3441","Frontdoor","FTDR","4271411200","60.91","United States"
"3442","Kerry Properties","0683.HK","4264950058","2.9387","Hong Kong"
"3443","G-bits Network Technology","603444.SS","4264098621","59.1898","China"
"3444","Parkin PJSC","PARKIN.AE","4263046773","1.42157","United Arab Emirates"
"3445","Haitian International Holdings","1882.HK","4262302670","2.67062","Hong Kong"
"3446","Protector Forsikring","PROT.OL","4257224793","51.6435","Norway"
"3447","Alignment Healthcare","ALHC","4255495936","20.83","United States"
"3448","Fulton Financial","FULT","4249211136","22.08","United States"
"3449","Torex Gold Resources","TXG.TO","4248308281","44.5244","Canada"
"3450","Tidewater","TDW","4244484864","85.62","United States"
"3451","Hafnia Limited","HAFN","4238145280","8.48","Bermuda"
"3452","Kenon Holdings","KEN","4237976064","81.33","Singapore"
"3453","Asseco","ACP.WA","4237465583","52.6326","Poland"
"3454","ABC-Mart","2670.T","4237372816","17.1126","Japan"
"3455","Grupo Elektra","XEKT.MC","4237312530","20.2245","Mexico"
"3456","Tanger Inc.","SKT","4235467264","36.98","United States"
"3457","The Berkeley Group","BKG.L","4234931796","45.3167","United Kingdom"
"3458","Emperador Brandy","EMI.SI","4233067878","0.26994","Philippines"
"3459","Bendigo and Adelaide Bank","BEN.AX","4230258312","7.50223","Australia"
"3460","Mandatum","MANTA.HE","4229708547","8.40542","Finland"
"3461","Patterson-UTI Energy","PTEN","4228918016","11.14","United States"
"3462","Enova International","ENVA","4226243840","169.42","United States"
"3463","Exchange Income Corporation","EIF.TO","4222992537","74.9739","Canada"
"3464","Sensient Technologies","SXT","4222367232","99.23","United States"
"3465","Mandarin Oriental","M04.SI","4221123840","3.34","Hong Kong"
"3466","Americana Restaurants International","AMR.AE","4220992700","0.5","United Arab Emirates"
"3467","Bank Handlowy w Warszawie","BHW.WA","4218355439","32.3511","Poland"
"3468","MIAX (Miami International Holdings)","MIAX","4216224768","45.49","United States"
"3469","flatexDEGIRO AG","FTK.DE","4215387930","39.3968","Germany"
"3470","L.D.C. S.A.","LOUP.PA","4214672063","121.347","France"
"3471","Plus500","PLUS.L","4214019535","60.4042","Israel"
"3472","Kontoor Brands","KTB","4212883968","75.78","United States"
"3473","Netwealth","NWL.AX","4212231969","17.1653","Australia"
"3474","Dana Incorporated","DAN","4204778752","38.38","United States"
"3475","Zeta Global","ZETA","4202710528","17.09","United States"
"3476","KDX Realty Investment","8972.T","4199360172","1039.65","Japan"
"3477","Victoria's Secret &amp; Co","VSCO","4198768384","52.18","United States"
"3478","Silgan Holdings","SLGN","4198656768","39.73","United States"
"3479","Wix.com","WIX","4196869632","71.97","Israel"
"3480","Zuger Kantonalbank","ZUGER.SW","4188502520","14564.1","Switzerland"
"3481","Stride (K12 Education)","LRN","4188197120","98.36","United States"
"3482","Oppein Home Group","603833.SS","4183882312","6.86836","China"
"3483","Kingsoft","3888.HK","4182485728","3.0587","China"
"3484","Bumrungrad Hospital","BH.BK","4180808409","5.2591","Thailand"
"3485","Espressif Systems (Shanghai)","688018.SS","4179371041","25.0048","China"
"3486","Sapporo","2501.T","4175008911","10.7095","Japan"
"3487","Virtu Financial","VIRT","4174247680","48.2","United States"
"3488","Singapore Land","U06.SI","4170580368","2.91066","Singapore"
"3489","Challenger Limited","CGF.AX","4170438750","6.0296","Australia"
"3490","KLCC Property Holdings","5235SS.KL","4166503158","2.30789","Malaysia"
"3491","Shake Shack","SHAK","4166362112","97.59","United States"
"3492","Bestechnic","688608.SS","4164761544","24.6883","China"
"3493","J-POWER (Electric Power Development)","9513.T","4164312061","23.6598","Japan"
"3494","United Breweries","UBL.NS","4161792487","15.7402","India"
"3495","Adaro Energy","ADRO.JK","4161199468","0.144484","Indonesia"
"3496","Bucher Industries","BUCN.SW","4156644004","423.567","Switzerland"
"3497","Fosun","0656.HK","4155251829","0.509357","China"
"3498","Cavco Industries","CVCO","4151523584","534.91","United States"
"3499","Koito Manufacturing","7276.T","4150226938","15.7669","Japan"
"3500","Thor Industries","THO","4145085184","78.81","United States"
"3501","nLIGHT","LASR","4139715840","74.2","United States"
"3502","ITV plc","ITV.L","4136301725","1.10597","United Kingdom"
"3503","TFS Financial","TFSL","4132807424","14.73","United States"
"3504","Canadian Apartment Properties REIT","CAR-UN.TO","4131398729","26.9453","Canada"
"3505","Rubis","RUI.PA","4128470037","40.1683","France"
"3506","GLP J-REIT","3281.T","4126111544","860.013","Japan"
"3507","BRP (Bombardier Recreational Products)","DOO","4125621504","55.95","Canada"
"3508","Bath &amp; Body Works","BBWI","4123252480","20.5","United States"
"3509","Mercari","4385.T","4122860690","24.9804","Japan"
"3510","Constellium","CSTM","4122635776","30.28","France"
"3511","Indorama Ventures","IVL.BK","4121725437","0.734115","Thailand"
"3512","NuScale Power","SMR","4117897984","12.72","United States"
"3513","Valvoline","VVV","4116120832","32.33","United States"
"3514","Ipca Laboratories","IPCALAB.NS","4108861198","16.1955","India"
"3515","SAIC (Science Applications International Corp)","SAIC","4106364416","95.27","United States"
"3516","CNO Financial Group","CNO","4100589824","43.75","United States"
"3517","Vale Indonesia","INCO.JK","4096402162","0.388661","Indonesia"
"3518","Westgold Resources Limited","WGX.AX","4093315067","4.33232","Australia"
"3519","Merit Medical","MMSI","4092469248","68.61","United States"
"3520","GCL Technology","3800.HK","4091168100","0.125105","Hong Kong"
"3521","Grenergy Renovables","GRE.MC","4089092904","145.429","Spain"
"3522","AntarChile","ANTARCHILE.SN","4088747620","9.00397","Chile"
"3523","Cousins Properties","CUZ","4085627392","24.59","United States"
"3524","Container Corporation of India","CONCOR.NS","4082087625","5.35976","India"
"3525","Corporación América Airports","CAAP","4080567552","25","Luxembourg"
"3526","XD Inc.","2400.HK","4079617478","8.44461","China"
"3527","Energix Renewable Energies","ENRG.TA","4077601222","7.05369","Israel"
"3528","Hikma Pharmaceuticals","HIK.L","4075875499","18.8932","United Kingdom"
"3529","Athabasca Oil Corporation","ATH.TO","4072762859","8.49023","Canada"
"3530","Seiko Epson Corporation","6724.T","4071408582","12.7062","Japan"
"3531","WillScot","WSC","4070570240","22.49","United States"
"3532","Paladin Energy","PDN.AX","4068179693","9.05331","Australia"
"3533","Travel + Leisure","TNL","4066333696","65.14","United States"
"3534","Shufersal","SAE.TA","4058436971","15.2125","Israel"
"3535","Herc Holdings","HRI","4053151488","121.46","United States"
"3536","PPB Group Berhad","4065.KL","4050231302","2.84706","Malaysia"
"3537","AT&amp;S Austria Technologie &amp; Systemtechnik","ATS.VI","4046685611","104.162","Austria"
"3538","Power Integrations","POWI","4045779968","72.63","United States"
"3539","Titan Cement International","TITC.BR","4044352162","54.4307","Belgium"
"3540","Indivior PLC","INDV","4042935296","33.16","United States"
"3541","AIA Engineering","AIAENG.NS","4040218448","43.2941","India"
"3542","CyberAgent","4751.T","4039895186","7.97108","Japan"
"3543","Regis Resources","RRL.AX","4036698403","5.33072","Australia"
"3544","INFICON","IFCN.SW","4036312806","165.102","Switzerland"
"3545","Amneal Pharmaceuticals","AMRX","4035373824","12.65","United States"
"3546","Harvey Norman","HVN.AX","4034138130","3.23765","Australia"
"3547","Group 1 Automotive","GPI","4034064128","339.78","United States"
"3548","Crinetics Pharmaceuticals","CRNX","4032201984","38.51","United States"
"3549","United Community Bank","UCB","4029761024","33.67","United States"
"3550","Kintetsu GHD","9041.T","4028900118","21.1874","Japan"
"3551","Mazda","7261.T","4027138299","6.38438","Japan"
"3552","Wendel","MF.PA","4022393444","99.7779","France"
"3553","Allied Gold Corporation","AAUC.TO","4013802220","31.8856","Canada"
"3554","Mr D.I.Y. Group","5296.KL","4011629935","0.42328","Malaysia"
"3555","Abercrombie &amp; Fitch","ANF","4008610816","89.23","United States"
"3556","Reply","REY.MI","4004991490","107.435","Italy"
"3557","St. Joe Company","JOE","4003938816","69.58","United States"
"3558","Asia Cement","1102.TW","3999121692","1.1276","Taiwan"
"3559","Coway","021240.KS","3993080171","56.4254","South Korea"
"3560","Blue Star","BLUESTARCO.NS","3992289120","19.4184","India"
"3561","Tri Pointe Homes","TPH","3992006400","46.89","United States"
"3562","Bank AlJazira","1020.SR","3990997177","3.12842","Saudi Arabia"
"3563","iRhythm","IRTC","3990419200","121.46","United States"
"3564","Charoen Pokphand Indonesia","CPIN.JK","3989804107","0.24331","Indonesia"
"3565","Cabot Corporation","CBT","3983986176","76.29","United States"
"3566","Nordic Semiconductor","NOD.OL","3982780403","20.1622","Norway"
"3567","Eutelsat","ETL.PA","3979693160","3.37854","France"
"3568","CIE Automotive","CIE.MC","3979381315","33.5516","Spain"
"3569","CGN Mining Company","1164.HK","3978195801","0.5234","Hong Kong"
"3570","Taylor Wimpey","TW.L","3976995405","1.13723","United Kingdom"
"3571","USA Compression Partners","USAC","3976591616","27.43","United States"
"3572","IGO Limited","IGO.AX","3974677123","5.24871","Australia"
"3573","Cosan","CSAN","3967939584","4.05","Brazil"
"3574","Commvault","CVLT","3964291072","90.15","United States"
"3575","TUI","TUI1.F","3963822896","7.81155","Germany"
"3576","3M India","3MINDIA.NS","3961244545","351.64","India"
"3577","Pandox AB","PNDX-B.ST","3954340918","20.32","Sweden"
"3578","VietJet Aviation","VJC.VN","3941975475","6.66312","Vietnam"
"3579","Freddie Mac","FMCC","3939361024","6.06","United States"
"3580","Fattal Holdings (Leonardo Hotels)","FTAL.TA","3936629344","238.674","Israel"
"3581","Rorze Corporation","6323.T","3936178359","22.6958","Japan"
"3582","Sohar International Bank","BKSB.OM","3935972554","0.594805","Oman"
"3583","Sixt","SIX2.F","3934812656","83.8204","Germany"
"3584","H&amp;R Block","HRB","3930819328","31.01","United States"
"3585","RS Group","RS1.L","3927707096","8.29144","United Kingdom"
"3586","Drax Group","DRX.L","3927423967","11.6821","United Kingdom"
"3587","Air Canada","AC.TO","3926439873","13.3303","Canada"
"3588","dLocal","DLO","3925544704","13.31","Uruguay"
"3589","Itron","ITRI","3924961792","88.56","United States"
"3590","Netskope","NTSK","3919077120","9.79","United States"
"3591","Aris Mining","ARMN","3918969856","19.16","Canada"
"3592","e.l.f. Beauty","ELF","3911030016","66.23","United States"
"3593","TransMedics Group","TMDX","3910744320","113.21","United States"
"3594","Montage Gold Corp.","MAU.TO","3909556480","10.7314","Canada"
"3595","SATS","S58.SI","3907373437","2.62898","Singapore"
"3596","Aalberts","AALB.AS","3906816660","36.5209","Netherlands"
"3597","Hualan Biological Engineering","002007.SZ","3906320778","2.13757","China"
"3598","Qatar Fuel Company (WOQOD)","QFLS.QA","3906004564","3.92857","Qatar"
"3599","Inmobiliaria Colonial","COL.MC","3904266237","6.36544","Spain"
"3600","Poonawalla Fincorp","POONAWALLA.NS","3903290777","4.45877","India"
"3601","Fastly","FSLY","3902943488","24.96","United States"
"3602","Dalmia Bharat","DALBHARAT.NS","3902400202","20.7874","India"
"3603","Digital China Group Co., Ltd.","000034.SZ","3901388535","5.38129","China"
"3604","Asbury Automotive Group","ABG","3897928192","202.01","United States"
"3605","Lumine Group","LMN.V","3895982583","15.1819","Canada"
"3606","Samsung Card","029780.KS","3893945758","36.4907","South Korea"
"3607","Scorpio Tankers","STNG","3892267776","77.2","Monaco"
"3608","Navan","NAVN","3884288000","15.49","United States"
"3609","L&amp;T Technology Services","LTTS.NS","3880567388","36.6083","India"
"3610","Iren","IRE.MI","3878926308","3.02315","Italy"
"3611","Clicks Group","CLS.JO","3878606100","16.5858","South Africa"
"3612","Brady Corporation","BRC","3876949504","82.09","United States"
"3613","Narayana Hrudayalaya","NH.NS","3875342174","19.081","India"
"3614","Skeena Resources","SKE","3875301632","31.78","Canada"
"3615","Credit Saison","8253.T","3874056884","27.0022","Japan"
"3616","Serco Group","SRP.L","3871880257","3.90391","United Kingdom"
"3617","Adecco Group","ADEN.SW","3871188935","23.0354","Switzerland"
"3618","Acerinox","ACX.MC","3867883353","15.5132","Spain"
"3619","Iida Group","3291.T","3865665782","13.9893","Japan"
"3620","NovaGold Resources","NG","3865657344","8.81","Canada"
"3621","The a2 Milk Company","A2M.AX","3864455731","5.32715","New Zealand"
"3622","Escorts Kubota","ESCORTS.NS","3863660033","35.1162","India"
"3623","Gujarat Fluorochemicals","FLUOROCHEM.NS","3862527775","35.1618","India"
"3624","BillionToOne","BLLN","3860340480","83.93","United States"
"3625","Cranswick","CWK.L","3857214431","72.0702","United Kingdom"
"3626","BancFirst","BANF","3856200704","114.85","United States"
"3627","Kadant","KAI","3856185344","326.58","United States"
"3628","Independence Realty Trust","IRT","3855067648","15.85","United States"
"3629","Garrett Motion","GTX","3854472448","20.54","Switzerland"
"3630","Tata Investment Corporation","TATAINVEST.NS","3849011628","7.60745","India"
"3631","Cactus Inc","WHD","3843532288","55.37","United States"
"3632","Broadstone Net Lease","BNL","3843262464","20.06","United States"
"3633","Greif","GEF","3842522368","67.35","United States"
"3634","GÜBRETAŞ","GUBRF.IS","3833867412","11.4786","Turkey"
"3635","WPP","WPP","3833076480","17.77","United Kingdom"
"3636","Frasers Group","FRAS.L","3831842106","8.8909","United Kingdom"
"3637","Asyad Shipping Company","ASCO.OM","3828765371","0.735065","Oman"
"3638","Munters Group AB","MTRS.ST","3828272862","20.9721","Sweden"
"3639","Tomra","TOM.OL","3828068850","12.9591","Norway"
"3640","MiniMed Group","MMED","3827576576","13.63","United States"
"3641","NH Foods (Nipponham)","2282.T","3825671450","40.6409","Japan"
"3642","Cembra Money Bank","CMBN.SW","3823205787","130.504","Switzerland"
"3643","Nine Dragons Paper","2689.HK","3821631799","0.814461","China"
"3644","Howard Hughes Holdings","HHH","3820900608","64.07","United States"
"3645","Helmerich &amp; Payne","HP","3820614400","37.58","United States"
"3646","Sportradar","SRAD","3817776128","12.9","Switzerland"
"3647","Kobe Bussan","3038.T","3814283818","17.2034","Japan"
"3648","ERG","ERG.MI","3813140834","26.2333","Italy"
"3649","Materion","MTRN","3811845120","183.25","United States"
"3650","Shift4 Payments","FOUR","3809271296","46.25","United States"
"3651","Genscript Biotech","1548.HK","3806932861","1.74254","China"
"3652","Bread Financial","BFH","3804556032","92.12","United States"
"3653","Medacta Group","MOVE.SW","3804077588","191.05","Switzerland"
"3654","Inchcape","INCH.L","3801897638","10.7284","United Kingdom"
"3655","Excelerate Energy","EE","3801654528","33.32","United States"
"3656","Viking Therapeutics","VKTX","3801321216","32.8","United States"
"3657","Independent Bank Corp.","INDB","3800291840","78.24","United States"
"3658","TOTVS","TOTS3.SA","3797114769","6.49219","Brazil"
"3659","International Seaways","INSW","3796529408","76.81","United States"
"3660","Magnit","MGNT.ME","3795882060","37.29","Russia"
"3661","United States Lime &amp; Minerals","USLM","3795055104","132.37","United States"
"3662","Oceaneering International","OII","3791293184","38.01","United States"
"3663","GMO Payment Gateway","3769.T","3785917496","49.9108","Japan"
"3664","C&amp;D International Investment Group","1908.HK","3782599167","1.80126","Hong Kong"
"3665","THK Co.","6481.T","3778935439","33.7183","Japan"
"3666","Cofinimmo","COFB.BR","3775708392","99.1349","Belgium"
"3667","Cleanaway Waste Management","CWY.AX","3771976978","1.68301","Australia"
"3668","ORION","271560.KS","3771693257","95.4164","South Korea"
"3669","Travere Therapeutics","TVTX","3770535424","40.82","United States"
"3670","ACADIA Pharmaceuticals","ACAD","3769635840","22.11","United States"
"3671","VEON","VEON","3765706752","54.76","Netherlands"
"3672","Renasant Corp","RNST","3763809280","39.98","United States"
"3673","National Health Investors","NHI","3761416192","77.62","United States"
"3674","Solaria Energía","SLR.MC","3761380592","30.1029","Spain"
"3675","Sime Darby","4197.KL","3760684925","0.551776","Malaysia"
"3676","Neptune Insurance Holdings","NP","3751791616","27.18","United States"
"3677","Hilton Grand Vacations","HGV","3751203328","46.07","United States"
"3678","Marex Group","MRX","3750475520","52.14","United Kingdom"
"3679","Shikun &amp; Binui","SKBN.TA","3747647646","6.43787","Israel"
"3680","Capricorn Metals","CMM.AX","3747629914","8.20467","Australia"
"3681","Minor International","MINT.BK","3747403322","0.666255","Thailand"
"3682","Centerra Gold","CGAU","3742051584","18.66","Canada"
"3683","Assured Guaranty","AGO","3739218688","83.35","Bermuda"
"3684","CMB.TECH","CMBT","3734484736","12.87","Belgium"
"3685","ScottsMiracle-Gro","SMG","3733697280","64.33","United States"
"3686","Tango Therapeutics","TNGX","3731547648","25.87","United States"
"3687","Freenet","FNTN.F","3729477858","31.6109","Germany"
"3688","Fermi Inc.","FRMI","3728651776","5.92","United States"
"3689","SkyWest","SKYW","3726330624","92.745","United States"
"3690","Linamar","LNR.TO","3725779049","62.6729","Canada"
"3691","Vishay Intertechnology","VSH","3719756032","27.33","United States"
"3692","Mouwasat Medical Services Company","4002.SR","3718340514","18.5917","Saudi Arabia"
"3693","Otter Tail","OTTR","3714984704","88.55","United States"
"3694","Tikehau Capital","TKO.PA","3714322862","21.4636","France"
"3695","Banco del Bajío","BBAJIOO.MX","3712493194","3.11992","Mexico"
"3696","Wynn Macau","1128.HK","3710523861","0.708505","Macau"
"3697","Thai Life Insurance","TLI.BK","3708359419","0.323874","Thailand"
"3698","Virbac SA","VIRP.PA","3707045088","442.483","France"
"3699","Athens International Airport","AIA.AT","3704535665","11.971","Greece"
"3700","Man Group","EMG.L","3702339896","3.30849","Jersey"
"3701","Société Foncière Lyonnaise","FLY.PA","3702190127","86.0641","France"
"3702","easyJet","EZJ.L","3701721909","4.95196","United Kingdom"
"3703","Cathay General Bancorp","CATY","3700205312","55.25","United States"
"3704","WSFS Financial","WSFS","3699161856","70.15","United States"
"3705","Meitav Investment House","MTAV.TA","3698339121","44.0065","Israel"
"3706","Secure Energy Services","SES.TO","3696524843","16.9732","Canada"
"3707","F.I.B.I. Holdings","FIBIH.TA","3693843760","104.191","Israel"
"3708","Seek Limited","SEK.AX","3693843718","10.3405","Australia"
"3709","United Bank (Pakistan)","UBL.PK","3689628289","1.47335","Pakistan"
"3710","Aspen Pharmacare","APN.JO","3688909800","8.30793","South Africa"
"3711","COPT Defense Properties","CDP","3686532096","31.92","United States"
"3712","Perpetua Resources","PPTA","3682267136","29.47","United States"
"3713","ALSOK","2331.T","3677625680","7.56736","Japan"
"3714","Jumbo S.A.","5JB.F","3675653515","27.3556","Greece"
"3715","National Bank of Fujairah","NBF.AE","3675260480","1.42","United Arab Emirates"
"3716","Webull","BULL","3674534656","6.91","United States"
"3717","Hudson Pacific Properties","HPP","3673736192","8.29","United States"
"3718","Kilroy Realty","KRC","3667398400","31.46","United States"
"3719","Signet Jewelers","SIG","3662413568","90.02","Bermuda"
"3720","Academy Sports + Outdoors","ASO","3662126848","56.77","United States"
"3721","Peyto Exploration &amp; Development","PEY.TO","3656551532","17.8492","Canada"
"3722","Teleperformance","TEP.PA","3656167409","62.8946","France"
"3723","Impinj","PI","3655917824","120.93","United States"
"3724","Venture Corporation","V03.SI","3654149636","12.7068","Singapore"
"3725","Toyo Tire","5105.T","3649288893","23.6973","Japan"
"3726","Ather Energy","ATHERENERG.NS","3648654250","9.53465","India"
"3727","First Capital REIT","FCR-UN.TO","3646306000","17.163","Canada"
"3728","Hagerty","HGTY","3638610432","10.62","United States"
"3729","Vend Marketplaces","VENDA.OL","3638040042","35.6446","Norway"
"3730","Dave Inc.","DAVE","3637771008","274.35","United States"
"3731","Valiant Holding","VATN.SW","3632956679","230.482","Switzerland"
"3732","Chemours","CC","3631191552","24.19","United States"
"3733","Bill.com","BILL","3627889664","36.66","United States"
"3734","StoneCo","STNE","3621563136","14.55","Brazil"
"3735","NewAmsterdam Pharma Company","NAMS","3617126656","31.46","Netherlands"
"3736","LLB (Liechtensteinische Landesbank)","LLBN.SW","3615941136","119.057","Liechtenstein"
"3737","DOF Group","DOFG.OL","3613926192","14.6741","Norway"
"3738","Cal-Maine Foods","CALM","3609148416","76.18","United States"
"3739","Twist Bioscience","TWST","3608193792","58.85","United States"
"3740","Mobimo Holding","MOBN.SW","3607250200","484.622","Switzerland"
"3741","Rotork","ROR.L","3599265970","4.40773","United Kingdom"
"3742","JGC Holdings","1963.T","3592229727","14.8531","Japan"
"3743","Procter &amp; Gamble India","PGHH.NS","3591935671","110.655","India"
"3744","Granite REIT","GRP-UN","3590449408","59.19","Canada"
"3745","Badger Meter","BMI","3589825024","123","United States"
"3746","Elecnor","ENO.MC","3589216258","42.3778","Spain"
"3747","Daiwa House REIT Investment Corporation","8984.T","3588911189","790.536","Japan"
"3748","TransAlta","TAC","3585774336","12.08","Canada"
"3749","Adtalem Global Education","ATGE","3579815168","98.54","United States"
"3750","AllianceBernstein","AB","3579710720","38.79","United States"
"3751","Indosat","ISAT.JK","3578660020","0.110963","Indonesia"
"3752","Elmos Semiconductor","ELG.DE","3576278592","207.622","Germany"
"3753","Maximus","MMS","3575659264","65.55","United States"
"3754","Endurance Technologies","ENDURANCE.NS","3571430199","25.39","India"
"3755","Brighthouse Financial","BHF","3571102464","62.17","United States"
"3756","Delhivery","DELHIVERY.NS","3570659249","4.76918","India"
"3757","Mainfreight","MFT.NZ","3569899354","35.4513","New Zealand"
"3758","Bank Mega","MEGA.JK","3569164599","0.151997","Indonesia"
"3759","QL Resources","7084.KL","3568400486","0.977576","Malaysia"
"3760","CVB Financial","CVBF","3564475392","20.21","United States"
"3761","LivaNova","LIVN","3562771712","65.145","United Kingdom"
"3762","UCT (Ultra Clean Holdings)","UCTT","3559140608","78.24","United States"
"3763","NCsoft","036570.KS","3558046501","183.467","South Korea"
"3764","MITSUI E&amp;S","7003.T","3558031145","35.2643","Japan"
"3765","Nahdi Medical Company","4164.SR","3556847437","27.3604","Saudi Arabia"
"3766","Unilever Indonesia","UNVR.JK","3556007434","0.0936254","Indonesia"
"3767","Telix Pharmaceuticals","TLX.AX","3551451311","10.4832","Australia"
"3768","ACM Research","ACMR","3548632832","53.99","United States"
"3769","Workman","7564.T","3545177861","43.4388","Japan"
"3770","Denison Mines","DNN","3543742464","3.92","Canada"
"3771","SmartCentres REIT","SRU-UN.TO","3540155546","20.762","Canada"
"3772","Jason Furniture (Kuka Home)","603816.SS","3539504790","4.30884","China"
"3773","Benefit Systems","BFT.WA","3536703968","1071.39","Poland"
"3774","Life360","LIF","3535753472","43.82","United States"
"3775","Tohoku Electric Power","9506.T","3535571739","7.06663","Japan"
"3776","Downer EDI Limited","DOW.AX","3531707044","5.33785","Australia"
"3777","TechCreate Group","TCGL","3531553280","172.84","Singapore"
"3778","Kyushu Railway Company","9142.T","3531401620","22.9775","Japan"
"3779","Sheng Siong Group","OV8.SI","3529263953","2.34731","Singapore"
"3780","DiaSorin","DIA.MI","3528264976","70.1192","Italy"
"3781","Inter &amp; Co","INTR","3526546432","7.99","Brazil"
"3782","Kalmar Oyj","KALMAR.HE","3525505061","54.9217","Finland"
"3783","BETA Technologies","BETA","3524376576","15.34","United States"
"3784","Trigano","TRI.PA","3522462031","182.605","France"
"3785","Nikon","NINOY","3522094080","10.7","Japan"
"3786","Gibson Energy","GEI.TO","3521575591","20.4189","Canada"
"3787","Americold","COLD","3517333248","12.27","United States"
"3788","Softcat","SCT.L","3516907045","17.9165","United Kingdom"
"3789","Takasago Thermal Engineering","1969.T","3516437434","26.8707","Japan"
"3790","Brederode","BREB.BR","3515025641","119.944","Luxembourg"
"3791","GitLab","GTLB","3514927104","20.66","United States"
"3792","KB Home","KBH","3514363904","56.14","United States"
"3793","SMG Swiss Marketplace Group Holding AG","SMG.SW","3512042937","35.806","Switzerland"
"3794","NHK Spring","5991.T","3511933000","17.3348","Japan"
"3795","Vault Minerals","VAU.AX","3511879892","3.39454","Australia"
"3796","Advance Auto Parts","AAP","3508746752","58.16","United States"
"3797","Yamato Holdings","9064.T","3508388441","11.0788","Japan"
"3798","Aperam","APAM.AS","3504603981","48.4452","Luxembourg"
"3799","Hawkins","HWKN","3501518592","167.52","United States"
"3800","Coca-Cola Bottlers Japan","2579.T","3493276171","21.3251","Japan"
"3801","Whirlpool","WHR","3492577536","54.2","United States"
"3802","Eurazeo","RF.PA","3487033535","53.9864","France"
"3803","Centuri Holdings","CTRI","3480143872","34.51","United States"
"3804","Quilter","QLT.L","3479467063","2.52582","United Kingdom"
"3805","Central Retail Corporation","CRC.BK","3478707981","0.576804","Thailand"
"3806","Hangzhou EZVIZ Network","688475.SS","3478591380","4.41726","China"
"3807","SAL Saudi Logistics Services","4263.SR","3476501473","43.4563","Saudi Arabia"
"3808","Indofood","INDF.JK","3476040045","0.395885","Indonesia"
"3809","Keisei Electric Railway Co., Ltd.","9009.T","3475658794","7.20746","Japan"
"3810","Mivne Real Estate (K.D)","MVNE.TA","3474643479","4.80011","Israel"
"3811","Central Bank of India","CENTRALBK.NS","3471480674","0.38353","India"
"3812","M/I Homes","MHO","3470137344","134.67","United States"
"3813","Suntec REIT","T82U.SI","3468781081","1.17365","Singapore"
"3814","Comgás","CGAS5.SA","3468033016","26.1698","Brazil"
"3815","Hamamatsu","6965.T","3465399220","11.9019","Japan"
"3816","Nisshin Seifun Group","2002.T","3457735407","12.3181","Japan"
"3817","Cohen &amp; Steers","CNS","3455726336","67.24","United States"
"3818","XTB S.A.","XTB.WA","3451516638","29.3811","Poland"
"3819","Hycroft Mining","HYMC","3447081216","37.86","United States"
"3820","BankUnited","BKU","3447023360","46.81","United States"
"3821","Golub Capital","GBDC","3445656832","13.09","United States"
"3822","The Marzetti Company","MZTI","3444820480","125.33","United States"
"3823","Topaz Energy","TPZ.TO","3443196964","22.2717","Canada"
"3824","Odakyu Electric Railway","9007.T","3442139098","9.97089","Japan"
"3825","Growthpoint Properties","GRT.JO","3442013900","1.01602","South Africa"
"3826","Jubilant FoodWorks","JUBLFOOD.NS","3439855017","5.23029","India"
"3827","H.B. Fuller","FUL","3439783168","63.13","United States"
"3828","Genworth Financial","GNW","3439422464","8.88","United States"
"3829","Carel Industries","CRL.MI","3438961561","30.5705","Italy"
"3830","China Airlines","2610.TW","3433783535","0.564595","Taiwan"
"3831","Bel Fuse","BELFB","3423363072","268.31","United States"
"3832","Mechanics Bancorp","MCHB","3420639232","15.45","United States"
"3833","Hiab Oyj","HIAB.HE","3418266682","52.9811","Finland"
"3834","Palomar Holdings","PLMR","3412237568","128.7","United States"
"3835","Keppel REIT","K71U.SI","3411793107","0.688544","Singapore"
"3836","Takashimaya Company","8233.T","3411302742","11.6421","Japan"
"3837","Tobu Railway","9001.T","3407334238","17.4131","Japan"
"3838","Atlanta Braves Holdings","BATRA","3406547712","53.11","United States"
"3839","Hinge Health","HNGE","3405722624","43.24","United States"
"3840","Gulfport Energy","GPOR","3405304832","188.65","United States"
"3841","Aluminium Bahrain (Alba)","ALBH.BH","3404986701","0","Bahrain"
"3842","Avista","AVA","3404736768","41.25","United States"
"3843","Baytex Energy","BTE","3403641344","4.61","Canada"
"3844","Avient","AVNT","3401516800","37.09","United States"
"3845","Solvay","SOLB.VI","3400358653","32.5462","Belgium"
"3846","Amot Investment","AMOT.TA","3399325743","6.88393","Israel"
"3847","Paymentus","PAY","3395054080","26.99","United States"
"3848","First Interstate BancSystem","FIBK","3394528256","34.86","United States"
"3849","Korn Ferry","KFY","3390821120","65.35","United States"
"3850","NOS","NOS.LS","3388827581","6.62263","Portugal"
"3851","Alm. Brand","ALMB.CO","3386053545","2.41503","Denmark"
"3852","Clariant","CLN.SW","3384217475","10.2903","Switzerland"
"3853","Jungheinrich","JUN3.F","3381716204","33.1541","Germany"
"3854","Catalyst Pharmaceuticals","CPRX","3380389376","27.68","United States"
"3855","CarGurus","CARG","3380203008","37.48","United States"
"3856","CRISIL","CRISIL.NS","3378974280","46.205","India"
"3857","HELLENiQ ENERGY","ELPE.AT","3372920207","11.0358","Greece"
"3858","Zealand Pharma","ZEAL.CO","3372213777","47.7531","Denmark"
"3859","Marui Group","8252.T","3368321725","18.7463","Japan"
"3860","Polaris","PII","3367992576","59.41","United States"
"3861","OPENLANE Corporate","OPLN","3365370368","31.66","United States"
"3862","Blackstone Mortgage Trust","BXMT","3364648448","19.94","United States"
"3863","Alfamart","AMRT.JK","3364389820","0.0817777","Indonesia"
"3864","Pennon Group","PNN.L","3362494967","7.12619","United Kingdom"
"3865","Santen Pharmaceutical","4536.T","3362474904","10.4529","Japan"
"3866","JTEKT Corporation","6473.T","3361357512","10.5593","Japan"
"3867","Predictive Discovery Limited","PDI.AX","3360246109","0.681048","Australia"
"3868","Enea","ENA.WA","3354493075","6.33245","Poland"
"3869","Koei Tecmo","3635.T","3354147793","10.0397","Japan"
"3870","Unite Group (Unite Students)","UTG.L","3351798814","6.34487","United Kingdom"
"3871","Shaftesbury Capital","SHC.L","3349717589","1.83745","United Kingdom"
"3872","Sprott Inc","SII","3347830016","129.83","Canada"
"3873","Steadfast Group","SDF.AX","3346481900","3.00945","Australia"
"3874","NCR Atleos Corporation","NATL","3346113024","45.37","United States"
"3875","Huhtamäki","HUH1V.HE","3345713100","31.8681","Finland"
"3876","Cushman &amp; Wakefield","CWK","3345623552","14.28","United States"
"3877","Hirogin Holdings","7337.T","3344009229","11.1946","Japan"
"3878","Turk Altin Isletmeleri A.S.","TRALT.IS","3342239281","1.04363","Turkey"
"3879","Stella-Jones","SJ.TO","3341793809","60.8625","Canada"
"3880","Rohto Pharmaceutical","4527.T","3340704432","14.7842","Japan"
"3881","Cinemark Theatres","CNK","3340550912","28.6","United States"
"3882","Globe Telecom, Inc.","GTMEY","3340112384","23.12","Philippines"
"3883","Hayward Holdings, Inc.","HAYW","3336759808","15.33","United States"
"3884","Adeia","ADEA","3335503104","30.13","United States"
"3885","Peabody Energy","BTU","3333379072","27.36","United States"
"3886","SoundHound AI","SOUN","3332962560","7.82","United States"
"3887","Structure Therapeutics","GPCR","3330981888","47.02","United States"
"3888","monday.com","MNDY","3330224384","64.6","Israel"
"3889","Standex International","SXI","3330106624","274.79","United States"
"3890","Patrick Industries","PATK","3326795008","100.1","United States"
"3891","Persol Holdings","2181.T","3326102865","1.49094","Japan"
"3892","SES S.A.","SESG.PA","3323186956","7.87351","Luxembourg"
"3893","Nishi-Nippon Financial Holdings","7189.T","3322443038","23.8538","Japan"
"3894","Community Financial System","CBU","3316181248","63.12","United States"
"3895","First Hawaiian Bank","FHB","3312704768","26.96","United States"
"3896","Synaptics","SYNA","3312206592","84.95","United States"
"3897","Boyd Group","BYD.TO","3311890670","119.004","Canada"
"3898","Kinetik","KNTK","3310760960","48.12","United States"
"3899","RingCentral","RNG","3307706880","38.63","United States"
"3900","SYNLAB","SYAB.VI","3307393271","15.049","Germany"
"3901","TAG Immobilien","TEG.F","3307194887","17.5006","Germany"
"3902","Alumis","ALMS","3305910784","25.99","United States"
"3903","Milaha - Qatar Navigation","QNNS.QA","3305491034","2.90934","Qatar"
"3904","Primary Health Properties","PHP.L","3305412840","1.27369","United Kingdom"
"3905","Técnicas Reunidas","TRE.MC","3301365007","42.2726","Spain"
"3906","Liquidia Corporation","LQDA","3300766464","37.46","United States"
"3907","Hesai Group","HSAI","3299986432","21","China"
"3908","ATS Corporation","ATS","3296322048","34","Canada"
"3909","Kemira","KEMIRA.HE","3295139484","22.3989","Finland"
"3910","Kiniksa Pharmaceuticals","KNSA","3294848000","43.05","Bermuda"
"3911","SJVN","SJVN.NS","3293387661","0.838056","India"
"3912","Ebro Foods","EBRO.MC","3291719068","21.3935","Spain"
"3913","IAC Inc.","IAC","3290888960","43.95","United States"
"3914","Lionsgate Studios","LION","3290723328","11.34","United States"
"3915","Dorman Products","DORM","3289279488","109.35","United States"
"3916","Kadokawa","9468.T","3288427407","22.4392","Japan"
"3917","Y.H. Dimri Construction &amp; Development","DIMRI.TA","3288234654","142.753","Israel"
"3918","INFRONEER Holdings","5076.T","3286155501","13.0097","Japan"
"3919","Sumitomo Rubber Industries","5110.T","3282059219","12.4871","Japan"
"3920","NH Hotel Group","NHH.MC","3280482487","7.53012","Spain"
"3921","WesBanco","WSBC","3278174720","34.1","United States"
"3922","Dätwyler","DAE.SW","3273804819","192.577","Switzerland"
"3923","Vicat S.A.","VCT.PA","3269778307","73.4159","France"
"3924","Box, Inc.","BOX","3259103232","23.54","United States"
"3925","Kamigumi","9364.T","3258875600","33.011","Japan"
"3926","Columbia Sportswear","COLM","3257313536","62.22","United States"
"3927","Tofaş Türk Otomobil Fabrikası","TOASO.IS","3255801327","6.5116","Turkey"
"3928","K+S","SDF.F","3253698850","18.1669","Germany"
"3929","GoTo","GOTO.JK","3252993149","0.00306305","Indonesia"
"3930","TowneBank","TOWN","3249983488","35.22","United States"
"3931","Hamilton Insurance Group","HG","3249878272","32.68","Bermuda"
"3932","Seabridge Gold","SA","3248011008","30.18","Canada"
"3933","TechnoPro Holdings","6028.T","3246446499","31.1589","Japan"
"3934","Alliance Resource Partners","ARLP","3246061568","25.23","United States"
"3935","EQB (Equitable Bank)","EQB.TO","3243904518","88.5889","Canada"
"3936","Brookdale Senior Living","BKD","3243883264","13.64","United States"
"3937","Tegna","TGNA","3243011584","20.03","United States"
"3938","Old Mutual","OMU.JO","3242504300","0.808008","South Africa"
"3939","Dallah Healthcare","4004.SR","3241192446","32.0583","Saudi Arabia"
"3940","ENAV","ENAV.MI","3240435572","5.99719","Italy"
"3941","New Hope Corporation","NHC.AX","3234287724","3.83313","Australia"
"3942","BB Biotech","BION.SW","3233839865","58.638","Switzerland"
"3943","Banque Cantonale de Genève","BCGE.SW","3232701154","45.1551","Switzerland"
"3944","PotlatchDeltic","PCH","3230610432","41.73","United States"
"3945","QinetiQ","QQ.L","3228873069","6.19804","United Kingdom"
"3946","Şişecam","SISE.IS","3226829314","1.05341","Turkey"
"3947","Port of Tauranga","POT.NZ","3225807737","4.74209","New Zealand"
"3948","Star Health and Allied Insurance Company","STARHEALTH.NS","3224573820","5.48021","India"
"3949","Dubai Financial Market (DFM)","DFM.AE","3222693428","0.40305","United Arab Emirates"
"3950","Almirall","ALM.MC","3221720698","15.0105","Spain"
"3951","Exponent","EXPO","3221695488","66.27","United States"
"3952","Freshpet","FRPT","3216188416","65.56","United States"
"3953","Groupe SEB","SK.PA","3213461301","58.686","France"
"3954","Yamaha","7951.T","3210005716","7.2544","Japan"
"3955","Catena AB","CATE.ST","3209306300","48.3358","Sweden"
"3956","Bank für Tirol und Vorarlberg","BTS.VI","3208609452","86.5092","Austria"
"3957","Ermenegildo Zegna","ZGN","3208155648","11.96","Italy"
"3958","Multiplan Empreendimentos Imobiliários","MULT3.SA","3206268693","6.53796","Brazil"
"3959","Tootsie Roll Industries","TR","3203259392","42.61","United States"
"3960","Aldrees Petroleum and Transport Services","4200.SR","3203164748","32.0316","Saudi Arabia"
"3961","Aroundtown","AT1.F","3199876003","2.92495","Luxembourg"
"3962","XL Axiata","EXCL.JK","3197571760","0.175692","Indonesia"
"3963","Vidrala","VID.MC","3194483065","91.653","Spain"
"3964","LIC Housing Finance","LICHSGFIN.NS","3184621065","5.78956","India"
"3965","Wienerberger","WIB.F","3183884234","29.1559","Austria"
"3966","RXO","RXO","3178926336","19.3","United States"
"3967","Valeo","FR.PA","3177933745","13.0816","France"
"3968","Cellebrite","CLBT","3175368960","12.73","Israel"
"3969","Shurgard Self Storage","SHUR.BR","3175304314","31.4473","Luxembourg"
"3970","Breville Group","BRG.AX","3171006389","21.8934","Australia"
"3971","National Beverage","FIZZ","3170383104","33.86","United States"
"3972","Premium Brands","PBH.TO","3169485648","60.9647","Canada"
"3973","Global Health Limited (Medanta)","MEDANTA.NS","3169038965","11.794","India"
"3974","American States Water","AWR","3167360000","80.8","United States"
"3975","Van Lanschot Kempen","VLK.AS","3166483776","74.9942","Netherlands"
"3976","Bridgepoint Group plc","BPT.L","3165150679","3.61563","United Kingdom"
"3977","Empresas CMPC","CMPC.SN","3163881305","1.26555","Chile"
"3978","Melexis NV","MELE.BR","3160211866","80.2548","Belgium"
"3979","Ventia Services Group","VNT.AX","3159338741","3.84739","Australia"
"3980","Walliser Kantonalbank","WKBN.SW","3158856530","200.972","Switzerland"
"3981","Arcus Biosciences","RCUS","3157048576","25.13","United States"
"3982","Dialog Group","7277.KL","3156150067","0.559335","Malaysia"
"3983","Par Pacific Holdings","PARR","3155740160","63.79","United States"
"3984","TORM","TRMD","3147103488","30.53","United Kingdom"
"3985","ZIM Integrated Shipping Services","ZIM","3143148544","26.08","Israel"
"3986","Upstart","UPST","3141112320","32.82","United States"
"3987","Gland Pharma","GLAND.NS","3139166638","19.0534","India"
"3988","CVR Energy","CVI","3138565376","31.22","United States"
"3989","BKV Corporation","BKV","3138246656","28.69","United States"
"3990","Seacoast Banking","SBCF","3136638720","32.02","United States"
"3991","Isrotel","ISRO.TA","3135814212","52.2331","Israel"
"3992","Asmodee Group AB","ASMDEE-B.ST","3134601933","13.4134","Sweden"
"3993","NMI Holdings","NMIH","3134596096","41.16","United States"
"3994","Arcadis","ARCAD.AS","3133863679","36.8483","Netherlands"
"3995","First Financial Bank","FFBC","3132978432","29.86","United States"
"3996","Exide Industries","EXIDEIND.NS","3132362314","3.68513","India"
"3997","Park National Corp","PRK","3128195584","173.15","United States"
"3998","CleanSpark","CLSK","3127857920","12.23","United States"
"3999","Loomis AB","LOOMIS.ST","3127684251","46.7361","Sweden"
"4000","Apex Investment","APEX.AE","3125496071","0.88","United Arab Emirates"
"4001","Viscofan","VIS.MC","3123146335","68.9736","Spain"
"4002","Mainova","MNV6.F","3121346794","416.18","Germany"
"4003","Royal Unibrew","RBREW.CO","3120835097","64.0045","Denmark"
"4004","TGS ASA","TGS.OL","3120817419","15.8854","Norway"
"4005","Brembo","BRE.MI","3120139518","9.80828","Italy"
"4006","Dyne Therapeutics","DYN","3119012608","18.9","United States"
"4007","Bank of Queensland","BOQ.AX","3118056335","4.74238","Australia"
"4008","Wilh. Wilhelmsen Holding","WWI.OL","3116555170","74.2818","Norway"
"4009","Altarea","ALTA.PA","3113244217","133.271","France"
"4010","ICU Medical","ICUI","3112802048","124.55","United States"
"4011","Asker Healthcare Group AB","ASKER.ST","3111256998","8.12261","Sweden"
"4012","Lisi S.A.","FII.PA","3110067112","68.0383","France"
"4013","Global Power Synergy","GPSC.BK","3109356403","1.10271","Thailand"
"4014","Indah Kiat Pulp &amp; Paper","INKP.JK","3106536964","0.567821","Indonesia"
"4015","Meezan Bank","MEBL.PK","3105712834","1.72486","Pakistan"
"4016","Indian Telephone Industries","ITI.NS","3104770845","3.22456","India"
"4017","Vaudoise Assurances","VAHN.SW","3103590124","1064.64","Switzerland"
"4018","Simmons First National","SFNC","3102797824","21.39","United States"
"4019","Atlanta Braves Holdings, Inc.","BATRK","3102517504","48.37","United States"
"4020","Apple Hospitality REIT","APLE","3101640448","13.14","United States"
"4021","Seiko Group","8050.T","3100543183","37.9307","Japan"
"4022","Green Brick Partners","GRBK","3100419584","71.84","United States"
"4023","Beam Therapeutics","BEAM","3098810112","30.16","United States"
"4024","Salzgitter","SZG.F","3098290334","57.2831","Germany"
"4025","BlackBerry","BB","3098140160","5.27","Canada"
"4026","Chugin Financial Group","5832.T","3097741500","17.4256","Japan"
"4027","Internet Initiative Japan Inc.","3774.T","3087232727","17.4162","Japan"
"4028","Denali Therapeutics","DNLI","3086238720","19.45","United States"
"4029","The Cheesecake Factory","CAKE","3085280768","61.88","United States"
"4030","Bank of Hawaii","BOH","3085253376","77.87","United States"
"4031","Commercial Bank of Kuwait","CBK.KW","3083842106","1562.81","Kuwait"
"4032","Becle","CUERVO.MX","3083059009","0.85851","Mexico"
"4033","Fortuna Mining","FSM","3082120704","10.12","Canada"
"4034","Nickel Industries Limited","NIC.AX","3080924333","0.709574","Australia"
"4035","Enerjisa Enerji","ENJSA.IS","3076260633","2.60464","Turkey"
"4036","BioArctic AB","BIOA-B.ST","3074321301","34.6522","Sweden"
"4037","Wesdome Gold Mines","WDO.TO","3073742757","19.9006","Canada"
"4038","Nicolet Bankshares","NIC","3070445824","144.04","United States"
"4039","Bellway","BWY.L","3070209567","26.5784","United Kingdom"
"4040","Astra Industrial Group Company","1212.SR","3068631692","38.3579","Saudi Arabia"
"4041","Chesapeake Utilities","CPK","3068464384","127.91","United States"
"4042","Groupe Lagardère","MMB.PA","3067401544","21.6507","France"
"4043","MaxLinear","MXL","3066375680","34.25","United States"
"4044","Thai Oil","TOP.BK","3066183904","1.37261","Thailand"
"4045","Honeywell Automation India","HONAUT.NS","3065544529","346.493","India"
"4046","CT REIT","CRT-UN.TO","3062998049","12.8558","Canada"
"4047","Taesa (Transmissora Aliança de Energia Elétrica)","TAEE11.SA","3062060265","8.88845","Brazil"
"4048","ZF Commercial Vehicle Control Systems India","ZFCVINDIA.NS","3059612349","161.307","India"
"4049","Elang Mahkota Teknologi","EMTK.JK","3058594928","0.0499913","Indonesia"
"4050","Verbio","VBK.F","3058402638","48.0009","Germany"
"4051","Grupa Kety","KTY.WA","3056658250","310.56","Poland"
"4052","Comet Holding","COTN.SW","3055905575","393.294","Switzerland"
"4053","International Petroleum","IPCO.TO","3054158096","27.0694","Canada"
"4054","Sunrun","RUN","3052230912","12.96","United States"
"4055","Metro Brands","METROBRAND.NS","3051580834","11.1965","India"
"4056","Black Stone Minerals","BSM","3049113088","14.36","United States"
"4057","Karur Vysya Bank","KARURVYSYA.NS","3046649811","3.15186","India"
"4058","First Pacific Company","0142.HK","3036054595","0.712334","Hong Kong"
"4059","NetLink Trust","CJLU.SI","3033884327","0.778524","Singapore"
"4060","Vodafone Qatar","VFQS.QA","3033220695","0.717582","Qatar"
"4061","American Eagle Outfitters","AEO","3031812096","18.19","United States"
"4062","Nektar Therapeutics","NKTR","3030950656","91.26","United States"
"4063","Enerflex","EFXT","3030428160","24.88","Canada"
"4064","Veeco","VECO","3029869568","50.17","United States"
"4065","Golden Agri-Resources","E5H.SI","3026391771","0.238643","Singapore"
"4066","COSMOS Pharmaceutical","3349.T","3026127734","38.1811","Japan"
"4067","Kyndryl","KD","3025501440","13.42","United States"
"4068","Mitie Group PLC","MTO.L","3023682201","2.40054","United Kingdom"
"4069","Titan America","TTAM","3023544320","16.4","United States"
"4070","Toyo Seikan Group Holdings","5901.T","3022207019","20.0983","Japan"
"4071","Paramount Resources","POU.TO","3022100768","20.8496","Canada"
"4072","YETI Holdings","YETI","3021689856","39.92","United States"
"4073","Rinnai Corporation","5947.T","3021413072","21.8821","Japan"
"4074","Urban Edge Properties","UE","3020582400","21.59","United States"
"4075","Medical Properties Trust","MPW","3019530240","5.02","United States"
"4076","Financière Moncey Société anonyme","FMONC.PA","3018519432","161.913","France"
"4077","Kennametal","KMT","3008328192","39.48","United States"
"4078","Boise Cascade","BCC","3005475328","83.82","United States"
"4079","Haw Par","H02.SI","3005131347","13.5753","Singapore"
"4080","SL Green Realty","SLG","3004162816","42.06","United States"
"4081","Aehr Test Systems","AEHR","3004100352","95.51","United States"
"4082","Nagase &amp; Co.","8012.T","3003254639","7.36394","Japan"
"4083","WD-40 Company","WDFC","3001361920","223.06","United States"
"4084","Vesta Real Estate","VTMX","2999105024","35.45","Mexico"
"4085","Hexaware Technologies","HEXT.NS","2996275142","4.91722","India"
"4086","Invincible Investment Corporation","8963.T","2996075275","391.826","Japan"
"4087","Al Rajhi Company for Cooperative Insurance","8230.SR","2994958971","29.9496","Saudi Arabia"
"4088","Curbline Properties","CURB","2989902080","28.33","United States"
"4089","Olin Corporation","OLN","2985331456","26.22","United States"
"4090","Global Business Travel Group","GBTG","2983054592","5.7","United States"
"4091","Olam","VC2.SI","2981703439","0.79026","Singapore"
"4092","Jollibee","JBFCF","2981063936","2.66","Philippines"
"4093","Seadrill","SDRL","2980087808","47.72","Bermuda"
"4094","LXP Industrial Trust","LXP","2977944320","50.51","United States"
"4095","Amprius Technologies","AMPX","2977423104","21.73","United States"
"4096","Photronics","PLAB","2976623360","50.48","United States"
"4097","Bandhan Bank","BANDHANBNK.NS","2973035700","1.84548","India"
"4098","HUGO BOSS","BOSS.DE","2969131245","43.0208","Germany"
"4099","Workiva","WK","2966199808","52.19","United States"
"4100","Qualys","QLYS","2965767168","84.04","United States"
"4101","Q2","QTWO","2964831488","47.51","United States"
"4102","Provident Financial Services","PFS","2964636160","22.75","United States"
"4103","FS KKR Capital","FSK","2963102720","10.58","United States"
"4104","Exxaro Resources","EXX.JO","2962283600","12.6516","South Africa"
"4105","Omantel (Oman Telecom)","OTEL.OM","2961039034","3.94805","Oman"
"4106","MGE Energy","MGEE","2960401152","80.55","United States"
"4107","Newmark","NMRK","2956535040","16.03","United States"
"4108","Megacable Holdings","MEGACPO.MX","2956366421","3.41107","Mexico"
"4109","HEXPOL AB","HPOL-B.ST","2955948169","8.58197","Sweden"
"4110","Concentra Group","CON","2955667712","23","United States"
"4111","Japan Airport Terminal","9706.T","2954946527","31.8343","Japan"
"4112","Bitdeer Technologies Group","BTDR","2954772736","12.16","Singapore"
"4113","Saudi International Petrochemical Company (Sipchem)","2310.SR","2953851588","4.02798","Saudi Arabia"
"4114","Outokumpu","OUT1V.HE","2953687748","6.26607","Finland"
"4115","Toyoda Gosei","7282.T","2953247058","25.187","Japan"
"4116","Privia Health Group","PRVA","2952187136","23.5","United States"
"4117","BBVA Argentina","BBAR","2951220224","14.45","Argentina"
"4118","Nichirei Corporation","2871.T","2950664834","11.7735","Japan"
"4119","Leroy Seafood","LSG.OL","2950144166","4.95426","Norway"
"4120","OQ Gas Network Company","OQGN.OM","2947074013","0.680519","Oman"
"4121","Azelis Group","AZE.BR","2946410872","12.0996","Belgium"
"4122","Air France-KLM","AF.PA","2942852789","11.2041","France"
"4123","eToro","ETOR","2941707008","36.99","Israel"
"4124","Diebold Nixdorf","DBD","2941372928","84.5","United States"
"4125","Dream Industrial REIT","DIR-UN.TO","2940648770","10.089","Canada"
"4126","CDSL","CDSL.NS","2935714678","14.0465","India"
"4127","Euronet Worldwide","EEFT","2935641344","74.64","United States"
"4128","SpareBank 1","SPOL.OL","2931934775","21.5932","Norway"
"4129","Sega Sammy Holdings","6460.T","2930278796","14.4587","Japan"
"4130","LCI Industries","LCII","2927493632","120.55","United States"
"4131","Frasers Logistics &amp; Industrial Trust","BUOU.SI","2925585984","0.770699","Singapore"
"4132","Banc of California","BANC","2924573952","18.9","United States"
"4133","Western Union","WU","2924183296","9.33","United States"
"4134","Peab","PEAB-B.ST","2923853809","10.3708","Sweden"
"4135","Interparfums","IPAR","2923343104","91.15","United States"
"4136","The Metals Company","TMC","2923341824","5.24","Canada"
"4137","Manchester United","MANU","2922762496","16.95","United Kingdom"
"4138","Webuild S.p.A.","WBD.MI","2922235423","2.95534","Italy"
"4139","Visteon","VC","2920325888","109.4","United States"
"4140","Integer Holdings","ITGR","2919807488","84.86","United States"
"4141","Madison Square Garden Entertainment","MSGE","2916750336","61.7","United States"
"4142","Unibel S.A.","UNBL.PA","2915692559","1370.66","France"
"4143","Estun Automation","002747.SZ","2915234904","3.01223","China"
"4144","Amber Enterprises India","AMBER.NS","2911164586","82.7231","India"
"4145","CorVel Corporation","CRVL","2908776960","56.76","United States"
"4146","REN (Redes Energéticas Nacionais)","RENE.LS","2907893258","4.38391","Portugal"
"4147","Guoco","0053.HK","2906828809","8.83397","Hong Kong"
"4148","VGP NV","VGP.BR","2906521381","106.5","Belgium"
"4149","Buckle","BKE","2905620224","56.4","United States"
"4150","Apollo Tyres","APOLLOTYRE.NS","2903107163","4.5893","India"
"4151","İsdemir","ISDMR.IS","2902797040","1.00096","Turkey"
"4152","Meliá Hotels International","MEL.MC","2901702152","13.1751","Spain"
"4153","Supernus Pharmaceuticals","SUPN","2901542400","50.39","United States"
"4154","Force Motors","FORCEMOT.NS","2901490324","220.206","India"
"4155","United Natural Foods","UNFI","2900963840","47.61","United States"
"4156","LEW (Lechwerke)","LEC.F","2900543359","81.8331","Germany"
"4157","Dermapharm","DMP.F","2898447235","53.8345","Germany"
"4158","Jamjoom Pharmaceuticals Factory Company","4015.SR","2896194759","41.3742","Saudi Arabia"
"4159","Sasa Polyester","SASA.IS","2892049235","0.066005","Turkey"
"4160","JOYY","JOYY","2886612736","57.75","China"
"4161","AJ Bell","AJB.L","2885247793","7.30132","United Kingdom"
"4162","National Bank of Bahrain","NBB.BH","2885188375","2.39788","Bahrain"
"4163","VusionGroup","VU.PA","2882091847","171.849","France"
"4164","Anritsu Corporation","6754.T","2881668160","22.5143","Japan"
"4165","SolarEdge","SEDG","2880337152","47.36","Israel"
"4166","Gav-Yam Lands","GVYM.TA","2878444456","13.0522","Israel"
"4167","Vector Limited","VCT.NZ","2878077199","2.87808","New Zealand"
"4168","Timken India","TIMKEN.NS","2873766016","38.2055","India"
"4169","New India Assurance","NIACL.NS","2870839222","1.74201","India"
"4170","Greencoat UK Wind","UKW.L","2869884834","1.32959","United Kingdom"
"4171","Piramal Enterprises","PEL.NS","2868636868","12.7318","India"
"4172","BIPROGY","8056.T","2865844599","29.6748","Japan"
"4173","DHT Holdings","DHT","2864930816","17.79","Bermuda"
"4174","Momentum Metropolitan","MTM.JO","2864688000","2.22383","South Africa"
"4175","Sumitomo Bakelite Company","4203.T","2860562012","32.6041","Japan"
"4176","Schneider Electric Infrastructure","SCHNEIDER.NS","2859707387","11.9601","India"
"4177","Hang Lung Group","0010.HK","2859374262","2.09998","Hong Kong"
"4178","Arcutis Biotherapeutics","ARQT","2859174400","22.86","United States"
"4179","Carmila","CARM.PA","2858385960","20.5518","France"
"4180","KWS","KWS.F","2854804534","86.5092","Germany"
"4181","Calumet, Inc.","CLMT","2853189376","32.78","United States"
"4182","Uniti","UNIT","2851421184","11.75","United States"
"4183","Thule Group AB","THULE.ST","2850989597","26.4377","Sweden"
"4184","SWCC Corporation","5805.T","2850810883","96.2664","Japan"
"4185","DigitalBridge Group","DBRG","2849483008","15.61","United States"
"4186","PagSeguro","PAGS","2848301824","10.19","Brazil"
"4187","Rathbones Group","RAT.L","2847749185","27.6157","United Kingdom"
"4188","Northern Oil and Gas","NOG","2845410816","26.9","United States"
"4189","California Water Service Group","CWT","2843799040","47.52","United States"
"4190","Ero Copper","ERO","2843619328","27.27","Canada"
"4191","Toho Gas","9533.T","2840852192","7.80521","Japan"
"4192","Röko AB","ROKO-B.ST","2838830583","194.121","Sweden"
"4193","ACC","ACC.NS","2836039871","15.1024","India"
"4194","Sims Limited","SGM.AX","2835967074","14.6764","Australia"
"4195","Inter Cars","CAR.WA","2834455563","200.059","Poland"
"4196","Cementir","CEM.MI","2830776627","18.202","Italy"
"4197","McGrath RentCorp","MGRC","2830340352","115","United States"
"4198","Bakkafrost","BAKKA.OL","2829555410","47.7204","Denmark"
"4199","Verallia","VRLA.PA","2829330230","24.0122","France"
"4200","Rockpoint Gas Storage","RGSI.TO","2828341129","21.2657","Canada"
"4201","CA Immo","BZY.F","2827217347","30.5705","Austria"
"4202","Südzucker","SZU.F","2825483646","13.8415","Germany"
"4203","Kinaxis","KXS.TO","2821217735","102.029","Canada"
"4204","Stadler Rail","SRAIL.SW","2821124619","28.2124","Switzerland"
"4205","Gujarat Gas","GUJGASLTD.NS","2819893729","4.09636","India"
"4206","Hercules Capital","HTGC","2819725056","15.35","United States"
"4207","Dynex Capital","DX","2817300736","13.6","United States"
"4208","Coface","COFA.PA","2813968136","18.8216","France"
"4209","Genting Malaysia Berhad","4715.KL","2813164772","0.496347","Malaysia"
"4210","CCC Intelligent Solutions","CCC","2811119104","4.79","United States"
"4211","Kodiak Sciences","KOD","2810058496","45.21","United States"
"4212","Varonis Systems","VRNS","2809349632","23.92","United States"
"4213","Mari Petroleum Company","MARI.PK","2809281716","2.33985","Pakistan"
"4214","TISCO Financial Group","TISCO.BK","2803035219","3.50093","Thailand"
"4215","Meshek Energy - Renewable Energies","MSKE.TA","2802131387","3.84475","Israel"
"4216","The Navigator Company","NVG.LS","2800168856","3.93734","Portugal"
"4217","Tata Elxsi","TATAELXSI.NS","2798839169","44.9273","India"
"4218","dormakaba","DOKA.SW","2798275827","67.2874","Switzerland"
"4219","National Storage REIT","NSR.AX","2798076885","1.98966","Australia"
"4220","Zain Saudi Arabia","7030.SR","2797212150","3.11241","Saudi Arabia"
"4221","Endeavour Silver","EXK","2794732544","9.44","Canada"
"4222","Viva Energy","VEA.AX","2793661764","1.70084","Australia"
"4223","Husqvarna","HUSQ-A.ST","2793352652","4.88546","Sweden"
"4224","BIC","BB.PA","2790808726","68.6229","France"
"4225","FB Financial","FBK","2789942016","54.26","United States"
"4226","Graphic Packaging","GPK","2788836864","9.43","United States"
"4227","Österreichische Post","POST.VI","2787711227","41.2672","Austria"
"4228","Corem Property Group AB","CORE-PREF.ST","2787092406","26.3728","Sweden"
"4229","Helios Towers","HTWS.L","2786499436","2.72115","United Kingdom"
"4230","Lojas Renner","LREN3.SA","2786441931","2.85402","Brazil"
"4231","Citizen Watch","7762.T","2785629503","11.4168","Japan"
"4232","Lion Corp","4912.T","2785306469","10.0679","Japan"
"4233","Société Industrielle et Financière de l'Artois","ARTO.PA","2785235025","10462.9","France"
"4234","Robert Half","RHI","2785150208","27.2","United States"
"4235","Rasan Information Technology Company","8313.SR","2782667083","35.9021","Saudi Arabia"
"4236","African Rainbow Minerals","ARI.JO","2780663100","13.8498","South Africa"
"4237","Netmarble","251270.KS","2779451359","33.9228","South Korea"
"4238","Chicony Electronics","2385.TW","2778925816","3.99657","Taiwan"
"4239","Jet2","JET2.L","2778294201","15.2897","United Kingdom"
"4240","Natura Cosméticos S.A.","NATU3.SA","2775984475","2.0201","Brazil"
"4241","Steve Madden","SHOO","2772611072","37.96","United States"
"4242","Haemonetics","HAE","2770621952","59.62","United States"
"4243","SIA Engineering Company","S59.SI","2769079574","2.4725","Singapore"
"4244","SWI Capital Holding","SWICH.AS","2768396606","6.42974","Singapore"
"4245","KCC Corp","002380.KS","2768070167","376.395","South Korea"
"4246","Clas Ohlson AB","CLAS-B.ST","2767940422","43.5457","Sweden"
"4247","Metaplanet Inc.","3350.T","2767365853","2.17194","Japan"
"4248","Maple Leaf Foods","MFI.TO","2767101359","22.2294","Canada"
"4249","Sundrug","9989.T","2766321682","23.6472","Japan"
"4250","(DIA) Distribuidora Internacional de Alimentación","DIA.MC","2765632201","47.6385","Spain"
"4251","PHINIA","PHIN","2762877696","72.87","United States"
"4252","Boralex","BLX.TO","2760526853","26.865","Canada"
"4253","Four Corners Property Trust","FCPT","2760192256","25.15","United States"
"4254","Wihlborgs Fastigheter AB","WIHL.ST","2759613375","8.97649","Sweden"
"4255","IHS Towers","IHS","2757984512","8.22","United Kingdom"
"4256","Delek Logistics Partners","DKL","2755885824","51.5","United States"
"4257","Callaway Golf Company","CALY","2755117568","15.14","United States"
"4258","NOK Corporation","7240.T","2753966999","17.3818","Japan"
"4259","Vera Therapeutics","VERA","2753096704","38.39","United States"
"4260","LOTTE Chemical","011170.KS","2752577448","65.2778","South Korea"
"4261","Star Bulk Carriers","SBLK","2751692800","24.17","Greece"
"4262","Warby Parker","WRBY","2750177024","22.46","United States"
"4263","MFE-Mediaforeurope","MFEA.MI","2747667310","3.51882","Italy"
"4264","Kardex Holding","KARN.SW","2747520307","356.153","Switzerland"
"4265","Acadia Realty Trust","AKR","2744561152","20.94","United States"
"4266","Keio Corporation","9008.T","2744321087","4.74071","Japan"
"4267","Ambu","AMBU-B.CO","2742920751","10.3468","Denmark"
"4268","CapitaLand Ascott Trust","HMN.SI","2738669883","0.712017","Singapore"
"4269","10x Genomics","TXG","2736453376","21.42","United States"
"4270","SiriusPoint","SPNT","2734045696","23.37","Bermuda"
"4271","Prestige Consumer Healthcare","PBH","2733602816","57.77","United States"
"4272","Sopra Steria Group","SOP.PA","2733055498","141.104","France"
"4273","Soleno Therapeutics","SLNO","2732269824","52.83","United States"
"4274","El Al Israel Airlines","ELAL.TA","2726179297","4.62035","Israel"
"4275","Ansell","ANN.AX","2724226205","19.1335","Australia"
"4276","Compagnie Financière Tradition","CFT.SW","2724028568","357.424","Switzerland"
"4277","Calix","CALX","2722866176","42.69","United States"
"4278","Carl Zeiss Meditec","AFXA.F","2722071201","31.0966","Germany"
"4279","ID Logistics Group","IDL.PA","2718589135","417.349","France"
"4280","Worthington Enterprises","WOR","2717134592","54.84","United States"
"4281","LifeStance Health Group","LFST","2710915328","6.99","United States"
"4282","AWL Agri Business","AWL.NS","2708652754","2.0936","India"
"4283","The Vita Coco Company","COCO","2706836480","47.42","United States"
"4284","Hangzhou Shunwang Technology","300113.SZ","2706335304","4.01436","China"
"4285","Artisan Partners","APAM","2706262784","38.12","United States"
"4286","CIMC Enric","3899.HK","2706144986","1.28169","China"
"4287","Fauji Fertilizer Company","FFC.PK","2705419554","1.88004","Pakistan"
"4288","Tiger Brands","TBS.JO","2705218200","17.8603","South Africa"
"4289","Taiba Investments","4090.SR","2704484580","10.3836","Saudi Arabia"
"4290","Relay Therapeutics","RLAY","2696972544","15.09","United States"
"4291","IDEAYA Biosciences","IDYA","2695890688","30.7","United States"
"4292","Sezzle","SEZL","2695683584","79.75","United States"
"4293","Kaiser Aluminum","KALU","2693506048","164.84","United States"
"4294","CCC S.A.","CCC.WA","2691198839","34.9389","Poland"
"4295","Alony Hetz","ALHE.TA","2690849917","11.8937","Israel"
"4296","RLX Technology","RLX","2688960256","2.2","China"
"4297","Signify","LIGHT.AS","2688068752","22.621","Netherlands"
"4298","WaFd Bank","WAFD","2687079168","35.42","United States"
"4299","Höegh Autoliners","HAUTO.OL","2686908375","14.0846","Norway"
"4300","Vietnam Airlines","HVN.VN","2686202708","0.863315","Vietnam"
"4301","Ambarella","AMBA","2686009856","61.34","United States"
"4302","The Shiga Bank","8366.T","2683472881","11.6734","Japan"
"4303","New World Development Company","0017.HK","2682565821","1.06595","Hong Kong"
"4304","FIGS","FIGS","2681999360","16.12","United States"
"4305","Silvercorp Metals","SVM","2681037056","12.14","Canada"
"4306","Colbún","COLBUN.SN","2680497222","0.152855","Chile"
"4307","HeartFlow","HTFL","2679072256","31.24","United States"
"4308","HNI Corporation","HNI","2678856192","37.21","United States"
"4309","Netcompany Group","NETC.CO","2678128602","59.3747","Denmark"
"4310","SCHOTT Pharma","1SXP.DE","2676341055","17.7695","Germany"
"4311","Knowles","KN","2674512640","31.27","United States"
"4312","NBCC India","NBCC.NS","2673638845","0.990237","India"
"4313","ArcBest","ARCB","2673043968","119.89","United States"
"4314","KOBAYASHI Pharmaceutical","4967.T","2669895589","35.9153","Japan"
"4315","Redefine Properties","RDF.JO","2669202000","0.384165","South Africa"
"4316","Prime Focus","PFOCUS.NS","2668162211","3.4384","India"
"4317","Aktor","AKTR.AT","2665901439","13.0699","Greece"
"4318","Beacon Financial Corporation","BBT","2665375232","31.72","United States"
"4319","EMEIS","EMEIS.PA","2661803165","16.5537","France"
"4320","National Healthcare","NHC","2660885248","170.58","United States"
"4321","Hub Group","HUBG","2660177664","43.5","United States"
"4322","Veidekke","VEI.OL","2658812130","19.7013","Norway"
"4323","KIOCL","KIOCL.NS","2658548283","4.3744","India"
"4324","Hawaiian Electric Industries","HE","2654903040","15.38","United States"
"4325","West African Resources","WAF.AX","2652084139","2.32127","Australia"
"4326","Ingevity","NGVT","2650848256","75.26","United States"
"4327","Santam","SNT.JO","2650538900","24.2643","South Africa"
"4328","Chefs' Warehouse","CHEF","2648506880","64.95","United States"
"4329","Nifco Inc.","7988.T","2645633753","28.4167","Japan"
"4330","Veracyte","VCYT","2645110528","33.15","United States"
"4331","Trustmark","TRMK","2643936000","44.91","United States"
"4332","SSI Securities Corporation","SSI.VN","2638513596","1.05918","Vietnam"
"4333","Under Armour","UA","2636259328","6.19","United States"
"4334","Pattern Group","PTRN","2634145536","13.26","United States"
"4335","Fabege AB","FABG.ST","2633390198","8.37121","Sweden"
"4336","Celldex Therapeutics","CLDX","2632436736","33.55","United States"
"4337","Doosan Fuel Cell","336260.KS","2629471640","33.3484","South Korea"
"4338","Kansai Paint","4613.T","2628924770","14.9313","Japan"
"4339","Ninety One Group","N91.L","2628000086","2.90975","South Africa"
"4340","Acer","2353.TW","2626987305","0.873854","Taiwan"
"4341","Sankyu","9065.T","2626190565","52.3894","Japan"
"4342","Enliven Therapeutics","ELVN","2624639744","43.89","United States"
"4343","Burgan Bank","BURG.KW","2624214969","668.842","Kuwait"
"4344","China Railway Materials","000927.SZ","2623844006","0.433668","China"
"4345","OYAK Çimento","OYAKC.IS","2623331520","0.539596","Turkey"
"4346","Taseko Mines","TGB","2617933312","7.16","Canada"
"4347","Sun TV Network","SUNTV.NS","2617402415","6.64173","India"
"4348","Pinnacle Investment Management Group","PNI.AX","2616723370","11.4352","Australia"
"4349","Derwent London","DLN.L","2615564464","23.2915","United Kingdom"
"4350","Harley-Davidson","HOG","2615066112","23.38","United States"
"4351","ZhongAn Insurance","6060.HK","2613230193","1.55105","China"
"4352","Astronics Corporation","ATRO","2612728064","72.83","United States"
"4353","Hufvudstaden AB","HUFV-A.ST","2612614795","13.4458","Sweden"
"4354","The Andersons, Inc.","ANDE","2611899904","76.7","United States"
"4355","Samsonite International","1SO.F","2610434076","1.88216","Luxembourg"
"4356","SHB (Saigon - Hanoi Commercial Joint Stock Bank)","SHB.VN","2610355897","0.559063","Vietnam"
"4357","Crane NXT","CXT","2609891328","45.36","United States"
"4358","Customers Bancorp","CUBI","2609262848","77.47","United States"
"4359","Highwoods Properties","HIW","2608730112","23.66","United States"
"4360","Ahli Bank","ABQK.QA","2607215327","1.02198","Qatar"
"4361","DXP Enterprises","DXPE","2607110912","167.96","United States"
"4362","Disc Medicine","IRON","2607095552","68.32","United States"
"4363","Migros Ticaret A.S.","MGROS.IS","2602320184","14.6122","Turkey"
"4364","Mitsubishi Motors","7211.T","2601061356","1.94348","Japan"
"4365","Immunome","IMNM","2600932352","22.99","United States"
"4366","Restoration Hardware","RH","2600866560","138.09","United States"
"4367","Ashland","ASH","2599761664","56.81","United States"
"4368","Toyota Boshoku Corporation","3116.T","2598293514","14.5432","Japan"
"4369","Treasury Wine Estates","TWE.AX","2596927802","3.21626","Australia"
"4370","National Mobile Telecommunications Company","OOREDOO.KW","2594923848","5177.81","Kuwait"
"4371","Tarsus Pharmaceuticals","TARS","2594730240","60.97","United States"
"4372","AMP Limited","AMP.AX","2594480353","1.02478","Australia"
"4373","ALSO Holding","ALSN.SW","2594433170","203.77","Switzerland"
"4374","Veradermics","MANE","2585815040","69.25","United States"
"4375","Philip Morris ČR","TABAK.PR","2582379843","940.625","Czech Republic"
"4376","OSB Group Plc","OSB.L","2580846456","7.3552","United Kingdom"
"4377","Investis Holding","IREN.SW","2580197978","202.244","Switzerland"
"4378","LeMaitre Vascular","LMAT","2579516416","112.9","United States"
"4379","Morinaga Milk Industry","2264.T","2578969490","30.8641","Japan"
"4380","Bank of Bahrain and Kuwait","BBK.BH","2577919909","1.27321","Bahrain"
"4381","The Hyakugo Bank","8368.T","2577582801","10.6219","Japan"
"4382","ADMA Biologics","ADMA","2574153216","11.08","United States"
"4383","WeRide","WRD","2571417344","7.67","China"
"4384","Genting Berhad","3182.KL","2570931373","0.667674","Malaysia"
"4385","Burkhalter Holding","BRKN.SW","2569466023","241.929","Switzerland"
"4386","TODA corp","1860.T","2566365814","8.66898","Japan"
"4387","Ebos Group","EBO.NZ","2565988884","12.5147","New Zealand"
"4388","H2O America","HTO","2565182208","61.31","United States"
"4389","Sharjah Islamic Bank","SIB.AE","2564221706","0.79","United Arab Emirates"
"4390","ComfortDelGro","C52.SI","2559865277","1.18148","Singapore"
"4391","Vincom Retail Joint Stock Company","VRE.VN","2558021849","1.12573","Vietnam"
"4392","Hill &amp; Smith PLC","HILS.L","2557805379","32.5326","United Kingdom"
"4393","Boardwalk Real Estate Investment Trust","BEI-UN.TO","2557494804","49.0506","Canada"
"4394","Teekay Tankers","TNK","2556716800","73.8","Canada"
"4395","Dexerials Corporation","4980.T","2553532424","15.2443","Japan"
"4396","KRUK Spólka Akcyjna","KRU.WA","2552699174","130.617","Poland"
"4397","The Bancorp, Inc.","TBBK","2551461120","60.47","United States"
"4398","Sendas Distribuidora (Assaí Atacadista)","ASAI3.SA","2550246120","1.90069","Brazil"
"4399","Braze","BRZE","2548057856","22.46","United States"
"4400","Barwa Real Estate Company","BRES.QA","2546414485","0.654396","Qatar"
"4401","Alpha Metallurgical Resources","AMR","2544592896","198.91","United States"
"4402","Talos Energy","TALO","2542075136","15.23","United States"
"4403","TietoEVRY","TIETO.HE","2537948429","21.8845","Finland"
"4404","Trump Media &amp; Technology Group","DJT","2537626368","9.17","United States"
"4405","Hysan Development","0014.HK","2536907196","2.47019","Hong Kong"
"4406","Dr Lal PathLabs","LALPATHLAB.NS","2535523104","15.1852","India"
"4407","Al Ahli Bank of Kuwait","ABK.KW","2531191748","926.591","Kuwait"
"4408","Efes Beverage Group","AEFES.IS","2526506782","0.426699","Turkey"
"4409","OPmobility","OPM.PA","2525966049","17.6526","France"
"4410","Vivendi","VIV.PA","2524784511","2.53449","France"
"4411","Trinity Industries","TRN","2523733504","31.61","United States"
"4412","VNET Group","VNET","2516674304","8.84","China"
"4413","Acadia Healthcare","ACHC","2516215552","27.34","United States"
"4414","MSI (Micro-Star International)","2377.TW","2513639565","2.97523","Taiwan"
"4415","Turpaz Industries","TRPZ.TA","2513212970","23.0818","Israel"
"4416","InvenTrust Properties","IVT","2512016640","32.33","United States"
"4417","Boston Beer Company","SAM","2511623680","240.43","United States"
"4418","Deepak Nitrite","DEEPAKNTR.NS","2506835369","18.3795","India"
"4419","Harmonic Drive Systems","6324.T","2506434615","26.4764","Japan"
"4420","Bufab AB","BUFAB.ST","2503839053","13.2022","Sweden"
"4421","DRDGOLD","DRD","2499840000","28.82","South Africa"
"4422","Rémy Cointreau","RCO.PA","2498942997","47.7204","France"
"4423","DroneShield","DRO.AX","2494960847","2.7028","Australia"
"4424","Sino-American Silicon Products","5483.TWO","2493544260","4.06001","Taiwan"
"4425","Qatar Aluminium Manufacturing Company","QAMC.QA","2492658144","0.446703","Qatar"
"4426","Fairfax India Holdings","FIH-U.TO","2492443136","18.57","Canada"
"4427","Chorus","CNU.NZ","2492435851","5.74443","New Zealand"
"4428","StubHub Holdings","STUB","2489934336","6.98","United States"
"4429","Proximus","PROX.VI","2488912041","7.704","Belgium"
"4430","TAV Airports Holding","TAVHL.IS","2488664530","6.85052","Turkey"
"4431","Fluence Energy","FLNC","2486804992","13.52","United States"
"4432","Exail Technologies","EXA.PA","2486036306","146.481","France"
"4433","Cadeler A/S","CDLR","2483674112","25.74","Denmark"
"4434","First Merchants Corporation","FRME","2481569792","39.7","United States"
"4435","Home Product Center","HMPRO.BK","2477800672","0.19124","Thailand"
"4436","Baldwin Insurance Group","BWIN","2476577792","25.28","United States"
"4437","Nayax","NYAX","2475927808","66.24","Israel"
"4438","Capri Holdings","CPRI","2471417088","20.74","United Kingdom"
"4439","Mr Price Group","MRP.JO","2471348900","9.58908","South Africa"
"4440","Zai Lab","ZLAB","2471081472","21.88","China"
"4441","Construcciones y Auxiliar de Ferrocarriles","CAF.MC","2470344111","72.13","Spain"
"4442","Telesat","TSAT","2467435776","48.37","Canada"
"4443","Amplifon","AMP.MI","2467114482","11.2158","Italy"
"4444","Siltronic","WAF.F","2465513211","82.1838","Germany"
"4445","First Bancorp","FBNC","2463882752","59.55","United States"
"4446","Aya Gold &amp; Silver","AYA.TO","2463467538","17.2287","Canada"
"4447","Taiheiyo Cement","5233.T","2463200709","22.095","Japan"
"4448","Mabuchi Motor","6592.T","2460715087","10.0178","Japan"
"4449","Indraprastha Gas","IGL.NS","2459622744","1.75687","India"
"4450","Shawbrook Group PLC","SHAW.L","2457259443","4.72834","United Kingdom"
"4451","Geo Group","GEO","2452430592","18.48","United States"
"4452","Teradata","TDC","2449282816","25.91","United States"
"4453","Bangkok Expressway and Metro (BEM)","BEM.BK","2448573525","0.163479","Thailand"
"4454","Marriott Vacations Worldwide","VAC","2446760704","71.32","United States"
"4455","Kojamo","KOJAMO.HE","2446643012","10.1882","Finland"
"4456","Sekisui House Reit","3309.T","2443401671","567.709","Japan"
"4457","Tower Bersama Infrastructure","TBIG.JK","2443292252","0.108074","Indonesia"
"4458","Ströer","SAX.F","2443118598","43.7456","Germany"
"4459","Anima Holding","ANIM.MI","2440829442","7.50526","Italy"
"4460","Atrium Therapeutics","RNA","2438628096","15.47","United States"
"4461","NextNav","NN","2437625088","17.92","United States"
"4462","Tradegate Exchange","T2G.F","2436731467","99.9532","Germany"
"4463","Hornbach Baumarkt","HBM.HM","2435522545","76.5724","Germany"
"4464","Atkore","ATKR","2432396032","72.07","United States"
"4465","Versigent","VGNT","2432327168","34.31","Switzerland"
"4466","Xometry","XMTR","2429529088","46.88","United States"
"4467","Partner Communications","PTNR.TA","2427899126","12.9556","Israel"
"4468","Immofinanz","IMO1.F","2425918655","17.5824","Austria"
"4469","Benchmark Electronics","BHE","2425287680","67.6","United States"
"4470","Grindr","GRND","2421732096","13.08","United States"
"4471","Fuyo General Lease","8424.T","2407554691","26.6955","Japan"
"4472","Big Yellow Group","BYG.L","2405888185","12.2789","United Kingdom"
"4473","Ceconomy","CEC.DE","2405117234","4.95675","Germany"
"4474","Japan Display","6740.T","2404525140","0.61966","Japan"
"4475","Ramco Cements","RAMCOCEM.NS","2403547146","10.1719","India"
"4476","Quaker Houghton","KWR","2399001088","138.39","United States"
"4477","NV Bekaert","BEKB.BR","2395876065","49.0414","Belgium"
"4478","WisdomTree","WT","2394738432","16.91","United States"
"4479","Sonic Automotive","SAH","2391273472","71.22","United States"
"4480","Acadian Asset Management","AAMI","2391268864","66.94","United States"
"4481","Hammerson Plc","HMSO.L","2390525226","4.51011","United Kingdom"
"4482","Hatsun Agro Products","HATSUN.NS","2387753617","10.7195","India"
"4483","Ultragenyx Pharmaceutical","RARE","2387142144","24.28","United States"
"4484","HUTCHMED","HCM","2384930816","13.87","Hong Kong"
"4485","HBL","HBLENGINE.NS","2383794020","8.5997","India"
"4486","Delek US","DK","2381571328","39.82","United States"
"4487","Grafton Group","GFTU.L","2381512331","12.3301","Ireland"
"4488","OneSpaWorld","OSW","2381061376","23.47","Bahamas"
"4489","National Energy Services Reunited","NESR","2380825344","23.62","United States"
"4490","Itaú CorpBanca","ITCLY","2378989568","3.1","Chile"
"4491","Emaar The Economic City","4220.SR","2378019669","2.69333","Saudi Arabia"
"4492","Tekscend Photomask","429A.T","2377172018","23.9414","Japan"
"4493","Dentsply Sirona","XRAY","2377016832","11.9","United States"
"4494","Ichor Systems","ICHR","2376885760","68.41","United States"
"4495","Aecon Group","ARE.TO","2374695915","34.6836","Canada"
"4496","Electra","ELTR.TA","2374596758","30.9945","Israel"
"4497","AUB Group","AUB.AX","2374308129","18.1744","Australia"
"4498","Pearl Abyss","263750.KQ","2374049919","38.6531","South Korea"
"4499","Tuas Limited","TUA.AX","2371918370","4.32519","Australia"
"4500","ABM Industries","ABM","2371164416","40.51","United States"
"4501","Sumitomo Chemical
 India","SUMICHEM.NS","2370981882","4.75008","India"
"4502","Iluka Resources","ILU.AX","2370842156","5.49831","Australia"
"4503","Central Garden &amp; Pet","CENT","2367408128","38.02","United States"
"4504","MARAFIQ (The Power and Water Utility Company for Jubail and Yanbu)","2083.SR","2365003101","9.46001","Saudi Arabia"
"4505","NBT Bancorp","NBTB","2364337920","45.29","United States"
"4506","Brightstar Lottery","BRSL","2361966336","12.8","United Kingdom"
"4507","Optima bank","OPTIMA.AT","2359668556","10.6617","Greece"
"4508","Huntsman Corporation","HUN","2357826560","13.55","United States"
"4509","B&M European Value Retail","BME.L","2355774283","2.34396","Luxembourg"
"4510","Saudi Industrial Investment Group","2250.SR","2355422102","3.46743","Saudi Arabia"
"4511","Ardagh Metal Packaging","AMBP","2354936320","3.94","Luxembourg"
"4512","NETSCOUT","NTCT","2353661184","32.59","United States"
"4513","Eos Energy Enterprises","EOSE","2352754432","6.93","United States"
"4514","Topsports International","6110.HK","2351166763","0.379146","Hong Kong"
"4515","Doha Bank","DHBK.QA","2350051660","0.757967","Qatar"
"4516","MVV Energie","MVV1.F","2349961715","35.6558","Germany"
"4517","Mineralys Therapeutics","MLYS","2349056000","28.49","United States"
"4518","Shinsegae","004170.KS","2346216593","267.598","South Korea"
"4519","Krungthai Card","KTC.BK","2346109085","0.909932","Thailand"
"4520","Adeka Corporation","4401.T","2344062729","23.9539","Japan"
"4521","Gulf Navigation Holding","GULFNAV.AE","2343821987","0.740741","United Arab Emirates"
"4522","Basic-Fit","BFIT.AS","2340196965","35.7961","Netherlands"
"4523","ALTEN","ATE.PA","2334809113","66.7524","France"
"4524","DMG Mori","6141.T","2333504117","16.7527","Japan"
"4525","NCC","NCC-B.ST","2331724286","23.8436","Sweden"
"4526","MBC Group Co.","4072.SR","2330689501","7.00959","Saudi Arabia"
"4527","Mayora","MYOR.JK","2328318921","0.104895","Indonesia"
"4528","Tenable","TENB","2324826112","19.48","United States"
"4529","CECO Environmental","CECO","2324572672","64.8","United States"
"4530","Flynas Company","4264.SR","2323604613","13.6001","Saudi Arabia"
"4531","QNB Finans Finansal Kiralama (QNB Finansleasing)","QNBFK.IS","2320175131","0.92807","Turkey"
"4532","Kokuyo","7984.T","2319984459","5.39229","Japan"
"4533","Sabeco Brewery (Saigon Beer)","SAB.VN","2319382477","1.8084","Vietnam"
"4534","Definium Therapeutics","DFTX","2318978560","23.26","United States"
"4535","Sinfonia Technology","6507.T","2318881424","82.1832","Japan"
"4536","CASIO","6952.T","2315055056","10.2964","Japan"
"4537","Kumho Petrochemical","011780.KS","2314267842","89.0643","South Korea"
"4538","DNOW Inc.","DNOW","2312851200","12.44","United States"
"4539","Resorttrust","4681.T","2311400562","10.8973","Japan"
"4540","Crombie Real Estate Investment Trust","CRR-UN.TO","2310878036","12.3594","Canada"
"4541","Asahi India Glass","ASAHIINDIA.NS","2310522786","9.06346","India"
"4542","Hammond Power Solutions","HPS-A.TO","2308050619","193.874","Canada"
"4543","Alleima AB","ALLEI.ST","2305016690","9.21427","Sweden"
"4544","PENN Entertainment","PENN","2305008640","17.26","United States"
"4545","Spark New Zealand","SPK.NZ","2304470924","1.21923","New Zealand"
"4546","Gujarat Mineral Development","GMDCLTD.NS","2304428383","7.24663","India"
"4547","Freshworks","FRSH","2304169984","8.26","United States"
"4548","Mister Car Wash","MCW","2302638336","7.01","United States"
"4549","Melco Resorts &amp; Entertainment","MLCO","2302442752","5.66","Hong Kong"
"4550","Piramal Pharma","PPLPHARMA.NS","2301392397","1.73904","India"
"4551","Elekta AB","EKTA-B.ST","2300275186","6.02035","Sweden"
"4552","Pitney Bowes","PBI","2297869568","15.37","United States"
"4553","Lucid Motors","LCID","2296089088","6.27","United States"
"4554","Mitsui Fudosan Logistics Park","3471.T","2295394666","712.922","Japan"
"4555","Banner Bank","BANR","2295376640","67.76","United States"
"4556","Verra Mobility","VRRM","2295306752","15.11","United States"
"4557","Stanley Electric","6923.T","2294494887","18.668","Japan"
"4558","Insignia Financial (IOOF)","IFL.AX","2291159295","3.41594","Australia"
"4559","CSG International","CSGS","2291052544","80.33","United States"
"4560","alpataru Projects International","KPIL.NS","2290740623","13.414","India"
"4561","Rogers Corporation","ROG","2290438400","128.42","United States"
"4562","Calbee, Inc.","2229.T","2289213940","18.8277","Japan"
"4563","Daido Steel","5471.T","2289191789","11.4543","Japan"
"4564","Aktieselskabet Schouw & Co.","SCHO.CO","2289026705","101.043","Denmark"
"4565","Meidensha Corporation","6508.T","2288611147","50.4491","Japan"
"4566","Forvia SE","FRVIA.PA","2287778617","12.3451","France"
"4567","Bet Shemesh Engines","BSEN.TA","2285528327","239.672","Israel"
"4568","Merchants Bancorp","MBIN","2284774144","49.71","United States"
"4569","Ocado","OCDO.L","2283357821","2.74675","United Kingdom"
"4570","Antin Infrastructure Partners","ANTIN.PA","2280167450","12.766","France"
"4571","Kayne Anderson Capital Advisors","KYN","2279818752","13.48","United States"
"4572","Kangwon Land","035250.KS","2277845125","11.3662","South Korea"
"4573","Seino Holdings","9076.T","2275777962","15.2443","Japan"
"4574","Jenoptik","JEN.F","2275071243","39.7475","Germany"
"4575","Curaleaf","CURLF","2274884864","2.91","United States"
"4576","Ternium Argentina","TXAR.BA","2274772074","0.503592","Argentina"
"4577","Per Aarsleff Holding A/S B","PAAL-B.CO","2272577485","121.377","Denmark"
"4578","Burckhardt Compression","BCHN.SW","2269431575","671.602","Switzerland"
"4579","Sharp Corporation","6753.T","2269403826","3.49513","Japan"
"4580","Extreme Networks","EXTR","2269155072","16.9","United States"
"4581","Premier Foods","PFD.L","2265800350","2.62955","United Kingdom"
"4582","First Busey","BUSE","2265362432","26.52","United States"
"4583","Slide Insurance","SLDE","2265099520","18.22","United States"
"4584","Genus","GNS.L","2263481517","34.0818","United Kingdom"
"4585","Helios Technologies","HLIO","2261877760","68.32","United States"
"4586","Korea Gas","036460.KS","2261755074","25.9151","South Korea"
"4587","Bayer Crop Science","BAYERCROP.NS","2260315903","50.294","India"
"4588","Bavarian Nordic","BAVA.CO","2259887400","29.3901","Denmark"
"4589","nib holdings limited","NHF.AX","2259336612","4.62114","Australia"
"4590","Kitron ASA","KIT.OL","2257506786","10.3223","Norway"
"4591","Hilltop Holdings","HTH","2256705024","37.96","United States"
"4592","Universal Robina Corporation","UVRBF","2254921472","1.05","Philippines"
"4593","GN Store Nord","GN.CO","2254804479","15.485","Denmark"
"4594","Zip Co","ZIP.AX","2254302234","1.79355","Australia"
"4595","NW Natural","NWN","2251701248","53.51","United States"
"4596","Israel Canada (T.R) Ltd","ISCN.TA","2250440282","6.59765","Israel"
"4597","Dah Sing Banking Group","2356.HK","2250380919","1.60084","Hong Kong"
"4598","Bank of N. T. Butterfield & Son","NTB","2248288256","56.28","Bermuda"
"4599","O.Y. Nofar Energy","NOFR.TA","2247979389","58.753","Israel"
"4600","Sigma Lithium","SGML","2245883904","20.16","Canada"
"4601","Socionext","6526.T","2245877893","12.8157","Japan"
"4602","Toei Company","9605.T","2245026928","35.9278","Japan"
"4603","ePlus","PLUS","2243602944","84.86","United States"
"4604","Offcn Education","002607.SZ","2240883610","0.363343","China"
"4605","Lucky Cement","LUCK.PK","2239122037","1.52841","Pakistan"
"4606","Aozora Bank","8304.T","2239008437","16.18","Japan"
"4607","Organon","OGN","2238714624","8.6","United States"
"4608","Foran Mining","FOM.TO","2237861567","3.97135","Canada"
"4609","Veridis Environment","VRDS.TA","2237509985","14.5767","Israel"
"4610","OEM International","OEM-B.ST","2237367690","16.1263","Sweden"
"4611","GOL Airlines","GOLL54.SA","2234758186","1.85711","Brazil"
"4612","VIB (Vietnam International Commercial Joint Stock Bank)","VIB.VN","2233174807","0.656043","Vietnam"
"4613","Pakistan Petroleum","PPL.PK","2229105250","0.819233","Pakistan"
"4614","Park Hotels &amp; Resorts","PK","2227910656","11.07","United States"
"4615","Insight Enterprises","NSIT","2226740992","73.34","United States"
"4616","DO &amp; CO Aktiengesellschaft","DOC.VI","2226480625","202.712","Austria"
"4617","Cenomi Centers (Arabian Centres Company)","4321.SR","2225088318","4.68463","Saudi Arabia"
"4618","Day One Biopharmaceuticals","DAWN","2224784640","21.53","United States"
"4619","Phibro Animal Health","PAHC","2216843520","54.69","United States"
"4620","Minerals Technologies","MTX","2215316480","71.35","United States"
"4621","Zhongsheng Group","0881.HK","2211861503","0.93446","China"
"4622","Metcash","MTS.AX","2211608245","2.01105","Australia"
"4623","Coats Group","COA.L","2211362949","1.15514","United Kingdom"
"4624","Greggs","GRG.L","2209182059","21.6682","United Kingdom"
"4625","Juroku Financial Group","7380.T","2207093658","12.4621","Japan"
"4626","Etablissements Maurel &amp; Prom","MAU.PA","2206633742","11.0592","France"
"4627","Bank Danamon","BDMN.JK","2202904311","0.225394","Indonesia"
"4628","EIH Limited","EIHOTEL.NS","2200355299","3.51852","India"
"4629","Embracer Group","EMBRAC-B.ST","2200230335","6.77263","Sweden"
"4630","BioCryst Pharmaceuticals","BCRX","2197013504","8.76","United States"
"4631","Sanki Engineering","1961.T","2195858212","43.1258","Japan"
"4632","Imerys","NK.PA","2194063885","25.9995","France"
"4633","Mach Natural Resources LP","MNR","2193572608","13.04","United States"
"4634","Dr. Soliman Abdel Kader Fakeeh","4017.SR","2190537599","9.52408","Saudi Arabia"
"4635","Central Puerto","CEPU","2183799808","14.56","Argentina"
"4636","Bravida Holding","BRAV.ST","2183374089","10.6734","Sweden"
"4637","Tyra Biosciences","TYRA","2182513152","36.69","United States"
"4638","MIRAIT ONE Corporation","1417.T","2181477333","24.6049","Japan"
"4639","North Pacific Bank","8524.T","2180088798","5.80853","Japan"
"4640","Blue Bird Corporation","BLBD","2179388672","63.55","United States"
"4641","Bure Equity AB","BURE.ST","2179248184","29.075","Sweden"
"4642","Yamada Holdings","9831.T","2177579384","3.27731","Japan"
"4643","AddLife AB","ALIF-B.ST","2175967426","17.8557","Sweden"
"4644","Headwater Exploration","HWX.TO","2174877392","9.14725","Canada"
"4645","Grupo Aeromexico","AERO","2172501760","14.89","Mexico"
"4646","Dai-Dan","1980.T","2171141666","16.7809","Japan"
"4647","ARMOUR Residential REIT","ARR","2170807040","17.5","United States"
"4648","National Central Cooling Company","TABREED.AE","2169596694","0.762527","United Arab Emirates"
"4649","Alarm.com","ALRM","2167770880","43.46","United States"
"4650","Sinch","SINCH.ST","2166977605","3.02531","Sweden"
"4651","5N Plus","VNP.TO","2166625760","24.0909","Canada"
"4652","Emami","EMAMILTD.NS","2165128918","4.9602","India"
"4653","Resolute Mining","RSG.AX","2164473394","1.01266","Australia"
"4654","Dunelm Group","DNLM.L","2162740563","10.7432","United Kingdom"
"4655","Stewart Information Services","STC","2158349568","70.94","United States"
"4656","Gallantt Ispat","GALLANTT.NS","2157266059","8.94089","India"
"4657","Meitetsu","9048.T","2156343406","10.9943","Japan"
"4658","iFAST Corporation","AIY.SI","2155100793","7.07322","Singapore"
"4659","Aksa Energy","AKSEN.IS","2153067373","1.75569","Turkey"
"4660","Gelsenwasser","WWG.F","2149944438","625.438","Germany"
"4661","Cohu","COHU","2149367296","45.57","United States"
"4662","Ducommun","DCO","2145531392","143.16","United States"
"4663","Ivanhoe Electric","IE","2145525888","13.58","Canada"
"4664","Sarepta Therapeutics","SRPT","2143891200","20.42","United States"
"4665","First Advantage","FA","2142381952","12.29","United States"
"4666","Becamex (Investment and Industrial Development Corporation)","BCM.VN","2141325069","2.06891","Vietnam"
"4667","Danaos","DAC","2139454464","117.53","Greece"
"4668","DIC Corporation","4631.T","2134027161","22.5394","Japan"
"4669","Türkiye Kalkınma","KLNMA.IS","2133494478","0.213349","Turkey"
"4670","Hansol Chemical","014680.KS","2132940424","195.631","South Korea"
"4671","AQ Group","AQ.ST","2131718258","23.2383","Sweden"
"4672","National Industries Group Holding","NIND.KW","2128419791","854.812","Kuwait"
"4673","PFISTERER Holding SE","PFSE.DE","2128104832","117.606","Germany"
"4674","Gestamp Automoción","GEST.MC","2128101540","3.74094","Spain"
"4675","Adaptive Biotechnologies","ADPT","2128025216","13.82","United States"
"4676","Graubündner Kantonalbank","GRKP.SW","2127756950","2874.66","Switzerland"
"4677","Babcock &amp; Wilcox","BW","2125716736","15.66","United States"
"4678","The Chugoku Electric Power","9504.T","2125358556","5.91056","Japan"
"4679","Energean","ENOG.L","2122536880","11.4908","United Kingdom"
"4680","KPIT Technologies","KPITTECH.NS","2122411069","7.78574","India"
"4681","Alamo Group","ALG","2121604736","174.35","United States"
"4682","American Axle &amp; Manufacturing","AXL","2121012480","9","United States"
"4683","John Wiley &amp; Sons","WLY","2120666240","41.32","United States"
"4684","Banco Latinoamericano de Comercio Exterior","BLX","2118026496","56.89","Panama"
"4685","Digi International","DGII","2116380032","56.27","United States"
"4686","Autohome","ATHM","2115689728","18.37","China"
"4687","Semapa","SEM.LS","2114848288","26.4788","Portugal"
"4688","Savola Group","2050.SR","2114521562","7.08967","Saudi Arabia"
"4689","Pegasus Airlines","PGSUS.IS","2113493019","4.22699","Turkey"
"4690","Tate &amp; Lyle","TATE.L","2113426045","4.78492","United Kingdom"
"4691","Enterprise Financial Services Corp","EFSC","2109992064","57.68","United States"
"4692","Formosa Sumco Technology","3532.TW","2109809985","5.43978","Taiwan"
"4693","Oxford Instruments","OXIG.L","2108819933","38.15","United Kingdom"
"4694","KSB SE &amp; Co. KGaA","KSB.DE","2108799038","1204.12","Germany"
"4695","Peloton","PTON","2106170880","4.95","United States"
"4696","Activia Properties","3279.T","2103160039","885.05","Japan"
"4697","First National Financial","FN.TO","2103105189","35.0708","Canada"
"4698","Metrovacesa","MVC.MC","2101953418","13.8649","Spain"
"4699","Atul","ATUL.NS","2101821965","71.3892","India"
"4700","Perdoceo Education","PRDO","2101751040","33.52","United States"
"4701","Kuwait Telecommunications Company","STC.KW","2101739829","2104.4","Kuwait"
"4702","Arion banki","ARION.IC","2100273287","1.53827","Iceland"
"4703","Altius Minerals","ALS.TO","2099751340","37.6695","Canada"
"4704","Sable Offshore","SOC","2099700608","14.26","United States"
"4705","Aurinia Pharmaceuticals","AUPH","2097204352","16.14","Canada"
"4706","AEON Financial Service","8570.T","2095805518","9.70801","Japan"
"4707","City Union Bank","CUB.NS","2093869909","2.81779","India"
"4708","Aker Solutions ASA","AKSO.OL","2093751785","4.31113","Norway"
"4709","Jungfraubahn Holding AG","JFN.SW","2092908219","358.696","Switzerland"
"4710","AF Gruppen","AFG.OL","2092754714","18.415","Norway"
"4711","Grand City Properties","GYC.DE","2091929495","11.8775","Luxembourg"
"4712","Ocular Therapeutix","OCUL","2087664128","9.59","United States"
"4713","Mitchells &amp; Butlers plc","MAB.L","2086878957","3.51595","United Kingdom"
"4714","Freehold Royalties","FRU.TO","2086295646","12.7244","Canada"
"4715","Nippon Shinyaku","4516.T","2085752891","30.9455","Japan"
"4716","Yellow Cake plc","YCA.L","2084697206","8.25103","Jersey"
"4717","Genesis Energy  L.P.","GEL","2084342784","17.02","United States"
"4718","Arabian Drilling Company","2381.SR","2081096034","23.3831","Saudi Arabia"
"4719","Keihan Holdings","9045.T","2079751424","20.6115","Japan"
"4720","Stock Yards Bancorp","SYBT","2079107072","70.44","United States"
"4721","Safestore","SAFE.L","2078819598","9.51731","United Kingdom"
"4722","Hacksaw AB","HACK.ST","2078646394","7.18767","Sweden"
"4723","GRAIL","GRAL","2077676032","50.65","United States"
"4724","Formula Systems","FORTY","2077576320","135.5","Israel"
"4725","AvePoint","AVPT","2077522816","9.62","United States"
"4726","Zeon Corporation","4205.T","2076757151","10.8534","Japan"
"4727","Diamondrock Hospitality Company","DRH","2075148160","10.14","United States"
"4728","Russel Metals","RUS.TO","2073342679","37.6549","Canada"
"4729","Scatec ASA","SCATC.OL","2073211724","12.9698","Norway"
"4730","AlzChem Group","ACT.DE","2072318142","204.7","Germany"
"4731","Compañía Cervecerías Unidas","CCU","2071709056","11.19","Chile"
"4732","Monarch Casino &amp; Resort","MCRI","2069380864","116.65","United States"
"4733","Bausch Health","BHC","2068988288","5.54","Canada"
"4734","Monadelphous Group","MND.AX","2068599868","20.6668","Australia"
"4735","Stoke Therapeutics","STOK","2066137216","34.93","United States"
"4736","4DMedical Limited","4DX.AX","2063680141","3.49438","Australia"
"4737","Keller Group","KLR.L","2063644243","29.8788","United Kingdom"
"4738","ProPetro","PUMP","2063643648","16.83","United States"
"4739","Aura Investments","AURA.TA","2062839608","7.22013","Israel"
"4740","L1 Group","L1G.AX","2062758742","0.803708","Australia"
"4741","Cyfrowy Polsat","CPS.WA","2062332697","3.74491","Poland"
"4742","Coty","COTY","2059214720","2.34","United States"
"4743","Kinnevik","KINV-A.ST","2059015195","7.29576","Sweden"
"4744","G2 Goldfields","GTWO.TO","2058564758","7.96461","Canada"
"4745","Tecan","TECN.SW","2057319830","162.558","Switzerland"
"4746","Skyward Specialty Insurance Group","SKWD","2056998656","46.18","United States"
"4747","Al Masane Al Kobra Mining Company","1322.SR","2056816763","22.8893","Saudi Arabia"
"4748","Asset World Corp","AWC.BK","2054756747","0.0641579","Thailand"
"4749","Tecnoglass","TGLS","2054178432","44.11","Colombia"
"4750","Patria Investments","PAX","2053954816","12.88","Cayman Islands"
"4751","H&amp;R REIT","HR-UN.TO","2053094942","7.7602","Canada"
"4752","Gimv NV","GIMB.BR","2050667228","55.8218","Belgium"
"4753","Ora Banda Mining","OBM.AX","2050574256","1.064","Australia"
"4754","RBL Bank","RBLBANK.NS","2050323558","3.31582","India"
"4755","Saudi Kayan Petrochemical Company","2350.SR","2050025439","1.36668","Saudi Arabia"
"4756","Vaisala","VAIAS.HE","2048673607","56.4648","Finland"
"4757","Shanghai Industrial Holdings Limited","0363.HK","2048567002","1.88424","Hong Kong"
"4758","Lightwave Logic","LWLG","2048305664","13.6","United States"
"4759","Atrium Ljungberg","ATRLJ-B.ST","2047936190","3.24796","Sweden"
"4760","Entra","ENTRA.OL","2047669403","11.2977","Norway"
"4761","Weibo","WB","2046452480","8.33","China"
"4762","GFH Financial Group","GFH.AE","2045720061","0.53","Bahrain"
"4763","Select Water Solutions","WTTR","2043315456","16.77","United States"
"4764","Íslandsbanki","ISB.IC","2043082913","1.18655","Iceland"
"4765","Getty Realty","GTY","2041350656","33.76","United States"
"4766","Quantum Computing","QUBT","2040974464","9.05","United States"
"4767","Austevoll Seafood","AUSS.OL","2040016849","10.1079","Norway"
"4768","Neuland Laboratories","NEULANDLAB.NS","2039193810","158.941","India"
"4769","DAIHEN Corporation","6622.T","2039065285","86.3769","Japan"
"4770","Zymeworks","ZYME","2038125568","27.43","Canada"
"4771","Select Medical Holdings","SEM","2037620736","16.43","United States"
"4772","Driven Brands","DRVN","2037587840","12.39","United States"
"4773","Natco Pharma","NATCOPHARM.NS","2036583463","11.3706","India"
"4774","Pacific Basin Shipping","2343.HK","2036537675","0.394465","Hong Kong"
"4775","Neogen","NEOG","2035243008","9.35","United States"
"4776","Werner Enterprises","WERN","2032908416","33.91","United States"
"4777","Godawari Power &amp; Ispat","GPIL.NS","2031826661","3.1248","India"
"4778","Pan Ocean","028670.KS","2030152580","3.79773","South Korea"
"4779","Batelco (Bahrain Telecommunication Company)","BEYON.BH","2029368678","1.4191","Bahrain"
"4780","Chagee","CHA","2028417280","10.92","China"
"4781","Global Net Lease","GNL","2028341504","9.47","United States"
"4782","Celulosa Argentina","CELU.BA","2026812663","0.20079","Argentina"
"4783","Netstreit","NTST","2026709632","20.75","United States"
"4784","Bao Viet Holdings","BVH.VN","2024208692","2.72686","Vietnam"
"4785","Fagron","FAGR.BR","2023594496","27.5894","Belgium"
"4786","BWP Trust","BWP.AX","2023411146","2.79194","Australia"
"4787","Cosmo Pharmaceuticals","C43.F","2022669287","118.073","Ireland"
"4788","DXC Technology","DXC","2021841152","11.91","United States"
"4789","Goodyear","GT","2019946624","7.05","United States"
"4790","Huron Consulting","HURN","2019540864","121.83","United States"
"4791","EverCommerce","EVCM","2017159552","11.36","United States"
"4792","Kajaria Ceramics","KAJARIACER.NS","2014609291","12.6488","India"
"4793","Intershop Holding","ISN.SW","2014254437","218.525","Switzerland"
"4794","Trevi Therapeutics","TRVI","2013940992","14.19","United States"
"4795","Maruichi Steel Tube","5463.T","2013350511","9.104","Japan"
"4796","Atlas Energy Solutions","AESI","2011609856","16.11","United States"
"4797","Syrma SGS Technology","SYRMA.NS","2010470779","10.4372","India"
"4798","WHA Corporation","WHA.BK","2010123484","0.134485","Thailand"
"4799","Qatar Insurance Company","QATI.QA","2009011142","0.61511","Qatar"
"4800","Zhejiang Jinke Tom Culture Industry","300459.SZ","2008887562","0.571387","China"
"4801","BillerudKorsnäs","BILL.ST","2008036942","8.07397","Sweden"
"4802","Kosé","4922.T","2007447493","35.2831","Japan"
"4803","NRW Holdings Limited","NWH.AX","2006942437","4.36798","Australia"
"4804","SMA Solar Technology","S92.F","2004762605","57.7741","Germany"
"4805","Fresh Del Monte Produce","FDP","2004323200","42.3","Cayman Islands"
"4806","Shangri-La","0069.HK","2004211489","0.562974","Hong Kong"
"4807","Mesoblast","MESO","2003879552","15.5","Australia"
"4808","Landis+Gyr","LAND.SW","2000565969","69.3225","Switzerland"
"4809","LendingClub","LC","2000423424","17.32","United States"
"4810","Universal Technical Institute","UTI","1998894976","36.33","United States"
"4811","Shibaura Mechatronics","6590.T","1998791195","30.451","Japan"
"4812","Redwire","RDW","1997143936","10.04","United States"
"4813","EMSTEEL Building Materials PJSC","EMSTEEL.AE","1996051236","0.29","United Arab Emirates"
"4814","Clarkson PLC","CKN.L","1994525324","64.9575","United Kingdom"
"4815","HCI Group","HCI","1994524928","153.52","United States"
"4816","Muangthai Capital","MTC.BK","1994448008","0.940777","Thailand"
"4817","SPS Commerce","SPSC","1993681280","53.32","United States"
"4818","V2X","VVX","1991282048","63.68","United States"
"4819","Navios Maritime Partners","NMM","1988800640","69.67","Monaco"
"4820","Neinor Homes","HOME.MC","1986741151","20.166","Spain"
"4821","Pluxee","PLX.PA","1986190485","14.2506","France"
"4822","Custom Truck One Source","CTOS","1985243136","8.76","United States"
"4823","Extendicare","EXE.TO","1984171736","21.0059","Canada"
"4824","CoreCivic","CXW","1981691264","20.04","United States"
"4825","Cimpress","CMPR","1981186048","81.58","Ireland"
"4826","Beach Energy","BPT.AX","1979948747","0.867891","Australia"
"4827","TKH Group","TWEKA.AS","1978814100","49.6142","Netherlands"
"4828","Imax Corp","IMAX","1976684288","36.61","Canada"
"4829","AVI Limited","AVI.JO","1976002200","5.92178","South Africa"
"4830","DCM Shriram","DCMSHRIRAM.NS","1975554760","12.7581","India"
"4831","Elkem","ELK.OL","1974173272","3.11276","Norway"
"4832","Rengo Co., Ltd.","3941.T","1974075879","7.95856","Japan"
"4833","Aluar Aluminio Argentino","ALUA.BA","1972270139","0.704382","Argentina"
"4834","Nankai Electric Railway","9044.T","1971326908","18.2143","Japan"
"4835","NextDecade Corp","NEXT","1968430336","7.43","United States"
"4836","Vtech","0303.HK","1967242832","7.7744","Hong Kong"
"4837","Fuso Chemical","4368.T","1966071598","18.5835","Japan"
"4838","MM Group (Mayr-Melnhof AG)","MYM.F","1964904986","101.122","Austria"
"4839","Montea Comm","MONT.BR","1964098589","84.288","Belgium"
"4840","Spectrum Brands","SPB","1963118464","84.33","United States"
"4841","Northwest Bancshares","NWBI","1962833920","13.42","United States"
"4842","Craftsman Automation","CRAFTSMAN.NS","1962142589","82.2509","India"
"4843","Costamare","CMRE","1961979136","16.27","Monaco"
"4844","Vietnam National Petroleum Group","PLX.VN","1961894230","1.54408","Vietnam"
"4845","Pharma Mar","PHM.MC","1961405562","113.339","Spain"
"4846","Cellcom Israel","CEL.TA","1959073925","11.6374","Israel"
"4847","JEOL Ltd.","6951.T","1958840549","40.2216","Japan"
"4848","Nexa Resources","NEXA","1958766976","14.79","Luxembourg"
"4849","DNO ASA","DNO.OL","1958498707","2.00872","Norway"
"4850","Capricor Therapeutics","CAPR","1958465920","33.86","United States"
"4851","EZCorp","EZPW","1957652864","31.73","United States"
"4852","Arcos Dorados Holdings","ARCO","1957059840","9.29","Uruguay"
"4853","Gorman-Rupp","GRC","1956886144","74.37","United States"
"4854","Nippon Shokubai","4114.T","1956497677","13.2413","Japan"
"4855","Jetblue Airways","JBLU","1953099136","5.25","United States"
"4856","Super Retail Group","SUL.AX","1951875192","8.64325","Australia"
"4857","Anant Raj","ANANTRAJ.NS","1948712682","5.41494","India"
"4858","OFG Bancorp","OFG","1948047616","46.1","United States"
"4859","Ratch Group","RATCH.BK","1945558417","0.89451","Thailand"
"4860","Retal Urban Development Company","4322.SR","1944844510","3.89718","Saudi Arabia"
"4861","nCino","NCNO","1943910272","16.95","United States"
"4862","Hotel Properties Limited","H15.SI","1943591618","3.6618","Singapore"
"4863","Expro Group","XPRO","1943115776","17.08","United States"
"4864","Axogen","AXGN","1941492224","37.41","United States"
"4865","Perella Weinberg Partners","PWP","1940579712","20.93","United States"
"4866","GeneDx Holdings","WGS","1940086016","66.24","United States"
"4867","Paragon Banking Group","PAG.L","1939240776","10.494","United Kingdom"
"4868","Rai Way","RWAY.MI","1936722242","7.213","Italy"
"4869","Caisse Régionale de Crédit Agricole Mutuel du Languedoc","CRLA.PA","1936301910","98.1997","France"
"4870","Americas Gold and Silver Corp","USAS","1935805184","5.94","Canada"
"4871","Grindwell Norton","GRINDWELL.NS","1933810597","17.4658","India"
"4872","Castrol India","CASTROLIND.NS","1929854130","1.95108","India"
"4873","Cogeco","CCA.TO","1927056696","45.8677","Canada"
"4874","Galapagos NV","GLPG","1926128640","28.68","Belgium"
"4875","First Commonwealth Financial Corp","FCF","1925563776","18.84","United States"
"4876","Amylyx Pharmaceuticals","AMLX","1924007040","17.32","United States"
"4877","Stolt-Nielsen Limited","0OHK.L","1923887034","31.9962","United Kingdom"
"4878","HBX Group International plc","HBX.MC","1921143323","7.84428","United Kingdom"
"4879","Boursa Kuwait Securities Company","BOURSA.KW","1920634647","9566.07","Kuwait"
"4880","Pfeiffer Vacuum","PFV.F","1919544445","194.529","Germany"
"4881","Snowline Gold Corp.","SGD.TO","1919248921","10.9139","Canada"
"4882","Carborundum Universal","CARBORUNIV.NS","1918570505","10.0716","India"
"4883","Kemper","KMPR","1918492160","32.63","United States"
"4884","National Vision Holdings","EYE","1918407936","24.15","United States"
"4885","National Bank Holdings","NBHC","1918200832","42.92","United States"
"4886","Rupert Resources","RUP.TO","1918096574","8.14712","Canada"
"4887","Dalrymple Bay Infrastructure","DBI.AX","1916226155","3.86522","Australia"
"4888","Establishment Labs","ESTA","1913541632","65.12","Costa Rica"
"4889","Tata Chemicals","TATACHEM.NS","1913307908","7.51035","India"
"4890","Stellar Bancorp","STEL","1912205824","37.56","United States"
"4891","BellRing Brands","BRBR","1911493120","16.3","United States"
"4892","SoftwareONE","SWON.SW","1909613812","8.89109","Switzerland"
"4893","Vermilion Energy","VET","1909448576","12.46","Canada"
"4894","A10 Networks","ATEN","1909292032","26.62","United States"
"4895","Hamburger Hafen","HHFA.F","1908185456","25.3682","Germany"
"4896","Innospec","IOSP","1908103424","76.66","United States"
"4897","Parex Resources","PXT.TO","1907838147","19.8787","Canada"
"4898","Himax Technologies","HIMX","1906475392","10.93","Taiwan"
"4899","SSP Group","SSPG.L","1905646663","2.44769","United Kingdom"
"4900","MITSUI-SOKO HOLDINGS Co., Ltd.","9302.T","1904286695","24.7927","Japan"
"4901","Caisse Régionale de Crédit Agricole Mutuel Nord de France","CNDF.PA","1903636323","32.4994","France"
"4902","Chambal Fertilisers","CHAMBLFERT.NS","1900366582","4.74318","India"
"4903","HBM Healthcare Investments","HBMN.SW","1898925166","288.738","Switzerland"
"4904","SigmaRoc plc","SRC.L","1897738698","1.71082","United Kingdom"
"4905","IIFL Finance","IIFL.NS","1895542666","4.45771","India"
"4906","Surgery Partners","SGRY","1893412224","14.63","United States"
"4907","Region Group","RGN.AX","1893174015","1.64735","Australia"
"4908","Adecoagro","AGRO","1891993984","13.27","Luxembourg"
"4909","Koh Young Technology","098460.KQ","1891191615","28.5844","South Korea"
"4910","Pediatrix Medical Group","MD","1890721152","22.76","United States"
"4911","Gränges","GRNG.ST","1889967514","17.7476","Sweden"
"4912","Revolve Group","RVLV","1889319936","26.45","United States"
"4913","Musashi Seimitsu Industry","7220.T","1889196781","28.8236","Japan"
"4914","Collective Mining","CNL","1888540032","20.4","Canada"
"4915","Ashmore Group","ASHM.L","1888270071","2.90436","United Kingdom"
"4916","CIE Automotive India","CIEINDIA.NS","1886545637","4.97294","India"
"4917","ReNew Power","RNW","1886543616","5.18","India"
"4918","Bird Construction","BDT.TO","1884086088","34.0193","Canada"
"4919","Punjab &amp; Sind Bank","PSB.NS","1883270575","0.265414","India"
"4920","Federal Agricultural Mortgage Corporation","AGM","1882600448","173.4","United States"
"4921","SUNeVision","1686.HK","1877580802","0.795312","Hong Kong"
"4922","LTC Properties","LTC","1877318144","37.92","United States"
"4923","Peugeot Invest Société anonyme","PEUG.PA","1877090465","75.6371","France"
"4924","Champion Iron","CIA.AX","1876693622","3.51934","Australia"
"4925","SJM Holdings","0880.HK","1876673981","0.264253","Hong Kong"
"4926","Six Flags","FUN","1876570752","18.4","United States"
"4927","Intellia Therapeutics","NTLA","1874779392","15.87","United States"
"4928","Alef Education","ALEFEDT.AE","1873910710","0.27","United Arab Emirates"
"4929","Eramet","ERA.PA","1873733794","65.3495","France"
"4930","HIAG Immobilien","HIAG.SW","1873237248","185.199","Switzerland"
"4931","Électricite de Strasbourg","ELEC.PA","1873226224","261.281","France"
"4932","Avio S.p.A.","AVIO.MI","1871455113","40.8581","Italy"
"4933","Elgi Equipments","ELGIEQUIP.NS","1871443077","5.93654","India"
"4934","Globant","GLOB","1870538368","43.32","Luxembourg"
"4935","Yuexiu Property","0123.HK","1870507157","0.464677","Hong Kong"
"4936","Innovex International","INVX","1870417408","27.28","United States"
"4937","Vertex","VERX","1869896064","11.69","United States"
"4938","Pathward Financial","CASH","1869571712","87.66","United States"
"4939","Lovisa Holdings","LOV.AX","1869267295","16.88","Australia"
"4940","Métropole Télévision (Groupe M6)","MMT.PA","1868374225","14.8702","France"
"4941","Horace Mann Educators","HMN","1868032896","46.26","United States"
"4942","Welspun India","WELSPUNIND.NS","1867418314","1.91","India"
"4943","Inox Wind","INOXWIND.NS","1866893009","1.08023","India"
"4944","DEUTZ","DEZ.DE","1866488941","12.2282","Germany"
"4945","ARYZTA AG","ARYN.SW","1866158645","75.1736","Switzerland"
"4946","Ourpalm","300315.SZ","1864445128","0.688594","China"
"4947","Embla Medical","EMBLA.CO","1863493548","4.36394","Iceland"
"4948","OVH Groupe","OVH.PA","1862852149","12.462","France"
"4949","Solvac","SOLV.BR","1861631854","87.0938","Belgium"
"4950","SmartStop Self Storage REIT","SMA","1861350656","32.49","United States"
"4951","Argan SA","ARG.PA","1860825756","72.2469","France"
"4952","Flowers Foods","FLO","1860099712","8.78","United States"
"4953","Hertz","HTZ","1858812928","5.9","United States"
"4954","Enerpac Tool Group","EPAC","1857198080","35.19","United States"
"4955","Oki Electric Industry Co., Ltd.","6703.T","1856939278","21.4064","Japan"
"4956","Harmony Biosciences","HRMY","1856385920","32.08","United States"
"4957","CenturyPly","CENTURYPLY.NS","1856039196","8.35403","India"
"4958","Realia Business","RLIA.MC","1853013178","1.2275","Spain"
"4959","Syndax Pharmaceuticals","SNDX","1852212480","21","United States"
"4960","Nisshinbo Holdings","3105.T","1851721502","11.8549","Japan"
"4961","Rakus Co., Ltd.","3923.T","1848953251","5.22142","Japan"
"4962","Recursion Pharmaceuticals","RXRX","1848708096","3.5","United States"
"4963","HomeCo Daily Needs REIT","HDN.AX","1847552799","0.884293","Australia"
"4964","Champion REIT","2778.HK","1845855938","0.299997","Hong Kong"
"4965","Dis-Chem Pharmacies","DCP.JO","1844439900","2.15228","South Africa"
"4966","PORR","ABS2.F","1843607258","46.9371","Austria"
"4967","NFI Group","NFI.TO","1839784282","15.4474","Canada"
"4968","Taysha Gene Therapies","TSHA","1838988672","6.4","United States"
"4969","Fidelis Insurance","FIHL","1837722368","21.29","Bermuda"
"4970","Astrana Health","ASTH","1834646656","32.93","United States"
"4971","Kraken Robotics","PNG.V","1833934411","5.97032","Canada"
"4972","Icade","ICAD.PA","1833157915","24.1758","France"
"4973","Chalet Hotels","CHALET.NS","1832388025","8.36729","India"
"4974","Metsä Board","METSA.HE","1830979641","5.15548","Finland"
"4975","Redington India","REDINGTON.NS","1830860208","2.34193","India"
"4976","Montana Aerospace","AERO.SW","1829750007","29.1918","Switzerland"
"4977","Ratnamani Metals &amp; Tubes","RATNAMANI.NS","1829696480","26.1042","India"
"4978","Berli Jucker (BJC)","BJC.BK","1829592716","0.456508","Thailand"
"4979","Jeudan","JDAN.CO","1827956826","33.0033","Denmark"
"4980","Electrolux","ELUX-A.ST","1827292555","6.75533","Sweden"
"4981","Danya Cebus","DNYA.TA","1827249737","55.6906","Israel"
"4982","Lanxess","LXS.F","1827061081","21.1597","Germany"
"4983","Syngene International","SYNGENE.NS","1826731433","4.54579","India"
"4984","Storskogen Group","STOR-B.ST","1826178678","1.08788","Sweden"
"4985","AB Ignitis grupe","IGN1L.VS","1823687202","25.1929","Lithuania"
"4986","Marqeta","MQ","1822716928","4.29","United States"
"4987","Eurocommercial Properties","ECMPA.AS","1821796831","33.3177","Netherlands"
"4988","Worthington Steel","WS","1820391168","35.83","United States"
"4989","Saudia Dairy &amp; Foodstuff Company","2270.SR","1818808399","56.9096","Saudi Arabia"
"4990","Palvella Therapeutics","PVLA","1818550400","127.05","United States"
"4991","Fuji Oil Holdings","2607.T","1817977220","21.1436","Japan"
"4992","City Holding Company","CHCO","1817481088","126.65","United States"
"4993","Saudi Chemical Holding Company","2230.SR","1816360942","2.15413","Saudi Arabia"
"4994","Winpak","WPK.TO","1815792073","30.9532","Canada"
"4995","Sunstone Hotel Investors","SHO","1811806336","9.56","United States"
"4996","Semrush","SEMR","1811145088","11.98","United States"
"4997","Currys plc","CURY.L","1811024201","1.74316","United Kingdom"
"4998","Evertec","EVTC","1810405632","29.38","United States"
"4999","SeABank (Southeast Asia Commercial Joint Stock Bank)","SSB.VN","1806933089","0.635126","Vietnam"
"5000","FMC Corporation","FMC","1806900736","14.45","United States"
"5001","Granules India","GRANULES.NS","1806474599","7.29014","India"
"5002","KSB ltd","KSB.NS","1805682262","10.3751","India"
"5003","SPACE42","SPACE42.AE","1802573213","0.38","United Arab Emirates"
"5004","Artivion","AORT","1802111104","37.16","United States"
"5005","Union Tool","6278.T","1801680901","103.464","Japan"
"5006","Encore Capital Group","ECPG","1800603904","84.1","United States"
"5007","KFin Technologies","KFINTECH.NS","1797983539","10.4202","India"
"5008","Aarti Industries","AARTIIND.NS","1795094474","4.94428","India"
"5009","Dom Development","DOM.WA","1795047464","69.5797","Poland"
"5010","TriNet","TNET","1794577024","38.91","United States"
"5011","Magnite","MGNI","1794483968","12.53","United States"
"5012","ZoomInfo","GTM","1792079616","5.87","United States"
"5013","Hanmi Pharmaceutical","008930.KS","1791416292","26.4557","South Korea"
"5014","Dana Gas","DANA.AE","1790754655","0.26","United Arab Emirates"
"5015","POET Technologies","POET","1789775104","11.72","Canada"
"5016","China Lesso Group","2128.HK","1788673562","0.580846","China"
"5017","LiveRamp","RAMP","1788532480","28.1","United States"
"5018","Borregaard","BRG.OL","1786909057","17.8791","Norway"
"5019","Electricity Generating Public Company","EGCO.BK","1786278588","3.39297","Thailand"
"5020","Tabcorp","TAH.AX","1785393135","0.778748","Australia"
"5021","Pharvaris","PHVS","1784979584","27.29","Netherlands"
"5022","Voyager Technologies","VOYG","1781549952","30.12","United States"
"5023","Fortress REIT","FFB.JO","1780545400","1.45429","South Africa"
"5024","1st Source","SRCE","1778690304","73.9","United States"
"5025","Ziff Davis","ZD","1777206784","46.97","United States"
"5026","Prodea Real Estate Investment Company","PRODEA.AT","1777171309","6.95581","Greece"
"5027","Thermon Group","THR","1777083648","54.07","United States"
"5028","ANI Pharmaceuticals","ANIP","1775880448","78.06","United States"
"5029","BigBear.ai","BBAI","1775691008","3.73","United States"
"5030","Veris Residential","VRE","1775415296","18.92","United States"
"5031","Fluxys Belgium","FLUX.BR","1774247989","25.2513","Belgium"
"5032","Amara Raja Energy &amp; Mobility","ARE&M.NS","1773926027","9.69224","India"
"5033","Heineken Malaysia","3255.KL","1773465013","5.8705","Malaysia"
"5034","Agilysys","AGYS","1773349376","63.09","United States"
"5035","Interroll","INRN.SW","1773259251","2124.2","Switzerland"
"5036","Dürr","DUE.F","1771715523","25.6021","Germany"
"5037","National Industrialization Company (Saudi Arabia)","2060.SR","1769464971","2.64528","Saudi Arabia"
"5038","The North West Company","NWC.TO","1769260141","37.2971","Canada"
"5039","Al Salam Bank","SALAM.BH","1768751832","1.22016","Bahrain"
"5040","Faes Farma","FAE.MC","1768447139","5.68155","Spain"
"5041","NGL Energy Partners","NGL","1766829952","14.27","United States"
"5042","Usiminas","USIM5.SA","1766364270","1.43497","Brazil"
"5043","RHI Magnesita","RHF.F","1765300709","37.2925","Austria"
"5044","Douglas Emmett","DEI","1763619840","10.53","United States"
"5045","Sixth Street Specialty Lending","TSLX","1762613504","18.55","United States"
"5046","The Bank of Nagoya","8522.T","1761399632","35.8026","Japan"
"5047","Addus HomeCare","ADUS","1761075968","94.46","United States"
"5048","ARE Holdings","5857.T","1760267678","22.9712","Japan"
"5049","Newell Brands","NWL","1759200896","4.14","United States"
"5050","Soho House & Co","SHCO","1758889344","8.99","United States"
"5051","Crompton Greaves Consumer Electricals","CROMPTON.NS","1757562892","2.68906","India"
"5052","Vitrolife AB","VITR.ST","1755318316","12.9594","Sweden"
"5053","Sammaan Capital","SAMMAANCAP.NS","1754044931","1.53083","India"
"5054","Weis Markets","WMK","1753649536","70.87","United States"
"5055","Nuvation Bio","NUVB","1752336512","5.04","United States"
"5056","Hillman Solutions","HLMN","1752151936","8.93","United States"
"5057","Vericel","VCEL","1752047104","34.4","United States"
"5058","Inhibrx Biosciences","INBX","1751821824","119.93","United States"
"5059","BlackLine","BL","1750515200","29.39","United States"
"5060","atai Life Sciences","ATAI","1750193536","4.77","Germany"
"5061","PDF Solutions","PDFS","1749606528","43.86","United States"
"5062","Solaris Resources","SLSR","1747189504","10.46","Canada"
"5063","Proeduca Altus","PRO.MC","1746356315","38.6676","Spain"
"5064","Intapp","INTA","1746196608","21.72","United States"
"5065","Sanoma","SANOMA.HE","1745467443","10.7435","Finland"
"5066","Advanced Petrochemical","2330.SR","1744763804","6.71063","Saudi Arabia"
"5067","Elvalhalcor Hellenic Copper and Aluminium Industry","ELHA.AT","1744279171","4.65279","Greece"
"5068","Sonos","SONO","1742983680","14.42","United States"
"5069","I.B.I. Investment House","IBI.TA","1742504128","123.825","Israel"
"5070","HPH Trust (Hutchison Port)","NS8U.SI","1742220288","0.2","Singapore"
"5071","Bellevue Gold","BGL.AX","1740205509","1.16741","Australia"
"5072","Bonesupport Holding AB","BONEX.ST","1739739863","26.4161","Sweden"
"5073","GigaCloud Technology","GCT","1739359360","47.5","China"
"5074","STEF SA","STF.PA","1739198376","137.48","France"
"5075","Innoviva","INVA","1738725888","23.48","United States"
"5076","Rapport Therapeutics","RAPP","1738285184","36.36","United States"
"5077","Isracard","ISCD.TA","1734861017","5.32938","Israel"
"5078","Europris","EPR.OL","1734839858","10.601","Norway"
"5079","Ariston Holding","ARIS.MI","1734189408","4.72294","Italy"
"5080","Live Oak Bank","LOB","1733101056","37.48","United States"
"5081","MCB Bank Pakistan","MCB.PK","1732733943","1.46215","Pakistan"
"5082","Fletcher Building","FBU.NZ","1732689362","1.61196","New Zealand"
"5083","DeNA","2432.T","1732476050","16.1331","Japan"
"5084","NP3 Fastigheter AB","NP3.ST","1730554693","28.1022","Sweden"
"5085","AdaptHealth","AHCO","1730195584","12.73","United States"
"5086","Telkom SA","TKG.JO","1728397800","3.51099","South Africa"
"5087","Minera Valparaíso","MINERA.SN","1726787936","13.8143","Chile"
"5088","Sionna Therapeutics","SION","1725676032","38.35","United States"
"5089","Ingles Markets","IMKTA","1725639040","90.85","United States"
"5090","TPBank (Tien Phong Commercial Joint Stock Bank)","TPB.VN","1724947957","0.621815","Vietnam"
"5091","Nerolac Paints","KANSAINER.NS","1722614533","2.13021","India"
"5092","Makino Milling Machine","6135.T","1721829244","73.6081","Japan"
"5093","Great Portland Estates","GPE.L","1721604284","4.26763","United Kingdom"
"5094","Money Forward","3994.T","1719971232","31.008","Japan"
"5095","Volution Group","FAN.L","1718027922","8.67536","United Kingdom"
"5096","Deutsche EuroShop","DEQ.F","1717276020","22.8899","Germany"
"5097","BASF India","BASF.NS","1716817800","39.6625","India"
"5098","Borr Drilling","BORR","1716680064","5.57","Bermuda"
"5099","Companhia Siderúrgica Nacional","SID","1715389056","1.29","Brazil"
"5100","Nurix Therapeutics","NRIX","1713434368","16.57","United States"
"5101","Bank Dhofar","BKDB.OM","1713341033","0.563636","Oman"
"5102","Ipsos","IPS.PA","1712151082","40.3554","France"
"5103","Great Eagle","0041.HK","1711592637","2.28509","Hong Kong"
"5104","Atea ASA","ATEA.OL","1710733983","15.3709","Norway"
"5105","Goodman Property Trust","GMT.NZ","1709276616","1.11079","New Zealand"
"5106","Friedrich Vorwerk Group","VH2.DE","1706803783","85.3402","Germany"
"5107","RPC, Inc.","RES","1706622336","7.7","United States"
"5108","Alkami Technology","ALKT","1705850496","15.94","United States"
"5109","Century Communities","CCS","1705732224","59.29","United States"
"5110","Walker &amp; Dunlop","WD","1703887616","49.66","United States"
"5111","Rusta AB","RUSTA.ST","1702778046","11.1328","Sweden"
"5112","Kosmos Energy","KOS","1702340096","2.87","United States"
"5113","Grainger plc","GRI.L","1701934724","2.3022","United Kingdom"
"5114","United Parks &amp; Resorts","PRKS","1701433984","34.99","United States"
"5115","Banpu Public Company","BANPU.BK","1699690634","0.169648","Thailand"
"5116","Liberty Latin America","LILA","1698830976","8.49","United States"
"5117","Adient","ADNT","1697651840","21.67","Ireland"
"5118","Lapidoth Capital","LAPD.TA","1696747091","28.3313","Israel"
"5119","Payoneer","PAYO","1696283008","4.92","United States"
"5120","Robertet","CBE.PA","1695817391","808.978","France"
"5121","Esentia Energy Systems","ESENTIAII.MX","1693383799","3.17103","Mexico"
"5122","Sun Art Retail Group Limited","6808.HK","1692917650","0.177445","China"
"5123","Nokian Tyres","TYRES.HE","1690801090","12.2633","Finland"
"5124","Kohl's","KSS","1690532480","15.06","United States"
"5125","Chennai Petroleum","CHENNPETRO.NS","1689811586","11.3478","India"
"5126","DoubleVerify","DV","1689534592","10.43","United States"
"5127","TF1","TFI.PA","1688072748","8.02548","France"
"5128","F&amp;F Co","383220.KS","1686817498","44.9376","South Korea"
"5129","Derichebourg","DBG.PA","1686462348","10.6441","France"
"5130","Zydus Wellness","ZYDUSWELL.NS","1684312349","5.29396","India"
"5131","SHO-BOND Holdings","1414.T","1684005088","8.36228","Japan"
"5132","Dah Sing Financial","0440.HK","1683262501","5.26719","Hong Kong"
"5133","United Electronics Company (eXtra Saudi)","4003.SR","1683154116","21.7548","Saudi Arabia"
"5134","RAPT Therapeutics","RAPT","1680292864","58.02","United States"
"5135","Arçelik","ARCLK.IS","1679885925","2.56019","Turkey"
"5136","Flex LNG","FLNG","1679568256","31.05","Bermuda"
"5137","Sila Realty Trust","SILA","1679329280","30.4","United States"
"5138","Vossloh AG","VOS.DE","1679315208","86.9184","Germany"
"5139","Lendlease","LLC.AX","1677649864","2.42824","Australia"
"5140","Corporate Travel Management","CTD.AX","1676915410","11.4602","Australia"
"5141","Shriram Pistons &amp; Rings","SHRIPISTON.NS","1675697665","38.041","India"
"5142","Chiyoda Corporation","6366.T","1675555737","6.46575","Japan"
"5143","Ratio Energies","RATI.TA","1674901236","1.4903","Israel"
"5144","Sundaram Finance","SUNDARMHLD.NS","1673186158","7.58155","India"
"5145","Herbalife","HLF","1673171712","16.18","United States"
"5146","Sano Bruno's Enterprises","SANO1.TA","1672109438","148.763","Israel"
"5147","Aditya Birla Real Estate","ABREL.NS","1670343785","15.1056","India"
"5148","Blackbaud","BLKB","1670241152","36.19","United States"
"5149","M.Yochananof and Sons","YHNF.TA","1669134951","115.209","Israel"
"5150","Vir Biotechnology","VIR","1668772608","10.35","United States"
"5151","AEON REIT Investment","3292.T","1668736941","793.666","Japan"
"5152","Marcopolo","POMO4.SA","1666615215","1.34342","Brazil"
"5153","Sonida Senior Living","SNDA","1665689728","35.15","United States"
"5154","Keystone Infra","KSTN.TA","1665570159","8.14886","Israel"
"5155","PicPay","PICS","1665200000","12.85","Brazil"
"5156","National Bank of Oman","NBOB.OM","1663955532","1.02338","Oman"
"5157","Aether Industries","AETHER.NS","1663461045","12.5374","India"
"5158","Sotetsu Holdings","9003.T","1662416952","17.3223","Japan"
"5159","Ola Electric Mobility","OLAELEC.NS","1659951778","0.395415","India"
"5160","Systemair AB","SYSR.ST","1659853599","7.99831","Sweden"
"5161","Ouster","OUST","1658653440","26.41","United States"
"5162","Nextage Co Ltd","3186.T","1657678087","21.1874","Japan"
"5163","Prosegur","PSG.MC","1656401951","3.10966","Spain"
"5164","Westshore Terminals Investment","WTE.TO","1655467335","26.8006","Canada"
"5165","Sarana Menara Nusantara","TOWR.JK","1655209971","0.0284344","Indonesia"
"5166","Amano Corporation","6436.T","1655165495","23.8976","Japan"
"5167","Omnicell","OMCL","1654009344","36.37","United States"
"5168","Bora Pharmaceuticals","6472.TW","1653580655","12.9889","Taiwan"
"5169","Vimian Group","VIMIAN.ST","1651565153","3.13447","Sweden"
"5170","Stagwell","STGW","1649976192","6.51","United States"
"5171","Pulse Biosciences","PLSE","1648735232","24.25","United States"
"5172","Arabian Contracting Services Company","4071.SR","1648695649","29.9763","Saudi Arabia"
"5173","Mitra Keluarga","MIKA.JK","1647710619","0.118477","Indonesia"
"5174","Wüstenrot &amp; Württembergische","WUW.F","1646154769","17.559","Germany"
"5175","East India Distilleries Parry","EIDPARRY.NS","1645763961","9.24971","India"
"5176","Dime Community Bancshares","DCOM","1645088384","37.34","United States"
"5177","OdontoPrev","ODPV3.SA","1644663666","3.01722","Brazil"
"5178","Sienna Senior Living","SIA.TO","1643397756","16.5351","Canada"
"5179","OSG Corporation","6136.T","1642305031","19.9919","Japan"
"5180","TX Group","TXGN.SW","1641244458","159.76","Switzerland"
"5181","Strategic Education","STRA","1640907008","72.19","United States"
"5182","Spadel","SPA.BR","1639955882","395.137","Belgium"
"5183","Watches of Switzerland Group","WOSG.L","1639735059","7.08578","United Kingdom"
"5184","Lithium Americas","LAC","1639584384","4.72","Canada"
"5185","KEC International","KEC.NS","1639066569","6.15727","India"
"5186","Generate Biomedicines","GENB","1639009536","12.86","United States"
"5187","German American Bancorp","GABC","1638670080","43.61","United States"
"5188","Televisa","TV","1638006016","3.08","Mexico"
"5189","O-I Glass","OI","1637078144","10.68","United States"
"5190","Reit 1 Ltd","RIT1.TA","1635701306","8.08894","Israel"
"5191","Nanobiotix","NBTX","1634783616","33.71","France"
"5192","Sylvamo","SLVM","1634713344","41.14","United States"
"5193","Concentrix","CNXC","1633404160","26.775","United States"
"5194","Interface, Inc.","TILE","1632507136","27.94","United States"
"5195","Romande Energie","REHN.SW","1631806701","63.5987","Switzerland"
"5196","Befesa","BFSA.DE","1629646900","40.7412","Luxembourg"
"5197","TriCo Bancshares","TCBK","1629394048","50.68","United States"
"5198","CBIZ","CBZ","1628521984","29.71","United States"
"5199","Bossard Holding","BOSN.SW","1627375594","211.148","Switzerland"
"5200","Ellington Financial","EFC","1626669824","13.05","United States"
"5201","SkyWater Technology","SKYT","1625070464","33.42","United States"
"5202","ISE Chemicals","4107.T","1623478481","31.8593","Japan"
"5203","Inspire Medical Systems","INSP","1622728320","56.35","United States"
"5204","PC Connection","CNXN","1620642560","64.27","United States"
"5205","Norbit ASA","NORBT.OL","1620368755","25.3609","Norway"
"5206","Trisura Group","TSU.TO","1620282048","34.0631","Canada"
"5207","Fine Organics","FINEORG.NS","1619938688","52.8356","India"
"5208","Polestar","PSNY","1618771584","17.69","Sweden"
"5209","BEML","BEML.NS","1618491722","19.4322","India"
"5210","Saudi Research and Media Group","4210.SR","1616530476","20.2066","Saudi Arabia"
"5211","Bodycote","BOY.L","1616391714","9.44995","United Kingdom"
"5212","Monte Rosa Therapeutics","GLUE","1613915904","20.17","United States"
"5213","Richelieu Hardware","RCH.TO","1612544543","29.3252","Canada"
"5214","Lufax","LU","1612041344","1.86","China"
"5215","Gasco (National Gas and Industrialization Company)","2080.SR","1611592238","21.4879","Saudi Arabia"
"5216","Flywire","FLYW","1610805120","13.29","United States"
"5217","Preformed Line Products","PLPC","1610086144","328.8","United States"
"5218","Primaris Real Estate Investment Trust","PMZ-UN.TO","1609900088","13.6588","Canada"
"5219","Drägerwerk","DRW8.F","1609754527","85.8078","Germany"
"5220","Perrigo","PRGO","1609120768","11.69","Ireland"
"5221","Nürnberger Versicherung","NBG6.F","1608608004","139.701","Germany"
"5222","Palfinger","PFI.F","1608502509","42.787","Austria"
"5223","Enviri Corporation","NVRI","1607775872","19.44","United States"
"5224","Hope Bancorp","HOPE","1607010048","12.56","United States"
"5225","Appian","APPN","1606242432","21.6","United States"
"5226","Clarivate","CLVT","1605448832","2.5","United Kingdom"
"5227","Senior plc","SNR.L","1603853668","3.87967","United Kingdom"
"5228","Bradespar","BRAP3.SA","1603837359","4.08001","Brazil"
"5229","Alembic Pharmaceuticals","APLLTD.NS","1603607024","8.15823","India"
"5230","Seera Holding Group","1810.SR","1602737358","5.80307","Saudi Arabia"
"5231","Triumph Financial","TFIN","1602636928","67.32","United States"
"5232","ChipMOS Technologies","IMOS","1601911424","45.77","Taiwan"
"5233","Burjeel Holdings","BURJEEL.AE","1601797856","0.31","United Arab Emirates"
"5234","Albany International","AIN","1601771904","56.49","United States"
"5235","NAPCO Security Technologies","NSSC","1600614912","44.88","United States"
"5236","WEBTOON Entertainment","WBTN","1598363136","11.87","United States"
"5237","Mori Hills REIT Investment","3234.T","1597393602","846.869","Japan"
"5238","Global Partners LP","GLP","1595564800","47.17","United States"
"5239","Travis Perkins","TPK.L","1595225292","7.53032","United Kingdom"
"5240","Country Garden","2007.HK","1595182995","0.0363827","China"
"5241","Kuwait International Bank","KIB.KW","1594851978","913.54","Kuwait"
"5242","Com7 Public Company","COM7.BK","1592646683","0.675509","Thailand"
"5243","Bank First","BFC","1591678976","141.83","United States"
"5244","Nationwide Building Society","NBS.L","1591395286","174.45","United Kingdom"
"5245","CTS Corporation","CTS","1590933760","55.53","United States"
"5246","Savaria Corporation","SIS.TO","1590492410","22.1272","Canada"
"5247","Jubilant Pharmova","JUBLPHARMA.NS","1588998263","10.0324","India"
"5248","MBX Biosciences","MBX","1588378368","33.39","United States"
"5249","Cham Swiss Properties AG","CHAM.SW","1587929850","33.4529","Switzerland"
"5250","Clariane","CLARI.PA","1587872274","4.45406","France"
"5251","The Keiyo Bank","8544.T","1587628116","13.2069","Japan"
"5252","Bell Food Group","BELL.SW","1587041219","253.377","Switzerland"
"5253","CEAT","CEATLTD.NS","1586860675","39.3357","India"
"5254","Eximbank (Vietnam Export Import Commercial Joint Stock Bank)","EIB.VN","1583319612","0.850004","Vietnam"
"5255","Wealthfront Corporation","WLTH","1583279744","10.51","United States"
"5256","Afry AB","AFRY.ST","1582742067","13.9754","Sweden"
"5257","Biohaven","BHVN","1582424576","10.52","United States"
"5258","Yelp","YELP","1581196032","28.32","United States"
"5259","AMS-Osram","AMS.SW","1580474336","15.9887","Austria"
"5260","Badger Infrastructure Solutions","BDGI.TO","1580346115","46.8386","Canada"
"5261","S&amp;T Bancorp","STBA","1578745088","43.54","United States"
"5262","SeSa S.p.A.","SES.MI","1578628711","104.571","Italy"
"5263","Guaranty Trust Bank","9JO.F","1576660743","2.67857","Nigeria"
"5264","One Software Technologies","ONE.TA","1575825378","21.3109","Israel"
"5265","Almoosa Health Company","4018.SR","1575219457","35.5551","Saudi Arabia"
"5266","BinDawood","4161.SR","1574323459","1.37736","Saudi Arabia"
"5267","National Bank of Pakistan","NBP.PK","1572476324","0.739115","Pakistan"
"5268","Finolex Cables","FINCABLES.NS","1571754812","10.277","India"
"5269","Habib Bank","HBL.PK","1571368205","1.07125","Pakistan"
"5270","Nipro Corporation","8086.T","1568020335","9.61412","Japan"
"5271","Wacker Neuson","WAC.F","1567994566","23.0535","Germany"
"5272","H&amp;K AG (Heckler &amp; Koch)","MLHK.PA","1567978854","44.1899","Germany"
"5273","Raspberry Pi","RPI.L","1567913479","8.10284","United Kingdom"
"5274","Alkane Resources","ALK.AX","1565691561","1.14602","Australia"
"5275","Econergy Renewable Energy","ECNR.TA","1565392789","23.2382","Israel"
"5276","Dorian LPG","LPG","1565289088","36.62","United States"
"5277","Central Securities","CET","1564929024","52.96","United States"
"5278","Ferretti","F3T1.F","1564601833","4.6224","Italy"
"5279","Lakeland Financial Corp","LKFN","1564505728","60.03","United States"
"5280","Bangchak Corporation","BCP.BK","1564355602","1.06416","Thailand"
"5281","JBM Auto","JBMA.NS","1562950259","6.60883","India"
"5282","Saizeriya","7581.T","1562127161","31.7967","Japan"
"5283","Green Thumb Industries","GTII.CN","1561820918","6.74546","United States"
"5284","Daqo New Energy","DQ","1560381056","23.06","China"
"5285","Savills","SVS.L","1559783424","11.3561","United Kingdom"
"5286","Nongshim","004370.KS","1557828538","256.111","South Korea"
"5287","Pebblebrook Hotel Trust","PEB","1557693184","13.74","United States"
"5288","Kontron AG","KTN.F","1556664606","24.8071","Austria"
"5289","BGF Retail","282330.KS","1554930097","90.0103","South Korea"
"5290","Bittium","BITTI.HE","1554915642","43.7807","Finland"
"5291","Qifu Technology","QFIN","1554377344","12.75","China"
"5292","Flight Centre Travel Group Limited","FLT.AX","1553982106","7.53789","Australia"
"5293","J&amp;J Snack Foods","JJSF","1553842944","81.73","United States"
"5294","Saudi Ground Services Company","4031.SR","1553006489","8.26067","Saudi Arabia"
"5295","Killam Apartment REIT","KMP-UN.TO","1552970312","12.4324","Canada"
"5296","Leggett &amp; Platt","LEG","1552264448","11.38","United States"
"5297","Oculis Holding AG","OCS","1552243456","26.77","Switzerland"
"5298","East Pipes Integrated Company for Industry","1321.SR","1552173617","49.2754","Saudi Arabia"
"5299","Genesis Energy","GNE.NZ","1551293551","1.37749","New Zealand"
"5300","PEXA Group","PXA.AX","1550773001","8.8144","Australia"
"5301","SÜSS MicroTec","SMHN.DE","1549757484","81.0732","Germany"
"5302","Alerion Clean Power","ARN.MI","1547439448","28.8754","Italy"
"5303","V-Guard Industries","VGUARD.NS","1547100396","3.54187","India"
"5304","The Kiyo Bank","8370.T","1544223771","24.0979","Japan"
"5305","Kerry Logistics Network","0636.HK","1543608474","0.854035","Hong Kong"
"5306","Karooooo","KARO","1543120384","49.95","Singapore"
"5307","Gudang Garam","GGRM.JK","1540115559","0.800439","Indonesia"
"5308","JSW Holdings","JSWHL.NS","1537739626","138.555","India"
"5309","Norwegian Air Shuttle","NAS.OL","1537050967","1.46259","Norway"
"5310","National Bank of Umm Al Qaiwain","NBQ.AE","1535864075","0.77","United Arab Emirates"
"5311","The Greenbrier Companies","GBX","1535172992","49.62","United States"
"5312","Telecom Plus PLC","TEP.L","1534137971","19.1558","United Kingdom"
"5313","Delta Galil Industries","DELG.TA","1533266029","58.4534","Israel"
"5314","REX American Resources","REX","1533250688","46.55","United States"
"5315","Deterra Royalties","DRR.AX","1532960075","2.89535","Australia"
"5316","Apollo Commercial Real Estate Finance","ARI","1531952384","11.04","United States"
"5317","Zug Estates Holding","ZUGN.SW","1530947074","3001.86","Switzerland"
"5318","Ecovyst","ECVT","1528299776","13.82","United States"
"5319","UFP Technologies","UFPT","1528004736","198.1","United States"
"5320","Ngern Tid Lor","TIDLOR.BK","1527464563","0.527452","Thailand"
"5321","Graphite India","GRAPHITE.NS","1526844779","7.81492","India"
"5322","Implenia AG","IMPN.SW","1526609421","82.6783","Switzerland"
"5323","Konica Minolta","4902.T","1525153765","3.08641","Japan"
"5324","Kagome Co., Ltd.","2811.T","1523927772","16.856","Japan"
"5325","Sildarvinnslan","SVN.IC","1522712212","0.824946","Iceland"
"5326","Sparebanken Vest","SVEG.OL","1522353635","13.8817","Norway"
"5327","Gabriel India","GABRIEL.NS","1520967195","10.5885","India"
"5328","Protolabs","PRLB","1520815744","63.92","United States"
"5329","Atoss","AOF.F","1519221839","95.5109","Germany"
"5330","Red Cat Holdings","RCAT","1519080192","12.54","United States"
"5331","Vietnam Maritime Commercial Joint Stock Bank","MSB.VN","1518825528","0.486803","Vietnam"
"5332","Alexander &amp; Baldwin","ALEX","1518725120","20.84","United States"
"5333","Hornbach Holding","HBH.DE","1518513155","94.9263","Germany"
"5334","BlueNord ASA","BNOR.OL","1518245682","59.3825","Norway"
"5335","IntegraFin","IHP.L","1517621975","4.59363","United Kingdom"
"5336","CATRION Catering Holding Company","6004.SR","1516858786","18.4983","Saudi Arabia"
"5337","Playtech","PTEC.L","1515999585","5.41267","Isle of Man"
"5338","Innovative Industrial Properties","IIPR","1514679552","53.01","United States"
"5339","Arlo Technologies","ARLO","1514141312","14.17","United States"
"5340","Cardinal Energy","CJ.TO","1512833942","8.73844","Canada"
"5341","Abu Dhabi Aviation","ADAVIATION.AE","1511368011","1.38","United Arab Emirates"
"5342","Salvatore Ferragamo","SFER.MI","1510729756","9.11854","Italy"
"5343","Kennedy Wilson","KW","1509263104","10.9","United States"
"5344","B.F. S.p.A.","BFG.MI","1508360544","5.76339","Italy"
"5345","Agios Pharmaceuticals","AGIO","1508162432","25.74","United States"
"5346","Cloetta","CLA-B.ST","1507167428","5.25727","Sweden"
"5347","Republic Bank","RBCAA","1506844928","76.82","United States"
"5348","Tronox","TROX","1505802624","9.44","United States"
"5349","Top Glove","BVA.SI","1505650750","0.187785","Malaysia"
"5350","Moltiply Group (Gruppo Mutuionline)","MOL.MI","1504304018","39.9228","Italy"
"5351","T1 Energy","TE","1504007936","5.39","United States"
"5352","Comer Industries","COM.MI","1502499239","52.4901","Italy"
"5353","Byline Bancorp","BY","1501557760","33.06","United States"
"5354","Xior Student Housing","XIOR.BR","1501186768","32.1487","Belgium"
"5355","Arbor Realty Trust","ABR","1498493696","7.79","United States"
"5356","Misto Holdings (Fila)","081660.KS","1497864179","28.2127","South Korea"
"5357","Bicara Therapeutics","BCAX","1495270528","22.84","United States"
"5358","Immatics","IMTX","1495176832","11.15","Germany"
"5359","Sihanoukville Autonomous Port","PAS.KH","1494247998","3.32","Cambodia"
"5360","Nolato AB","NOLA-B.ST","1493657129","5.54478","Sweden"
"5361","The RealReal","REAL","1492044416","12.54","United States"
"5362","Opera","OPRA","1488421248","16.56","Norway"
"5363","PetroVietnam Power","POW.VN","1487602895","0.484902","Vietnam"
"5364","Bob's Discount Furniture","BOBS","1487488128","11.41","United States"
"5365","Exzeo Group","XZO","1487345536","16.36","United States"
"5366","Healthcare Services Group","HCSG","1486648192","21.56","United States"
"5367","Immunocore","IMCR","1485817216","29.23","United Kingdom"
"5368","Imdex Limited","IMD.AX","1485609707","2.90248","Australia"
"5369","Xenia Hotels &amp; Resorts","XHR","1484235392","16.09","United States"
"5370","NCAB Group AB","NCAB.ST","1481308411","7.92265","Sweden"
"5371","La-Z-Boy","LZB","1480838144","35.9","United States"
"5372","Telia Lietuva","ZWS.F","1480234961","2.46668","Lithuania"
"5373","Cymbria","CYB.TO","1479540729","67.9583","Canada"
"5374","Compagnie des Alpes","CDA.PA","1478135546","29.1676","France"
"5375","OVS S.p.A.","OVS.MI","1475982410","6.06734","Italy"
"5376","AnaptysBio","ANAB","1473923072","51.27","United States"
"5377","Planisware","PLNW.PA","1473150220","21.3234","France"
"5378","Allied Properties REIT","AP-UN.TO","1472015060","7.51929","Canada"
"5379","KATITAS CO., Ltd.","8919.T","1471516303","18.8089","Japan"
"5380","Breedon Group","BREE.L","1470147108","4.24069","United Kingdom"
"5381","Wacoal Holdings","3591.T","1470131562","29.7374","Japan"
"5382","Paradox Interactive","PDX.ST","1468136017","13.8998","Sweden"
"5383","eClerx Services","ECLERX.NS","1468117800","15.754","India"
"5384","Ameresco","AMRC","1467950848","27.76","United States"
"5385","Abdullah Al-Othaim Markets Company","4001.SR","1467850331","1.63094","Saudi Arabia"
"5386","Viridian Therapeutics","VRDN","1466712960","14.23","United States"
"5387","Vesuvius plc","VSVS.L","1463262857","5.94343","United Kingdom"
"5388","Klöckner &amp; Co","KCO.DE","1462315859","14.6598","Germany"
"5389","Ardelyx","ARDX","1461674624","5.96","United States"
"5390","QCR Holdings","QCRH","1460894720","88.56","United States"
"5391","Aevis Victoria","AEVS.SW","1460342420","17.2988","Switzerland"
"5392","Vistry Group","VTY.L","1460024456","4.58824","United Kingdom"
"5393","Novocure","NVCR","1458185728","12.59","Jersey"
"5394","EVT Limited","EVT.AX","1457457102","8.96773","Australia"
"5395","Starts Corporation","8850.T","1456333581","30.2319","Japan"
"5396","ConnectOne Bancorp","CNOB","1454846208","28.93","United States"
"5397","Turning Point Brands","TPB","1454422272","75.2","United States"
"5398","Engineers India","ENGINERSIN.NS","1453448704","2.58601","India"
"5399","Nakanishi","7716.T","1453342179","17.5007","Japan"
"5400","Robex Resources","RBX.V","1452992183","5.2562","Canada"
"5401","The Musashino Bank","8336.T","1452743899","14.6528","Japan"
"5402","Allegiant Air","ALGT","1452622592","78.74","United States"
"5403","Asana","ASAN","1452337152","6.1","United States"
"5404","Tessenderlo Group","TESB.BR","1451720171","24.6084","Belgium"
"5405","Penguin Solutions","PENG","1451185920","27.61","United States"
"5406","National Medical Care Company","4005.SR","1450580917","32.4587","Saudi Arabia"
"5407","Is Yatirim Menkul Degerler Anonim Sirketi","ISMEN.IS","1450109548","0.96674","Turkey"
"5408","momo.com Inc.","8454.TW","1449812356","5.4715","Taiwan"
"5409","Wolverine World Wide","WWW","1449424128","17.68","United States"
"5410","United States Antimony Corporation","UAMY","1447952128","10.12","United States"
"5411","Derayah Financial Company","4084.SR","1447577356","5.9392","Saudi Arabia"
"5412","Industrie De Nora","DNR.MI","1447518048","7.28314","Italy"
"5413","Progyny","PGNY","1447212416","17.67","United States"
"5414","Cembre S.p.A.","CMB.MI","1446786321","86.0416","Italy"
"5415","SM Entertainment","041510.KQ","1446553692","63.1829","South Korea"
"5416","PolyPeptide Group","PPGN.SW","1446330443","43.8195","Switzerland"
"5417","Trulieve Cannabis","TRUL.CN","1446012785","7.51929","United States"
"5418","Betsson AB","BETS-B.ST","1444870550","10.6626","Sweden"
"5419","Toho Titanium","5727.T","1443638840","20.2798","Japan"
"5420","Tennant Company","TNC","1443475200","80.16","United States"
"5421","Harrow, Inc.","HROW","1442651008","38.75","United States"
"5422","Enovix","ENVX","1442370304","6.64","United States"
"5423","Devyani International","DEVYANI.NS","1441373698","1.16905","India"
"5424","Dole PLC","DOLE","1440792832","15.14","Ireland"
"5425","Donnelley Financial Solutions","DFIN","1440484992","50.49","United States"
"5426","TOMY Company","7867.T","1439021190","16.3052","Japan"
"5427","Regis Healthcare","REG.AX","1438225108","4.75664","Australia"
"5428","4imprint Group","FOUR.L","1437892774","51.2709","United Kingdom"
"5429","Origin Bancorp","OBK","1437747840","46.56","United States"
"5430","SFL Corp","SFL","1437088384","10.82","Bermuda"
"5431","Maze Therapeutics","MAZE","1437017600","26.01","United States"
"5432","Nohmi Bosai Ltd.","6744.T","1435054635","24.3796","Japan"
"5433","Volex plc","VLX.L","1434950004","7.81322","United Kingdom"
"5434","Italmobiliare","ITM.MI","1434660139","34.1361","Italy"
"5435","Sally Beauty Holdings","SBH","1433708160","14.59","United States"
"5436","Iovance Biotherapeutics","IOVA","1433626368","3.48","United States"
"5437","Winmark","WINA","1432141696","400.3","United States"
"5438","Sterlite Technologies","STLTECH.NS","1432073001","2.93378","India"
"5439","Helix Energy Solutions","HLX","1428772096","9.7","United States"
"5440","Bristow Group","VTOL","1428480512","48.25","United States"
"5441","AtriCure","ATRC","1428407936","28.21","United States"
"5442","Serica Energy","SQZ.L","1427885736","3.65605","United Kingdom"
"5443","BlackSky Technology","BKSY","1426470784","38.44","United States"
"5444","Forestar Group","FOR","1425694080","27.95","United States"
"5445","JYP Entertainment","035900.KQ","1423989711","42.9779","South Korea"
"5446","McEwen Mining","MUX","1423894656","23.95","Canada"
"5447","Banco di Desio e della Brianza","BDB.MI","1421723071","10.8137","Italy"
"5448","Sanlorenzo","SL.MI","1420278919","40.145","Italy"
"5449","Innodata","INOD","1417552128","43.48","United States"
"5450","Tandem Diabetes Care","TNDM","1416667520","20.68","United States"
"5451","Aveanna Healthcare","AVAH","1415990400","6.51","United States"
"5452","New Wave Group","NEWA-B.ST","1415508642","10.668","Sweden"
"5453","secunet","YSN.F","1414305386","218.611","Germany"
"5454","Dream Finders Homes","DFH","1412321536","15.39","United States"
"5455","Newag","NWG.WA","1411159710","31.3591","Poland"
"5456","Tuya Inc.","TUYA","1409781120","2.3","China"
"5457","Osotspa","OSP.BK","1408297362","0.468846","Thailand"
"5458","Land and Houses","LH.BK","1408016883","0.117829","Thailand"
"5459","Rumble","RUM","1406683520","6.52","United States"
"5460","Trident","TRIDENT.NS","1405435918","0.275814","India"
"5461","Carter's","CRI","1404293248","38.08","United States"
"5462","Tokai Carbon","5301.T","1403865504","6.57528","Japan"
"5463","Nishi-Nippon Railroad","9031.T","1403658967","18.5898","Japan"
"5464","Ingersoll Rand India","INGERRAND.NS","1403089249","44.4466","India"
"5465","Precigen","PGEN","1401557504","3.96","United States"
"5466","Al Moammar Information Systems","7200.SR","1399783063","46.6594","Saudi Arabia"
"5467","Deep Yellow","DYL.AX","1394858646","1.42984","Australia"
"5468","Target Hospitality","TH","1393848064","14","United States"
"5469","Adtran Networks","ADV.DE","1393556189","26.7711","Germany"
"5470","CBL Properties","CBL","1393443968","45.03","United States"
"5471","LOTTE Corporation","004990.KS","1392125724","19.4617","South Korea"
"5472","Hino Motors","7205.T","1390512695","2.42231","Japan"
"5473","Fox-Wizel","FOX.TA","1390337316","99.9967","Israel"
"5474","Saudi Cement Company","3030.SR","1390205618","9.08631","Saudi Arabia"
"5475","naturenergie holding","NEAG.SW","1390145449","41.9751","Switzerland"
"5476","Atresmedia Corporación de Medios de Comunicación, S.A.","A3M.MC","1387292808","6.16086","Spain"
"5477","Ardent Health","ARDT","1385166080","9.68","United States"
"5478","Dorchester Minerals","DMLP","1384931456","28.7","United States"
"5479","Aamal Company","AHCS.QA","1384615485","0.21978","Qatar"
"5480","SHIFT UP","462870.KS","1384166702","23.8541","South Korea"
"5481","Phu Nhuan Jewelry (PNJ)","PNJ.VN","1383720733","2.70404","Vietnam"
"5482","Deluxe Corporation","DLX","1383151872","30.27","United States"
"5483","Mercialys","MERY.PA","1382278602","14.8001","France"
"5484","Al Yah Satellite Communications Company","YAHSAT.AE","1381741539","0.57","United Arab Emirates"
"5485","Guzman y Gomez","GYG.AX","1381115613","13.6424","Australia"
"5486","Kimbell Royalty Partners","KRP","1380410624","14.59","United States"
"5487","PROCEPT BioRobotics","PRCT","1379484288","24.24","United States"
"5488","InterRent Real Estate Investment Trust","IIP-UN.TO","1378894945","9.70938","Canada"
"5489","Sensirion Holding","SENS.SW","1376958932","88.5293","Switzerland"
"5490","Diagnostyka S.A.","DIA.WA","1376703802","40.7834","Poland"
"5491","CVR Partners","UAN","1376589696","130.24","United States"
"5492","IndiaMART","INDIAMART.NS","1376265427","22.9163","India"
"5493","Bank Islam Malaysia","5258.KL","1376215846","0.607206","Malaysia"
"5494","Wave Life Sciences","WVE","1376143744","7.31","Singapore"
"5495","Spin Master","TOY.TO","1373438492","13.7026","Canada"
"5496","Barloworld","BAW.JO","1372922800","7.36393","South Africa"
"5497","Orchid Island Capital","ORC","1372789504","6.84","United States"
"5498","Saudi Real Estate Company (Al Akaria)","4020.SR","1372355909","3.65962","Saudi Arabia"
"5499","ArriVent BioPharma","AVBP","1370250368","31","United States"
"5500","The Foschini Group","TFG.JO","1369845900","4.26068","South Africa"
"5501","Upwork","UPWK","1369263104","10.48","United States"
"5502","Noritsu Koki","7744.T","1368859029","12.8313","Japan"
"5503","HEG","HEG.NS","1368844117","7.09328","India"
"5504","Energizer Holdings","ENR","1368669440","19.96","United States"
"5505","Austal Limited","ASB.AX","1366452368","3.23765","Australia"
"5506","VIEL &amp; Cie","VIL.PA","1365887300","21.8144","France"
"5507","Aica Kogyo Company","4206.T","1365664680","21.8133","Japan"
"5508","SKAN Group","SKAN.SW","1364145745","60.6731","Switzerland"
"5509","OC Oerlikon","OERL.SW","1363941822","4.17843","Switzerland"
"5510","Olaplex","OLPX","1363574528","2.03","United States"
"5511","TriMas","TRS","1363024128","36.2","United States"
"5512","Intercos","ICOS.MI","1362799978","14.4728","Italy"
"5513","Zensar","ZENSARTECH.NS","1362382061","6.00817","India"
"5514","Navigator Holdings","NVGS","1361776768","20.87","United Kingdom"
"5515","ManpowerGroup","MAN","1360287104","29.26","United States"
"5516","Mullen Group","MTL.TO","1360216407","14.1917","Canada"
"5517","China Everbright Limited","0165.HK","1359665603","0.806802","Hong Kong"
"5518","Cibus Nordic Real Estate","CIBUS.ST","1358792218","16.5533","Sweden"
"5519","The National Agricultural Development Company","6010.SR","1358319932","4.50312","Saudi Arabia"
"5520","Astec Industries","ASTE","1357304448","59.22","United States"
"5521","Nomad Foods","NOMD","1355501312","9.54","United Kingdom"
"5522","Versamet Royalties Corporation","VMET","1353791872","12.57","Canada"
"5523","Global Ship Lease","GSL","1352321920","37.65","United Kingdom"
"5524","Unipar Carbocloro","UNIP6.SA","1352261984","12.1146","Brazil"
"5525","Okumura Corporation","1833.T","1351623448","37.6803","Japan"
"5526","Ryman Healthcare","RYM.NZ","1351526964","1.3306","New Zealand"
"5527","ADTRAN","ADTN","1350887936","16.74","United States"
"5528","Jasa Marga","JSMR.JK","1350652790","0.186095","Indonesia"
"5529","Isras Investment Company","ISRS.TA","1350046549","274.614","Israel"
"5530","Kuwait Real Estate Company (AQARAT)","KRE.KW","1348355499","1109.3","Kuwait"
"5531","Blue Dart Express","BLUEDART.NS","1347403125","56.7855","India"
"5532","Norconsult","NORCO.OL","1347058418","4.34114","Norway"
"5533","Perpetual Limited","PPT.AX","1346824303","11.6456","Australia"
"5534","Dar Global","DAR.L","1345661568","7.475","United Kingdom"
"5535","Corvus Pharmaceuticals","CRVS","1345558400","16.02","United States"
"5536","Tianyu Digital Technology (Dalian)","002354.SZ","1345388823","0.813127","China"
"5537","Thai Union Group","TU.BK","1343694139","0.34855","Thailand"
"5538","Taikisha","1979.T","1342682265","21.3126","Japan"
"5539","NexPoint Residential Trust","NXRT","1340181120","26","United States"
"5540","Universal Corporation","UVV","1340136448","53.77","United States"
"5541","Gulf Cable and Electrical Industries Company - KPSC","CABLE.KW","1339236804","6443.72","Kuwait"
"5542","GELEX Group Joint Stock Company","GEX.VN","1338463597","1.48323","Vietnam"
"5543","Olema Pharmaceuticals","OLMA","1337859328","15.35","United States"
"5544","Leon's Furniture","LNF.TO","1337512505","19.4188","Canada"
"5545","Centuria Industrial REIT","CIP.AX","1335827577","2.13942","Australia"
"5546","American Bitcoin Corp","ABTC","1334492544","1.26","United States"
"5547","Ladder Capital","LADR","1334131456","10.45","United States"
"5548","Magazine Luíza","MGLU3.SA","1334006271","1.72156","Brazil"
"5549","Wavestone SA","WAVE.PA","1333343069","54.3021","France"
"5550","Puuilo","PUUILO.HE","1332970921","15.8756","Finland"
"5551","Wolfspeed","WOLF","1331729536","27.55","United States"
"5552","Gilat Satellite Networks","GILT","1331307392","17.64","Israel"
"5553","National Company for Learning and Education","4291.SR","1330301004","30.9372","Saudi Arabia"
"5554","ProFrac","ACDC","1329767552","7.35","United States"
"5555","G-III Apparel Group","GIII","1328962560","31.5","United States"
"5556","Ali Al-Ghanim Sons Automotive Company","ALG.KW","1328188399","3354","Kuwait"
"5557","Novavax","NVAX","1327927936","8.15","United States"
"5558","u-blox","UBXN.SW","1327749480","171.971","Switzerland"
"5559","Kestra Medical Technologies","KMTS","1326242560","22.72","United States"
"5560","WaterBridge Infrastructure","WBI","1325852928","28.2","United States"
"5561","YOOZOO Interactive","002174.SZ","1323545090","1.35082","China"
"5562","Modern Times Group (MTG)","MTG-B.ST","1322862928","11.0355","Sweden"
"5563","Develia","DVL.WA","1322748911","2.85484","Poland"
"5564","Develop Global Limited","DVP.AX","1322530365","4.00784","Australia"
"5565","ITM Power","ITM.L","1321939822","1.92097","United Kingdom"
"5566","Freightways","FRW.NZ","1321564909","7.3857","New Zealand"
"5567","UMH Properties","UMH","1321075456","15.5","United States"
"5568","Reliance Power","RPOWER.NS","1320655198","0.319325","India"
"5569","Wendy’s","WEN","1319931008","6.93","United States"
"5570","i-80 Gold","IAUX","1319363584","1.55","United States"
"5571","NANO Nuclear Energy","NNE","1319267328","25.33","United States"
"5572","Labrador Iron Ore Royalty Corp.","LIF.TO","1318489440","20.6014","Canada"
"5573","Prospect Capital","PSEC","1318374272","2.71","United States"
"5574","Phoenix Group","PHX.AE","1317826501","0.22","United Arab Emirates"
"5575","Mezzan Holding Company","MEZZAN.KW","1315150251","4228.39","Kuwait"
"5576","Savers Value Village","SVV","1314880896","8.48","United States"
"5577","Ahlibank","ABOB.OM","1314731618","0.485714","Oman"
"5578","Laurentian Bank of Canada","LB.TO","1314388854","29.3982","Canada"
"5579","Abacus Storage King","ASK.AX","1313868537","0.999822","Australia"
"5580","Enovis","ENOV","1312465536","22.81","United States"
"5581","Kainos Group","KNOS.L","1311604738","11.2349","United Kingdom"
"5582","Butterfly Network","BFLY","1311359232","5.15","United States"
"5583","Braskem","BAK","1311012992","3.29","Brazil"
"5584","AS LHV Group","LHV1T.TL","1310032974","4.02151","Estonia"
"5585","SRG Global Limited","SRG.AX","1309263732","2.0895","Australia"
"5586","Plejd AB","PLEJD.ST","1308540686","117.056","Sweden"
"5587","Trustpilot Group","TRST.L","1308381684","3.38393","Denmark"
"5588","Lindab International","LIAB.ST","1308085904","16.9802","Sweden"
"5589","World Kinect","WKC","1307853696","23.54","United States"
"5590","Magellan Financial Group","MFG.AX","1307572553","7.03869","Australia"
"5591","Abu Dhabi National Hotels","ADNH.AE","1307352966","0.1","United Arab Emirates"
"5592","Douglas Group","DOU.DE","1306810978","12.1347","Germany"
"5593","PureCycle Technologies","PCT","1306643840","7.23","United States"
"5594","DFDS A/S","DFDS.CO","1305353410","24.1659","Denmark"
"5595","Shoals Technologies","SHLS","1305264768","7.78","United States"
"5596","Fever-Tree Drinks","FEVR.L","1302176374","11.3359","United Kingdom"
"5597","R&S Group","RSGN.SW","1301453701","35.0301","Switzerland"
"5598","Central Plaza Hotel","CENTEL.BK","1301280196","0.963911","Thailand"
"5599","Macquarie Technology Group","MAQ.AX","1300955348","50.476","Australia"
"5600","Loma Negra","LOMA","1300000512","11.14","Argentina"
"5601","Forbo Holding","FORN.SW","1299528605","915.821","Switzerland"
"5602","Nabors Industries","NBR","1299163904","88.54","Bermuda"
"5603","Glory Ltd.","6457.T","1297634033","24.7676","Japan"
"5604","Trinity Capital","TRIN","1297528704","15.6","United States"
"5605","Hokuriku Electric Power Company","9505.T","1296356560","6.20536","Japan"
"5606","Lightspeed Commerce","LSPD","1296120832","9.44","Canada"
"5607","Aegean Airlines","AEGN.AT","1295585914","14.4377","Greece"
"5608","Willis Lease Finance Corporation","WLFC","1294689408","190","United States"
"5609","Inabata &amp; Co.,Ltd.","8098.T","1293088784","24.2231","Japan"
"5610","XPEL","XPEL","1292979968","46.84","United States"
"5611","NTT UD REIT Investment Corporation","8956.T","1292109323","880.043","Japan"
"5612","Global Industrial Company","GIC","1291694720","33.76","United States"
"5613","Suburban Propane Partners","SPH","1291473920","19.47","United States"
"5614","Westamerica Bancorporation","WABC","1291434240","54.65","United States"
"5615","BitGo","BTGO","1290920704","11.18","United States"
"5616","Ramsay Générale de Santé","GDS.PA","1290266447","11.6904","France"
"5617","Afya","AFYA","1289601280","14.35","Brazil"
"5618","Tetra Technologies","TTI","1289354880","9.53","United States"
"5619","Yamama Saudi Cement Company","3020.SR","1289173667","6.36629","Saudi Arabia"
"5620","IDT Corporation","IDT","1286661376","51.31","United States"
"5621","Simplex Holdings","4373.T","1285330009","5.74594","Japan"
"5622","Hongkong and Shanghai Hotels","0045.HK","1285306186","0.771057","Hong Kong"
"5623","Viridien","VIRI.PA","1281660490","178.279","France"
"5624","REE (Refrigeration Electrical Engineering Corporation)","REE.VN","1281341288","2.36556","Vietnam"
"5625","Fiskars","FSKRS.HE","1278205657","15.8522","Finland"
"5626","Towa Pharmaceutical","4553.T","1277186054","25.9444","Japan"
"5627","Whirlpool India","WHIRLPOOL.NS","1275735950","10.0515","India"
"5628","Metro Bank Holdings","MTRO.L","1275374004","1.89403","United Kingdom"
"5629","LG Household &amp; Health Care","051905.KS","1273832140","76.0222","South Korea"
"5630","Siam City Cement (INSEE)","SCCC.BK","1273072248","4.27205","Thailand"
"5631","Jefferson Capital","JCAP","1272493056","20.62","United States"
"5632","ProAssurance","PRA","1271614336","24.64","United States"
"5633","American Assets Trust","AAT","1270792448","20.7","United States"
"5634","Pigeon","7956.T","1269943622","10.6156","Japan"
"5635","TripAdvisor","TRIP","1269624448","10.86","United States"
"5636","GemLife Communities Group","GLF.AX","1269210071","3.33749","Australia"
"5637","thyssenkrupp nucera","NCH2.DE","1269204357","10.0479","Germany"
"5638","Maravai LifeSciences","MRVI","1268742144","3.45","United States"
"5639","Afcons Infrastructure","AFCONS.NS","1268101733","3.44795","India"
"5640","D/S Norden (Dampskibsselskabet Norden)","DNORD.CO","1267251683","44.922","Denmark"
"5641","NTN Corporation","6472.T","1266672872","2.13063","Japan"
"5642","Fortune REIT","0778.HK","1266061250","0.614037","Hong Kong"
"5643","Takuma Co., Ltd.","6013.T","1264951457","17.363","Japan"
"5644","Distribution Solutions Group","DSGR","1263363712","27.35","United States"
"5645","Youdao","DAO","1263044608","10.47","China"
"5646","Izumi Co., Ltd.","8273.T","1262444197","6.00883","Japan"
"5647","Lincoln Educational Services","LINC","1262088320","39.59","United States"
"5648","FirstGroup","FGP.L","1261369704","2.32241","United Kingdom"
"5649","Wizz Air","WIZZ.L","1261327459","12.1913","Jersey"
"5650","CAMGSM Plc. (Cellcard)","CGSM.KH","1260091842","0.64","Cambodia"
"5651","Clover Health Investments","CLOV","1259201536","2.4","United States"
"5652","Superloop Limited","SLC.AX","1259025571","2.44607","Australia"
"5653","Redox Limited","RDX.AX","1258173272","2.39615","Australia"
"5654","TS TECH","7313.T","1258036367","10.7815","Japan"
"5655","Hapvida","HAPV3.SA","1257498215","2.64703","Brazil"
"5656","PROG Holdings","PRG","1257031552","31.38","United States"
"5657","Kuwait Projects Company Holding","KPROJ.KW","1256706034","276.02","Kuwait"
"5658","Alexander's, Inc.","ALX","1256648704","246.05","United States"
"5659","Silex Systems Limited","SLX.AX","1254322273","4.50704","Australia"
"5660","Vestis","VSTS","1253514880","9.5","United States"
"5661","Frey SA","FREY.PA","1253102978","39.2799","France"
"5662","Société de la Tour Eiffel","EIFF.PA","1251984063","9.42249","France"
"5663","Eastman Kodak Company","KODK","1251341824","12.82","United States"
"5664","Caisse régionale de Crédit Agricole Mutuel Atlantique Vendée","CRAV.PA","1251092822","169.511","France"
"5665","Mitani Corporation","8066.T","1251009495","14.9595","Japan"
"5666","Vulcan Energy Resources","VUL.AX","1250779259","2.61722","Australia"
"5667","Qassim Cement Company","3040.SR","1250457980","11.3926","Saudi Arabia"
"5668","Electrica","ECEA.F","1250399700","14.7299","Romania"
"5669","Allient","ALNT","1249128320","73.4","United States"
"5670","China Resources Building Materials Technology","1313.HK","1248003794","0.178722","Hong Kong"
"5671","Kier Group","KIE.L","1247322124","2.85317","United Kingdom"
"5672","Pakistan Tobacco Company","PAKT.PK","1247250661","4.88173","Pakistan"
"5673","Mainstreet Equity","MEQ.TO","1246384046","133.88","Canada"
"5674","EPIC Suisse","EPIC.SW","1245673540","111.17","Switzerland"
"5675","NPK International","NPKI","1243405952","14.71","United States"
"5676","Peoples Bancorp","PEBO","1243396992","34.61","United States"
"5677","Cadre Holdings, Inc.","CDRE","1242488448","29.08","United States"
"5678","Sinarmas Land","A26.SI","1242348621","0.291963","Singapore"
"5679","Array Technologies","ARRY","1241188992","8.11","United States"
"5680","TF Bank AB","TFBANK.ST","1241018414","19.196","Sweden"
"5681","C3 AI","AI","1240786944","8.54","United States"
"5682","Playtika","PLTK","1240423168","3.27","Israel"
"5683","Medartis Holding","MED.SW","1239841105","99.7227","Switzerland"
"5684","Kelt Exploration","KEL.TO","1239539769","6.17604","Canada"
"5685","LuxExperience","LUXE","1239472256","9.03","Germany"
"5686","Shikoku Kasei Holdings Corp","4099.T","1238476374","28.6358","Japan"
"5687","EL.En. S.p.A. (Elen Group)","ELN.MI","1237650129","15.4431","Italy"
"5688","Princes Group plc","PRN.L","1237471825","5.05704","United Kingdom"
"5689","BLS International","BLS.NS","1237213991","3.0052","India"
"5690","ASA Gold and Precious Metals","ASA","1236998912","65.84","United States"
"5691","Zigup","ZIG.L","1236889961","5.43557","United Kingdom"
"5692","Orora Limited","ORA.AX","1236484245","1.00909","Australia"
"5693","MapLight Therapeutics","MPLT","1235321472","29.11","United States"
"5694","Ceres Power","CWR.L","1234986597","6.33948","United Kingdom"
"5695","COMPASS Pathways","CMPS","1234548096","9.15","United Kingdom"
"5696","Yodogawa Steel Works","5451.T","1234112127","8.44365","Japan"
"5697","MoonLake Immunotherapeutics","MLTX","1233387264","16.93","Switzerland"
"5698","Bilia AB","BILI-A.ST","1232483843","13.4295","Sweden"
"5699","Idorsia","IDIA.SW","1230859223","4.84622","Switzerland"
"5700","Vivara","VIVA3.SA","1230448474","5.23435","Brazil"
"5701","STAAR Surgical","STAA","1229896704","24.84","United States"
"5702","Daiseki","9793.T","1229752187","26.0069","Japan"
"5703","Insperity","NSP","1229429376","32.21","United States"
"5704","Leejam Sports Company","1830.SR","1228520385","23.4899","Saudi Arabia"
"5705","AbCellera","ABCL","1227800064","4.05","Canada"
"5706","Virgin Australia","VGN.AX","1227590561","1.56534","Australia"
"5707","MAAS Group Holdings","MGH.AX","1226561906","3.39454","Australia"
"5708","Guardian Capital Group","GCG.TO","1226066040","49.62","Canada"
"5709","Caisse Régionale de Crédit Agricole Mutuel Alpes Provence","CRAP.PA","1225909039","164.812","France"
"5710","Cobram Estate Olives","CBO.AX","1225787379","2.56017","Australia"
"5711","BMV (Bolsa Mexicana de Valores)","BOLSAA.MX","1225665271","2.21145","Mexico"
"5712","Macmahon Holdings","MAH.AX","1221760480","0.566946","Australia"
"5713","Tompkins Financial","TMP","1221194880","84.72","United States"
"5714","Dor Alon Energy In Israel","DRAL.TA","1220678116","77.1279","Israel"
"5715","Aktis Oncology","AKTS","1220494080","22.08","United States"
"5716","Sipef","SIP.BR","1220264934","117.138","Belgium"
"5717","Trainline","TRN.L","1218364902","3.31927","United Kingdom"
"5718","Retail Estates NV","RET.BR","1217357326","81.0147","Belgium"
"5719","Resolute Holdings Management","RHLD","1217129344","143.18","United States"
"5720","TOWA Corporation","6315.T","1215810328","16.2051","Japan"
"5721","Spinneys","SPINNEYS.AE","1215686297","0.337691","United Arab Emirates"
"5722","Allied Group Limited","0373.HK","1215574992","0.345955","Hong Kong"
"5723","Papa John's Pizza","PZZA","1214668032","36.93","United States"
"5724","RLJ Lodging Trust","RLJ","1213880448","7.95","United States"
"5725","PCBL Limited","PCBL.NS","1213708698","3.08469","India"
"5726","Alma Media","ALMA.HE","1213496003","14.7299","Finland"
"5727","Altus Group","AIF.TO","1213108027","33.8514","Canada"
"5728","ICF International","ICFI","1212623104","66.95","United States"
"5729","Specialized Medical Company","4019.SR","1212531280","4.85013","Saudi Arabia"
"5730","Melco International Development","0200.HK","1211017620","0.532336","Hong Kong"
"5731","Marten Transport","MRTN","1209966848","14.83","United States"
"5732","Edelweiss Financial Services","EDELWEISS.NS","1209607743","1.27794","India"
"5733","StorageVault Canada","SVI.TO","1209216193","3.30703","Canada"
"5734","Nittetsu Mining","1515.T","1209055831","15.3663","Japan"
"5735","Zeal Network","TIMA.F","1208671537","57.2831","Germany"
"5736","Terveystalo","TTALO.HE","1208213646","9.5394","Finland"
"5737","Zad Holding Company","ZHCD.QA","1208104616","4.2033","Qatar"
"5738","Summerset Holdings","SUM.NZ","1207418919","4.97655","New Zealand"
"5739","Nestle Pakistan","NESTLE.PK","1207203370","26.6199","Pakistan"
"5740","Alkhorayef Water and Power Technologies Company","2081.SR","1207059215","34.4874","Saudi Arabia"
"5741","Altareit","AREIT.PA","1205956138","689.736","France"
"5742","Amalgamated Financial","AMAL","1205318528","40.37","United States"
"5743","Oppenheimer Holdings","OPY","1204673280","112.51","United States"
"5744","Abu Dhabi National Insurance Company","ADNIC.AE","1204575186","2.11","United Arab Emirates"
"5745","Sprinklr","CXM","1204503552","4.84","United States"
"5746","IRSA Inversiones y Representaciones","IRS","1203852672","14.67","Argentina"
"5747","Budget Saudi (United International Transportation Company)","4260.SR","1202726828","11.5047","Saudi Arabia"
"5748","Brim hf.","BRIM.IC","1202029252","0.624286","Iceland"
"5749","Goosehead Insurance","GSHD","1201759616","50.77","United States"
"5750","Lindblad Expeditions","LIND","1201289088","18.41","United States"
"5751","Fnac Darty","FNAC.PA","1201200357","41.2672","France"
"5752","Cogent Communications","CCOI","1200953600","23.97","United States"
"5753","Corbion","CRBN.AS","1200500876","20.8324","Netherlands"
"5754","edenor","EDN","1200296704","25.23","Argentina"
"5755","Bitfarms","BITF","1199686528","1.98","Canada"
"5756","Domino's Pizza Enterprises (Australia)","DMP.AX","1199564108","12.6796","Australia"
"5757","MBB SE","MBB.DE","1199458874","225.625","Germany"
"5758","Indian Energy Exchange","IEX.NS","1197813715","1.34692","India"
"5759","Precision Drilling Corporation","PDS","1196937216","92.05","Canada"
"5760","MasterBrand","MBC","1196636032","9.35","United States"
"5761","M.P. Evans Group PLC","MPE.L","1194879129","22.9008","United Kingdom"
"5762","Jazeera Airways","JAZEERA.KW","1193390716","5442.09","Kuwait"
"5763","Mahanagar Gas","MGL.NS","1192293787","12.0705","India"
"5764","Vedant Fashions","MANYAVAR.NS","1192045584","4.90608","India"
"5765","AGI Inc (Agibank)","AGBK","1191478912","7.45","Brazil"
"5766","Clear Channel Outdoor","CCO","1191386496","2.39","United States"
"5767","Community Trust Bancorp","CTBI","1190125824","65.55","United States"
"5768","Growthpoint Properties Australia","GOZ.AX","1188810191","1.57604","Australia"
"5769","Elementis","ELM.L","1188674164","2.08801","United Kingdom"
"5770","Celesc (Centrais Elétricas de Santa Catarina)","CLSC4.SA","1188123309","30.8031","Brazil"
"5771","Aavas Financiers","AAVAS.NS","1187432227","14.9772","India"
"5772","Alpha &amp; Omega Semiconductor","AOSL","1186861696","39.88","United States"
"5773","Jinko Solar","JKS","1185939968","22.96","China"
"5774","Redcare Pharmacy","RDC.DE","1185888690","58.1249","Netherlands"
"5775","MillerKnoll","MLKN","1184250368","17.32","United States"
"5776","Five9","FIVN","1183679232","15.46","United States"
"5777","UroGen Pharma","URGN","1183466240","24.31","United States"
"5778","Saga","SAGA.L","1182932345","8.21735","United Kingdom"
"5779","Gibraltar Industries","ROCK","1182877824","39.88","United States"
"5780","Ingenia Communities Group","INA.AX","1180094781","2.89535","Australia"
"5781","United Arab Bank","UAB.AE","1179563302","0.38","United Arab Emirates"
"5782","Srisawad Corporation","SAWAD.BK","1178737269","0.709439","Thailand"
"5783","BrightView","BV","1178441984","12.51","United States"
"5784","Avino Silver &amp; Gold Mines","ASM","1178313600","6.99","Canada"
"5785","UP Fintech (Tiger Brokers)","TIGR","1178239744","6.6","China"
"5786","Birchcliff Energy","BIR.TO","1178140397","4.27797","Canada"
"5787","Elco Ltd.","ELCO.TA","1177363661","44.8387","Israel"
"5788","Altri","ALTR.LS","1176257790","5.73416","Portugal"
"5789","Kissei Pharmaceutical","4547.T","1175352774","28.3541","Japan"
"5790","Pharming Group","PHAR","1175203840","16.64","Netherlands"
"5791","Hemnet Group AB","HEM.ST","1174798395","12.7433","Sweden"
"5792","Stepan Company","SCL","1174680960","51.77","United States"
"5793","Makhazen","MKHZN.KW","1174160856","460.033","Kuwait"
"5794","Vietcap Securities","VCI.VN","1174084573","1.02305","Vietnam"
"5795","Advantage Energy","AAV.TO","1173332817","6.99367","Canada"
"5796","Frequentis","FQT.VI","1172805726","88.3797","Austria"
"5797","ARCS Company Limited","9948.T","1172224468","22.0011","Japan"
"5798","Aedas Homes","AEDAS.MC","1171546076","27.0049","Spain"
"5799","Electra Real Estate","ELCRE.TA","1171072611","18.1685","Israel"
"5800","Harmonic Inc.","HLIT","1170591104","10.43","United States"
"5801","Kumho Tire","073240.KS","1170526058","4.07479","South Korea"
"5802","GasLog","GLOP-PA","1170184832","25.5","Greece"
"5803","Plazza AG","PLAN.SW","1169045228","564.756","Switzerland"
"5804","Voltamp Transformers","VOLTAMP.NS","1168627749","115.51","India"
"5805","Superior Plus","SPB.TO","1168544392","5.44601","Canada"
"5806","ORIC Pharmaceuticals","ORIC","1168237056","10.43","United States"
"5807","GH Research","GHRS","1166772864","18.81","Ireland"
"5808","Toagosei","4045.T","1166395695","10.9692","Japan"
"5809","Trupanion","TRUP","1165665664","26.84","United States"
"5810","Limbach Holdings","LMB","1165252864","99.77","United States"
"5811","GenusPlus Group Limited","GNP.AX","1165078002","6.41826","Australia"
"5812","GL Events SA","GLO.PA","1164176201","39.689","France"
"5813","Rosetti Marino","YRM.MI","1163899895","306.289","Italy"
"5814","Gamma Communications","GAMA.L","1163681530","12.811","United Kingdom"
"5815","Vitec Software Group","VIT-B.ST","1162743198","29.3776","Sweden"
"5816","Tsakos Energy Navigation","TEN","1161419136","38.55","Greece"
"5817","Evolv Technologies","EVLV","1160399232","6.47","United States"
"5818","United Real Estate Company","URC.KW","1159748744","848.287","Kuwait"
"5819","Compañía de Acero del Pacífico","CAP.SN","1158960650","7.75494","Chile"
"5820","iQIYI","IQ","1158029696","1.2","China"
"5821","Action Construction Equipment","ACE.NS","1157676394","9.72673","India"
"5822","Ricoh Leasing Company","8566.T","1157616747","37.5552","Japan"
"5823","Dicker Data","DDR.AX","1157447112","6.3933","Australia"
"5824","ARB Corporation Limited","ARB.AX","1157429494","13.8349","Australia"
"5825","Kingsgate Consolidated Limited","KCN.AX","1156809690","4.32876","Australia"
"5826","Preferred Bank","PFBC","1156734592","94.97","United States"
"5827","Azenta","AZTA","1156605056","25.11","United States"
"5828","CONMED","CNMD","1156257536","37.5","United States"
"5829","Lindsay Corporation","LNN","1155554688","110.53","United States"
"5830","Two Harbors Investment","TWO","1155509760","11","United States"
"5831","Progress Software","PRGS","1155478528","27.46","United States"
"5832","EyePoint Pharmaceuticals","EYPT","1154698240","13.84","United States"
"5833","OCB (Orient Commercial Joint Stock Bank)","OCB.VN","1154590248","0.433559","Vietnam"
"5834","Nordic American Tankers","NAT","1154041088","5.45","Bermuda"
"5835","Vizsla Silver","VZLA","1153346176","3.3","Canada"
"5836","Avanos Medical","AVNS","1153318784","24.71","United States"
"5837","Zenas BioPharma","ZBIO","1153240576","18.49","United States"
"5838","Megaport Limited","MP1.AX","1152744635","6.2685","Australia"
"5839","Waypoint REIT","WPR.AX","1152688132","1.76502","Australia"
"5840","Saudi Reinsurance Company","8200.SR","1151338020","6.88147","Saudi Arabia"
"5841","First Mid-Illinois Bancshares","FMBH","1151091968","43.21","United States"
"5842","Finolex Industries","FINPIPE.NS","1149947069","1.85981","India"
"5843","Simply Good Foods","SMPL","1149784704","12.42","United States"
"5844","Siam Global House","GLOBAL.BK","1149083339","0.20512","Thailand"
"5845","Bonheur ASA","BONHR.OL","1148852653","27.0116","Norway"
"5846","I.D.I. Insurance Company","IDIN.TA","1148281615","77.6605","Israel"
"5847","Mader Group Limited","MAD.AX","1147714183","5.64093","Australia"
"5848","Evotec","EVO","1147257472","3.23","Germany"
"5849","ProSiebenSat.1 Media","PSM.F","1146367906","4.92401","Germany"
"5850","DBV Technologies","DBVT","1144596864","19.34","France"
"5851","Astra Microwave","ASTRAMICRO.NS","1144166419","12.0508","India"
"5852","Lassonde Industries","LAS-A.TO","1143999931","167.702","Canada"
"5853","Pursuit Attractions and Hospitality","PRSU","1142632064","40.78","United States"
"5854","Canada Goose","GOOS","1142230528","11.76","Canada"
"5855","Bombay Burmah","BBTC.NS","1140651762","16.3483","India"
"5856","Upbound Group","UPBD","1140194176","19.54","United States"
"5857","Green Plains","GPRE","1139769984","16.32","United States"
"5858","Heritage Financial","HFWA","1139331456","27.7","United States"
"5859","Dometic Group","DOM.ST","1137525569","3.56033","Sweden"
"5860","U.S. Physical Therapy, Inc.","USPH","1136659968","74.76","United States"
"5861","Atlanticus","ATLC","1136589440","76.22","United States"
"5862","Willdan Group","WLDN","1135305600","76.73","United States"
"5863","Great Lakes Dredge &amp; Dock Corp.","GLDD","1135273600","17","United States"
"5864","IRadimed","IRMD","1135091840","88.8","United States"
"5865","CVS Group","CVSG.L","1135047699","16.1787","United Kingdom"
"5866","AMAG Austria Metall","AM8.F","1133691806","32.1487","Austria"
"5867","Aussie Broadband Limited","ABB.AX","1131938760","3.85809","Australia"
"5868","International General Insurance Holdings Ltd.","IGIC","1131891328","26.42","Jordan"
"5869","Infortar","INF1T.TL","1131652844","54.8281","Estonia"
"5870","Ominvest","OMVS.OM","1131603454","1.00779","Oman"
"5871","Northern Dynasty Minerals","NAK","1131178112","2.02","Canada"
"5872","RITES","RITES.NS","1130589329","2.35244","India"
"5873","Safehold","SAFE","1129813888","15.73","United States"
"5874","Strive Asset Management, LLC","ASST","1129445120","16.2","United States"
"5875","Sinclair, Inc.","SBGI","1128715904","15.76","United States"
"5876","Sify Technologies","SIFY","1128666240","15.6","India"
"5877","Tokai Tokyo Financial Holdings","8616.T","1127834611","4.48158","Japan"
"5878","Noritake","5331.T","1127350572","20.4989","Japan"
"5879","H.U. Group Holdings","4544.T","1126338397","19.898","Japan"
"5880","Carabao Group","CBG.BK","1125848329","1.12585","Thailand"
"5881","Arendals Fossekompani","AFK.OL","1125212934","20.473","Norway"
"5882","Eurowag (W.A.G payment solutions)","EWG.L","1124925651","1.62461","United Kingdom"
"5883","Arafura Rare Earths","ARU.AX","1124746935","0.240328","Australia"
"5884","TOCALO Co.,Ltd.","3433.T","1124122688","18.9028","Japan"
"5885","Precinct Properties","PCT.NZ","1124090917","0.606682","New Zealand"
"5886","Arriyadh Development Company","4150.SR","1123978381","4.80475","Saudi Arabia"
"5887","Elders Limited","ELD.AX","1122677028","5.23444","Australia"
"5888","Kuros Biosciences","KURN.SW","1122402272","28.594","Switzerland"
"5889","BKS Bank","BKS.VI","1122262262","24.5499","Austria"
"5890","Septerna","SEPN","1121312128","24.97","United States"
"5891","Pets at Home","PETS.L","1120850364","2.53525","United Kingdom"
"5892","Arteris","AIP","1120511488","24.31","United States"
"5893","National Corporation for Tourism &amp; Hotels","NCTH.AE","1120480440","0.51","United Arab Emirates"
"5894","Al-Babtain Power and Telecommunications","2320.SR","1119751912","17.5106","Saudi Arabia"
"5895","Genius Sports","GENI","1119038208","4.35","United Kingdom"
"5896","Commercial Real Estate Company (Kuwait)","ALTIJARIA.KW","1118284573","623.165","Kuwait"
"5897","Safety Insurance","SAFT","1117591168","76.11","United States"
"5898","Yurtec Corporation","1934.T","1116952862","16.2614","Japan"
"5899","Pagaya Technologies","PGY","1114932096","13.51","Israel"
"5900","Ituran","ITRN","1114836224","56.04","Israel"
"5901","Dan Hotels","DANH.TA","1114008924","9.63683","Israel"
"5902","Norion Bank","NORION.ST","1113839852","5.86903","Sweden"
"5903","Chimera Investment Corporation","CIM","1112589696","13.34","United States"
"5904","Caisse Régionale de Crédit Agricole Mutuel Sud Rhône Alpes","CRSU.PA","1112483670","244.915","France"
"5905","Vetoquinol","VETO.PA","1111799302","94.2249","France"
"5906","KITZ Corporation","6498.T","1110467868","12.775","Japan"
"5907","Gulf International Services","GISS.QA","1110450183","0.597527","Qatar"
"5908","Edgewell Personal Care","EPC","1109519360","23.75","United States"
"5909","Al-Dawaa Medical Services Company","4163.SR","1109042442","13.0476","Saudi Arabia"
"5910","Metropolitan Bank Holding","MCB","1108339584","89.17","United States"
"5911","Oakley Capital Investments","OCI.L","1108129026","6.66818","Bermuda"
"5912","Centerspace","CSR","1105687296","65.87","United States"
"5913","Hagar hf.","HAGA.IC","1105647103","1.01191","Iceland"
"5914","Neuren Pharmaceuticals","NEU.AX","1105088655","8.73596","Australia"
"5915","Mani, Inc.","7730.T","1103618820","11.204","Japan"
"5916","Iino Kaiun Kaisha","9119.T","1103293734","10.4278","Japan"
"5917","Sakata Seed","1377.T","1101690868","26.0695","Japan"
"5918","Al Hammadi Holding Company","4007.SR","1101034496","6.88147","Saudi Arabia"
"5919","Gr. Sarantis S.A.","SAR.AT","1100638209","17.2785","Greece"
"5920","NCC Limited","NCC.NS","1100313966","1.75252","India"
"5921","Sedlmayr Grund und Immobilien AG","SPB.F","1098748435","1496.38","Germany"
"5922","Judo Capital Holdings","JDO.AX","1097095376","0.978428","Australia"
"5923","uniQure","QURE","1096765824","17.54","Netherlands"
"5924","Japan Securities Finance","8511.T","1096746595","13.5449","Japan"
"5925","Cyient","CYIENT.NS","1096646561","9.93208","India"
"5926","OceanFirst Financial","OCFC","1094082432","19.06","United States"
"5927","Scandi Standard AB","SCST.ST","1093411761","16.7532","Sweden"
"5928","KDH (Khang Dien House Trading and Investment)","KDH.VN","1092595295","0.973606","Vietnam"
"5929","Teekay","TK","1091673856","12.58","Canada"
"5930","Tadano","6395.T","1091435190","8.63769","Japan"
"5931","Pacira Biosciences","PCRX","1091019648","25.36","United States"
"5932","HSC (Ho Chi Minh City Securities Corporation)","HCM.VN","1090471106","1.00974","Vietnam"
"5933","Lifenet Insurance Company","7157.T","1090212582","13.5699","Japan"
"5934","2CRSI","AL2SI.PA","1090103273","48.2581","France"
"5935","Prashkovsky Investments and Construction","PRSK.TA","1088945025","51.0635","Israel"
"5936","ARIAKE JAPAN","2815.T","1088466555","34.1752","Japan"
"5937","Pacific Industrial","7250.T","1088376310","18.8715","Japan"
"5938","South Indian Bank","SOUTHBANK.NS","1087528256","0.415473","India"
"5939","Voltalia","VLTSA.PA","1086672008","8.30021","France"
"5940","Diversified Energy","DEC.L","1086508597","15.4648","United States"
"5941","Orient Corporation","8585.T","1084345558","6.3343","Japan"
"5942","Sun Corp","6736.T","1082865548","50.3239","Japan"
"5943","Canfor","CFP.TO","1082771374","9.22756","Canada"
"5944","Inventiva Pharma","IVA","1081845632","5.21","France"
"5945","Arvind","ARVIND.NS","1081504446","4.12607","India"
"5946","Lenzing","LEN.F","1081254903","27.9986","Austria"
"5947","Eckert &amp; Ziegler","EUZ.F","1081182030","17.2785","Germany"
"5948","Al Majed for Oud Company","4165.SR","1081068068","43.2427","Saudi Arabia"
"5949","Graham Corporation","GHM","1080703360","97.6","United States"
"5950","LegalZoom","LZ","1080455808","6.25","United States"
"5951","Aichi Steel","5482.T","1079907885","16.8685","Japan"
"5952","Nikkiso Co., Ltd.","6376.T","1079268790","16.5368","Japan"
"5953","Radware","RDWR","1078574080","25.63","Israel"
"5954","Merlin, Inc.","MRLN","1076252160","12.73","United States"
"5955","Monex Group","8698.T","1076160378","4.28129","Japan"
"5956","Pet Valu","PET.TO","1074178486","15.5934","Canada"
"5957","Easterly Government Properties","DEA","1073934208","23.17","United States"
"5958","Prosegur Cash","CASH.MC","1073742423","0.734159","Spain"
"5959","Taboola.com","TBLA","1072190912","3.72","United States"
"5960","Life Healthcare Group","LHC.JO","1071970600","0.749091","South Africa"
"5961","Scholastic","SCHL","1070077632","42.06","United States"
"5962","HTC Corporation","2498.TW","1070061439","1.27986","Taiwan"
"5963","Nazara Technologies","NAZARA.NS","1069996351","2.88825","India"
"5964","Vesuvius India","VESUVIUS.NS","1069620439","5.27008","India"
"5965","Liquidity Services","LQDT","1068738304","34.46","United States"
"5966","Sun Hung Kai &amp; Co.","0086.HK","1068395347","0.545102","Hong Kong"
"5967","Univest Financial Corporation","UVSP","1068123968","37.51","United States"
"5968","USA TODAY Co.","TDAY","1068000192","7.26","United States"
"5969","Arhaus","ARHS","1067576512","7.52","United States"
"5970","MATSUDA SANGYO","7456.T","1067547049","41.3107","Japan"
"5971","Toyo Construction","1890.T","1067163763","11.3574","Japan"
"5972","Pacific Century Regional Developments","P15.SI","1066438455","0.402954","Singapore"
"5973","Olectra Greentech","OLECTRA.NS","1066100131","12.9884","India"
"5974","Montepino Logística","MLMTP.PA","1065552084","12.3919","Spain"
"5975","MMTC","MMTC.NS","1064947443","0.709965","India"
"5976","Douglas Dynamics","PLOW","1064902464","46.13","United States"
"5977","Marcus &amp; Millichap","MMI","1064027776","27.95","United States"
"5978","Trican Well Service","TCW.TO","1063415370","5.0591","Canada"
"5979","Compass Minerals","CMP","1062908480","25.39","United States"
"5980","Ramkrishna Forgings","RKFORGE.NS","1062159573","5.85376","India"
"5981","Dynavox Group","DYVOX.ST","1061004842","10.0519","Sweden"
"5982","Boubyan Petrochemical Company","BPCC.KW","1058539057","1983.69","Kuwait"
"5983","Polenergia","PEP.WA","1057551364","13.6955","Poland"
"5984","Pilot Corporation","7846.T","1056807025","30.1255","Japan"
"5985","Arzan Financial Group for Financing and Investment","ARZAN.KW","1055653523","1164.76","Kuwait"
"5986","Pantoro Limited","PNR.AX","1055628033","2.68497","Australia"
"5987","Alvotech","ALVO","1054723264","3.38","Iceland"
"5988","Humansoft Holding Company","HUMANSOFT.KW","1054607598","7862.97","Kuwait"
"5989","The Hub Power Company","HUBC.PK","1054290085","0.812771","Pakistan"
"5990","Jupiter Fund Management","JUP.L","1053550319","2.09879","United Kingdom"
"5991","Shenzhen Bingchuan Network","300533.SZ","1052854654","4.49051","China"
"5992","BTS Group","BTS.BK","1052401688","0.0653917","Thailand"
"5993","Beijing Airport","0694.HK","1052227941","0.229785","China"
"5994","Al Seer Marine Supplies &amp; Equipment Company","ASM.AE","1050977872","1.05","United Arab Emirates"
"5995","InnovAge","INNV","1050313856","7.74","United States"
"5996","Bank Jago","ARTO.JK","1049433259","0.0757094","Indonesia"
"5997","Creades AB","CRED-A.ST","1049185282","7.7281","Sweden"
"5998","Biolife Solutions","BLFS","1049075968","21.72","United States"
"5999","Knowledge Economic City Company","4310.SR","1048794586","3.09105","Saudi Arabia"
"6000","Nine Entertainment Co. Holdings","NEC.AX","1048316265","0.66108","Australia"
"6001","Fatima Fertilizer","FATIMA.PK","1047625557","0.498869","Pakistan"
"6002","PVR INOX","PVRINOX.NS","1047341121","10.6654","India"
"6003","NS United Kaiun Kaisha","9110.T","1047262331","44.4403","Japan"
"6004","SIMPAR","SIMH3.SA","1046955190","2.40621","Brazil"
"6005","LSB Industries","LXU","1046808448","14.57","United States"
"6006","LGI Homes","LGIH","1046772160","45.25","United States"
"6007","2G Energy AG","2GB.DE","1046115507","58.3119","Germany"
"6008","Collegium Pharmaceutical","COLL","1046096896","32.28","United States"
"6009","Old Second Bancorp","OSBC","1045912576","19.85","United States"
"6010","Strides Pharma","STAR.NS","1045660904","11.3446","India"
"6011","Takara Standard","7981.T","1045244032","16.5305","Japan"
"6012","The Pennant Group","PNTG","1045016704","30.11","United States"
"6013","Northeast Bank","NBN","1043668352","121.99","United States"
"6014","JVCKENWOOD Corporation","6632.T","1042531260","7.37646","Japan"
"6015","PennyMac Mortgage Investment Trust","PMT","1042068160","11.95","United States"
"6016","Villar International","VILR.TA","1041803479","58.8529","Israel"
"6017","engcon AB","ENGCON-B.ST","1040796118","6.83099","Sweden"
"6018","Neurones","NRO.PA","1040037827","43.43","France"
"6019","NorthWest Healthcare Properties REIT","NWH-UN.TO","1040025311","4.13196","Canada"
"6020","Yalla Group","YALA","1039736640","6.6","United Arab Emirates"
"6021","MFA Financial","MFA","1038294592","10.17","United States"
"6022","TOMONY Holdings","8600.T","1037765117","5.40168","Japan"
"6023","Oxford Biomedica","OXB.L","1037447119","8.58107","United Kingdom"
"6024","Lucky Strike Entertainment","LUCK","1036915264","7.53","United States"
"6025","JOST Werke SE","JST.DE","1036589803","63.2453","Germany"
"6026","Oil-Dri Corporation Of America","ODC","1036189248","71.56","United States"
"6027","Jamieson Wellness","JWEL.TO","1035545904","24.967","Canada"
"6028","ATRenew","RERE","1034362368","4.67","China"
"6029","Black Box","BBOX.NS","1032798865","5.81874","India"
"6030","Helia Group","HLI.AX","1030388141","3.75825","Australia"
"6031","Bata India","BATAINDIA.NS","1029938837","8.01337","India"
"6032","American Public Education","APEI","1029919936","55.94","United States"
"6033","NeoGenomics","NEO","1029437696","7.91","United States"
"6034","Mixi","2121.T","1028972427","15.8045","Japan"
"6035","Teladoc Health","TDOC","1028457280","5.7","United States"
"6036","CareDx","CDNA","1027399808","20.06","United States"
"6037","Ethos Technologies","LIFE","1027290112","16.34","United States"
"6038","Union Coop","UNIONCOOP.AE","1026806050","0.588235","United Arab Emirates"
"6039","Osisko Development","ODV","1026491072","3.37","Canada"
"6040","Corticeira Amorim","COR.LS","1026186548","7.71569","Portugal"
"6041","Xeris Pharmaceuticals","XERS","1025966208","5.95","United States"
"6042","Pierre et Vacances","VAC.PA","1025930668","2.22118","France"
"6043","ITOCHU-SHOKUHIN","2692.T","1025180720","80.8062","Japan"
"6044","Mitsubishi Logisnext","7105.T","1024196952","9.57657","Japan"
"6045","Elopak ASA","ELO.OL","1024036882","3.81056","Norway"
"6046","United Fire Group","UFCS","1023546624","39.96","United States"
"6047","Sopharma","3JR.F","1022927891","1.94646","Bulgaria"
"6048","HBT Financial","HBT","1022817664","28.09","United States"
"6049","Chow Sang Sang Holdings","0116.HK","1022136910","1.52169","Hong Kong"
"6050","GrainCorp","GNC.AX","1021734985","4.59618","Australia"
"6051","Xvivo Perfusion AB","XVIVO.ST","1021389045","32.4256","Sweden"
"6052","Bank of Sharjah","BOS.AE","1021241849","0.34","United Arab Emirates"
"6053","Kempower","KEMPOWR.HE","1018940348","18.3774","Finland"
"6054","MidWestOne Financial Group","MOFG","1017475776","49.31","United States"
"6055","Ballard Power Systems","BLDP","1017087552","3.38","Canada"
"6056","X-FAB","XFAB.PA","1014787306","7.7683","Belgium"
"6057","Oman Arab Bank","OAB.OM","1014376518","0.506494","Oman"
"6058","Genco Shipping &amp; Trading","GNK","1012770304","23.38","United States"
"6059","SPIMACO (Saudi Pharmaceutical Industries and Medical Appliances Corporation)","2070.SR","1011857023","8.47771","Saudi Arabia"
"6060","eXp World Holdings","EXPI","1011354432","6.35","United States"
"6061","Savara","SVRA","1011008064","4.94","United States"
"6062","Savencia Fromage &amp; Dairy","SAVE.PA","1010832609","78.3259","France"
"6063","Coursera","COUR","1010802176","5.97","United States"
"6064","Rockhopper Exploration","RKH.L","1010580865","1.17737","United Kingdom"
"6065","Aktia Bank","AKTIA.HE","1010132230","13.748","Finland"
"6066","MPC Container Ships","MPCC.OL","1009691636","2.27562","Norway"
"6067","Middlesex Water Company","MSEX","1009533568","54.33","United States"
"6068","Piedmont Realty Trust","PDM","1008903296","8.07","United States"
"6069","IperionX","IPX","1008479808","29.715","United States"
"6070","Arena REIT","ARF.AX","1008288710","2.48886","Australia"
"6071","Amerant Bancorp","AMTB","1007919744","24","United States"
"6072","PM Capital Global Opportunities Fund","PGF.AX","1007367129","2.09663","Australia"
"6073","Juventus Turin","JUVE.MI","1007238913","2.41524","Italy"
"6074","Generation Development Group","GDG.AX","1006745408","2.51738","Australia"
"6075","Ventyx Biosciences","VTYX","1004502016","14","United States"
"6076","Hartalega","5168.KL","1004467155","0.294785","Malaysia"
"6077","Major Drilling Group International","MDI.TO","1003736295","12.2207","Canada"
"6078","Komeri Co.,Ltd.","8218.T","1003251911","21.3751","Japan"
"6079","SBS Holdings","2384.T","1003095624","25.2558","Japan"
"6080","National Presto Industries","NPK","1002364544","139.91","United States"
"6081","United Gulf Holding Company","UGH.BH","1001646923","0.557029","Bahrain"
"6082","Supply Network Limited","SNL.AX","1001291408","22.8846","Australia"
"6083","Heiwa Real Estate","8803.T","1001134035","15.0784","Japan"
"6084","Africa Israel Residences","AFRE.TA","999504553","78.8922","Israel"
"6085","Raito Kogyo","1926.T","998524122","23.7536","Japan"
"6086","Accel Entertainment","ACEL","998456512","12.24","United States"
"6087","Tosei Corporation","8923.T","998435108","10.2964","Japan"
"6088","New Pacific Metals","NEWP","998017216","5.42","Canada"
"6089","Kanamoto","9678.T","996579762","28.9488","Japan"
"6090","Bestway Cement","BWCL.PK","996051855","1.67052","Pakistan"
"6091","Canadian Solar","CSIQ","994871296","14.67","Canada"
"6092","Renew Holdings plc","RNWH.L","992833894","12.5416","United Kingdom"
"6093","Y.D. More Investments","MRIN.TA","992170960","13.5648","Israel"
"6094","Asiana Airlines","020560.KS","992090971","4.81812","South Korea"
"6095","CTT - Correios De Portugal","CTT.LS","991291511","7.48772","Portugal"
"6096","Kuwait Cement Company","KCEM.KW","990952026","1389.89","Kuwait"
"6097","GlobalData","DATA.L","990210205","1.40638","United Kingdom"
"6098","Yanlord","Z25.SI","989903153","0.512495","Singapore"
"6099","Deyaar Development","DEYAAR.AE","989091853","0.226035","United Arab Emirates"
"6100","MLP SE","MLP.DE","987262743","9.03671","Germany"
"6101","Universal Insurance Holdings","UVE","986759680","35.18","United States"
"6102","Capitol Federal Savings Bank","CFFN","986206976","7.75","United States"
"6103","Southside Bancshares","SBSI","985999872","33.15","United States"
"6104","Time Technoplast","TIMETECHNO.NS","985541989","1.9965","India"
"6105","Cronos Group","CRON","985532864","2.6","Canada"
"6106","CRA International","CRAI","985518400","150.09","United States"
"6107","Genuit Group","GEN.L","984818246","3.92008","United Kingdom"
"6108","BKI Investment Company","BKI.AX","984274916","1.21947","Australia"
"6109","ASBISc Enterprises","ASB.WA","984153713","17.7325","Cyprus"
"6110","Inwido AB","INWI.ST","983758724","16.9694","Sweden"
"6111","Aker BioMarine","AKBM.OL","983550897","11.2119","Norway"
"6112","Karnataka Bank","KTKBANK.NS","983159676","2.5997","India"
"6113","Crédit Agricole Mutuel de la Touraine et du Poitou","CRTO.PA","983141724","157.447","France"
"6114","Bytes Technology","BYIT.L","981993763","4.15448","United Kingdom"
"6115","Itoki Corporation","7972.T","981879233","19.8729","Japan"
"6116","B.Grimm Power","BGRIM.BK","981004942","0.376311","Thailand"
"6117","Exmar","EXM.BR","980705998","12.3334","Belgium"
"6118","Burford Capital","BUR","980660544","4.48","Guernsey"
"6119","Kvutzat Acro","ACRO.TA","980386404","15.5454","Israel"
"6120","Global Medical REIT","GMRE","979776256","35.98","United States"
"6121","Bank ABC (Arab Banking Corporation)","ABC.BH","979649989","0.86","Bahrain"
"6122","Colgate-Palmolive (Pakistan)","COLG.PK","979493806","4.0346","Pakistan"
"6123","BayWa","BYW.F","978634415","15.256","Germany"
"6124","Hunting PLC","HTG.L","977556805","6.67491","United Kingdom"
"6125","KalVista Pharmaceuticals","KALV","977325056","19.08","United States"
"6126","Hello Group Inc.","MOMO","975777984","6.12","China"
"6127","Ategrity Specialty Insurance Company","ASIC","975272832","20.29","United States"
"6128","Aeva Technologies","AEVA","975059648","15.49","United States"
"6129","Tamboran Resources","TBN","974626944","35.99","Australia"
"6130","Waha Capital Company","WAHA.AE","974584949","0.52","United Arab Emirates"
"6131","Whitestone REIT","WSR","974429760","18.96","United States"
"6132","Satellogic","SATL","974229312","6.81","United States"
"6133","Omeros Corporation","OMER","973388224","13.52","United States"
"6134","AMC Entertainment","AMC","973271360","1.67","United States"
"6135","Mission Produce","AVO","972720576","13.73","United States"
"6136","Annexon","ANNX","972474496","6.06","United States"
"6137","Dexco","DXCO3.SA","970060115","1.06876","Brazil"
"6138","Anan Investment Holding","ANAN.AE","969935397","0.42","United Arab Emirates"
"6139","MA Financial Group","MAF.AX","968682696","4.94206","Australia"
"6140","VA Tech Wabag","WABAG.NS","968599164","15.5449","India"
"6141","Middle East Healthcare Company","4009.SR","967990032","10.5171","Saudi Arabia"
"6142","Genomma Lab Internacional","LABB.MX","967982435","0.994034","Mexico"
"6143","Cricut","CRCT","967840512","4.57","United States"
"6144","Thurgauer Kantonalbank","TKBP.SW","966699714","241.675","Switzerland"
"6145","Oxford Lane Capital","OXLC","966239936","9.9","United States"
"6146","Phathom Pharmaceuticals","PHAT","965870272","12.16","United States"
"6147","Bukalapak.com","BUKA.JK","965733709","0.00936254","Indonesia"
"6148","Hanza AB","HANZA.ST","965189382","15.3697","Sweden"
"6149","Delta Israel Brands","DLTI.TA","963915262","38.514","Israel"
"6150","Shin Nippon Air Technologies","1952.T","963784176","21.2187","Japan"
"6151","Rhön-Klinikum","RHK.DE","962524208","14.3792","Germany"
"6152","CytomX Therapeutics","CTMX","961988992","4.45","United States"
"6153","Geron","GERN","961350528","1.5","United States"
"6154","Eve Holding, Inc.","EVEX","961320640","2.76","United States"
"6155","Biglari","BH","960602880","306.02","United States"
"6156","Ohsho Food Service","9936.T","960364831","18.3457","Japan"
"6157","WH Smith","SMWH.L","959149601","7.69198","United Kingdom"
"6158","JCU Corporation","4975.T","958499537","38.9322","Japan"
"6159","Engro Fertilizers","EFERT.PK","958277065","0.71765","Pakistan"
"6160","Zehnder Group","ZEHN.SW","957627553","86.1126","Switzerland"
"6161","Einhell Germany","EIN.DE","957271435","84.288","Germany"
"6162","Phoenix Education Partners","PXED","956153088","26.7","United States"
"6163","AG Barr","BAG.L","956026901","8.61474","United Kingdom"
"6164","Star Asia Investment Corporation","3468.T","955288062","355.522","Japan"
"6165","Virtus Investment Partners","VRTS","954646528","142.58","United States"
"6166","Chesnara plc","CSN.L","953649873","4.13562","United Kingdom"
"6167","Manitou Group","MTU.PA","952887023","24.9006","France"
"6168","ACV Auctions","ACVA","952342656","5.19","United States"
"6169","Saudi Automotive Services Company","4050.SR","952007282","13.6001","Saudi Arabia"
"6170","Scanfil","SCANFL.HE","951809258","14.5195","Finland"
"6171","Unitil Corporation","UTL","951103296","52.88","United States"
"6172","ESAB India","ESABINDIA.NS","950240843","61.7319","India"
"6173","Australian United Investment Company","AUI.AX","948711684","7.65912","Australia"
"6174","Totech Corporation","9960.T","947096729","23.0964","Japan"
"6175","Daktronics","DAKT","946682560","19.42","United States"
"6176","Pakuwon Jati Tbk","PWON.JK","946325144","0.0196498","Indonesia"
"6177","Shentel","SHEN","945658176","17.1","United States"
"6178","Konoike Transport","9025.T","945233999","17.8011","Japan"
"6179","Movida Participações","MOVI3.SA","944327542","2.74853","Brazil"
"6180","Ramaco Resources","METC","943803200","13.98","United States"
"6181","Sun Frontier Fudousan","8934.T","943146069","16.493","Japan"
"6182","Noevir Holdings","4928.T","941746253","27.5717","Japan"
"6183","Quanex Building Products","NX","940359040","20.47","United States"
"6184","Emerald Holding","EEX","940068864","4.75","United States"
"6185","Tata Teleservices","TTML.NS","939186816","0.48042","India"
"6186","Compass Therapeutics","CMPX","938258048","5.21","United States"
"6187","NCR Voyix Corporation","VYX","937615104","6.72","United States"
"6188","AS ONE Corporation","7476.T","937432358","13.1537","Japan"
"6189","Empire State Realty Trust","ESRT","937384704","5.48","United States"
"6190","Close Brothers Group","CBG.L","937353725","6.22632","United Kingdom"
"6191","Miramar Hotel and Investment","0071.HK","936756950","1.35573","Hong Kong"
"6192","OPKO Health","OPK","936595648","1.22","United States"
"6193","XPLR Infrastructure","XIFR","936346112","9.93","United States"
"6194","Cathay Real Estate Development","2501.TW","936049343","0.807245","Taiwan"
"6195","Amphastar Pharmaceuticals","AMPH","935679872","21.01","United States"
"6196","Equity Bancshares","EQBK","935346752","45.04","United States"
"6197","Engro Corporation","ENGRO.PK","934950136","1.74227","Pakistan"
"6198","Riken Keiki","7734.T","931791664","20.4989","Japan"
"6199","Sequent Scientific","SEQUENT.NS","931273369","2.13731","India"
"6200","Heartland Express","HTLD","931008192","12.02","United States"
"6201","Evommune","EVMN","930714752","25.84","United States"
"6202","Canon Electronics Inc.","7739.T","930613562","22.7522","Japan"
"6203","EuroTeleSites","ETS.VI","930253290","5.59972","Austria"
"6204","Allergy Therapeutics","AGY.L","929834243","0.146835","United Kingdom"
"6205","Zee Entertainment","ZEEL.NS","929531593","0.967738","India"
"6206","Marksans Pharma","MARKSANS.NS","929363197","2.05083","India"
"6207","Kinepolis Group","KIN.BR","927164396","34.6621","Belgium"
"6208","Kri-Kri Milk Industry","KRI.AT","926851878","28.1155","Greece"
"6209","PeptiDream","4587.T","926047598","7.16678","Japan"
"6210","Seneca Foods","SENEA","925707520","134.53","United States"
"6211","Bergman &amp; Beving","BERG-B.ST","925574414","34.7494","Sweden"
"6212","Service Properties Trust","SVC","925526336","1.43","United States"
"6213","N-Able","NABL","924937344","4.91","United States"
"6214","Janux Therapeutics","JANX","924032832","15.19","United States"
"6215","Criteo","CRTO","922891712","18.51","France"
"6216","Winnebago Industries","WGO","922595328","32.64","United States"
"6217","Volati AB","VOLO.ST","922002957","9.98708","Sweden"
"6218","Vamos Locação de Caminhões, Máquinas e Equipamentos S.A.","VAMO3.SA","920352551","0.859787","Brazil"
"6219","Certara","CERT","919950464","6","United States"
"6220","Sichuan Xunyou Network Technology","300467.SZ","919341738","4.52421","China"
"6221","Sana Biotechnology","SANA","918022144","3.44","United States"
"6222","Lotus Technology","LOT","916252224","1.35","China"
"6223","Yulon Motor Company","2201.TW","914968007","0.861167","Taiwan"
"6224","Caisse Régionale de Crédit Agricole Mutuel Loire Haute-Loire","CRLO.PA","914753154","113.397","France"
"6225","GVS S.p.A.","GVS.MI","914667188","4.89829","Italy"
"6226","Barings BDC","BBDC","914091008","8.73","United States"
"6227","Renta 4 Banco","R4.MC","913385018","22.4456","Spain"
"6228","Xencor","XNCR","913066048","12.45","United States"
"6229","Nippon Seiki","7287.T","913055050","15.8858","Japan"
"6230","Future Corporation","4722.T","913040795","10.2964","Japan"
"6231","Jastrzebska Spólka Weglowa","JSW.WA","912392123","7.77089","Poland"
"6232","Central Pacific Financial","CPF","911799232","34.49","United States"
"6233","SKF India","SKFINDIA.NS","910848391","18.4241","India"
"6234","Cancom","COK.F","910138630","29.8691","Germany"
"6235","Synsam","SYNSAM.ST","909902825","6.40946","Sweden"
"6236","InMode","INMD","909831680","14.36","Israel"
"6237","Astra Agro Lestari","AALI.JK","909341009","0.472461","Indonesia"
"6238","Horizon Bancorp","HBNC","908812544","17.8","United States"
"6239","Nick Scali Limited","NCK.AX","908220418","10.6186","Australia"
"6240","Gentherm","THRM","908049408","29.61","United States"
"6241","Morguard","MRC.TO","907296222","84.968","Canada"
"6242","Ryerson","RYI","907088320","28.16","United States"
"6243","MilDef Group","MILDEF.ST","906831030","19.2554","Sweden"
"6244","Kurabo Industries","3106.T","906821818","56.7083","Japan"
"6245","Standard Lithium","SLI","906465920","3.73","Canada"
"6246","JBG SMITH","JBGS","906336896","15.36","United States"
"6247","GAG Immobilien","GWK3.HM","906039982","56.1141","Germany"
"6248","Iress Limited","IRE.AX","905807382","4.84935","Australia"
"6249","MetroCity Bankshares","MCBS","905084096","31.58","United States"
"6250","Lumexa Imaging","LMRI","904394432","9.41","United States"
"6251","CNB Financial Corp","CCNE","903577984","30.49","United States"
"6252","OCI","OCI.AS","902675456","4.2787","Netherlands"
"6253","Indus Holding","INH.F","902197588","33.7269","Germany"
"6254","Alto Neuroscience","ANRO","901205696","25.71","United States"
"6255","Fortrea","FTRE","900404992","9.63","United States"
"6256","Canaccord Genuity Group","CF.TO","900211233","8.96475","Canada"
"6257","Gerresheimer","GXI.F","899639010","26.0463","Germany"
"6258","Hogy Medical","3593.T","898743085","41.6862","Japan"
"6259","Pick n Pay Stores","PIK.JO","898665900","1.22704","South Africa"
"6260","Evertz Technologies","ET.TO","898201261","11.8922","Canada"
"6261","Emirates Driving Company","DRIVE.AE","897864017","0.83","United Arab Emirates"
"6262","Amplitude","AMPL","897306112","6.71","United States"
"6263","Gielda Papierów Wartosciowych w Warszawie","GPW.WA","895782278","21.3424","Poland"
"6264","Autoneum Holding","AUTN.SW","894877955","154.163","Switzerland"
"6265","SAKURA Internet","3778.T","894308181","22.3453","Japan"
"6266","PVA TePla AG","TPE.DE","892921329","43.7222","Germany"
"6267","Spire Healthcare Group","SPI.L","890418821","2.22273","United Kingdom"
"6268","Pharmanutra","PHN.MI","889907703","92.939","Italy"
"6269","ODDITY Tech","ODD","889728128","15.49","Israel"
"6270","BML, Inc.","4694.T","889198801","23.7223","Japan"
"6271","ChemoMetec","CHEMM.CO","889000985","51.0847","Denmark"
"6272","Indian Metals &amp; Ferro Alloys","IMFA.NS","888413284","16.4661","India"
"6273","DigiCo Infrastructure REIT","DGT.AX","888132840","1.60456","Australia"
"6274","Data#3 Limited","DTL.AX","885843125","5.71225","Australia"
"6275","Sun Country Airlines","SNCY","885491328","16.34","United States"
"6276","Abacus Global Management","ABX","885436096","9.21","United States"
"6277","Hanmi Financial","HAFC","885150912","29.75","United States"
"6278","Emirates Stallions Group (ESG)","ESG.AE","885076269","3.54","United Arab Emirates"
"6279","Wiit S.p.A.","WIIT.MI","884202021","36.065","Italy"
"6280","Jumia","JMIA","883069184","7.13","Germany"
"6281","Ålandsbanken","ALBAV.HE","882771262","57.2831","Finland"
"6282","Frontier Airlines","ULCC","882171328","3.84","United States"
"6283","Polar Capital Holdings","POLR.L","882161944","9.3085","United Kingdom"
"6284","Riverstone Holdings","AP4.SI","881373159","0.594651","Singapore"
"6285","Krosaki Harima","5352.T","881077715","26.1634","Japan"
"6286","Barco NV","BAR.BR","880105318","10.8137","Belgium"
"6287","Kiwi Property","KPG.NZ","879481788","0.533411","New Zealand"
"6288","Mediterranean Towers","MDTR.TA","879211400","5.7821","Israel"
"6289","Sri Trang Gloves","STGT.BK","878454716","0.317705","Thailand"
"6290","Placoplatre","MLPLC.PA","877671538","672.2","France"
"6291","NHN Corp","181710.KS","877274117","28.0776","South Korea"
"6292","Agrana","AGR.VI","876628115","14.0285","Austria"
"6293","Vital Healthcare Property Trust","VHP.NZ","876491345","1.0932","New Zealand"
"6294","ScanSource","SCSC","876383552","39.94","United States"
"6295","BASSAC","BASS.PA","876260754","54.5943","France"
"6296","Abraj Energy Services","ABRJ.OM","876227554","1.13766","Oman"
"6297","Matthews International Corporation","MATW","875887872","28.14","United States"
"6298","Mercantile Bank","MBWM","875464384","50.68","United States"
"6299","Adastria","2685.T","873393905","18.9341","Japan"
"6300","Union Properties","UPP.AE","872627049","0.203431","United Arab Emirates"
"6301","San-Ai Obbli","8097.T","871888769","14.0894","Japan"
"6302","HMH Holding","HMH","871000384","20.21","United States"
"6303","TeamViewer","TMV.DE","870525445","5.54594","Germany"
"6304","Archicom","ARH.WA","870445620","14.8804","Poland"
"6305","Five Star Bancorp","FSBC","870223104","40.71","United States"
"6306","Shochiku","9601.T","869706492","63.2804","Japan"
"6307","Bright Minds Biosciences","DRUG","867925440","88.68","United States"
"6308","HSBC Oman","HBMO.OM","867668167","0.433766","Oman"
"6309","Moonpig Group","MOON.L","867421024","2.84509","United Kingdom"
"6310","Energy Resources of Australia","ERA.AX","867312268","0.00213942","Australia"
"6311","Newsmax","NMAX","866519040","6.71","United States"
"6312","Talkspace","TALK","866039936","5.17","United States"
"6313","RFA Financial Inc.","RFA.TO","865553276","18.5719","Canada"
"6314","Investcorp Capital","ICAP.AE","865380708","0.39","United Arab Emirates"
"6315","Mid Penn Bancorp","MPB","865330624","34.15","United States"
"6316","Bangkok Airways","BA.BK","863758515","0.41641","Thailand"
"6317","KOMEDA Holdings","3543.T","863117204","18.9654","Japan"
"6318","Obsidian Energy","OBE","862891072","12.77","Canada"
"6319","Ascopiave","ASC.MI","862816341","3.98644","Italy"
"6320","Burelle","BUR.PA","862735985","492.167","France"
"6321","MeiraGTx","MGTX","862633472","9.32","United States"
"6322","XPS Pensions Group","XPS.L","862116573","4.21644","United Kingdom"
"6323","Smartgroup Corporation","SIQ.AX","861772371","6.27206","Australia"
"6324","Better Collective A/S","BETCO-DKK.CO","861446459","14.8593","Denmark"
"6325","discoverIE Group plc","DSCV.L","860877839","8.86396","United Kingdom"
"6326","Premium Water Holdings","2588.T","860867654","21.782","Japan"
"6327","Service Stream Limited","SSM.AX","860850333","1.39205","Australia"
"6328","Takara Bio","4974.T","860729723","7.148","Japan"
"6329","Compass Diversified Holdings","CODI","860699456","11.44","United States"
"6330","Bank Nizwa","BKNZ.OM","859919628","0.384416","Oman"
"6331","J D Wetherspoon","JDW.L","859765151","8.15673","United Kingdom"
"6332","Cargojet","CJT.TO","859478319","57.6868","Canada"
"6333","Heritage Insurance","HRTG","859264064","27.97","United States"
"6334","Black Diamond Group","BDI.TO","858792163","12.666","Canada"
"6335","Amanat Holdings","AMANAT.AE","858602822","0.345861","United Arab Emirates"
"6336","Grupa Pracuj","GPP.WA","858158794","12.4555","Poland"
"6337","NB Bancorp","NBBK","857700736","19.16","United States"
"6338","NEUCA","NEU.WA","856773306","190.139","Poland"
"6339","Festi hf.","FESTI.IC","856226376","2.77052","Iceland"
"6340","United International Holding Company","4083.SR","856179253","34.2472","Saudi Arabia"
"6341","Northern Data AG","NB2.DE","855555401","13.3271","Germany"
"6342","Paul Hartmann","PHH2.F","855341195","240.823","Germany"
"6343","PennantPark Floating Rate","PFLT","855258240","8.62","United States"
"6344","JM AB","JM.ST","854770388","13.2513","Sweden"
"6345","Hexatronic Group AB","HTRO.ST","854381461","4.1548","Sweden"
"6346","Ottogi","007310.KS","854120245","248.339","South Korea"
"6347","Magic Software","MGIC","853345856","17.38","Israel"
"6348","Royal holdings","8179.T","852679294","8.65646","Japan"
"6349","Asseco South Eastern Europe","ASE.WA","852289022","16.4236","Poland"
"6350","Ibotta","IBTA","852002944","35.73","United States"
"6351","Bain Capital Specialty Finance","BCSF","851074752","13.12","United States"
"6352","Petco","WOOF","850223360","2.99","United States"
"6353","B Communications","BCOM.TA","850162312","8.08819","Israel"
"6354","RAK Properties","RAKPROP.AE","849673219","0.28","United Arab Emirates"
"6355","ARKO Petroleum","APC","848652800","17.84","United States"
"6356","Standard Chartered Bank (Pakistan)","SCBPL.PK","848555169","0.219175","Pakistan"
"6357","IDOM Inc.","7599.T","848432160","8.44991","Japan"
"6358","Ridgepost Capital","RPC","848216320","7.71","United States"
"6359","Standard Motor Products","SMP","847785728","38.08","United States"
"6360","Volaris","VLRS","847297344","7.37","Mexico"
"6361","Grupo Supervielle","SUPV","846793536","8.96","Argentina"
"6362","Camden National Corporation","CAC","846770688","49.88","United States"
"6363","NewPrinces S.p.A.","NWL.MI","846514672","20.0491","Italy"
"6364","Almunajem Foods Company","4162.SR","845635493","14.0939","Saudi Arabia"
"6365","freee K.K.","4478.T","845349540","14.271","Japan"
"6366","United Development Company","UDCD.QA","845332301","0.238736","Qatar"
"6367","Ackerstein Group","ACKR.TA","844765719","2.92833","Israel"
"6368","SIG (Semen Indonesia)","SMGR.JK","844716597","0.125412","Indonesia"
"6369","Agthia Group","AGTHIA.AE","844284236","1.02","United Arab Emirates"
"6370","Navigator Global Investments","NGI.AX","844068071","1.71867","Australia"
"6371","LightPath Technologies","LPTH","843699776","14.62","United States"
"6372","Stingray Group","RAY-A.TO","843548063","12.3987","Canada"
"6373","IFA Hotels and Resorts","IFAHR.KW","843174768","2897.23","Kuwait"
"6374","Schrödinger","SDGR","842344448","11.41","United States"
"6375","Sanofi India Limited","SANOFI.NS","842060892","36.5627","India"
"6376","Basilea Pharmaceutica","BSLN.SW","841469485","68.5594","Switzerland"
"6377","Admie Holding","ADMIE.AT","841348284","3.62988","Greece"
"6378","GungHo Online Entertainment","3765.T","841036979","15.8295","Japan"
"6379","GO (Etihad Atheeb Telecommunication Company)","7040.SR","840854971","24.7311","Saudi Arabia"
"6380","Navient","NAVI","840592640","8.84","United States"
"6381","Formosa Taffeta","1434.TW","840515507","0.499572","Taiwan"
"6382","Sparebanken Sør","SOR.OL","840479500","20.1631","Norway"
"6383","Grendene","GRND3.SA","840304261","0.931436","Brazil"
"6384","Saul Centers","BFS","839960192","34.29","United States"
"6385","Theravance Biopharma","TBPH","839849536","16.31","Cayman Islands"
"6386","Root Insurance","ROOT","839328576","53.96","United States"
"6387","SLR Investment","SLRC","838504704","15.37","United States"
"6388","Filtronic","FTC.L","838489926","3.81231","United Kingdom"
"6389","Tian An China Investments Company","0028.HK","838459862","0.57191","Hong Kong"
"6390","Arbutus Biopharma","ABUS","836993664","4.25","United States"
"6391","MannKind Corp","MNKD","836836544","2.71","United States"
"6392","Varroc","VARROC.NS","834129006","5.45898","India"
"6393","Air New Zealand","AIR.NZ","833978537","0.257913","New Zealand"
"6394","ASGN","ASGN","833931008","19.53","United States"
"6395","Mips AB","MIPS.ST","833793383","31.4744","Sweden"
"6396","Ferrari Group PLC","046.F","833590099","9.13023","United Kingdom"
"6397","Caisse régionale de Crédit Agricole Mutuel d'Ille-et-Vilaine","CIV.PA","833298380","137.924","France"
"6398","SELLAS Life Sciences","SLS","833263104","4.64","United States"
"6399","PSI Software","PSAN.DE","833234859","53.4253","Germany"
"6400","LSI Industries","LYTS","830849728","22.67","United States"
"6401","Solid Power","SLDP","830721856","3.7","United States"
"6402","Super Hi International","9658.HK","830715743","1.4119","Singapore"
"6403","Tilray Brands","TLRY","830053312","6.94","Canada"
"6404","innoscripta SE","1INN.DE","828851974","82.8852","Germany"
"6405","Heritage Commerce","HTBK","828429632","13.45","United States"
"6406","Anterix","ATEX","827993664","44.2","United States"
"6407","RaySearch Laboratories AB","RAY-B.ST","827800704","24.1463","Sweden"
"6408","BCI Minerals Limited","BCI.AX","827487268","0.28169","Australia"
"6409","Porch Group","PRCH","827333376","7.69","United States"
"6410","Sto SE &amp; Co. KGaA","STO3.DE","826350258","128.595","Germany"
"6411","ARS Pharmaceuticals","SPRY","824167616","8.3","United States"
"6412","Trustco Bank","TRST","823184576","46.48","United States"
"6413","Kura Oncology","KURA","822830336","9.27","United States"
"6414","Employers Holdings","EIG","822335104","42.21","United States"
"6415","First Milling Company","2283.SR","821471639","14.8013","Saudi Arabia"
"6416","Power Mech Projects","POWERMECH.NS","820755260","25.9599","India"
"6417","ACLEDA Bank","ABC.KH","819497498","1.89","Cambodia"
"6418","Newegg","NEGG","818741056","39.05","United States"
"6419","NioCorp Developments","NB","817828800","5.73","United States"
"6420","Relaxo Footwear","RELAXO.NS","817801428","3.28515","India"
"6421","Phoenix Power Company","PHPC.OM","816777459","0.558442","Oman"
"6422","RS Technologies","3445.T","816380579","30.7326","Japan"
"6423","Heiwado","8276.T","815970787","16.4992","Japan"
"6424","Aditya Birla Fashion and Retail","ABFRL.NS","815830323","0.670699","India"
"6425","Auto Partner","APR.WA","815265870","6.24151","Poland"
"6426","Elecom","6750.T","814905183","9.98967","Japan"
"6427","Marimaca Copper","MARI.TO","814760409","6.08844","Canada"
"6428","First Watch Restaurant","FWRG","814684608","13.22","United States"
"6429","Warteck Invest","WARN.SW","814579684","2632.98","Switzerland"
"6430","THG (The Hut Group)","THG.L","814448930","0.513247","United Kingdom"
"6431","Baladna","BLDN.QA","812829445","0.379121","Qatar"
"6432","Vitasoy","0345.HK","812159517","0.799142","Hong Kong"
"6433","TCG BDC","CGBD","811371008","11.48","United States"
"6434","PNE AG","PNE3.DE","809555907","10.5682","Germany"
"6435","HiteJinro","000080.KS","809194406","11.5959","South Korea"
"6436","PRA Group","PRAA","809180288","20.74","United States"
"6437","Safilo Group","SFL.MI","808913588","2.06102","Italy"
"6438","Solid Biosciences","SLDB","808776640","8.22","United States"
"6439","Yellow Hat","9882.T","808369632","9.44512","Japan"
"6440","Allogene Therapeutics","ALLO","808348096","2.35","United States"
"6441","Tinexta","TNXT.MI","807960995","17.6058","Italy"
"6442","Campus Activewear","CAMPUS.NS","807521046","2.64247","India"
"6443","Northwest Pipe Company","NWPX","806826304","83.96","United States"
"6444","Harvia Oyj","HARVIA.HE","806125690","43.1377","Finland"
"6445","Egypt Kuwait Holding Company","EKHOLDING.KW","805906644","685.921","Egypt"
"6446","BJ's Restaurants","BJRI","805256512","38.31","United States"
"6447","Bunka Shutter","5930.T","804360826","11.4355","Japan"
"6448","Integra LifeSciences","IART","804311936","10.32","United States"
"6449","Al Meera Consumer Goods Company","MERS.QA","803060372","3.89835","Qatar"
"6450","MedCap","MCAP.ST","802258950","53.4158","Sweden"
"6451","Carriage Services","CSV","800662336","50.48","United States"
"6452","Morgan Advanced Materials","MGAM.L","800574124","2.89628","United Kingdom"
"6453","Praj Industries","PRAJIND.NS","799878484","4.35159","India"
"6454","Logistea AB","LOGI-A.ST","799634908","1.56619","Sweden"
"6455","ATOM Corporation","7412.T","799067880","4.13733","Japan"
"6456","Mersen","MRN.PA","798963137","32.9436","France"
"6457","Gold Royalty Corp","GROY","798540992","3.46","Canada"
"6458","Myers Industries","MYE","798184896","21.34","United States"
"6459","Ferroglobe","GSM","797894400","4.27","United Kingdom"
"6460","WA1 Resources","WA1.AX","797805418","10.7399","Australia"
"6461","CeriBell","CBLL","797594688","21.06","United States"
"6462","Eagle Bancorp","EGBN","797435328","26.15","United States"
"6463","REVO Insurance S.p.A.","REVO.MI","796192298","27.7063","Italy"
"6464","CrossAmerica Partners","CAPL","795879168","20.87","United States"
"6465","Prima Meat Packers","2281.T","794689071","15.8107","Japan"
"6466","Salhia Real Estate Company","SRE.KW","794280018","1321.37","Kuwait"
"6467","FRoSTA AG","NLM.F","794248730","116.671","Germany"
"6468","Systems Limited (Pakistan)","SYS.PK","793583181","0.538605","Pakistan"
"6469","Cantaloupe","CTLP","793229312","10.76","United States"
"6470","Scandinavian Tobacco Group","STG.CO","793222077","10.073","Denmark"
"6471","Sky Harbour Group","SKYH","792838912","10.41","United States"
"6472","The Metals Royalty Company","TMCR","792329408","14.39","Canada"
"6473","Iguatemi","IGTI3.SA","792260736","0.656782","Brazil"
"6474","Westlake Chemical Partners","WLKP","791622464","22.46","United States"
"6475","Capital City Bank Group","CCBG","791466432","46.29","United States"
"6476","Adlai Nortye","ANL","791380928","14.91","Cayman Islands"
"6477","PHC Holdings Corporation","6523.T","790265909","6.24667","Japan"
"6478","SpyGlass Pharma","SGP","789869504","23.63","United States"
"6479","Aspen Group","APZ.AX","789054590","3.46586","Australia"
"6480","Sweetgreen","SG","788805312","6.64","United States"
"6481","HighPeak Energy","HPK","788474560","6.24","United States"
"6482","Design Therapeutics","DSGN","788171712","12.78","United States"
"6483","GoodRx","GDRX","787921344","2.3","United States"
"6484","Southern Province Cement Company","3050.SR","787764984","5.62689","Saudi Arabia"
"6485","Glass House Brands","GLASF","787462016","9.37","United States"
"6486","First Financial","THFF","787362432","66.21","United States"
"6487","Fundamenta Real Estate AG","FREN.SW","786975869","23.0227","Switzerland"
"6488","Kronos Worldwide","KRO","786963328","6.84","United States"
"6489","BrightSpire Capital","BRSP","786879488","6.04","United States"
"6490","Riley Exploration Permian","REPX","785264192","36.19","United States"
"6491","Fujibo Holdings","3104.T","785190064","23.2529","Japan"
"6492","Core Laboratories","CLB","785122944","17.05","Netherlands"
"6493","AMN Healthcare Services","AMN","784335232","20.29","United States"
"6494","Religare","RELIGARE.NS","784228747","2.35371","India"
"6495","ASTA Energy Solutions AG","1AST.F","783932939","55.062","Austria"
"6496","Cullinan Therapeutics","CGEM","783813376","12.95","United States"
"6497","Nanosonics Limited","NAN.AX","783232724","2.58157","Australia"
"6498","Covenant Logistics","CVLG","782624960","31.19","United States"
"6499","Bowhead Specialty Holdings","BOW","782530368","23.83","United States"
"6500","Metallus","MTUS","782445376","18.75","United States"
"6501","Yuasa Trading","8074.T","781478705","37.117","Japan"
"6502","Obrascón Huarte Lain","OHLA.MC","780919911","0.564882","Spain"
"6503","RPMGlobal Holdings Limited","RUL.AX","779611325","3.51956","Australia"
"6504","Peakstone Realty Trust","PKST","779075200","20.95","United States"
"6505","Safari Industries India","SAFARI.NS","778687607","15.8941","India"
"6506","HomeTrust Bancshares","HTB","778341632","46.28","United States"
"6507","Phnom Penh Water Supply Authority","PWSA.KH","777648148","1.63","Cambodia"
"6508","Energy Vault","NRGV","776694016","4.46","United States"
"6509","WELL Health Technologies","WELL.TO","775687755","3.03638","Canada"
"6510","Grocery Outlet","GO","775553792","7.84","United States"
"6511","McMillan Shakespeare","MMS.AX","775273676","11.1321","Australia"
"6512","Lectra SA","LSS.PA","775148613","20.3881","France"
"6513","Vitesse Energy","VTS","774599680","18.57","United States"
"6514","Südwestdeutsche Salzwerke","SSH.F","773874749","73.6498","Germany"
"6515","Sumitomo Osaka Cement","5232.T","772676786","24.3796","Japan"
"6516","mobilezone Holding","MOZN.SW","772615474","17.9094","Switzerland"
"6517","Clairvest Group","CVG.TO","771631367","55.6647","Canada"
"6518","Ubisoft","UBI.PA","771370788","5.72364","France"
"6519","Avalon Technologies","AVALON.NS","771250822","11.5515","India"
"6520","Unusual Machines","UMAC","770811008","16.13","United States"
"6521","Japan Pulp and Paper Company","8032.T","770703968","6.83504","Japan"
"6522","RVRC Holding","RVRC.ST","768740312","7.20389","Sweden"
"6523","Thermador Groupe","THEP.PA","768693173","83.8204","France"
"6524","Mitani Sekisan","5273.T","768633368","10.9411","Japan"
"6525","SunOpta","STKL","768601024","6.48","Canada"
"6526","Vishay Precision Group","VPG","768457280","57.79","United States"
"6527","Duc Giang Chemicals Group","DGC.VN","768396206","2.02328","Vietnam"
"6528","Mishra Dhatu Nigam","MIDHANI.NS","767113875","4.09477","India"
"6529","Dakota Gold","DC","766388544","5.74","United States"
"6530","World Acceptance Corporation","WRLD","766190912","152.08","United States"
"6531","Diagnosticos da America (DASA)","DASA3.SA","766124636","0.612996","Brazil"
"6532","Solstad Offshore","SOFF.OL","765993017","7.05302","Norway"
"6533","Karnov Group","KAR.ST","765618324","7.82538","Sweden"
"6534","Apogee Enterprises","APOG","765545024","35.59","United States"
"6535","Synergie SE","SDG.PA","765536269","33.6685","France"
"6536","BioAge Labs","BIOA","765418368","17.24","United States"
"6537","QuidelOrtho","QDEL","765239040","11.24","United States"
"6538","Ethos Watches","ETHOSLTD.NS","764594724","28.5748","India"
"6539","Rashtriya Chemicals and Fertilizers","RCF.NS","763628081","1.38417","India"
"6540","Atos","ATO.PA","762974024","39.3032","France"
"6541","Nissin Corporation","9066.T","762935226","51.9081","Japan"
"6542","Integral Corporation","5842.T","762722812","22.4079","Japan"
"6543","Fujita Kanko","9722.T","762460590","12.7249","Japan"
"6544","Nutex Health","NUTX","761640704","109.3","United States"
"6545","SF Urban Properties (SFP)","SFPN.SW","761591759","130.377","Switzerland"
"6546","Hibiya Engineering","1982.T","761556299","17.6822","Japan"
"6547","Mavi Giyim Sanayi ve Ticaret","MAVI.IS","761024558","0.971184","Turkey"
"6548","Velocity Financial","VEL","760772032","19.39","United States"
"6549","Relmada Therapeutics","RLMD","760454144","7.25","United States"
"6550","Allied Bank (Pakistan)","ABL.PK","760436886","0.664094","Pakistan"
"6551","Borosil","BORORENEW.NS","760304683","5.42343","India"
"6552","Elior Group","ELIOR.PA","760278677","3.0021","France"
"6553","Menicon Co., Ltd.","7780.T","759506517","10.2463","Japan"
"6554","Basellandschaftliche Kantonalbank","BLKB.SW","759440109","1348.29","Switzerland"
"6555","Audax Renovables","ADX.MC","759216475","1.70213","Spain"
"6556","Saudi Ceramic Company","2040.SR","758849375","7.61285","Saudi Arabia"
"6557","Gulf Insurance Group","GINS.KW","757621955","2662.32","Kuwait"
"6558","Nitta Corporation","5186.T","757374489","27.9786","Japan"
"6559","Mitsui High-tec","6966.T","757237789","4.14359","Japan"
"6560","Tejas Networks","TEJASNET.NS","757028752","4.26775","India"
"6561","Worldline","WLN.PA","756227015","0.334814","France"
"6562","Neo Performance Materials","NEO.TO","756171588","18.1777","Canada"
"6563","Montrose Environmental","MEG","755948416","20.9","United States"
"6564","Ridley Corporation","RIC.AX","755186280","2.01462","Australia"
"6565","CEWE","CWC.F","755079294","111.059","Germany"
"6566","Transport Corporation of India","TCI.NS","755058604","9.83869","India"
"6567","Mochida Pharmaceutical","4534.T","754424877","21.2813","Japan"
"6568","Kelsian Group","KLS.AX","753606373","2.77411","Australia"
"6569","Victrex","VCT.L","753482568","8.64842","United Kingdom"
"6570","Jahez International Company for Information Systems Technology","6017.SR","753459653","3.69165","Saudi Arabia"
"6571","Jensen-Group","JEN.BR","753345444","82.0669","Belgium"
"6572","RAIZNEXT Corporation","6379.T","752244138","13.9267","Japan"
"6573","Sudarshan Chemical","SUDARSCHEM.NS","751914816","9.56489","India"
"6574","Viña Concha y Toro","CONCHATORO.SN","751693289","1.01716","Chile"
"6575","Postal Realty Trust","PSTL","751527424","21.75","United States"
"6576","Liberty Financial Group","LFG.AX","751286856","2.47459","Australia"
"6577","Hallador Energy Company","HNRG","751258432","15.94","United States"
"6578","Pexip","PEXIP.OL","750754808","7.19236","Norway"
"6579","K-Electric","KEL.PK","750375186","0.0271725","Pakistan"
"6580","Greenfire Resources","GFR","750057408","5.98","Canada"
"6581","Transcat","TRNS","749747968","80.34","United States"
"6582","Golden Entertainment","GDEN","749726272","28.4","United States"
"6583","New Found Gold","NFGC","749345600","2.14","Canada"
"6584","Autobacs Seven","9832.T","749092758","9.53901","Japan"
"6585","Cera Sanitaryware","CERA.NS","748402159","58.0473","India"
"6586","Digital Garage","4819.T","747473381","16.2864","Japan"
"6587","Mensch und Maschine","MUM.F","747400941","45.9434","Germany"
"6588","Koppers Holdings","KOP","747383872","38.65","United States"
"6589","Pason Systems","PSI.TO","747136478","9.62177","Canada"
"6590","LINK Mobility Group","LINK.OL","747126540","2.59825","Norway"
"6591","Guardian Metal Resources","GMTL","746531200","19.21","United Kingdom"
"6592","EHang Holdings","EH","746482944","10.37","China"
"6593","Riyadh Cement Company","3092.SR","746337386","6.21948","Saudi Arabia"
"6594","Ponsse","PON1V.HE","746174511","26.6542","Finland"
"6595","Janus International Group","JBI","745668416","5.37","United States"
"6596","ME Group International","MEGP.L","745384499","1.98025","United Kingdom"
"6597","Amerigo Resources","ARG.TO","745031661","4.59188","Canada"
"6598","Southern Missouri Bancorp","SMBC","744511360","67.59","United States"
"6599","Olvi plc","OLVAS.HE","743927029","36.065","Finland"
"6600","Arjo AB","ARJO-B.ST","743632975","2.73024","Sweden"
"6601","Kakao Games","293490.KQ","742795266","8.35231","South Korea"
"6602","Granite Ridge Resources","GRNT","742631488","5.63","United States"
"6603","Séché Environnement","SCHP.PA","742571387","95.6278","France"
"6604","Cardinal Infrastructure Group","CDNL","742321472","48.54","United States"
"6605","Hippo Holdings","HIPO","741369344","28.48","United States"
"6606","Zephyrus Wing Energies","ZPRS.TA","741122152","11.2846","Israel"
"6607","Patrizia Immobilien","P1Z.VI","740857364","8.56909","Germany"
"6608","Asseco Business Solutions","ABS.WA","740251628","22.4309","Poland"
"6609","Finnair","FIA1S.HE","739988717","3.61234","Finland"
"6610","Advanced Medical Solutions Group","AMS.L","739852095","3.41491","United Kingdom"
"6611","Cicor Technologies","CICN.SW","739256071","169.427","Switzerland"
"6612","Doshisha Co.","7483.T","739222465","20.8431","Japan"
"6613","IP Group","IPO.L","739034003","0.836553","United Kingdom"
"6614","Frontera Energy","FEC.TO","738199412","10.5944","Canada"
"6615","Afcon Holdings","AFHL.TA","737603207","132.452","Israel"
"6616","Happinet","7552.T","737205141","16.7872","Japan"
"6617","Weebit Nano","WBT.AX","736669023","3.16634","Australia"
"6618","Troax Group AB","TROAX.ST","734810446","12.2785","Sweden"
"6619","Bandwidth","BAND","734736960","22.95","United States"
"6620","Barrett Business Services","BBSI","734087872","29.89","United States"
"6621","Maharah for Human Resources Company","1831.SR","733925166","1.63094","Saudi Arabia"
"6622","ARKO Corp.","ARKO","733681408","6.54","United States"
"6623","Zignago Vetro","ZV.MI","733652314","8.3119","Italy"
"6624","JK Paper","JKPAPER.NS","733510680","4.04542","India"
"6625","YIT","YIT.HE","733408105","3.1798","Finland"
"6626","Great Southern Bancorp","GSBC","733323968","66.89","United States"
"6627","Ghitha","GHITHA.AE","732958619","3.03","United Arab Emirates"
"6628","Aeon Hokkaido Corporation","7512.T","732359214","5.26398","Japan"
"6629","Mahindra Lifespaces","MAHLIFE.NS","732213679","3.43256","India"
"6630","DoubleUGames","192080.KS","732207285","37.9773","South Korea"
"6631","DATAGROUP SE","D6H.DE","732113665","88.2628","Germany"
"6632","Alok Industries","ALOKINDS.NS","731902621","0.147405","India"
"6633","Kornit Digital","KRNT","731716096","15.79","Israel"
"6634","Hansen Technologies","HSN.AX","731504798","3.57996","Australia"
"6635","Craneware","CRW.L","731340195","21.0687","United Kingdom"
"6636","Stratasys","SSYS","730743040","8.48","Israel"
"6637","Daily Journal","DJCO","729503808","529.5","United States"
"6638","Cromwell Property Group","CMW.AX","728370772","0.278124","Australia"
"6639","HelloFresh","HFG.DE","728272992","5.08066","Germany"
"6640","Vinci Partners","VINP","726839488","11.11","Brazil"
"6641","APG|SGA","APGN.SW","726389236","242.311","Switzerland"
"6642","Hutchison Telecommunications Hong Kong Holdings","0215.HK","725934241","0.150637","Hong Kong"
"6643","Fox Factory Holding","FOXF","725433792","17.3","United States"
"6644","MNTN, Inc.","MNTN","725430016","9.82","United States"
"6645","Channel Infrastructure NZ Limited","CHI.NZ","725059539","1.74971","New Zealand"
"6646","Sveafastigheter AB","SVEAF.ST","724174324","3.6695","Sweden"
"6647","Groupe CRIT","CEN.PA","723963953","68.7398","France"
"6648","Trilogy Metals","TMQ","722966208","4.19","Canada"
"6649","Evli","EVLI.HE","722851340","27.293","Finland"
"6650","Transport International Holdings","0062.HK","722769977","1.35063","Hong Kong"
"6651","indie Semiconductor","INDI","722659200","3.43","United States"
"6652","Wild Bunch","WBAH.F","722143612","30.1613","Germany"
"6653","Saudi Steel Pipes","1320.SR","721783412","14.2808","Saudi Arabia"
"6654","MCAN Mortgage Corporation","MKP.TO","719944292","17.7397","Canada"
"6655","Orrstown Financial Services","ORRF","719065728","36.65","United States"
"6656","Waga Energy","WAGA.PA","719021423","26.888","France"
"6657","Atal S.A.","1AT.WA","718837581","16.6165","Poland"
"6658","International Financial Advisors Holding","IFA.KW","718284244","1389.89","Kuwait"
"6659","Forward Air","FWRD","717859072","22.75","United States"
"6660","SmartFinancial (SmartBank)","SMBK","717793856","41.98","United States"
"6661","World Co., Ltd.","3612.T","717342778","9.41383","Japan"
"6662","FACC AG","FACC.VI","717308821","15.6652","Austria"
"6663","Fenix Outdoor","FOI-B.ST","716549678","53.2861","Switzerland"
"6664","QuinStreet","QNST","716413824","12.57","United States"
"6665","Catapult Group International","CAT.AX","716151188","2.33197","Australia"
"6666","Citycon","CTY1S.HE","715691613","3.89876","Finland"
"6667","Bajaj Mobility AG","BMAG.VI","715124262","21.1597","Austria"
"6668","Vor Biopharma","VOR","714150528","14.62","United States"
"6669","The Japan Wool Textile Co., Ltd. (Nikke Group)","3201.T","713442983","10.9536","Japan"
"6670","Samhällsbyggnadsbolaget i Norden","SBB-B.ST","712692890","0.365112","Sweden"
"6671","South Plains Financial","SPFI","712678784","43.61","United States"
"6672","Redwood Trust","RWT","712471040","5.7","United States"
"6673","Kohnan Shoji","7516.T","712230527","25.2871","Japan"
"6674","VP Bank","VPBN.SW","711937747","113.969","Liechtenstein"
"6675","Hovnanian Enterprises","HOV","711811328","119.87","United States"
"6676","Lexicon Pharmaceuticals","LXRX","711783424","1.68","United States"
"6677","Equasens","EQS.PA","711680727","47.3463","France"
"6678","Voyageurs du Monde","ALVDM.PA","711170762","161.328","France"
"6679","Hyster-Yale Materials Handling","HY","710812480","39.71","United States"
"6680","Peapack-Gladstone Financial","PGC","709218496","40.05","United States"
"6681","SNP Schneider-Neureither &amp; Partner","SHF.DE","708991590","97.2644","Germany"
"6682","Bank AL Habib","BAHL.PK","708888278","0.637819","Pakistan"
"6683","Slate Grocery REIT","SGR-UN.TO","708663171","11.9579","Canada"
"6684","Webjet Limited","WEB.AX","708459778","1.95757","Australia"
"6685","Galliford Try","GFRD.L","707746826","7.20702","United Kingdom"
"6686","Momentum Group AB","MMGR-B.ST","707462681","14.3105","Sweden"
"6687","Kingfa Science & Technology","KINGFA.NS","707208649","52.1872","India"
"6688","Caisse Régionale de Crédit Agricole du Morbihan","CMO.PA","707200203","134.884","France"
"6689","SmarTone Telecommunications","0315.HK","706945455","0.642122","Hong Kong"
"6690","Viaplay Group","VPLAY-B.ST","706280625","0.155319","Sweden"
"6691","Noor Financial Investment Company","NOOR.KW","706099969","1386.62","Kuwait"
"6692","Serve Robotics","SERV","705432448","9.32","United States"
"6693","Kossan Rubber Industries","7153.KL","705334097","0.279667","Malaysia"
"6694","ADS-TEC Energy","ADSE","705237312","11.73","Ireland"
"6695","Aubay","AUB.PA","704383201","55.2958","France"
"6696","Latham Group","SWIM","704095936","6.02","United States"
"6697","Enhabit","EHAB","703839872","13.74","United States"
"6698","WashTec AG","WSU.DE","703819441","52.7239","Germany"
"6699","Alpha Tau Medical","DRTS","702317696","7.98","Israel"
"6700","TANLA","TANLA.NS","701966178","5.31094","India"
"6701","Nouveau Monde Graphite","NMG","701013568","2.13","Canada"
"6702","Roland Corporation","7944.T","700719065","26.5703","Japan"
"6703","Sanyo Chemical Industries","4471.T","700623488","31.6715","Japan"
"6704","Pollen Street Group","POLN.L","700420810","11.7468","United Kingdom"
"6705","Aoyama Trading","8219.T","700106018","4.93224","Japan"
"6706","Shen Zhen Shengxunda Technology (gamexun)","300518.SZ","699423279","3.50744","China"
"6707","Franklin BSP Realty Trust","FBRT","698054464","9.07","United States"
"6708","Mitsuuroko Group Holdings","8131.T","697249880","12.7375","Japan"
"6709","Hays plc","HAS.L","696555068","0.435654","United Kingdom"
"6710","Collins Foods Limited","CKF.AX","696304822","5.8941","Australia"
"6711","Takasago International Corporation","4914.T","695681830","7.13548","Japan"
"6712","Miahona Company","2084.SR","695456302","4.3216","Saudi Arabia"
"6713","Southern Cross Electrical Engineering","SXE.AX","695373108","2.61366","Australia"
"6714","Sligro Food","SLIGR.AS","695137393","15.7587","Netherlands"
"6715","MOIL","MOIL.NS","695127732","3.41611","India"
"6716","Strawberry Fields REIT","STRW","694216576","12.45","United States"
"6717","Arclands Corporation","9842.T","694035739","11.0475","Japan"
"6718","Kura Sushi USA","KRUS","694008512","57.13","United States"
"6719","IDP Education","IEL.AX","693731540","2.49242","Australia"
"6720","Bank Alfalah","BAFL.PK","693728476","0.219929","Pakistan"
"6721","Prime Medicine","PRME","693320320","3.84","United States"
"6722","Huya","HUYA","692953216","3.1","China"
"6723","NETGEAR","NTGR","692337408","25.32","United States"
"6724","CSB Bank","CSBBANK.NS","691992986","4.08309","India"
"6725","Sabre","SABR","691553024","1.75","United States"
"6726","India Glycols","INDIAGLYCO.NS","691144575","10.3115","India"
"6727","Core Lithium Ltd","CXO.AX","690506278","0.236762","Australia"
"6728","Bawan Company","1302.SR","690281969","11.5047","Saudi Arabia"
"6729","Udemy","UDMY","690275008","4.73","United States"
"6730","AO World","AO.L","690070896","1.24203","United Kingdom"
"6731","Latitude Group Holdings","LFS.AX","689571461","0.66322","Australia"
"6732","Property For Industry","PFI.NZ","689077883","1.37163","New Zealand"
"6733","Patriot Battery Metals","PMET.TO","689031508","3.75235","Canada"
"6734","SD BioSensor","137310.KS","688697851","5.75742","South Korea"
"6735","NerdWallet","NRDS","688178880","10.46","United States"
"6736","Artea Bankas","ROE1L.VS","687926732","1.065","Lithuania"
"6737","AmRest","EAT.MC","687645114","3.21487","Spain"
"6738","Forum Energy Technologies","FET","687422912","60.68","United States"
"6739","Ur-Energy","URG","687384064","1.73","United States"
"6740","BellSystem24","6183.T","686844376","9.23857","Japan"
"6741","YG Entertainment","122870.KQ","686814670","37.0313","South Korea"
"6742","Cognyte Software","CGNT","686787712","9.45","Israel"
"6743","Fiera Milano","FM.MI","686476818","9.67968","Italy"
"6744","CEVA","CEVA","686454784","24.64","United States"
"6745","Independent Bank Corporation","IBCP","685507264","33.3","United States"
"6746","GOLDCREST Co.,Ltd.","8871.T","685441279","20.624","Japan"
"6747","Musti Group","MUSTI.HE","685009846","20.5167","Finland"
"6748","National Investments Company (Kuwait)","NINV.KW","683904340","858.075","Kuwait"
"6749","ASP Isotopes","ASPI","683655680","5.43","United States"
"6750","EVgo","EVGO","683604416","2.18","United States"
"6751","Maxvalu Tokai","8198.T","683564551","21.4377","Japan"
"6752","CIR S.p.A. - Compagnie Industriali Riunite","CIR.MI","683131670","0.79495","Italy"
"6753","Corsair Gaming","CRSR","681572288","6.39","United States"
"6754","Oeneo","SBT.PA","681465231","10.7552","France"
"6755","Bloomsbury Publishing","BMY.L","679821940","8.35206","United Kingdom"
"6756","Gyre Therapeutics","GYRE","679376256","7.44","United States"
"6757","Green Dot","GDOT","679035968","12.22","United States"
"6758","Autohellas","OTOEL.AT","678981172","14.122","Greece"
"6759","ES-CON JAPAN","8892.T","678485424","7.09167","Japan"
"6760","Oxford Industries","OXM","677974656","45.54","United States"
"6761","Bravura Solutions","BVS.AX","677764927","1.51186","Australia"
"6762","Avon Protection","AVON.L","677618204","23.1163","United Kingdom"
"6763","Johnson Service Group PLC","JSG.L","677615359","1.78559","United Kingdom"
"6764","Galaxy Surfactants","GALAXYSURF.NS","677564660","19.1107","India"
"6765","Synektik Spólka Akcyjna","SNT.WA","677360831","79.4173","Poland"
"6766","Surge Energy","SGY.TO","676829781","6.84766","Canada"
"6767","Ecclesiastical Insurance Office plc","ELLA.L","676713767","1.92973","United Kingdom"
"6768","Grenke","GLJ.F","676560933","15.3145","Germany"
"6769","VTEX","VTEX","676535872","3.91","United Kingdom"
"6770","Spire Global","SPIR","675812096","17.54","United States"
"6771","ENCE Energía y Celulosa","ENC.MC","675633929","2.787","Spain"
"6772","TXO Partners, L.P.","TXO","675615872","12.23","United States"
"6773","Recticel","RECT.BR","675477483","11.971","Belgium"
"6774","Schoeller-Bleckmann Oilfield Equipment","SBO.VI","675221453","42.8454","Austria"
"6775","Sturm, Ruger &amp; Co","RGR","674922240","42.33","United States"
"6776","Skellerup Holdings","SKL.NZ","674642544","3.4408","New Zealand"
"6777","Smith &amp; Wesson","SWBI","674080192","15.15","United States"
"6778","OTC Markets Group","OTCM","673745216","55.98","United States"
"6779","Boozt","BOOZT.ST","673149421","11.349","Sweden"
"6780","MTY Food Group","MTY.TO","672662990","29.4493","Canada"
"6781","International Tower Hill Mines","THM","672536000","2.53","Canada"
"6782","TINC NV","TINC.BR","672235509","13.8649","Belgium"
"6783","Financial Institutions","FISI","672235136","34.15","United States"
"6784","Contango Ore","CTGO","671167232","22","United States"
"6785","Oman Cables Industry","OCAI.OM","671002614","7.48052","Oman"
"6786","Sustained Infrastructure Holding Company (sisco)","2190.SR","670433076","8.24281","Saudi Arabia"
"6787","IsoEnergy","ISO.TO","670359231","12.1842","Canada"
"6788","TomTom","TOM2.AS","670353143","5.38462","Netherlands"
"6789","Enghouse Systems","ENGH.TO","670287142","12.2992","Canada"
"6790","Bannerman Energy","BMN.AX","669602959","3.22339","Australia"
"6791","Senshu Electric","9824.T","669514911","39.1825","Japan"
"6792","Utz Brands","UTZ","669437120","7.57","United States"
"6793","Idaho Strategic Resources","IDR","669396800","42.35","United States"
"6794","EPC Groupe","EXPL.PA","668389599","313.304","France"
"6795","J.S.B.Co.","3480.T","667300587","31.6715","Japan"
"6796","Arvinas","ARVN","666473600","10.42","United States"
"6797","Pakistan Oilfields Limited","POL.PK","666176627","2.34689","Pakistan"
"6798","Beazer Homes USA","BZH","665996160","22.57","United States"
"6799","Fastned","FAST.AS","665566910","34.1945","Netherlands"
"6800","Reservoir Media","RSVR","665186240","10.14","United States"
"6801","Costain Group","COST.L","664596580","2.47598","United Kingdom"
"6802","Safe Bulkers","SB","663088000","6.48","Monaco"
"6803","Piaggio","PIA.MI","662504053","1.88099","Italy"
"6804","GB Group (GBG)","GBG.L","662029750","2.84913","United Kingdom"
"6805","Hypoport","HYQ.F","661273658","99.3687","Germany"
"6806","American Woodmark","AMWD","661168256","45.38","United States"
"6807","Kimball Electronics","KE","661029952","27.16","United States"
"6808","Ardmore Shipping","ASC","661002432","16.2","Bermuda"
"6809","Rosenbauer International","ROS.VI","660603207","64.765","Austria"
"6810","Cracker Barrel","CBRL","660472768","29.55","United States"
"6811","Nachi-Fujikoshi","6474.T","660445898","30.3258","Japan"
"6812","TV TOKYO Holdings","9413.T","659962115","24.7864","Japan"
"6813","Krispy Kreme","DNUT","657803968","3.82","United States"
"6814","Abacus Group","ABG.AX","657696290","0.73596","Australia"
"6815","NIPPON KANZAI Holdings","9347.T","657694157","18.1078","Japan"
"6816","Pakistan State Oil Company","PSO.PK","657404183","1.4003","Pakistan"
"6817","Grosvenor Capital Management","GCMG","657366528","10.81","United States"
"6818","Kyokuto Kaihatsu Kogyo","7226.T","657148229","17.0939","Japan"
"6819","Rayonier Advanced Materials","RYAM","657087296","9.75","United States"
"6820","Mühlbauer Holding","MUB.DE","656998886","46.2941","Germany"
"6821","NTG Nordic Transport Group A/S","NTG.CO","656782844","29.7812","Denmark"
"6822","Bioventus","BVS","656767872","9.71","United States"
"6823","Nichiha Corporation","7943.T","656741052","19.7791","Japan"
"6824","IQE plc","IQE.L","656607486","0.670185","United Kingdom"
"6825","Riskified","RSKD","656548672","4.43","Israel"
"6826","Donegal Group","DGICA","656432576","17.74","United States"
"6827","Oil States International","OIS","656177856","10.9","United States"
"6828","Senvest Capital","SEC.TO","655807677","270.11","Canada"
"6829","Grupo Empresarial San José","GSJ.MC","654517820","10.0655","Spain"
"6830","Tiptree","TIPT","654515584","17.28","United States"
"6831","Bénéteau","BEN.PA","654302791","8.18331","France"
"6832","Aisan Industry","7283.T","654285221","11.4731","Japan"
"6833","Microvast","MVST","654104960","1.97","United States"
"6834","Universal Logistics Holdings","ULH","654008448","24.82","United States"
"6835","Park Aerospace","PKE","653765440","32.81","United States"
"6836","Doman Building Materials Group","DBM.TO","652869015","7.43899","Canada"
"6837","TPG Real Estate Finance Trust","TRTX","652689280","8.33","United States"
"6838","MarineMax","HZO","652452032","29.62","United States"
"6839","SP Group A/S","SPG.CO","652394690","55.5269","Denmark"
"6840","RAK Ceramics","RAKCEC.AE","652185889","0.66","United Arab Emirates"
"6841","IPH Limited","IPH.AX","652105138","2.51738","Australia"
"6842","Kaufman &amp; Broad","KOF.PA","651574598","33.3762","France"
"6843","Alerus Financial","ALRS","651530304","25.49","United States"
"6844","Hankyu Hanshin REIT","8977.T","651403241","937.001","Japan"
"6845","Chrysos Corporation Limited","C79.AX","651290539","5.59101","Australia"
"6846","Cable One","CABO","651053056","114.78","United States"
"6847","Betterware de Mexico","BWMX","651023680","17.48","Mexico"
"6848","Algoma Central Corporation","ALC.TO","650952019","16.046","Canada"
"6849","LendingTree","TREE","650945088","46.98","United States"
"6850","Arabi Group Holding","AGHC.KW","650721123","1254.07","Kuwait"
"6851","Energiekontor","EKT.DE","650567761","46.7617","Germany"
"6852","Community West Bancshares","CWBC","649687808","23.95","United States"
"6853","Zojirushi","7965.T","649002223","10.2213","Japan"
"6854","Tri Chemical Laboratories","4369.T","648857729","19.9668","Japan"
"6855","Vaalco Energy","EGY","648486336","6.22","United States"
"6856","Reitir fasteignafélag","REITIR.IC","648441318","0.94663","Iceland"
"6857","NRJ Group","NRG.PA","648093654","8.37035","France"
"6858","Armada Hoffler Properties","AHH","647902656","6.25","United States"
"6859","The Shikoku Bank","8387.T","647223329","15.4978","Japan"
"6860","Gladstone Investment","GAIN","646907904","16.245","United States"
"6861","Kirloskar Ferrous Industries","KIRLFER.NS","646446841","4.55747","India"
"6862","Viant Technology","DSP","645901568","10.17","United States"
"6863","National Real Estate Company - K.P.S.C.","NRE.KW","644774707","307.341","Kuwait"
"6864","FuelCell Energy","FCEL","644740608","12.17","United States"
"6865","Shore Bancshares","SHBI","643922944","19.25","United States"
"6866","Mannai Corporation","MCCS.QA","643305898","1.41016","Qatar"
"6867","HIVE Digital Technologies","HIVE","643272192","2.54","Canada"
"6868","Singapore Post","S08.SI","642937523","0.285589","Singapore"
"6869","FDC India","FDC.NS","642653162","3.94726","India"
"6870","Basler Aktiengesellschaft","BSL.DE","641983502","20.8791","Germany"
"6871","Greenlight Re","GLRE","641950272","18.89","Cayman Islands"
"6872","Eiken Chemical","4549.T","641761995","19.4661","Japan"
"6873","WhiteFiber","WYFI","641468800","16.72","United States"
"6874","The Rank Group","RNK.L","641120679","1.36866","United Kingdom"
"6875","Ataa Educational Company","4292.SR","640358383","15.215","Saudi Arabia"
"6876","Third Coast Bancshares","TCBX","639800448","38.63","United States"
"6877","Sheela Foam","SFL.NS","638847399","5.87658","India"
"6878","CTO Realty Growth","CTO","637516736","19.58","United States"
"6879","Carlton Investments","CIN.AX","637396983","24.1754","Australia"
"6880","Galiano Gold","GAU","636898816","2.44","Canada"
"6881","Alpha HPA Limited","A4N.AX","636773984","0.438581","Australia"
"6882","Propel Holdings","PRL.TO","636510542","16.1701","Canada"
"6883","Onward Holdings Co., Ltd.","8016.T","635954553","4.67562","Japan"
"6884","Aclaris Therapeutics","ACRS","635469760","4.55","United States"
"6885","Arnoldo Mondadori Editore","MN.MI","635252578","2.4433","Italy"
"6886","Village Super Market","VLGEA","634924864","43.04","United States"
"6887","Shutterstock","SSTK","634865088","17.86","United States"
"6888","Daiichi Jitsugyo","8059.T","634610115","19.8729","Japan"
"6889","Ricegrowers Limited","SGLLV.AX","633634116","9.27081","Australia"
"6890","MARR S.p.A.","MARR.MI","633617713","9.96025","Italy"
"6891","Al-Saif Stores for Development &amp; Investment","4192.SR","633425880","1.80979","Saudi Arabia"
"6892","Credit Agricole Mutuel Toulouse 31","CAT31.PA","633127201","140.285","France"
"6893","Nufarm","NUF.AX","632836860","1.64735","Australia"
"6894","Funai Soken Holdings Incorporated","9757.T","632670216","6.96022","Japan"
"6895","Mitek Systems","MITK","632615360","13.96","United States"
"6896","Metalla Royalty & Streaming","MTA","632607488","6.77","Canada"
"6897","Lumibird","LBIRD.PA","631994220","28.6416","France"
"6898","Care Property Invest NV","CPINV.BR","631573888","14.9404","Belgium"
"6899","Earth Corporation","4985.T","631090629","28.8862","Japan"
"6900","ECN Capital","ECN.TO","630764955","2.23887","Canada"
"6901","West Holdings","1407.T","630763338","15.9046","Japan"
"6902","BrainsWay","BWAY","630520128","15.75","Israel"
"6903","Peet Limited","PPC.AX","629331135","1.34427","Australia"
"6904","GDI Integrated Facility Services","GDI.TO","628551949","26.6971","Canada"
"6905","Kopin Corporation","KOPN","628423168","3.53","United States"
"6906","Wickes Group","WIX.L","628088752","2.79525","United Kingdom"
"6907","Movado Group","MOV","628053760","28.37","United States"
"6908","Himalaya Shipping","HSHP","627988864","13.37","Bermuda"
"6909","Axial Retailing","8255.T","627678359","7.08541","Japan"
"6910","Fujimori Kogyo","7917.T","627504485","8.76287","Japan"
"6911","DRI Healthcare Trust","DHT-UN.TO","627336061","12.1769","Canada"
"6912","Regal Partners Limited","RPL.AX","626778620","1.7044","Australia"
"6913","Alfa Financial Software","ALFA.L","626256946","2.11496","United Kingdom"
"6914","SEALSQ","LAES","625994944","2.81","Switzerland"
"6915","PostNL","PNL.AS","625592761","1.22983","Netherlands"
"6916","Pareto Bank","PARB.OL","624672941","8.13562","Norway"
"6917","Showa Sangyo","2004.T","624471807","19.2157","Japan"
"6918","Western Copper and Gold","WRN","624139712","2.76","Canada"
"6919","Basler Kantonalbank","BSKP.SW","624020784","122.364","Switzerland"
"6920","Meeza QSTP LLC (Public)","MEZA.QA","624019182","0.961538","Qatar"
"6921","Waterdrop Inc.","WDH","623509376","1.69","China"
"6922","Italtile","ITE.JO","623437500","0.523041","South Africa"
"6923","Forge Global","FRGE","623007296","45","United States"
"6924","Amotiv Limited","AOV.AX","622358159","4.64967","Australia"
"6925","Amper, S.A.","AMP.MC","621981520","0.216741","Spain"
"6926","Hingham Institution for Savings","HIFS","621943296","284.74","United States"
"6927","Bahnhof AB","3B7.F","621825522","5.78092","Sweden"
"6928","G City","GCT.TA","621700427","3.54515","Israel"
"6929","Nagarro","NA9.DE","621024999","52.7005","Germany"
"6930","BILDCO (Abu Dhabi National Building Materials Co.)","BILDCO.AE","620915044","0.41","United Arab Emirates"
"6931","Modern Mills for Food Products","2284.SR","620637890","7.6609","Saudi Arabia"
"6932","Gulf Investment House Company","GIH.KW","620099783","1546.49","Kuwait"
"6933","Total Energy Services","TOT.TO","619362003","16.871","Canada"
"6934","Suprajit Engineering","SUPRAJIT.NS","619038851","4.51289","India"
"6935","Ironwood Pharmaceuticals","IRWD","617991040","3.79","United States"
"6936","Greenlam Industries","GREENLAM.NS","617818614","2.42142","India"
"6937","SiteMinder","SDR.AX","617749794","2.18221","Australia"
"6938","Red River Bancshares","RRBI","617663552","93.91","United States"
"6939","Personalis","PSNL","617599616","5.9","United States"
"6940","Mutares","MUX.DE","617589656","28.3493","Germany"
"6941","Absci","ABSI","617126272","3.97","United States"
"6942","AdvanSix","ASIX","617002048","22.96","United States"
"6943","General Oceans ASA","GENO.OL","616444304","3.20655","Norway"
"6944","Sukoon Insurance","SUKOON.AE","616332630","1.33442","United Arab Emirates"
"6945","Hangzhou Electronic Soul Network Technology","603258.SS","614967696","2.52143","China"
"6946","Once Upon A Farm","OFRM","614818880","14.68","United States"
"6947","Cars.com","CARS","614670912","10.78","United States"
"6948","Solowin Holdings","SWIN","614008064","3.28","Hong Kong"
"6949","Litgrid AB","LGD1L.VS","613168838","1.21581","Lithuania"
"6950","Information Services Corporation","ISC.TO","612969385","32.7783","Canada"
"6951","Miquel y Costas &amp; Miquel","MCM.MC","612963835","16.3666","Spain"
"6952","Duniec Bros.","DUNI.TA","612583499","79.3624","Israel"
"6953","HealthStream","HSTM","612481152","20.9","United States"
"6954","Flotek Industries","FTK","612431488","16.93","United States"
"6955","E7 Group PJSC","E7.AE","611709570","0.29","United Arab Emirates"
"6956","AS Merko Ehitus","MRK1T.TL","611450737","34.5452","Estonia"
"6957","Cybozu","4776.T","611319946","13.2194","Japan"
"6958","Foresight Group","FSG.L","610582795","5.4221","United Kingdom"
"6959","Aston Martin","AML.L","610240350","0.602965","United Kingdom"
"6960","Lesha Bank","QFBQ.QA","610153829","0.54478","Qatar"
"6961","Aimco","AIV","610010112","4.24","United States"
"6962","Shibaura Machine","6104.T","609807273","25.7879","Japan"
"6963","Energy Absolute","EA.BK","609355081","0.0820481","Thailand"
"6964","Ooredoo Oman","ORDS.OM","608675139","0.935065","Oman"
"6965","Sparebanken Møre","MORG.OL","608647140","12.2795","Norway"
"6966","Malam - Team","MLTM.TA","608075272","27.772","Israel"
"6967","Hayat Communications Company","DIGITUS.KW","607909088","5660.69","Kuwait"
"6968","Uchida Yoko Co., Ltd.","8057.T","607843326","12.3244","Japan"
"6969","Acast AB","ACAST.ST","607431942","3.32903","Sweden"
"6970","Hektaş","HEKTS.IS","607005873","0.0720054","Turkey"
"6971","Klaveness Combination Carriers","KCC.OL","606924986","10.2365","Norway"
"6972","Kyoei Steel","5440.T","606871761","13.9643","Japan"
"6973","Gladstone Commercial","GOOD","606539584","12.53","United States"
"6974","Addiko Bank","ZYE1.F","606528071","31.4473","Austria"
"6975","Lumi Rental Company","4262.SR","606332402","11.0242","Saudi Arabia"
"6976","iHeartMedia","IHRT","605888768","4.01","United States"
"6977","Cannae Holdings","CNNE","605464064","13.07","United States"
"6978","Japan Lifeline","7575.T","604670307","8.61891","Japan"
"6979","Okamoto Industries","5122.T","604339530","35.3644","Japan"
"6980","Yanbu Cement Company","3060.SR","604136893","3.83579","Saudi Arabia"
"6981","ProKidney","PROK","603922240","2","United States"
"6982","Harworth Group","HWG.L","603823210","1.85901","United Kingdom"
"6983","Zeria Pharmaceutical","4559.T","603397705","13.6889","Japan"
"6984","Arrow Financial","AROW","603335424","36.54","United States"
"6985","Cass Information Systems","CASS","602850432","46.94","United States"
"6986","Rieter Holding","RIEN.SW","601838831","4.42647","Switzerland"
"6987","SML MAHINDRA LIMITED","SMLMAH.NS","601533940","41.5664","India"
"6988","ARGO GRAPHICS","7595.T","601241014","8.75035","Japan"
"6989","NetDragon Websoft","0777.HK","601092423","1.14254","China"
"6990","Gloo Holdings","GLOO","601069248","7.46","United States"
"6991","Rogers Sugar (Lantic)","RSI.TO","600919223","4.68678","Canada"
"6992","Unilever Pakistan Foods","UPFL.PK","600266008","94.2343","Pakistan"
"6993","MISTRAS Group","MG","599744448","18.85","United States"
"6994","IDI","IDIP.PA","598840627","83.9373","France"
"6995","Washington Trust Bancorp","WASH","598649024","31.44","United States"
"6996","Hollywood Bowl Group","BOWL.L","598422456","3.56983","United Kingdom"
"6997","Integra Resources","ITRG","598390080","2.96","Canada"
"6998","Invictus Investment Company","INVICTUS.AE","597821362","0.53","United Arab Emirates"
"6999","Saudi Paper Manufacturing Company","2300.SR","597770676","16.176","Saudi Arabia"
"7000","Zevra Therapeutics","ZVRA","597651072","10.11","United States"
"7001","Northpointe Bancshares","NPB","597438080","17.32","United States"
"7002","Happiest Minds Technologies","HAPPSTMNDS.NS","596471122","3.96954","India"
"7003","The Westaim Corporation","WED.V","596160607","17.8857","Canada"
"7004","Arabian Cement Company","3010.SR","595788643","5.95789","Saudi Arabia"
"7005","Groupon","GRPN","595669824","14.62","United States"
"7006","California BanCorp","BCAL","595139072","18.51","United States"
"7007","Al-Ahleia Insurance","AINS.KW","592970203","2411.09","Kuwait"
"7008","SI-BONE","SIBN","592865792","13.4","United States"
"7009","IDEC Corporation","6652.T","592360694","20.0607","Japan"
"7010","Nilfisk Holding","NLFSK.CO","591465345","21.8041","Denmark"
"7011","Uxin Limited","UXIN","591260672","2.82","China"
"7012","RCS MediaGroup","RCS.MI","590935049","1.14216","Italy"
"7013","RENOVA, Inc.","9519.T","590639075","6.52834","Japan"
"7014","SMASCO (Saudi Manpower Solutions Company)","1834.SR","590450035","1.47613","Saudi Arabia"
"7015","Kid ASA","KID.OL","589897504","14.5134","Norway"
"7016","Geopark","GPRK","589223616","9.11","Chile"
"7017","Symphony Limited","SYMPHONY.NS","587930074","8.5615","India"
"7018","Global Dominion Access","DOM.MC","587639692","3.9163","Spain"
"7019","Gogo Inflight Internet","GOGO","586935232","4.34","United States"
"7020","Integral Diagnostics Limited","IDX.AX","586636918","1.57247","Australia"
"7021","Gray Media","GTN","585856768","5.7","United States"
"7022","Kforce","KFRC","585627136","32.04","United States"
"7023","Calian Group","CGY.TO","585119496","51.2626","Canada"
"7024","TaskUs","TASK","584984384","6.39","United States"
"7025","Laurent-Perrier","LPE.PA","584561610","99.6025","France"
"7026","AMERISAFE","AMSF","584332800","31.09","United States"
"7027","PTC India","PTC.NS","584006207","1.97294","India"
"7028","Opthea","OPT","583100736","3.41","Australia"
"7029","Network18","NETWORK18.NS","582522467","0.377162","India"
"7030","Coor Service Management Holding AB","COOR.ST","581752668","6.12844","Sweden"
"7031","Energy Recovery","ERII","581643584","11.01","United States"
"7032","Tamdeen Real Estate Company","TAM.KW","581615057","1448.61","Kuwait"
"7033","Nextdoor","NXDR","581528256","1.54","United States"
"7034","Arata Corporation","2733.T","581272357","17.363","Japan"
"7035","Funding Circle","FCH.L","580896109","2.03413","United Kingdom"
"7036","Bally's Corporation","BALY","579555904","11.89","United States"
"7037","Zamil Industrial Investment Company","2240.SR","579452537","9.65754","Saudi Arabia"
"7038","CorMedix","CRMD","579439360","7.33","United States"
"7039","Eikon Therapeutics","EIKN","579282560","10.7","United States"
"7040","Sappi","SAP.JO","578851600","0.953497","South Africa"
"7041","ProCredit","PCZ.DE","578381203","9.81997","Germany"
"7042","Shattuck Labs","STTK","578200640","7.65","United States"
"7043","Prothena","PRTA","577627904","10.73","Ireland"
"7044","American Coastal Insurance Corporation","ACIC","577213184","11.94","United States"
"7045","Karat Packaging","KRT","577151488","28.91","United States"
"7046","Sutro Biopharma","STRO","577059520","34.83","United States"
"7047","Zuken Inc.","6947.T","575818972","27.3214","Japan"
"7048","Bar Harbor Bankshares","BHB","575593536","34.38","United States"
"7049","Mastek","MASTEK.NS","574386628","18.5302","India"
"7050","VersaBank","VBNK","573929792","17.895","Canada"
"7051","Peoples Financial Services","PFIS","573526016","57.32","United States"
"7052","Vastned Belgium NV","VASTB.BR","573063420","35.4805","Belgium"
"7053","Hindustan Construction Company","HCC.NS","572930446","0.21872","India"
"7054","NeuroPace","NPCE","572744064","16.87","United States"
"7055","Richtech Robotics","RR","572405696","2.56","United States"
"7056","Northfield Bancorp","NFBK","572166720","13.7","United States"
"7057","Marcus Corporation","MCS","572038144","18.61","United States"
"7058","Ethan Allen","ETD","572033728","22.48","United States"
"7059","Mama's Creations","MAMA","571230848","14.05","United States"
"7060","COVER Corporation","5253.T","570762508","8.69402","Japan"
"7061","NEC Capital Solutions","8793.T","570429321","26.4764","Japan"
"7062","KYORIN Pharmaceutical","4569.T","570327334","9.92708","Japan"
"7063","Vital Farms","VITL","570267392","12.73","United States"
"7064","Wing On Company International","0289.HK","569879141","1.97615","Hong Kong"
"7065","Fourth Milling","2286.SR","569362551","1.05438","Saudi Arabia"
"7066","Rigel Pharmaceuticals","RIGL","567706176","30.72","United States"
"7067","Immobiliare Grande Distribuzione SIIQ","IGD.MI","567575835","5.14379","Italy"
"7068","Nexity","NXI.PA","567415162","10.1882","France"
"7069","Australian Agricultural Company","AAC.AX","567410994","0.941344","Australia"
"7070","S Foods Inc.","2292.T","566994285","17.9013","Japan"
"7071","Kameda Seika","2220.T","566912553","8.96316","Japan"
"7072","Samty Residential Investment Corporation","3459.T","566829435","664.726","Japan"
"7073","Blackline Safety","BLN.TO","566678959","6.51185","Canada"
"7074","Qt Group","QTCOM.HE","566063111","22.2937","Finland"
"7075","Ibstock plc","IBST.L","566009702","1.43332","United Kingdom"
"7076","Dingdong Maicai","DDL","565769024","2.61","China"
"7077","W&amp;T Offshore","WTI","565355264","3.8","United States"
"7078","RattanIndia Power","RTNPOWER.NS","565334264","0.105274","India"
"7079","Bouvet","BOUV.OL","565066491","5.52022","Norway"
"7080","GPI S.p.A.","GPI.MI","564666993","19.5464","Italy"
"7081","Universal Health Realty Income Trust","UHT","564559232","40.69","United States"
"7082","Gokaldas Exports","GOKEX.NS","564181664","7.70243","India"
"7083","Skipper Limited","SKIPPER.NS","562888357","4.98408","India"
"7084","Argosy Property","ARG.NZ","562828089","0.650645","New Zealand"
"7085","Novavest Real Estate AG","NREN.SW","562765277","55.3308","Switzerland"
"7086","Eslead Corporation","8877.T","562068677","36.4285","Japan"
"7087","Gujarat Alkalies and Chemicals","GUJALKALI.NS","561979874","7.65255","India"
"7088","Plus Alpha Consulting","4071.T","561901416","13.257","Japan"
"7089","Daiwa Industries","6459.T","561636887","11.4355","Japan"
"7090","Jadwa Investment - Jadwa Reit Saudi Fund","4342.SR","561576281","3.01097","Saudi Arabia"
"7091","Armah Sports","9590.SR","561351052","17.0835","Saudi Arabia"
"7092","Gulf Keystone Petroleum","GKP.L","561233446","2.58106","Bermuda"
"7093","Auction Technology Group","ATG.L","561132445","4.63405","United Kingdom"
"7094","SandRidge Energy","SD","560847232","15.23","United States"
"7095","Tsuburaya Fields Holdings","2767.T","560511907","9.00698","Japan"
"7096","Arabian Mills for Food Products","2285.SR","559681306","10.9068","Saudi Arabia"
"7097","Northrim BanCorp","NRIM","559678336","25.16","United States"
"7098","PageGroup","PAGE.L","559532687","1.79704","United Kingdom"
"7099","Puravankara","PURVA.NS","559490020","2.35923","India"
"7100","Villeroy &amp; Boch","VIB3.DE","558532487","20.8674","Germany"
"7101","Electra Consumer Products","ECP.TA","558064560","24.1703","Israel"
"7102","Weathernews Inc.","4825.T","557936194","12.5622","Japan"
"7103","Sembcorp Salalah Power & Water Company","SSPW.OM","557866738","0.584416","Oman"
"7104","Lux Industries","LUXIND.NS","557537172","18.5403","India"
"7105","KG Mobility (SsangYong Motor)","003620.KS","557278732","2.75369","South Korea"
"7106","Wellneo Sugar","2117.T","556744812","17","Japan"
"7107","Metals Exploration","MTL.L","556405719","0.186709","United Kingdom"
"7108","Tactile Medical","TCMD","556247552","24.45","United States"
"7109","Surya Roshni","SURYAROSNI.NS","555911943","2.5546","India"
"7110","F.I.L.A. - Fabbrica Italiana Lapis ed Affini","FILA.MI","555876420","10.9715","Italy"
"7111","Sunteck Realty","SUNTECK.NS","554300232","3.77481","India"
"7112","Heimar","HEIMAR.IC","554198122","0.283989","Iceland"
"7113","Perfect Presentation for Commercial Services CompanyPerfect Presentation for Commercial Services","7204.SR","554147501","1.84716","Saudi Arabia"
"7114","Real Brokerage Inc.","REAX","554102976","2.61","Canada"
"7115","Helen of Troy","HELE","553998528","23.82","United States"
"7116","Saibu Gas Holdings","9536.T","553733106","15.3851","Japan"
"7117","PAR Technology","PAR","553524032","13.42","United States"
"7118","India Tourism Development Corp","ITDC.NS","552954547","6.44699","India"
"7119","Ellaktor","ELLAKTOR.AT","552326268","1.5899","Greece"
"7120","GFT Technologies","GFT.DE","552300231","21.6039","Germany"
"7121","P3 Health Partners","PIII","551607616","2.715","United States"
"7122","Kvika banki","KVIKA.IC","550592980","0.124653","Iceland"
"7123","Lyell Immunopharma","LYEL","550550016","23.6","United States"
"7124","Bumble","BMBL","549115200","4.21","United States"
"7125","Nextensa","NEXTA.BR","548842967","54.3079","Belgium"
"7126","EverQuote","EVER","548011520","15.21","United States"
"7127","Shinagawa Refractories","5351.T","547831676","12.0051","Japan"
"7128","Uranium Royalty","UROY","547825856","3.74","Canada"
"7129","Pepper Money Limited","PPM.AX","547807529","1.21947","Australia"
"7130","Avalon Pharma (Middle East Pharmaceutical)","4016.SR","547741172","27.3871","Saudi Arabia"
"7131","Direct Finance of Direct Group","DIFI.TA","547649099","185.18","Israel"
"7132","Cytek Biosciences","CTKB","547623616","4.26","United States"
"7133","Ocugen","OCGN","547588416","1.67","United States"
"7134","Verastem Oncology","VSTM","547261248","6.23","United States"
"7135","Johnson Outdoors","JOUT","546276608","52.26","United States"
"7136","Merida Industry","9914.TW","546245382","1.82701","Taiwan"
"7137","Flushing Financial Corp","FFIC","546204032","16.12","United States"
"7138","Cooper Standard","CPS","545974976","30.75","United States"
"7139","Tallink Grupp","T5N.F","545932815","0.706102","Estonia"
"7140","enGene","ENGN","545294272","8.14","Canada"
"7141","Al-Maidan Clinic for Oral Health Services","MIDAN.KW","545065261","2691.68","Kuwait"
"7142","Consolidated Water","CWCO","544966464","34.06","Cayman Islands"
"7143","Bloomin' Brands","BLMN","544688320","6.39","United States"
"7144","sterling &amp; wilson solar","SWSOLAR.NS","544667091","2.331","India"
"7145","Asia Financial Holdings","0662.HK","542683054","0.587229","Hong Kong"
"7146","Miller Industries","MLR","542090368","47.67","United States"
"7147","Shui On Land","0272.HK","541918459","0.067659","China"
"7148","Embecta","EMBC","541861632","9.15","United States"
"7149","Avax S.A.","AVAX.AT","541857285","3.65326","Greece"
"7150","Tele Columbus","TC1.HM","541767353","0.923545","Germany"
"7151","Kyverna Therapeutics","KYTX","541746112","8.95","United States"
"7152","Norma Group","NOEJ.F","540848766","16.9745","Germany"
"7153","ThredUp","TDUP","540525184","4.19","United States"
"7154","SunCoke Energy","SXC","540454848","6.37","United States"
"7155","Immix Biopharma","IMMX","539132992","10.17","United States"
"7156","Olympic Steel","ZEUS","538983936","47.86","United States"
"7157","Nxera Pharma","4565.T","538669342","5.95249","Japan"
"7158","BMC Minerals","BMC.AX","538605404","1.96113","Canada"
"7159","CI&amp;T","CINT","538332288","4.17","Brazil"
"7160","AvenuesAI Limited","CCAVENUE.NS","538241027","0.154622","India"
"7161","Fulcrum Therapeutics","FULC","538129664","8.08","United States"
"7162","Phreesia","PHR","537753152","8.85","United States"
"7163","Red Violet","RDVT","537540992","38.09","United States"
"7164","A'ayan Leasing and Investment Company","AAYAN.KW","537297248","809.135","Kuwait"
"7165","Jacquet Metals","JCQ.PA","536271875","26.4204","France"
"7166","MapmyIndia","MAPMYINDIA.NS","536072484","10.069","India"
"7167","Bank of Jerusalem","JBNK.TA","535907578","7.59961","Israel"
"7168","Vetropack","VETN.SW","535831476","27.0294","Switzerland"
"7169","Subros","SUBROS.NS","535669758","8.21129","India"
"7170","Southern First Bancshares","SFST","535635104","56.65","United States"
"7171","Mesa Laboratories","MLAB","535354400","96.9","United States"
"7172","MyState Limited","MYS.AX","534135468","3.13425","Australia"
"7173","Eagle Point Credit Company","ECC","534123424","4.04","United States"
"7174","Tectonic Therapeutic","TECX","534007264","28.44","United States"
"7175","Tokmanni","TOKMAN.HE","533879058","9.11854","Finland"
"7176","AMTD Digital","HKD","531132128","1.69","Hong Kong"
"7177","Ashtead Technology","AT.L","530274402","6.59543","United Kingdom"
"7178","Combined Group Contracting Company","CGC.KW","530186461","3099.51","Kuwait"
"7179","The Star Entertainment Group","SGR.AX","530044398","0.0798716","Australia"
"7180","Unity Bancorp","UNTY","529863584","52.77","United States"
"7181","Mativ Holdings","MATV","528935776","9.64","United States"
"7182","Tejon Ranch","TRC","528742912","19.58","United States"
"7183","Vinh Hoan Corporation","VHC.VN","528396205","2.35415","Vietnam"
"7184","Al-Yamamah Steel Industries Company","1304.SR","528300097","10.3996","Saudi Arabia"
"7185","Anteris Technologies","AVR.AX","527677596","5.42699","Australia"
"7186","Heidelberger Druckmaschinen","HDD.DE","527625404","1.73369","Germany"
"7187","Nexen Tire Corporation","002350.KS","527251115","5.13573","South Korea"
"7188","Civmec Limited","CVL.AX","526978970","1.03405","Australia"
"7189","Agomab Therapeutics","AGMB","526651264","10.7","Belgium"
"7190","Wemade","112040.KQ","526536203","15.5761","South Korea"
"7191","Figeac Aero","FGA.PA","526244997","11.8775","France"
"7192","TXT e-solutions","TXT.MI","525477169","41.7933","Italy"
"7193","Eastern Province Cement Company","3080.SR","525463135","6.11004","Saudi Arabia"
"7194","Tadiran Group","TDRN.TA","525031903","61.1498","Israel"
"7195","Rotshtein Realestate","ROTS.TA","524825082","29.9591","Israel"
"7196","Clean Energy Fuels","CLNE","524439968","2.39","United States"
"7197","Grupo Casas Bahia S.A.","BHIA3.SA","524389555","0.537367","Brazil"
"7198","Titan International","TWI","524356992","8.19","United States"
"7199","Gemini Space Station","GEMI","524336160","4.37","United States"
"7200","Keihanshin Building","8818.T","524305231","10.9911","Japan"
"7201","Zura Bio","ZURA","523741536","5.52","United States"
"7202","init innovation in traffic systems","IXX.DE","523610141","52.7239","Germany"
"7203","MediaAlpha","MAX","523559424","9.49","United States"
"7204","Soltec Power Holdings","SOL.MC","523063739","1.14566","Spain"
"7205","loanDepot","LDI","522644800","1.56","United States"
"7206","ACNB Corporation","ACNB","522644768","50.48","United States"
"7207","Bystronic AG","BYS.SW","522535101","253.123","Switzerland"
"7208","Upstream Bio","UPB","522431904","9.6","United States"
"7209","Shoei Co., Ltd.","7839.T","521760693","10.19","Japan"
"7210","Boiron","BOI.PA","521639563","30.0444","France"
"7211","Dutch Lady Milk Industries","3026.KL","521481468","8.14815","Malaysia"
"7212","PagerDuty","PD","521235872","6.16","United States"
"7213","Creotech Instruments","CRI.WA","520698300","182.423","Poland"
"7214","Shamal Az-Zour Al-Oula Power and Water Company","AZNOULA.KW","520391538","473.083","Kuwait"
"7215","Deutsche Rohstoff","DR0.DE","520290880","107.435","Germany"
"7216","Smartoptics Group","SMOP.OL","520213984","5.30584","Norway"
"7217","Cineplex","CGX.TO","519384201","8.18362","Canada"
"7218","Medgulf (The Mediterranean and Gulf Cooperative Insurance and Reinsurance Company)","8030.SR","518512285","3.75304","Saudi Arabia"
"7219","Monro","MNRO","518439552","17.27","United States"
"7220","SofWave Medical","SOFW.TA","518264320","14.3471","Israel"
"7221","OBOOK Holdings Inc. (OwlTing)","OWLS","518068960","5.86","Taiwan"
"7222","Electrosteel Castings","ELECTCAST.NS","518007535","0.83795","India"
"7223","Grenevia","GEA.WA","517836462","0.901092","Poland"
"7224","IFB Industries","IFBIND.NS","517632666","12.7751","India"
"7225","Stitch Fix","SFIX","517420384","3.79","United States"
"7226","Lumax Industries","LUMAXIND.NS","517403850","55.3507","India"
"7227","Westrock Coffee","WEST","517334464","5.34","United States"
"7228","Tohokushinsha Film","2329.T","517099255","3.75552","Japan"
"7229","Bit Digital","BTBT","515992000","1.58","United States"
"7230","Theeb Rent A Car Company","4261.SR","515967110","7.82106","Saudi Arabia"
"7231","Canopy Growth","CGC","515839232","1.22","Canada"
"7232","Heisco (Heavy Engineering Industries and Shipbuilding Company)","SHIP.KW","515723975","2861.34","Kuwait"
"7233","Veradigm","MDRX","515711968","4.74","United States"
"7234","Frequency Electronics","FEIM","515520160","52.38","United States"
"7235","Bridgewater Bancshares","BWB","515464736","18.52","United States"
"7236","Tatton Asset Management","TAM.L","515299668","8.40594","United Kingdom"
"7237","Shoe Carnival","SCVL","515054464","18.75","United States"
"7238","SMCP S.A.","SMCP.PA","515036019","6.59341","France"
"7239","Perspective Therapeutics","CATX","514220096","4.51","United States"
"7240","PayPoint","PAY.L","514110034","8.48677","United Kingdom"
"7241","Varex Imaging","VREX","513932256","12.26","United States"
"7242","Aurelius Group","AR4.DE","513292829","19.24","Germany"
"7243","Sunlight REIT","0435.HK","513277270","0.293615","Hong Kong"
"7244","Nat Games (Nexon Games)","225570.KQ","512932156","8.15634","South Korea"
"7245","Kaveri Seed","KSCL.NS","512846132","10.0478","India"
"7246","EIZO Corporation","6737.T","512468889","12.9628","Japan"
"7247","Summit Hotel Properties","INN","511353824","4.7","United States"
"7248","Credit Corp Group","CCP.AX","511139558","7.50936","Australia"
"7249","Legacy Housing Corporation","LEGH","511012800","21.46","United States"
"7250","Gulf Oil Lubricants","GULFOILLUB.NS","510709240","10.3157","India"
"7251","Stabilus","STM.DE","510516702","20.6687","Luxembourg"
"7252","CryoPort","CYRX","510512672","10.17","United States"
"7253","Martinrea International","MRE.TO","509916540","7.08127","Canada"
"7254","Civista Bancshares","CIVB","509815552","24.53","United States"
"7255","CARE's Ratings","CARERATING.NS","509679480","16.9617","India"
"7256","Beta Bionics","BBNX","509340192","11.43","United States"
"7257","Brandywine Realty Trust","BDN","508975712","2.93","United States"
"7258","Phoenix Mecano","PMN.SW","507901140","553.308","Switzerland"
"7259","Belships ASA","BELCO.OL","506976420","2.00572","Norway"
"7260","Altshuler Shaham Finance","ALTF.TA","506295270","2.55018","Israel"
"7261","Kearny Financial","KRNY","506205728","8.05","United States"
"7262","Farmland Partners","FPI","506100512","11.6","United States"
"7263","TOKAI Corp.","9729.T","505709880","16.374","Japan"
"7264","Groupe Guillin","ALGIL.PA","505703235","27.3556","France"
"7265","NAGAWA Co., Ltd.","9663.T","505445556","32.6104","Japan"
"7266","Wajax Corporation","WJX.TO","505227773","23.1565","Canada"
"7267","Qatar National Cement Company","QNCD.QA","504869084","0.772527","Qatar"
"7268","Malteries Franco-Belges","MALT.PA","504449459","1017.07","France"
"7269","Charming Medical","MCTA","504260192","29.355","Hong Kong"
"7270","Flat Capital AB","FLAT-B.ST","503925261","1.01222","Sweden"
"7271","Garofalo Health Care","GHC.MI","503701308","5.70493","Italy"
"7272","ADC Therapeutics","ADCT","503670688","3.96","Switzerland"
"7273","Orion Group Holdings","ORN","503311744","12.52","United States"
"7274","Acinque","AC5.MI","502933667","2.54852","Italy"
"7275","Intrepid Potash","IPI","502556256","37.41","United States"
"7276","TAT Technologies","TATT","502317568","38.69","Israel"
"7277","Midland States Bancorp","MSBI","502093568","23.39","United States"
"7278","GAMCO Investors","GAMI","502077152","23.27","United States"
"7279","Interfor","IFP.TO","501722609","7.6288","Canada"
"7280","One Liberty Properties","OLP","501701952","23","United States"
"7281","Alujain Corporation","2170.SR","501688205","7.24983","Saudi Arabia"
"7282","Hokkaido Gas","9534.T","501471719","5.68335","Japan"
"7283","Electrovaya","ELVA","501248544","10.15","Canada"
"7284","Capital A (Air Asia)","5099.KL","501225412","0.112119","Malaysia"
"7285","Titan Machinery","TITN","501056544","21.44","United States"
"7286","Calavo Growers","CVGW","500116736","27.98","United States"
"7287","Insteel Industries","IIIN","499823136","25.72","United States"
"7288","Qualitas Limited","QAL.AX","499776792","1.65805","Australia"
"7289","Plasson Industries","PLSN.TA","498994358","52.2619","Israel"
"7290","Sinko Industries","6458.T","498867036","7.42966","Japan"
"7291","MiMedx Group","MDXG","497698080","3.35","United States"
"7292","PolyNovo","PNV.AX","497594151","0.720271","Australia"
"7293","Deutsche Pfandbriefbank","PBB.DE","497090170","3.69652","Germany"
"7294","Aquestive Therapeutics","AQST","496723360","4.07","United States"
"7295","Dubai Refreshment","DRC.AE","496078441","5.51198","United Arab Emirates"
"7296","Commercial Facilities Company S.A.K.P.","FACIL.KW","495731074","978.793","Kuwait"
"7297","Armata Pharmaceuticals","ARMP","495641440","13.53","United States"
"7298","ACICO Industries Company","ACICO.KW","494888476","1497.55","Kuwait"
"7299","everplay group plc","EVPL.L","493970775","3.42839","United Kingdom"
"7300","John Mattson Fastighetsföretagen","JOMA.ST","493736506","6.5824","Sweden"
"7301","NIPPON PARKING DEVELOPMENT","2353.T","493668848","1.55854","Japan"
"7302","Schweiter Technologies","SWTQ.SW","493551042","344.705","Switzerland"
"7303","EnQuest","ENQ.L","493392230","0.26511","United Kingdom"
"7304","MBM Resources","5983.KL","492425856","1.25976","Malaysia"
"7305","Meier Tobler Group","MTG.SW","492267550","45.6002","Switzerland"
"7306","SPARC","SPARC.NS","492068854","1.51629","India"
"7307","Esperion Therapeutics","ESPR","491643328","1.91","United States"
"7308","eQ Oyj","EQV1V.HE","491329272","11.8658","Finland"
"7309","Consensus Cloud Solutions","CCSI","490729120","25.82","United States"
"7310","4D Molecular Therapeutics","FDMT","490604768","9.61","United States"
"7311","Entrada Therapeutics","TRDA","490422048","12.81","United States"
"7312","Revenio","REG1V.HE","490178858","18.4241","Finland"
"7313","Cenomi Retail (Fawaz Abdulaziz Al Hokair &amp; Company)","4240.SR","490154454","4.27089","Saudi Arabia"
"7314","Malibu Boats","MBUU","489990496","26.34","United States"
"7315","Faysal Bank","FABL.PK","489864221","0.322768","Pakistan"
"7316","Home Bancorp","HBCP","489769440","62.52","United States"
"7317","First Foundation","FFWM","489265120","5.9","United States"
"7318","York Water","YORW","488872192","30.18","United States"
"7319","TRE Holdings Corporation","9247.T","488595463","10.3903","Japan"
"7320","Orthofix Medical","OFIX","487754400","12.15","United States"
"7321","Community Healthcare Trust","CHCT","487720480","17.07","United States"
"7322","GuangZhou Wahlap Technology","301011.SZ","487335146","3.15728","China"
"7323","Groupe SAMSE","SAMS.PA","487024348","143.792","France"
"7324","Euroseas","ESEA","484915424","68.725","Greece"
"7325","Duni AB","DUNI.ST","484114983","10.3005","Sweden"
"7326","eGuarantee","8771.T","483185713","10.8785","Japan"
"7327","Tera Light","TRLT.TA","483123781","6.13162","Israel"
"7328","Attica Holdings","ATTICA.AT","482689721","1.98504","Greece"
"7329","One REIT, Inc.","3290.T","482180153","496.354","Japan"
"7330","Bajaj Electricals","BAJAJELEC.NS","481866107","4.17595","India"
"7331","Ion Beam Applications","IBAB.BR","481579261","16.4835","Belgium"
"7332","Sea1 Offshore","SEA1.OL","480967697","3.14063","Norway"
"7333","Envela Corporation","ELA","480843584","18.52","United States"
"7334","The Manitowoc Company","MTW","479734176","13.36","United States"
"7335","Qatari Investors Group","QIGD.QA","479204593","0.38544","Qatar"
"7336","ATHEX  (Athens Stock Exchange)","EXAE.AT","478814556","8.27683","Greece"
"7337","Boss Energy","BOE.AX","478698714","1.15315","Australia"
"7338","International Money Express","IMXI","478571296","15.88","United States"
"7339","The Tinplate Company Of India","TINPLATE.NS","478570876","4.56861","India"
"7340","Kamada","KMDA","478138432","8.27","Israel"
"7341","First Business Financial Services","FBIZ","477960576","57.29","United States"
"7342","Orange County Bancorp","OBT","477850048","35.64","United States"
"7343","Industrial Logistics Properties Trust","ILPT","477236384","7.16","United States"
"7344","Ginkgo Bioworks","DNA","476817504","7.7","United States"
"7345","Nyab AB","NYAB.ST","476187407","0.669048","Sweden"
"7346","Ribbon Communications","RBBN","475888288","2.71","United States"
"7347","Vst Tillers Tractors","VSTTILLERS.NS","475805044","54.9889","India"
"7348","Air Astana","7YH.F","475674861","5.3776","Kazakhstan"
"7349","Build-A-Bear Workshop","BBW","475667936","37.81","United States"
"7350","Dawood Hercules Corporation","DAWH.PK","475568825","0.988119","Pakistan"
"7351","Grid Dynamics","GDYN","475420512","5.57","United States"
"7352","Caledonia Mining","CMCL","475100512","24.6","Jersey"
"7353","Sygnity","SGN.WA","474944173","20.8877","Poland"
"7354","PensionBee Group","PBEE.L","474419759","1.99372","United Kingdom"
"7355","Wirtualna Polska (WP Holding)","WPL.WA","474247795","15.9276","Poland"
"7356","BHG Group AB","BHG.ST","474239229","2.64593","Sweden"
"7357","Pacific Biosciences","PACB","474137344","1.57","United States"
"7358","Fiducial Real Estate","ORIA.PA","474108005","196.399","France"
"7359","BSR Real Estate Investment Trust","HOM-UN.TO","474052926","12.1988","Canada"
"7360","Alantra Partners","ALNT.MC","473829156","12.5088","Spain"
"7361","Pangaea Logistics Solutions","PANL","473560192","7.25","United States"
"7362","LEM Holding","LEHN.SW","473544795","415.935","Switzerland"
"7363","RWS Holdings","RWS.L","473496571","1.27571","United Kingdom"
"7364","Diamond Hill Investment Group","DHIL","473290400","174.99","United States"
"7365","Van de Velde","VAN.BR","473116170","37.9939","Belgium"
"7366","Swarmer","SWMR","472827104","38.29","United States"
"7367","Multiconsult","MULTI.OL","472700261","17.1502","Norway"
"7368","Shenzhen Zqgame","300052.SZ","472653900","1.805","China"
"7369","Zion Oil &amp; Gas","ZNOG","472399968","0.4","United States"
"7370","Sierra Bancorp","BSRR","472140224","36.06","United States"
"7371","Rain Industries","RAIN.NS","471733430","1.40253","India"
"7372","Minto Apartment Real Estate Investment Trust","MI-UN.TO","471214857","12.8631","Canada"
"7373","Marimekko","MEKKO.HE","470405522","11.6203","Finland"
"7374","Nature's Sunshine Products","NATR","470254368","26.86","United States"
"7375","i3 Verticals","IIIV","470163968","21.28","United States"
"7376","CPH Group AG","CPHN.SW","469732375","78.3536","Switzerland"
"7377","VRL Logistics","VRLLOG.NS","469450441","2.68354","India"
"7378","Marshalls plc","MSLH.L","469440467","1.85631","United Kingdom"
"7379","Algoma Steel","ASTL","468766464","4.44","Canada"
"7380","VIP Industries","VIPIND.NS","468531352","3.29831","India"
"7381","Presidio Production Company","FTW","468456992","10.51","United States"
"7382","Oman Cement Company","OCOI.OM","468378263","1.41558","Oman"
"7383","Servcorp Limited","SRV.AX","468377199","4.69246","Australia"
"7384","Larimar Therapeutics","LRMR","467473216","4.5","United States"
"7385","Avacta Group","AVCT.L","467354586","1.03054","United Kingdom"
"7386","BFF Bank","BFF.MI","466395908","2.46902","Italy"
"7387","Mahindra Logistics","MAHLOG.NS","466155081","4.69808","India"
"7388","Aura Biosciences","AURA","466090400","7.26","United States"
"7389","Acacia Research","ACTG","465976512","4.83","United States"
"7390","HOMAG Group","HG1.F","465834917","29.6937","Germany"
"7391","Soft-World International","5478.TWO","465732356","3.10845","Taiwan"
"7392","Hampiðjan","HAMP.IC","465281530","0.742615","Iceland"
"7393","Yext","YEXT","465011136","3.77","United States"
"7394","Nichols plc","NICL.L","464971221","12.7167","United Kingdom"
"7395","REGENXBIO","RGNX","464038912","8.99","United States"
"7396","Patrimoine et Commerce SA","PAT.PA","463983563","28.5247","France"
"7397","Ovid Therapeutics","OVID","463739552","2.68","United States"
"7398","Contineum Therapeutics","CTNM","463713568","12.42","United States"
"7399","Digital Arts Inc.","2326.T","463651358","34.4882","Japan"
"7400","Raisio plc","RAIVV.HE","463637975","2.9343","Finland"
"7401","Valneva SE","VALN","463052000","5.33","France"
"7402","Caleres","CAL","462924064","13.72","United States"
"7403","AngioDynamics","ANGO","462771840","11.2","United States"
"7404","National Petroleum Services Company","NAPESCO.KW","462458746","5119.09","Kuwait"
"7405","Kappa Create","7421.T","462432390","9.37001","Japan"
"7406","Fulgent Genetics","FLGT","462379232","16.03","United States"
"7407","Murapol S.A.","MUR.WA","461524442","11.3119","Poland"
"7408","Portillo's","PTLO","461102496","6.39","United States"
"7409","Ecora Resources","ECOR.L","460375240","1.84554","United Kingdom"
"7410","Emeco Holdings","EHL.AX","460243574","0.887859","Australia"
"7411","PowerFleet","AIOT","460125184","3.43","United States"
"7412","JBCC Holdings","9889.T","459458832","7.58614","Japan"
"7413","Investors Title Company","ITIC","459141760","243.19","United States"
"7414","Anup Engineering","ANUP.NS","458706342","22.8993","India"
"7415","PlayWay","PLW.WA","458316903","69.442","Poland"
"7416","Gaotu Techedu","GOTU","457478208","1.89","China"
"7417","PZ Cussons plc","PZC.L","456406255","1.08577","United Kingdom"
"7418","Columbus McKinnon","CMCO","456381120","15.88","United States"
"7419","Capita plc","CPI.L","455833013","3.80557","United Kingdom"
"7420","TSS, Inc.","TSSI","455751616","15.8","United States"
"7421","Docebo","DCBO","455204640","17.63","Canada"
"7422","Sohu.com","SOHU","455190176","15.14","China"
"7423","Nice One Beauty Digital Marketing Company","4193.SR","455057608","3.93989","Saudi Arabia"
"7424","Voltamp Energy","VOES.OM","454545466","4.54545","Oman"
"7425","Ismail Industries","ISIL.PK","453749138","6.83801","Pakistan"
"7426","Hamborner REIT","HABA.DE","453598004","5.57634","Germany"
"7427","Nederman Holding","NMAN.ST","453542243","12.9486","Sweden"
"7428","EMX Royalty","EMX","453291424","4.16","Canada"
"7429","Panoro Energy ASA","PEN.OL","453227051","3.43004","United Kingdom"
"7430","Eventbrite","EB","452958144","4.51","United States"
"7431","Almawarid Manpower Company","1833.SR","452713951","22.6357","Saudi Arabia"
"7432","Bluelinx","BXC","452442432","57.51","United States"
"7433","Myriad Genetics","MYGN","452382112","4.79","United States"
"7434","Texmaco Rail &amp; Engineering","TEXRAIL.NS","452330831","1.11175","India"
"7435","Quadient","QDT.PA","451632102","13.3271","France"
"7436","Lindex Group","LINDEX.HE","451622002","2.7531","Finland"
"7437","XOMA Royalty","XOMA","451487008","37.89","United States"
"7438","City Cement Company","3003.SR","451058965","3.22185","Saudi Arabia"
"7439","Medistim","MEDI.OL","450734455","24.6534","Norway"
"7440","Medmix","MEDX.SW","450610567","11.0789","Switzerland"
"7441","ECARX Holdings","ECX","449650752","1.18","China"
"7442","Andersen Group","ANDG","449581024","35.54","United States"
"7443","ATN International","ATNI","449502624","29.25","United States"
"7444","Oma Säästöpankki","OMASP.HE","448707585","13.5141","Finland"
"7445","The Pack Corporation","3950.T","448609335","8.0681","Japan"
"7446","Bijou Brigitte","BIJ.DE","448507333","59.855","Germany"
"7447","Plastika Kritis","PLAKR.AT","448104733","16.3666","Greece"
"7448","Habib Metropolitan Bank","HMB.PK","447356610","0.426936","Pakistan"
"7449","SES AI","SES","447281024","1.22","United States"
"7450","WideOpenWest","WOW","445855520","5.2","United States"
"7451","Forterra plc","FORT.L","445596127","2.13651","United Kingdom"
"7452","Lexeo Therapeutics","LXEO","445263264","6.01","United States"
"7453","AS Tallinna Sadam","TSM1T.TL","444854174","1.69146","Estonia"
"7454","Fiera Capital","FSZ.TO","444453212","4.16846","Canada"
"7455","Kaiser (China) Culture","002425.SZ","444308618","0.464435","China"
"7456","E. W. Scripps Company","SSP","444249024","4.86","United States"
"7457","Bpost","13B.F","444238696","2.22118","Belgium"
"7458","Birla Carbon (Thailand)","BCT.BK","444170290","1.48057","Thailand"
"7459","Uzin Utz","UZU.DE","443456578","87.9121","Germany"
"7460","NCC Group plc","NCC.L","443332428","1.58959","United Kingdom"
"7461","Fonciere Inea","INEA.PA","442693538","40.9165","France"
"7462","Nueva Expresión Textil","NXT.MC","442667988","1.02876","Spain"
"7463","Home Invest Belgium","HOMI.BR","442389587","22.2352","Belgium"
"7464","Paysafe","PSFE","442349600","8.56","United States"
"7465","Seco S.p.A.","IOT.MI","441454165","3.33177","Italy"
"7466","TKM Grupp AS","TKM1T.TL","441383798","10.837","Estonia"
"7467","Dave & Buster's","PLAY","441190432","12.7","United States"
"7468","Instone Real Estate Group","INS.DE","440805673","9.96025","Germany"
"7469","adesso SE","ADN1.DE","440764036","68.8567","Germany"
"7470","Beyond Meat","BYND","440429856","0.9501","United States"
"7471","Schweizerische Nationalbank","SNBN.SW","440102765","4401.03","Switzerland"
"7472","Atea Pharmaceuticals","AVIR","439789888","5.52","United States"
"7473","Gevo","GEVO","439617120","1.81","United States"
"7474","Strike Company","6196.T","439188163","7.6237","Japan"
"7475","Ranger Energy Services","RNGR","439001632","18.36","United States"
"7476","Agilon Health","AGL","438486432","26.32","United States"
"7477","Camping World","CWH","438286528","6.9","United States"
"7478","Teikoku Sen-i Co., Ltd.","3302.T","437625753","17.0939","Japan"
"7479","Locaweb","LWSA3.SA","437616126","0.798089","Brazil"
"7480","Medley, Inc.","4480.T","437434855","14.5589","Japan"
"7481","Talgo S.A.","TLGO.MC","436960885","3.27332","Spain"
"7482","Ooma","OOMA","436849696","15.9","United States"
"7483","eMudhra","EMUDHRA.NS","436686094","5.32261","India"
"7484","American Battery Technology Company","ABAT","436616160","3.315","United States"
"7485","Kuwait Insurance Company","KINS.KW","436524755","2362.15","Kuwait"
"7486","JM Holdings Co.,Ltd.","3539.T","436329975","8.56258","Japan"
"7487","JCR Pharmaceuticals","4552.T","435970022","3.574","Japan"
"7488","Generalfinance","GF.MI","435742835","34.4868","Italy"
"7489","IGG Inc","0799.HK","435555610","0.389358","Singapore"
"7490","DoubleDown Interactive","DDI","435326976","8.785","United States"
"7491","Benitec Biopharma","BNTC","435037312","12.7","United States"
"7492","Cedar Woods Properties Limited","CWP.AX","434706879","5.10965","Australia"
"7493","Mayville Engineering Company","MEC","434609920","21.39","United States"
"7494","The Property Franchise Group","TPFG.L","434556495","6.81636","United Kingdom"
"7495","Newron Pharmaceuticals","NWRN.SW","434545727","20.8858","Italy"
"7496","Priority Technology Holdings","PRTH","434466720","5.28","United States"
"7497","Nel ASA","NEL.OL","434422754","0.236351","Norway"
"7498","PubMatic","PUBM","434233664","9.16","United States"
"7499","EnviTec Biogas","ETG.DE","434007450","29.2261","Germany"
"7500","Osaka Steel","5449.T","433901627","14.5026","Japan"
"7501","Linc AB","LINC.ST","433767382","7.49031","Sweden"
"7502","PureTech Health","PRTC","432310720","17.76","United States"
"7503","Gravity Co.","GRVY","431735168","62.13","South Korea"
"7504","MGP Ingredients","MGPI","431442624","20.19","United States"
"7505","Paisalo Digital","PAISALO.NS","430678801","0.473522","India"
"7506","JCI Hitachi India","JCHAC.NS","429941645","15.7544","India"
"7507","Fauji Cement Company","FCCL.PK","429483790","0.175096","Pakistan"
"7508","PDS Multinational","PDSL.NS","429418052","3.02929","India"
"7509","DocMorris","DOCM.SW","429318670","8.83385","Switzerland"
"7510","Mattr Corp.","MATR.TO","429236667","6.99367","Canada"
"7511","BOE Varitronix","0710.HK","428975409","0.556591","Hong Kong"
"7512","Vital KSK Holdings","3151.T","428767020","8.86302","Japan"
"7513","Canada Packers","CPKR.TO","428528878","14.4108","Canada"
"7514","Gulf Medical Projects Company","GMPC.AE","428234091","0.61","United Arab Emirates"
"7515","Advantage Solutions","ADV","428104704","32.62","United States"
"7516","Luceco plc","LUCE.L","427969167","2.86934","United Kingdom"
"7517","Marston's","MARS.L","427968305","0.676247","United Kingdom"
"7518","Akastor ASA","AKAST.OL","427125607","1.5671","Norway"
"7519","Invivyd","IVVD","427033856","1.51","United States"
"7520","Palram Industries","PLRM.TA","426779177","16.5897","Israel"
"7521","Tide Water Oil","TIDEWATER.NS","426582649","25.0972","India"
"7522","MT Højgaard Holding","MTHH.CO","426165138","55.2923","Denmark"
"7523","Chofu Seisakusho","5946.T","425866556","12.5246","Japan"
"7524","Glarner Kantonalbank","GLKBN.SW","425856664","31.5449","Switzerland"
"7525","The Gym Group","GYM.L","425468507","2.445","United Kingdom"
"7526","National Cement Company P.S.C.","NCC.AE","425049001","1.18464","United Arab Emirates"
"7527","Melcor Developments","MRD.TO","425011053","14.1187","Canada"
"7528","Vitru","VTRU3.SA","424406306","2.88188","Brazil"
"7529","Atrium Mortgage Investment","AI.TO","424091568","8.81144","Canada"
"7530","B&amp;G Foods","BGS","423766400","5.27","United States"
"7531","Orient Electric","ORIENTELEC.NS","423677784","1.98546","India"
"7532","Ponce Financial Group","PDLB","423469280","17.53","United States"
"7533","Lightbridge Corporation","LTBR","423288224","13","United States"
"7534","Lifezone Metals","LZM","423211168","4.64","United Kingdom"
"7535","Perion Network","PERI","422528512","10.23","Israel"
"7536","Future plc","FUTR.L","422516599","4.58824","United Kingdom"
"7537","Globe Trade Centre","GTC.WA","422510532","0.735754","Poland"
"7538","Lithium Royalty Corp.","LIRC.TO","421845604","7.6799","Canada"
"7539","Bank of Marin Bancorp","BMRC","421741856","26.05","United States"
"7540","Public Policy Holding Company","PPHC","421725248","14.32","United States"
"7541","LPKF Laser &amp; Electronics","LPK.DE","420971734","17.1849","Germany"
"7542","Gladstone Land","LAND","420892608","10.03","United States"
"7543","Abu Dhabi Ship Building","ADSB.AE","420866478","1.99","United Arab Emirates"
"7544","Neurogene","NGNE","420845440","26.95","United States"
"7545","Clearfield","CLFD","420524864","30.37","United States"
"7546","Skycity Entertainment Group","SKC.NZ","420273039","0.381008","New Zealand"
"7547","Société Fermière du Casino Municipal de Cannes","FCMC.PA","420240717","2665.42","France"
"7548","Mirrabooka Investments Limited","MIR.AX","419859930","1.87556","Australia"
"7549","Rackspace Technology","RXT","419754496","1.7","United States"
"7550","eDreams ODIGEO","EDR.MC","419517294","3.98644","Spain"
"7551","Chalice Mining","CHN.AX","419429216","1.07684","Australia"
"7552","OneSpan","OSPN","418880480","11.18","United States"
"7553","Star Group","SGU","418879168","12.74","United States"
"7554","Bank7","BSVN","418850784","44","United States"
"7555","Designer Brands","DBI","418833376","8.26","United States"
"7556","Dhofar International Development &amp; Investment Holding","DIDI.OM","418748701","0.844156","Oman"
"7557","Mears Group plc","MER.L","418718492","5.0988","United Kingdom"
"7558","Zumiez","ZUMZ","418132160","24.64","United States"
"7559","IVF Hartmann","VBSN.SW","418006858","175.532","Switzerland"
"7560","Emergent BioSolutions","EBS","417803968","8.09","United States"
"7561","Bgin Blockchain","BGIN","417471648","3.69","Singapore"
"7562","West Bancorporation","WTBA","416847872","24.48","United States"
"7563","Riso Kagaku Corporation","6413.T","416573700","6.62223","Japan"
"7564","OrthoPediatrics","KIDS","416373504","16.21","United States"
"7565","El Pollo Loco","LOCO","415792896","13.88","United States"
"7566","Mortgage Advice Bureau (Holdings)","MAB1.L","415656315","7.19355","United Kingdom"
"7567","Doha Insurance Group","DOHI.QA","415521992","0.831044","Qatar"
"7568","Kuwait Reinsurance Company","KUWAITRE.KW","415438242","1223.49","Kuwait"
"7569","Medicare Group","MCGS.QA","414970819","1.47445","Qatar"
"7570","Whitefield Industrials Limited","WHF.AX","414969778","3.43377","Australia"
"7571","Nathan's Famous","NATH","414149056","101.15","United States"
"7572","Gladstone Capital Corporation","GLAD","413904992","18.32","United States"
"7573","Digital Turbine","APPS","413654784","3.45","United States"
"7574","Grieg Seafood","GSF.OL","413630022","3.68515","Norway"
"7575","Metall Zug AG","METN.SW","413074492","924.725","Switzerland"
"7576","Orion Engineered Carbons","OEC","413048960","7.34","United States"
"7577","Judges Scientific plc","JDG.L","412726952","61.9669","United Kingdom"
"7578","Viking Line Abp","VIK1V.HE","412101928","23.8485","Finland"
"7579","Citizens &amp; Northern Corp","CZNC","411935616","23","United States"
"7580","Magnetic Resources NL","MAU.AX","411919138","1.39419","Australia"
"7581","Timbercreek Financial","TF.TO","411719577","4.97527","Canada"
"7582","Borussia Dortmund","BVB.F","411624547","3.72925","Germany"
"7583","Strata Critical Medical","SRTA","411486240","4.76","United States"
"7584","Sanford Limited","SAN.NZ","411057601","4.39039","New Zealand"
"7585","Brunel International","BRNL.AS","410712506","8.15992","Netherlands"
"7586","Truecaller","TRUE-B.ST","410600032","1.25757","Sweden"
"7587","Chaince Digital Holdings","CD","410548672","5.17","United States"
"7588","Alto Ingredients","ALTO","410428160","5.31","United States"
"7589","FRP Holdings","FRPH","410234496","21.4","United States"
"7590","RBB Bancorp","RBB","409779840","24","United States"
"7591","SHL Finance Company","1183.SR","409738174","4.09738","Saudi Arabia"
"7592","Summit Midstream","SMC","409329824","29.62","United States"
"7593","Lucky Core Industries (LCI)","LCI.PK","409083066","0.885854","Pakistan"
"7594","ElringKlinger","ZIL2.DE","408869719","6.45312","Germany"
"7595","Quad","QUAD","408180096","7.81","United States"
"7596","Phnom Penh Autonomous Port","PPAP.KH","407862362","3.56","Cambodia"
"7597","Lesaka Technologies","LSAK","407819040","4.85","South Africa"
"7598","Orell Füssli AG","OFN.SW","407616566","207.968","Switzerland"
"7599","Bed Bath &amp; Beyond","BBBY","407480256","5.52","United States"
"7600","Yü Group","YU.L","407446123","23.507","United Kingdom"
"7601","Kintetsu Department Store","8244.T","407421544","10.1023","Japan"
"7602","Neumora Therapeutics","NMRA","407394432","2.23","United States"
"7603","Autolus Therapeutics","AUTL","407199200","1.53","United Kingdom"
"7604","IPD Group Limited","IPG.AX","407096306","3.91514","Australia"
"7605","Peach Property Group AG","PEAN.SW","406879636","7.32657","Switzerland"
"7606","DFS Furniture","DFS.L","406239935","1.75797","United Kingdom"
"7607","Selectirente","SELER.PA","406199660","97.6151","France"
"7608","Daiichi Kensetsu","1799.T","406071645","22.9399","Japan"
"7609","Calfrac Well Services","CFW.TO","405253755","4.03706","Canada"
"7610","ParkOhio Holdings Corp.","PKOH","405047520","28.13","United States"
"7611","MCI Capital Alternatywna Spólka Inwestycyjna","MCI.WA","404777411","7.71577","Poland"
"7612","Ashoka Buildcon","ASHOKA.NS","404774113","1.4419","India"
"7613","Interloop","ILP.PK","404326696","0.288453","Pakistan"
"7614","Holley","HLLY","403887168","3.37","United States"
"7615","Tanzanian Gold Corporation","TRX","403846784","1.24","Canada"
"7616","FRP Advisory Group","FRP.L","403733197","1.61653","United Kingdom"
"7617","Thob Al Aseel Company","4012.SR","403598758","1.009","Saudi Arabia"
"7618","Valhi","VHI","403590688","14.26","United States"
"7619","Rajesh Exports","RAJESHEXPO.NS","403236819","1.3657","India"
"7620","Lifeway Foods","LWAY","403105344","26.47","United States"
"7621","National Fertilizers","NFL.NS","403010438","0.821501","India"
"7622","The Cross-Harbour Holdings","0032.HK","402975398","1.08127","Hong Kong"
"7623","AlTi Global","ALTI","402892800","3.75","United States"
"7624","gremz, Inc.","3150.T","402710805","17.4319","Japan"
"7625","Harbour Centre Development","0051.HK","402626892","0.56808","Hong Kong"
"7626","ASOS","ASC.L","402249699","3.36777","United Kingdom"
"7627","Oula Fuel Marketing Company","OULAFUEL.KW","402192199","903.752","Kuwait"
"7628","Gree","3632.T","402057788","2.34094","Japan"
"7629","NACL Industries","NACLIND.NS","401993545","1.71124","India"
"7630","Kuwait National Cinema Company","KCIN.KW","401830019","4339.32","Kuwait"
"7631","Bankwell Financial Group","BWFG","401609056","50.37","United States"
"7632","Rocket Pharmaceuticals","RCKT","401572064","3.68","United States"
"7633","Eik fasteignafélag","EIK.IC","401536653","0.118329","Iceland"
"7634","Shinpoong Pharm","019170.KS","401138630","7.82522","South Korea"
"7635","Group Five Pipe Saudi Company","9523.SR","399861733","14.2808","Saudi Arabia"
"7636","Chatham Lodging Trust","CLDT","399839744","8.5","United States"
"7637","Xunlei","XNET","399760352","6.36","China"
"7638","BrasilAgro","LND","399458016","4.01","Brazil"
"7639","Costamare Bulkers Holdings Limited","CMDB","399219584","16.51","Monaco"
"7640","Global Indemnity","GBLI","398953344","27.8","Cayman Islands"
"7641","Commercial Bancgroup","CBK","398337472","29.08","United States"
"7642","Eagle Football Group","EFG.PA","398215560","2.43161","France"
"7643","Pico Far East Holdings","0752.HK","398088476","0.31404","Hong Kong"
"7644","Onity Group","ONIT","397534368","46.65","United States"
"7645","Invalda INVL, AB","IVL1L.VS","397531940","32.967","Lithuania"
"7646","Halfords Group","HFD.L","397404945","1.82398","United Kingdom"
"7647","Aduro Clean Technologies","ADUR","397307648","11.78","Canada"
"7648","Toscana Aeroporti","TYA.MI","397087180","21.335","Italy"
"7649","Orascom Development","ODHN.SW","397040564","6.66163","Switzerland"
"7650","Qatar General Insurance & Reinsurance Company","QGRI.QA","396664956","0.453297","Qatar"
"7651","Immuneering","IMRX","396594016","6.13","United States"
"7652","SNDL Inc.","SNDL","396584800","1.53","Canada"
"7653","Oatly","OTLY","396557504","12.7","Sweden"
"7654","Australian Finance Group","AFG.AX","396326872","1.45837","Australia"
"7655","Nexxen","NEXN","396174752","7.11","Israel"
"7656","Novabase","NBA.LS","395646282","10.498","Portugal"
"7657","Vanda Pharmaceuticals","VNDA","395432736","6.69","United States"
"7658","Radiant Logistics","RLGT","394747776","8.43","United States"
"7659","Vaibhav Global","VAIBHAVGBL.NS","394683469","2.36337","India"
"7660","Aeroporto G. Marconi Bologna","ADB.MI","394451351","10.9189","Italy"
"7661","KinderCare Learning Companies","KLC","394366208","3.33","United States"
"7662","Chorus Aviation","CHR.TO","394185078","16.8345","Canada"
"7663","Daikokutenbussan","2791.T","394122370","29.3869","Japan"
"7664","Vasta Platform","VSTA","393989824","4.9","Brazil"
"7665","Formycon AG","FYB.DE","393787671","22.282","Germany"
"7666","United Heavy Machinery","OMZZP.ME","393734075","145.29","Russia"
"7667","Lifestyle Communities Limited","LIC.AX","393718036","3.23409","Australia"
"7668","Cellectis","CLLS","393310784","3.91","France"
"7669","Universal Store Holdings","UNI.AX","392836755","5.12034","Australia"
"7670","Jupiter Mines Limited","JMS.AX","392539222","0.199679","Australia"
"7671","Sekisui Jushi Corporation","4212.T","392397878","13.0942","Japan"
"7672","NRC Health","NRC","392375328","17.25","United States"
"7673","Pasona Group","2168.T","392309787","10.5029","Japan"
"7674","Banque Cantonale du Jura","BCJ.SW","392135491","131.013","Switzerland"
"7675","Sumou Real Estate Company","4323.SR","391853821","7.83708","Saudi Arabia"
"7676","Greene County Bancorp","GCBC","391787328","23.01","United States"
"7677","Pizza Pizza","PZA.TO","391644183","11.5855","Canada"
"7678","KKR Real Estate Finance Trust","KREF","391589536","6.09","United States"
"7679","Cadiz Inc.","CDZI","391260288","4.69","United States"
"7680","LiveWire Group","LVWR","391095072","1.91","United States"
"7681","Parrot S.A.","PARRO.PA","390642626","12.6257","France"
"7682","Enento Group","ENENTO.HE","390252894","16.4835","Finland"
"7683","United Projects Company For Aviation Services","UPAC.KW","389381784","1031","Kuwait"
"7684","X4 Pharmaceuticals","XFOR","389136320","4.28","United States"
"7685","Yubico","YUBICO.ST","388723315","4.53205","Sweden"
"7686","LexinFintech Holdings","LX","388688672","2.31","China"
"7687","Lineage Cell Therapeutics","LCTX","388576544","1.56","United States"
"7688","Baader Bank","BWB.DE","387914096","7.9495","Germany"
"7689","PharmaSGP","PSG.DE","387716280","33.6779","Germany"
"7690","Al-Jouf Agricultural Development","6070.SR","387582934","12.9194","Saudi Arabia"
"7691","Enanta Pharmaceuticals","ENTA","387408256","13.35","United States"
"7692","Genesco","GCO","387312832","35.67","United States"
"7693","The Honest Company","HNST","386911296","3.44","United States"
"7694","North American Construction Group","NOA","386702560","13.99","Canada"
"7695","enCore Energy","EU","386494272","1.98","Canada"
"7696","MasterCraft Boat","MCFT","386484576","23.74","United States"
"7697","Computer Engineering &amp; Consulting","9692.T","386406897","12.3807","Japan"
"7698","Ascencio","ASCE.BR","386320830","58.5691","Belgium"
"7699","Fujiya Co., Ltd.","2211.T","386234791","14.9845","Japan"
"7700","Banco de Brasília","BSLI3.SA","386080718","0.794109","Brazil"
"7701","Rapid7","RPD","385943232","5.78","United States"
"7702","XANO Industri","XANO-B.ST","384636368","6.48512","Sweden"
"7703","Getty Images","GETY","384469728","0.9203","United States"
"7704","Mepco (Middle East Company for Manufacturing and Producing Paper)","1202.SR","384255197","4.43371","Saudi Arabia"
"7705","PCC Rokita","PCR.WA","384075367","18.9588","Poland"
"7706","TruBridge","TBRG","383999808","25.76","United States"
"7707","JTEKT India","JTEKTINDIA.NS","383875124","1.38385","India"
"7708","FW Thorpe Plc","TFW.L","383791671","3.41491","United Kingdom"
"7709","EQT Holdings Limited","EQT.AX","383663110","14.3198","Australia"
"7710","Gentrack Group","GTK.NZ","383626961","3.41149","New Zealand"
"7711","Maruzen","5982.T","383211804","24.0979","Japan"
"7712","Akebia Therapeutics","AKBA","383067296","1.43","United States"
"7713","Medios AG","ILM1.DE","382902846","15.5015","Germany"
"7714","Younited Financial","YOUNI.PA","382405001","8.41711","Luxembourg"
"7715","Campine","CAMB.BR","382277286","254.852","Belgium"
"7716","Stride Property Group","SPG.NZ","382047631","0.682884","New Zealand"
"7717","Syntec Optics","OPTX","381779776","10.32","United States"
"7718","Auna SA","AUNA","381390048","5.15","Luxembourg"
"7719","Boohoo Group","DEBS.L","380862481","0.242479","United Kingdom"
"7720","Djurslands Bank A/S","DJUR.CO","380754679","144.526","Denmark"
"7721","Cerus Corporation","CERS","380701056","1.9","United States"
"7722","Heidelbergcement India","HEIDELBERG.NS","380460661","1.67876","India"
"7723","National Finance","NFCI.OM","380276540","0.584416","Oman"
"7724","GWA Group Limited","GWA.AX","380147823","1.43341","Australia"
"7725","Ice Fish Farm","IFISH.OL","380045001","3.10847","Iceland"
"7726","PT Aspirasi Hidup Indonesia Tbk","ACES.JK","379947390","0.0221927","Indonesia"
"7727","Select Harvests Limited","SHV.AX","379021245","2.66714","Australia"
"7728","PrimeEnergy Resources","PNRG","378887072","234.17","United States"
"7729","TechTarget","TTGT","378813504","5.24","United States"
"7730","NVE Corporation","NVEC","378798528","78.31","United States"
"7731","Niagen Bioscience","NAGE","378780704","4.73","United States"
"7732","Gaumont SA","GAM.PA","378732371","121.581","France"
"7733","Nano Dimension","NNDM","378602560","1.8","United States"
"7734","Aramis Group","ARAMI.PA","378547307","4.62941","France"
"7735","COLTENE Holding AG","CLTN.SW","378506775","63.3443","Switzerland"
"7736","Race Oncology","RAC.AX","377868127","2.0681","Australia"
"7737","Boston Omaha","BOC","377499424","12.31","United States"
"7738","I'LL inc.","3854.T","377426154","15.0972","Japan"
"7739","Bafang Yunji","2753.TW","377331571","5.66181","Taiwan"
"7740","CION Investment Corporation","CION","377209024","7.47","United States"
"7741","Capital Limited","CAPD.L","377014585","1.67041","United Kingdom"
"7742","IVU Traffic Technologies","IVU.DE","376987784","21.8027","Germany"
"7743","Foseco India","FOSECOIND.NS","376722708","49.7347","India"
"7744","Investar Holding","ISTR","376646976","27.41","United States"
"7745","Hypothekarbank Lenzburg","HBLN.SW","376511100","5240.53","Switzerland"
"7746","Puma Biotechnology","PBYI","376486016","7.4","United States"
"7747","Ölgerðin Egill Skallagrímsson","OLGERD.IC","376233374","0.131386","Iceland"
"7748","Chubu Steel Plate","5461.T","376105866","13.8829","Japan"
"7749","Altimmune","ALT","376003968","2.89","United States"
"7750","Canaan","CAN","375361440","0.5035","China"
"7751","Simona","SIM0.F","375263023","62.5438","Germany"
"7752","Arbonia","ARBN.SW","375117262","5.39953","Switzerland"
"7753","McBride","MCB.L","374413485","2.18231","United Kingdom"
"7754","Vanquis Banking Group","VANQ.L","374318088","1.49529","United Kingdom"
"7755","AMC Networks","AMCX","374175360","8.76","United States"
"7756","IBEX","IBEX","373983456","27.77","United States"
"7757","goeasy","GSY.TO","373976097","23.3244","Canada"
"7758","Wing Tai Properties","0369.HK","373758181","0.271913","Hong Kong"
"7759","FleetPartners Group","FPR.AX","373632237","1.73293","Australia"
"7760","Mehadrin","MEDN.TA","373214389","108.418","Israel"
"7761","Wall Financial Corporation","WFC.TO","372994168","11.6659","Canada"
"7762","SAPTCO (Saudi Public Transport Company)","4040.SR","372701561","2.98161","Saudi Arabia"
"7763","Arabian Pipes Company","2200.SR","372634832","1.86317","Saudi Arabia"
"7764","Independent Petroleum Group K.S.C.P.","IPG.KW","372192250","2058.73","Kuwait"
"7765","Barnes &amp; Noble Education","BNED","372112928","10.85","United States"
"7766","Cairo Communication","CAI.MI","371541237","3.09212","Italy"
"7767","Tigo Energy","TYGO","370954528","4.89","United States"
"7768","Pinewood Technologies Group","PINE.L","370887731","3.23979","United Kingdom"
"7769","Shofu Inc.","7979.T","370673401","10.4153","Japan"
"7770","Weave Communications","WEAV","370434944","4.71","United States"
"7771","D2L Inc.","DTOL.TO","370319532","6.81846","Canada"
"7772","Silence Therapeutics","SLN","370314144","7.84","United Kingdom"
"7773","Alliance Entertainment","AENT","369950496","7.26","United States"
"7774","Millat Tractors","MTL.PK","369203695","1.8505","Pakistan"
"7775","Magnera","MAGN","369172000","10.37","United States"
"7776","Wayi International Digital Entertainment","3086.TWO","368925138","1.35281","Taiwan"
"7777","Havertys","HVT","368715808","22.78","United States"
"7778","Coronado Global Resources","CRN.AX","368344735","0.196113","Australia"
"7779","Alandalus Property Company","4320.SR","367723313","3.93989","Saudi Arabia"
"7780","Autosports Group","ASG.AX","367656538","1.7258","Australia"
"7781","Marie Brizard Wine &amp; Spirits","MBWS.PA","367459760","3.28501","France"
"7782","Iwaki Co.","6237.T","367262259","16.5556","Japan"
"7783","Fiverr","FVRR","367056928","10.21","Israel"
"7784","Nu Skin","NUS","366858464","7.46","United States"
"7785","Vox Royalty","VOXR","366551232","5.32","Canada"
"7786","Kalyani Steels","KSL.NS","366531914","8.39648","India"
"7787","Dine Brands Global","DIN","366342464","28.08","United States"
"7788","Incap Oyj","ICP1V.HE","366288023","12.4386","Finland"
"7789","Sjóvá-Almennar tryggingar","SJOVA.IC","365935113","0.314999","Iceland"
"7790","NIOX Group","NIOX.L","365856623","0.870231","United Kingdom"
"7791","Komax Holding","KOMN.SW","365707305","71.3577","Switzerland"
"7792","Al Suwadi Power","SUWP.OM","365553383","0.511688","Oman"
"7793","Genie Energy","GNE","365377888","13.68","United States"
"7794","Saratoga Investment","SAR","365368960","22.52","United States"
"7795","Viemed Healthcare","VMD","365209216","9.49","United States"
"7796","Farmers &amp; Merchants Bancorp","FMAO","365145056","26.52","United States"
"7797","Knr Constructions","KNRCON.NS","364891645","1.29746","India"
"7798","Al Taiseer Group TALCO Industrial Company","4143.SR","364733693","9.11834","Saudi Arabia"
"7799","Ercros","ECR.MC","364504829","3.98644","Spain"
"7800","Lycopodium","LYL.AX","364314892","9.16741","Australia"
"7801","Cerence","CRNC","364196288","8.09","United States"
"7802","Regional Management Corp.","RM","364131008","38.75","United States"
"7803","Mechel PAO","MTLR.ME","363812864","0.87","Russia"
"7804","Nichireki Group","5011.T","363518470","12.775","Japan"
"7805","Plaza Retail REIT","PLZ-UN.TO","363332589","3.25593","Canada"
"7806","NACCO Industries","NC","363091840","48.19","United States"
"7807","Amplitude Energy","AEL.AX","362915153","1.2102","Australia"
"7808","Gérard Perrier Industrie S.A.","PERR.PA","362836183","96.3292","France"
"7809","Beyout Investment Group","BEYOUT.KW","362808967","1210.44","Kuwait"
"7810","Ashiana Housing","ASHIANA.NS","362393011","3.60501","India"
"7811","K-Bro Linen","KBL.TO","362045660","28.0623","Canada"
"7812","Hargreaves Services","HSP.L","361599013","10.9385","United Kingdom"
"7813","Wabash National","WNC","361591584","8.89","United States"
"7814","NewtekOne","NEWT","361258592","12.53","United States"
"7815","fuboTV","FUBO","361147008","12.27","United States"
"7816","Southern States Bancshares","SSBK","361068608","36.37","United States"
"7817","Plumas Bancorp","PLBC","360883456","51.71","United States"
"7818","Kits Eyecare","KITS.TO","360756745","10.6146","Canada"
"7819","KNOT Offshore Partners","KNOP","360388064","10.43","United Kingdom"
"7820","S4 Capital","SFOR.L","360382652","0.543557","United Kingdom"
"7821","Lands' End","LE","360300000","11.7","United States"
"7822","Aarti Drugs","AARTIDRUGS.NS","360266117","3.94726","India"
"7823","Omni Bridgeway","OBL.AX","359819374","1.24229","Australia"
"7824","M1 Kliniken AG","M12.DE","359144399","19.1256","Germany"
"7825","BVZ Holding","BVZN.SW","358833276","1818.92","Switzerland"
"7826","Reliance Infrastructure","RELINFRA.NS","358625913","0.878595","India"
"7827","Meteoric Resources","MEI.AX","358577850","0.135497","Australia"
"7828","Nuix Limited","NXL.AX","358520776","1.06971","Australia"
"7829","Semperit","SEM.VI","358363515","17.4188","Austria"
"7830","Equita Group","EQUI.MI","358310768","6.95581","Italy"
"7831","Orbit Communication Systems","ORBI.TA","358133432","14.0907","Israel"
"7832","Claros Mortgage Trust","CMTG","357557856","2.55","United States"
"7833","Kitex Garments","KITEX.NS","357482484","1.79189","India"
"7834","Blend Labs","BLND","357389472","1.39","United States"
"7835","Al Soor Fuel Marketing Company K.S.C.P.","SOOR.KW","356942370","848.287","Kuwait"
"7836","Fastighets AB Trianon","TRIAN-B.ST","356714647","1.93473","Sweden"
"7837","SRA Holdings","3817.T","356641553","28.229","Japan"
"7838","Wonderla Holidays","WONDERLA.NS","356622641","5.62294","India"
"7839","Mikron Holding","MIKN.SW","356600790","21.3692","Switzerland"
"7840","Innovative Solutions and Support","ISSC","356455776","20.05","United States"
"7841","Monopar Therapeutics","MNPR","356289536","53.24","United States"
"7842","Batic Investments and Logistics Company","4110.SR","355551287","0.592585","Saudi Arabia"
"7843","Bourrelier Group","ALBOU.PA","355519578","57.2831","France"
"7844","USANA","USNA","355111456","19.24","United States"
"7845","BEWi ASA","BEWI.OL","354935305","1.50064","Norway"
"7846","Inmobiliaria del Sur","ISUR.MC","354485657","19.4061","Spain"
"7847","MS INTERNATIONAL plc","MSI.L","353980276","21.5537","United Kingdom"
"7848","Australian Ethical Investment Limited","AEF.AX","353930576","3.10929","Australia"
"7849","Parke Bancorp","PKBK","353856800","29.88","United States"
"7850","AIC Mines Limited","A1M.AX","353802462","0.443573","Australia"
"7851","F-Secure","FSECURE.HE","353348074","2.02245","Finland"
"7852","Matrix Service Company","MTRX","353292768","12.56","United States"
"7853","OVB Holding","O4B.DE","353200681","24.7837","Germany"
"7854","WithSecure Oyj","WITH.HE","353174719","2.00842","Finland"
"7855","RPG Life Sciences","RPGLIFE.NS","353035914","21.3456","India"
"7856","Gorilla Technology","GRRR","352586720","12.75","Taiwan"
"7857","Leonteq","LEON.SW","351745352","19.8682","Switzerland"
"7858","Universal Entertainment Corporation","6425.T","351646953","4.53792","Japan"
"7859","Repay Holdings","RPAY","351572384","4.02","United States"
"7860","Deceuninck","DECB.BR","351513218","2.54267","Belgium"
"7861","BitFuFu","FUFU","351277632","2.11","Singapore"
"7862","Community Health Systems","CYH","350882592","2.49","United States"
"7863","Cigniti Technologies","CIGNITITEC.NS","350863400","12.7369","India"
"7864","Qatar Islamic Insurance Group","QISI.QA","350151093","2.33434","Qatar"
"7865","Unimot","UNT.WA","350147765","42.7123","Poland"
"7866","Selvaag Bolig","SBO.OL","349494988","3.73017","Norway"
"7867","Delta Plus Group","ALDLT.PA","349108355","48.7491","France"
"7868","SOPHiA GENETICS","SOPH","349026592","4.87","Switzerland"
"7869","Al Batinah Power","BATP.OM","348837927","0.516883","Oman"
"7870","Allot","ALLT","348821696","7.13","Israel"
"7871","Standard BioTools","LAB","348684928","0.8939","United States"
"7872","Datalogic S.p.A.","DAL.MI","348382388","6.62848","Italy"
"7873","ON24","ONTF","348249024","8.1","United States"
"7874","Tanmiah Food Company","2281.SR","348077236","17.4039","Saudi Arabia"
"7875","Pioneer Bancorp","PBFS","347912160","14.25","United States"
"7876","LNA Santé","LNA.PA","347831348","33.7854","France"
"7877","Strickland Metals Limited","STK.AX","347567636","0.131931","Australia"
"7878","Vadilal Industries","VADILALIND.NS","347270652","48.3137","India"
"7879","Kistos Holdings","KIST.L","347101737","4.17603","United Kingdom"
"7880","West Coast Paper Mills","WSTCSTPAPR.NS","347066917","5.2547","India"
"7881","SFC Energy AG","F3C.DE","346983239","19.9439","Germany"
"7882","SCHMID Group","SHMD","346962496","6.24","Germany"
"7883","STEICO SE","ST5.DE","346571100","24.6084","Germany"
"7884","Kyokuyo","1301.T","346436330","29.1678","Japan"
"7885","Advanced Technology Company K.S.C.P.","ATC.KW","346186480","1951.06","Kuwait"
"7886","Gulf Warehousing Company","GWCS.QA","346144975","0.590659","Qatar"
"7887","Alpine Income Property Trust","PINE","346134752","19.66","United States"
"7888","Automatic Bank Services","SHVA.TA","346014400","8.64152","Israel"
"7889","Mirbud S.A.","MRB.WA","345848518","3.14142","Poland"
"7890","Mo-BRUK S.A.","MBR.WA","345583942","98.3761","Poland"
"7891","Evolus","EOLS","345468544","5.31","United States"
"7892","Verve Group SE","VER.ST","345209361","1.72504","Sweden"
"7893","Primis Financial","FRST","344827232","13.92","United States"
"7894","Claritev","CTEV","344428448","20.3","United States"
"7895","Ellomay Capital","ELLO","344282944","24.985","Israel"
"7896","Luxfer","LXFR","343661600","12.9","United Kingdom"
"7897","COLOPL","3668.T","343310100","2.67268","Japan"
"7898","Jumbo Interactive Limited","JIN.AX","343237225","5.41986","Australia"
"7899","Alight","ALIT","342766528","0.654","United States"
"7900","oOh!media Limited","OML.AX","342423972","0.641826","Australia"
"7901","Omega Flex","OFLX","342197536","33.9","United States"
"7902","Esprinet","PRT.MI","342178638","6.92074","Italy"
"7903","Ranpak","PACK","342117344","4","United States"
"7904","JDC Group AG","JDC.DE","341457647","26.3035","Germany"
"7905","Kuwait Investment Company","KINV.KW","341411120","619.902","Kuwait"
"7906","Civeo","CVEO","340993120","31.16","United States"
"7907","StealthGas","GASS","340769792","9.17","Greece"
"7908","ReconAfrica","0XD.F","340536440","0.89198","Canada"
"7909","Kelly Services","KELYA","340109184","9.46","United States"
"7910","Verano Holdings","VRNOF","340106912","0.94","United States"
"7911","Brinova Fastigheter","BRIN-B.ST","339719166","1.47536","Sweden"
"7912","PCB Bancorp","PCB","339704064","23.87","United States"
"7913","Cabaletta Bio","CABA","339534144","3.05","United States"
"7914","Bicycle Therapeutics","BCYC","338583968","4.85","United Kingdom"
"7915","On the Beach Group","OTB.L","338481227","2.33588","United Kingdom"
"7916","Central Asia Metals","CAML.L","337906390","1.98294","United Kingdom"
"7917","Eimskipafélag Íslands","EIM.IC","337861903","2.08911","Iceland"
"7918","Value Line","VALU","337752832","35.98","United States"
"7919","Norcros","NXR.L","337724412","3.75843","United Kingdom"
"7920","Aeluma","ALMU","337702496","18.71","United States"
"7921","Árima Real Estate","ARM.MC","337384399","13.7947","Spain"
"7922","A2Z Smart Technologies","AZ","337205728","7.57","Canada"
"7923","Hyliion","HYLN","337019424","1.89","United States"
"7924","Sprout Social","SPT","336465056","5.6","United States"
"7925","Bredband2 i Skandinavien AB","BRE2.ST","336205788","0.351277","Sweden"
"7926","Paysign","PAYS","336079040","6.09","United States"
"7927","Franchise Brands plc","FRAN.L","335678621","1.75124","United Kingdom"
"7928","Sovereign Metals","SVM.AX","335406792","0.511321","Australia"
"7929","Entravision Communications","EVC","335022624","3.64","United States"
"7930","Northern Region Cement Company","3004.SR","334890857","1.8605","Saudi Arabia"
"7931","Nordic Paper","NPAPER.ST","334821133","5.00414","Sweden"
"7932","China Motor Bus Company","0026.HK","334809113","7.40419","Hong Kong"
"7933","TROOPS, Inc.","TROO","334718848","2.74","Hong Kong"
"7934","Cresco Labs","CRLBF","334365504","0.93","United States"
"7935","Zengame Technology","2660.HK","334272106","0.322976","China"
"7936","Kingsway Financial Services","KFS","333776160","11.66","Canada"
"7937","MVB Financial","MVBF","333708224","25.98","United States"
"7938","Strattec Security","STRT","333420864","79.77","United States"
"7939","SuRo Capital","SSSS","333341248","13.13","United States"
"7940","Lubawa","LBW.WA","332927536","2.21553","Poland"
"7941","Walaa Cooperative Insurance Company","8060.SR","332660635","2.60791","Saudi Arabia"
"7942","Air Asia Company Limited (AACL)","2630.TW","332156565","1.58594","Taiwan"
"7943","Liva Group","LIVA.OM","332151083","0.833766","Oman"
"7944","Kitwave Group","KITW.L","331637885","3.96049","United Kingdom"
"7945","Integrated Holding Company K.S.C.P.","INTEGRATED.KW","331004698","1308.32","Kuwait"
"7946","Stalprodukt","STP.WA","330948100","65.0329","Poland"
"7947","Artesian Resources","ARTNA","330804608","32.15","United States"
"7948","MSTC Limited","MSTCLTD.NS","330445908","4.69383","India"
"7949","Gulf Pharmaceutical Industries","JULPHAR.AE","330334756","0.29","United Arab Emirates"
"7950","AB Akola Group","AKO1L.VS","330113733","1.98737","Lithuania"
"7951","Waterstone Financial","WSBF","329927936","17.97","United States"
"7952","Jindal Poly Films","JINDALPOLY.NS","329873433","7.53369","India"
"7953","Myer Holdings","MYR.AX","329548368","0.190408","Australia"
"7954","Evolent Health","EVH","329333088","2.95","United States"
"7955","Telos","TLS","329110624","4.26","United States"
"7956","Al Kout Industrial Projects Company","ALKOUT.KW","328874010","3259.38","Kuwait"
"7957","Mount Gibson Iron","MGX.AX","328306045","0.278124","Australia"
"7958","Lime Technologies AB","LIME.ST","328041198","24.6189","Sweden"
"7959","First Bancorp","FNLC","327986496","29.1","United States"
"7960","Greenwich LifeSciences","GLSI","327936928","23.67","United States"
"7961","Nippon Air conditioning Services","4658.T","327778886","9.4639","Japan"
"7962","Greenply","GREENPLY.NS","327505007","2.62209","India"
"7963","National CineMedia","NCMI","327414272","3.51","United States"
"7964","Jain Irrigation Systems","JISLDVREQS.NS","327361932","0.253953","India"
"7965","Firm Capital Mortgage Investment Corporation","FC.TO","326936860","8.89904","Canada"
"7966","Nautilus Biotechnology","NAUT","326536320","2.58","United States"
"7967","GDEV Inc.","GDEV","326527264","17.99","Cyprus"
"7968","Abbott Laboratories (Pakistan)","ABOT.PK","326340201","3.33339","Pakistan"
"7969","Rocky Brands","RCKY","326292224","43.295","United States"
"7970","SmartCraft ASA","SMCRT.OL","325994968","1.98299","Norway"
"7971","Middle East Specialized Cables Company","2370.SR","325655083","8.14138","Saudi Arabia"
"7972","Relais Group Oyj","RELAIS.HE","325470591","17.5357","Finland"
"7973","Compagnie d'Entreprises CFE","CFEB.BR","325320617","13.2102","Belgium"
"7974","Hydratec Industries","HYDRA.AS","325189946","250.175","Netherlands"
"7975","Tamkeen Human Resources Company","1835.SR","324680808","12.2521","Saudi Arabia"
"7976","SIGA Technologies","SIGA","324549152","4.53","United States"
"7977","V-ZUG Holding","VZUG.SW","324175056","50.5609","Switzerland"
"7978","The Oncology Institute","TOI","323204000","3.27","United States"
"7979","3D Systems","DDD","322790336","2.21","United States"
"7980","Clinuvel Pharmaceuticals","CUV.AX","322220693","6.38973","Australia"
"7981","Village Farms International","VFF","322089376","2.81","Canada"
"7982","AerSale","ASLE","321715392","6.81","United States"
"7983","Winton Land","WIN.NZ","321650313","1.08441","New Zealand"
"7984","Ernst Russ","ERAG.DE","321375684","9.5394","Germany"
"7985","Byggmax Group","BMAX.ST","321260892","5.47993","Sweden"
"7986","Victorian Plumbing Group","VIC.L","321098772","0.977999","United Kingdom"
"7987","CMON","1792.HK","321019461","0.177752","Singapore"
"7988","Cross Country Healthcare","CCRN","320704128","9.96","United States"
"7989","Bonduelle","BON.PA","320646387","10.0187","France"
"7990","Weyco Group","WEYS","320630048","33.64","United States"
"7991","Ring Energy","REI","320374496","1.53","United States"
"7992","B.P. Marsh &amp; Partners","BPM.L","320152199","9.0795","United Kingdom"
"7993","NexPoint Real Estate Finance","NREF","319765824","13.98","United States"
"7994","Timberland Bancorp","TSBK","319630592","40.54","United States"
"7995","Alico","ALCO","319435296","41.72","United States"
"7996","Rimini Street","RMNI","319296960","3.48","United States"
"7997","Real Matters","REAL.TO","318881881","4.29257","Canada"
"7998","Tredegar","TG","318673632","9.2","United States"
"7999","Austriacard Holdings","ACAG.VI","318587150","8.87304","Austria"
"8000","Kendrion","KENDR.AS","318177255","20.1309","Netherlands"
"8001","The Hackett Group","HCKT","318027040","12.61","United States"
"8002","Gooch &amp; Housego","GHH.L","317830391","11.6121","United Kingdom"
"8003","Science Group","SAG.L","317573105","7.70545","United Kingdom"
"8004","The National Company for Glass Industries","2150.SR","317030557","9.63619","Saudi Arabia"
"8005","Coelacanth Energy","CEI.V","317010625","0.591323","Canada"
"8006","Transcontinental","TCL-A.TO","316519789","3.78155","Canada"
"8007","BayCom (United Business Bank)","BCML","316479296","29.01","United States"
"8008","Gran Tierra Energy","GTE","315924032","8.95","Canada"
"8009","Neowiz Games","095660.KQ","315703502","15.9816","South Korea"
"8010","James Fisher and Sons","FSJ.L","315559062","6.25057","United Kingdom"
"8011","Orient Cement","ORIENTCEM.NS","315352455","1.53486","India"
"8012","AB Dynamics","ABDP.L","315138269","13.7674","United Kingdom"
"8013","Abeona Therapeutics","ABEO","314910624","5.52","United States"
"8014","Essentra plc","ESNT.L","314592573","1.10732","United Kingdom"
"8015","Vertical Aerospace","EVTL","314500160","2.47","United Kingdom"
"8016","Editas Medicine","EDIT","314169120","3.21","United States"
"8017","Aurelia Metals","AMI.AX","313984285","0.185416","Australia"
"8018","Avex Inc.","7860.T","313961266","7.38585","Japan"
"8019","L.B. Foster","FSTR","313653152","29.99","United States"
"8020","Raymond","RAYMOND.NS","313440771","4.70975","India"
"8021","Aeris Resources","AIS.AX","313325686","0.261722","Australia"
"8022","Kewal Kiran Clothing","KKCL.NS","313292392","5.08384","India"
"8023","Vista Gold","VGZ","313086656","2.16","United States"
"8024","Arkan Al-Kuwait Real Estate Company","ARKAN.KW","312924880","1004.89","Kuwait"
"8025","Far East Consortium International","0035.HK","312410011","0.102127","Hong Kong"
"8026","Ladun Investment Company","9535.SR","312308563","0.624617","Saudi Arabia"
"8027","Shoper","SHO.WA","311664665","11.0776","Poland"
"8028","Rafhan Maize Products Company","RMPL.PK","311658466","33.7424","Pakistan"
"8029","Nayifat Finance Company","4081.SR","311240841","2.6693","Saudi Arabia"
"8030","Emirates Insurance Company","EIC.AE","310372984","2.07","United Arab Emirates"
"8031","Lalique Group","LLQ.SW","310240545","40.5543","Switzerland"
"8032","Coveo Solutions","CVO.TO","310087154","3.23403","Canada"
"8033","Oceania Healthcare","OCA.NZ","309899579","0.427902","New Zealand"
"8034","Ioneer","IONR","309563584","3.86","Australia"
"8035","Giordano","0709.HK","309498270","0.191488","Hong Kong"
"8036","Celon Pharma","CLN.WA","309432258","5.74549","Poland"
"8037","Animalcare Group","ANCR.L","309265641","4.47913","United Kingdom"
"8038","Sandhar","SANDHAR.NS","309264181","5.12576","India"
"8039","What's Cooking Group","WHATS.BR","309218658","166.589","Belgium"
"8040","Eisen- und Hüttenwerke","EIS.F","308627533","17.5357","Germany"
"8041","Transcontinental Realty Investors","TCI","308164416","35.67","United States"
"8042","kneat.com","FOBK.F","307782997","3.08628","Ireland"
"8043","OneConnect","OCFT","307704928","7.89","China"
"8044","Roche Bobois","RBO.PA","307198270","30.512","France"
"8045","Beetaloo Energy Australia","BTL.AX","307151495","0.20681","Australia"
"8046","MBIA","MBI","307129152","6.03","United States"
"8047","Nam Tai Property","NTPIF","306977152","5.07","China"
"8048","Anavex Life Sciences","AVXL","306743520","3.31","United States"
"8049","Lang &amp; Schwarz","LUS1.DE","306729474","32.4994","Germany"
"8050","Parag Milk Foods","PARAGMILK.NS","306624450","2.45283","India"
"8051","Genki Global Dining Concepts","9828.T","306622385","17.363","Japan"
"8052","Seanergy Maritime","SHIP","306604992","14.15","Greece"
"8053","Corby Spirit and Wine","CSW-A.TO","306342448","10.7606","Canada"
"8054","Bear Creek Mining","BCM.V","306315720","0.891161","Canada"
"8055","Amarin Corporation","AMRN","305995072","14.59","Ireland"
"8056","Helical","HLCL.L","305861557","2.50292","United Kingdom"
"8057","Maui Land &amp; Pineapple Company","MLP","305780416","15.39","United States"
"8058","CoastalSouth Bancshares","COSO","305747904","25.51","United States"
"8059","Gateway Distriparks","GATEWAY.NS","305735570","0.611907","India"
"8060","Bank Mayapada Internasional","MAYA.JK","305490797","0.0116743","Indonesia"
"8061","Quess","QUESS.NS","305366417","2.04489","India"
"8062","Palladyne AI","PDYN","304725248","6.45","United States"
"8063","Foghorn Therapeutics","FHTX","304654304","5.19","United States"
"8064","Intracom Holdings","INTRK.AT","304610662","3.6708","Greece"
"8065","CAB Payments","CABP.L","304362735","1.19892","United Kingdom"
"8066","Ecoener","ENER.MC","302767800","5.31915","Spain"
"8067","Diana Shipping","DSX","302677088","2.45","Greece"
"8068","Hexagon Composites","HEX.OL","302516022","1.20266","Norway"
"8069","AC Immune","ACIU","302267520","2.97","Switzerland"
"8070","Argo Global Listed Infrastructure","ALI.AX","302245483","1.69727","Australia"
"8071","Xperi","XPER","302015808","6.43","United States"
"8072","Prince Pipes And Fittings","PRINCEPIPE.NS","301985859","2.73087","India"
"8073","Agora, Inc.","API","301842720","3.57","China"
"8074","centrotherm international","CTNK.F","301824896","14.2623","Germany"
"8075","Bliss GVS Pharma","BLISSGVS.NS","301761846","2.85249","India"
"8076","Qatar Industrial Manufacturing Company","QIMD.QA","301569222","0.634615","Qatar"
"8077","Westwing Group","WEW.DE","301238485","16.3666","Germany"
"8078","Zhihu","ZH","301142272","3.46","China"
"8079","Pihlajalinna Oyj","PIHLIS.HE","300645266","13.3739","Finland"
"8080","Eshraq Investments","ESHRAQ.AE","300558976","0.11","United Arab Emirates"
"8081","John Marshall Bancorp","JMSB","300332416","21.13","United States"
"8082","Santhera Pharmaceuticals","SANN.SW","300255507","21.1148","Switzerland"
"8083","TWFG, Inc.","TWFG","300122752","19.97","United States"
"8084","Acco Brands","ACCO","299837824","3.25","United States"
"8085","Organogenesis","ORGO","299732768","2.33","United States"
"8086","YouGov plc","YOU.L","299480046","2.54603","United Kingdom"
"8087","Minerva Neurosciences","NERV","299440864","6.83","United States"
"8088","Vitruvio Real Estate","YVIT.MC","299382923","20.1076","Spain"
"8089","Card Factory plc","CARD.L","299129885","0.864842","United Kingdom"
"8090","Materialise NV","MTLS","298887008","5.11","Belgium"
"8091","Archer Limited","ARCH.OL","298610963","3.00128","Norway"
"8092","MPS Limited","MPSLTD.NS","298436427","17.5804","India"
"8093","Infinity Natural Resources","INR","298336768","15.91","United States"
"8094","EaseMyTrip","EASEMYTRIP.NS","297957191","0.0819272","India"
"8095","NervGen Pharma","NGEN.V","297810976","3.75965","Canada"
"8096","PennantPark Investment","PNNT","297750208","4.56","United States"
"8097","Alfen","ALFEN.AS","297650569","13.6895","Netherlands"
"8098","Rezolute","RZLT","297619808","3.11","United States"
"8099","VIB Vermögen","VIH1.F","297545373","9.00164","Germany"
"8100","Bell Financial Group","BFG.AX","297355742","0.927081","Australia"
"8101","DeFi Technologies","DEFI.NE","297242745","0.76653","Canada"
"8102","Infotel SA","INF.PA","297238485","43.1377","France"
"8103","Appen","APX.AX","297215852","1.10893","Australia"
"8104","RxSight","RXST","297117600","7.2","United States"
"8105","Chinese Estates Holdings","0127.HK","297098999","0.155743","Hong Kong"
"8106","Bourse Direct","BSD.PA","296839028","5.75169","France"
"8107","Knowit","KNOW.ST","296655623","10.895","Sweden"
"8108","Halwani Bros","6001.SR","295783684","8.3656","Saudi Arabia"
"8109","Wilmington plc","WIL.L","295570205","3.30041","United Kingdom"
"8110","Red Sea International Company","4230.SR","295430840","6.12071","Saudi Arabia"
"8111","Icelandair","ICEAIR.IC","295297999","0.00718133","Iceland"
"8112","Prenetics","PRE","295296544","17.5","Hong Kong"
"8113","Café de Coral","0341.HK","294842340","0.514464","Hong Kong"
"8114","Ready Capital","RC","294810592","1.81","United States"
"8115","Burgenland Holding","BHD.VI","294599009","98.1997","Austria"
"8116","Everspin Technologies","MRAM","293976320","12.62","United States"
"8117","Brødrene A &amp; O Johansen","AOJ-B.CO","293830641","13.608","Denmark"
"8118","Metro Mining","MMI.AX","293529726","0.0477681","Australia"
"8119","Los Andes Copper","LA.V","293524507","9.92838","Canada"
"8120","Al Hassan Ghazi Ibrahim Shaker","1214.SR","293157943","4.32961","Saudi Arabia"
"8121","Millennium &amp; Copthorne Hotels New Zealand","MCK.NZ","293065534","1.85229","New Zealand"
"8122","Sinad Holding Company","4080.SR","292837490","2.31696","Saudi Arabia"
"8123","IVE Group","IGL.AX","292766089","1.90408","Australia"
"8124","Alamar Foods Company","6014.SR","292689179","11.478","Saudi Arabia"
"8125","Naseej International Trading Company","1213.SR","292667269","6.86545","Saudi Arabia"
"8126","Funkwerk AG","FEW.F","292632373","36.3083","Germany"
"8127","Senseonics Holdings","SENS","292620736","7","United States"
"8128","Boyaa Interactive","0434.HK","292229790","0.400848","China"
"8129","Aviat Networks","AVNW","291979264","22.63","United States"
"8130","Fossil Group","FOSL","291777312","5","United States"
"8131","Sidus Space","SIDU","291721152","3.71","United States"
"8132","Taiga Building Products","TBL.TO","291569456","2.7011","Canada"
"8133","Automotive Axles","AUTOAXLES.NS","291285923","19.2752","India"
"8134","CompX International","CIX","290824160","23.6","United States"
"8135","Jeju Air","089590.KS","290742687","3.60852","South Korea"
"8136","Concurrent Technologies","CNC.L","290638137","3.19938","United Kingdom"
"8137","C4 Therapeutics","CCCC","289807200","2.97","United States"
"8138","Simulations Plus","SLP","288534272","14.28","United States"
"8139","Imagicaaworld Entertainment","IMAGICAA.NS","288185191","0.509286","India"
"8140","EVI Industries","EVI","288115776","19.99","United States"
"8141","Prosperity Real Estate Investment Trust","0808.HK","287984256","0.181275","Hong Kong"
"8142","Ares Commercial Real Estate","ACRE","287911872","5.2","United States"
"8143","Polyplex","POLYPLEX.NS","287855833","9.16958","India"
"8144","James River Group","JRVR","287763360","6.26","Bermuda"
"8145","Salalah Port Services Company","SPSI.OM","287739847","1.6","Oman"
"8146","Andrews Sykes Group","ASY.L","287579667","6.87024","United Kingdom"
"8147","CapsoVision","CV","287570272","5.77","United States"
"8148","Strike Energy","STX.AX","287489724","0.0798716","Australia"
"8149","Emperor Watch &amp; Jewellery","0887.HK","287177929","0.0395741","Hong Kong"
"8150","National Industries Company","NICBM.KW","286935581","805.873","Kuwait"
"8151","Ayyan Investment Company","2140.SR","286895730","2.85082","Saudi Arabia"
"8152","LENZ Therapeutics","LENZ","286892704","9.15","United States"
"8153","Helus Pharma","HELP","286891264","5.75","Canada"
"8154","BAUER AG","B5A0.HM","286782353","6.66355","Germany"
"8155","ClearView Wealth Limited","CVW.AX","286656777","0.456409","Australia"
"8156","Azkoyen S.A.","AZK.MC","286522040","11.7489","Spain"
"8157","World Holdings","2429.T","286352819","15.9985","Japan"
"8158","Global Atomic","GLO.TO","286335889","0.584023","Canada"
"8159","Wheels Up","UP","286302496","0.3949","United States"
"8160","Eledon Pharmaceuticals","ELDN","285872768","3.59","United States"
"8161","Wawel","WWL.WA","285500259","221.002","Poland"
"8162","SITE Centers","SITC","285463296","5.44","United States"
"8163","The RMR Group","RMR","285383296","16.73","United States"
"8164","Secuoya, Grupo de Comunicación, S.A.","SEC.MC","285039692","35.5389","Spain"
"8165","Brooge Energy","BROG","284928800","2.6","United Arab Emirates"
"8166","Capricorn Energy","CNE.L","284900477","4.14909","United Kingdom"
"8167","NL Industries","NL","284869760","5.83","United States"
"8168","Protara Therapeutics","TARA","284483840","5.26","United States"
"8169","TriSalus Life Sciences","TLSI","284348480","4.63","United States"
"8170","Marine Products Corporation","MPX","284341600","8.07","United States"
"8171","Silvaco Group","SVCO","284225792","9.04","United States"
"8172","Siyaram Silk Mills","SIYSIL.NS","283400526","6.24642","India"
"8173","Neon Equity AG","D77.DE","283262933","6.42974","Germany"
"8174","Repco Home Finance","REPCOHOME.NS","282365963","4.51342","India"
"8175","Al-Arabiya Real Estate Company","ARABREC.KW","282107548","730.832","Kuwait"
"8176","ANGI Homeservices","ANGI","281936384","7.03","United States"
"8177","Oman Education and Training Investments (OETI)","OETI.OM","281818189","4.02597","Oman"
"8178","High Liner Foods","HLF.TO","281781704","9.95759","Canada"
"8179","Hamilton Beach Brands","HBB","281592608","20.74","United States"
"8180","Gabler Group AG","XK4.F","281494029","46.5279","Germany"
"8181","Naqi Water Company","2282.SR","281344637","14.0672","Saudi Arabia"
"8182","Anora Group","ANORA.HE","281144364","4.1618","Finland"
"8183","Powersoft","PWS.MI","280855788","21.8611","Italy"
"8184","29Metals","29M.AX","280810972","0.160456","Australia"
"8185","TT Electronics","TTG.L","280715633","1.57611","United Kingdom"
"8186","Econocom Group","ECONB.BR","280653328","1.72434","Belgium"
"8187","Yatsen Holding","YSG","280646784","2.99","China"
"8188","Citizens Inc","CIA","280169568","5.57","United States"
"8189","Amlak International Finance Company","1182.SR","279958803","2.74671","Saudi Arabia"
"8190","Coop Pank AS","CPA1T.TL","279824467","2.70049","Estonia"
"8191","Caltagirone Editore","CED.MI","279647165","2.61866","Italy"
"8192","City of London Investment Group Plc","CLIG.L","279343266","5.65785","United Kingdom"
"8193","Artiva Biotherapeutics","ARTV","279298400","11.3","United States"
"8194","Al Khaleej Training and Education Company","4290.SR","278995650","4.29224","Saudi Arabia"
"8195","Martifer SGPS","MAR.LS","278925855","2.85247","Portugal"
"8196","Ainsworth Game Technology","AGI.AX","278610098","0.827242","Australia"
"8197","Western New England Bancorp","WNEB","278380640","13.74","United States"
"8198","Aspen Aerogels","ASPN","278294016","3.36","United States"
"8199","Healius Limited","HLS.AX","278085706","0.382956","Australia"
"8200","Methode Electronics","MEI","277774496","7.84","United States"
"8201","Ontex Group","ONTEX.BR","277771645","3.48375","Belgium"
"8202","Stellus Capital Investment Corporation","SCM","277314720","9.58","United States"
"8203","Enter Air","ENT.WA","277011903","15.7898","Poland"
"8204","Prelude Therapeutics","PRLD","276607200","4.4","United States"
"8205","Groupe Pizzorno Environnement","GPE.PA","276490055","71.5455","France"
"8206","Sidetrade","ALBFR.PA","276256358","195.698","France"
"8207","T’way Air","091810.KS","276137441","0.668996","South Korea"
"8208","Compugen","CGEN","276098048","2.92","Israel"
"8209","Zentalis Pharmaceuticals","ZNTL","275921664","3.89","United States"
"8210","Hexaom","ALHEX.PA","275601825","40.2151","France"
"8211","Koskisen Oyj","KOSKI.HE","275477775","11.4332","Finland"
"8212","Arnarlax (Icelandic Salmon)","ISLAX.OL","275457322","8.89666","Iceland"
"8213","Wheels India","WHEELS.NS","275198724","11.2634","India"
"8214","Text (LiveChat)","TXT.WA","274889581","10.6753","Poland"
"8215","Horizon Technology Finance","HRZN","274746912","4.03","United States"
"8216","Forafric Global PLC","AFRI","274665248","10.21","Gibraltar"
"8217","GE Power India","GEPIL.NS","274557971","4.07664","India"
"8218","James Latham plc","LTHM.L","274292393","13.6058","United Kingdom"
"8219","John Wood Group","WG.L","273757991","0.396049","United Kingdom"
"8220","Middlefield Banc","MBCN","273627936","33.67","United States"
"8221","Avingtrans","AVG.L","273385608","8.21735","United Kingdom"
"8222","Jindal Worldwide","JINDWORLD.NS","273340180","0.272631","India"
"8223","Runway Growth Finance","RWAY","272623232","6.42","United States"
"8224","Reach plc","RCH.L","272026626","0.862148","United Kingdom"
"8225","Adgar Investments and Development","ADGR.TA","272001697","1.4397","Israel"
"8226","Orrön Energy","ORRON.ST","271938956","0.951151","Sweden"
"8227","The Pearl REIF","PRFD.OM","271907352","0.45974","Oman"
"8228","AS Tallinna Vesi","TVE1T.TL","271218135","13.5609","Estonia"
"8229","Keiyo Gas","9539.T","271096516","8.43113","Japan"
"8230","Greenpanel Industries","GREENPANEL.NS","271021743","2.21012","India"
"8231","B. Riley Financial","RILY","270662176","7.7","United States"
"8232","So-Young International","SY","270584096","2.7","China"
"8233","Victory Supermarket Chain","VCTR.TA","270482706","19.0673","Israel"
"8234","Squirrel Media","SQRL.MC","270274539","2.8174","Spain"
"8235","Parken Sport (F.C. Copenhagen)","PARKEN.CO","270250156","27.6852","Denmark"
"8236","Pure Cycle (water)","PCYO","270204800","11.21","United States"
"8237","U.S. Gold Corp","USAU","270124064","16.37","United States"
"8238","Shoulder Innovations","SI","269863168","13.07","United States"
"8239","BRT Apartments","BRT","269748640","14.21","United States"
"8240","Green Landscaping Group","GREEN.ST","269725479","4.77737","Sweden"
"8241","Hudson Technologies","HDSN","269677024","6.35","United States"
"8242","Bapcor Limited","BAP.AX","269628966","0.400784","Australia"
"8243","Mangalam Cement","MANGLMCEM.NS","269370194","9.79624","India"
"8244","STINAG Stuttgart Invest","STG.F","269290915","17.1849","Germany"
"8245","Stillfront Group","SF.ST","268997098","0.562044","Sweden"
"8246","Saudi Cable Company","2110.SR","268961424","40.3065","Saudi Arabia"
"8247","Eurobio Scientific","ALERS.PA","268361872","26.6542","France"
"8248","Beacon Lighting Group","BLX.AX","268226854","1.16955","Australia"
"8249","Ag Growth International","AFN.TO","268209906","14.221","Canada"
"8250","Alector","ALEC","268181088","2.43","United States"
"8251","NI Holdings","NODK","267793472","13.05","United States"
"8252","Compagnie Du Mont-Blanc","MLCMB.PA","267400170","296.937","France"
"8253","SThree","STEM.L","266826494","2.13382","United Kingdom"
"8254","Prakash Industries","PRAKASH.NS","266788797","1.48976","India"
"8255","Netcall","NET.L","266581579","1.56264","United Kingdom"
"8256","Qoria Limited","QOR.AX","266564725","0.193974","Australia"
"8257","SKY Network Television Limited","SKT.NZ","266311564","1.93435","New Zealand"
"8258","Palms Sports","PALMS.AE","265931378","1.77","United Arab Emirates"
"8259","Prim, S.A.","PRM.MC","265528259","15.6067","Spain"
"8260","SmartRent","SMRT","265315968","1.38","United States"
"8261","Bakkt Holdings","BKKT","265279008","8.68","United States"
"8262","ZE PAK SA","ZEP.WA","265256699","5.21917","Poland"
"8263","Digital Domain","0547.HK","264840887","0.0331912","Hong Kong"
"8264","Oman Flour Mills","OFMI.OM","264750347","1.52468","Oman"
"8265","Accent Group","AX1.AX","264525968","0.440007","Australia"
"8266","IFL (Ibrahim Fibres)","IBFL.PK","264508852","0.851861","Pakistan"
"8267","Com2uS","078340.KQ","264113015","23.077","South Korea"
"8268","Silver Mines Limited","SVL.AX","264061526","0.12266","Australia"
"8269","Vertu Motors","VTU.L","264014512","0.855412","United Kingdom"
"8270","Sino AG","XTP.DE","263972982","112.93","Germany"
"8271","Coherus BioSciences","CHRS","263806224","1.76","United States"
"8272","RideNow Group","RDNW","262736064","6.84","United States"
"8273","Smart Parking Limited","SPZ.AX","262473016","0.623997","Australia"
"8274","Fintel Plc","FNTL.L","262472129","2.51909","United Kingdom"
"8275","Kogan.com Ltd","KGN.AX","262006817","2.73489","Australia"
"8276","Zotefoams","ZTF.L","261975662","5.35475","United Kingdom"
"8277","Australian Clinical Labs","ACL.AX","261974526","1.39419","Australia"
"8278","8x8","EGHT","261918496","1.88","United States"
"8279","United Carton Industries Company","1323.SR","261912104","6.5478","Saudi Arabia"
"8280","Twin Disc","TWIN","261897312","18.16","United States"
"8281","Slam Corp","SLMWF","261266432","11.14","United States"
"8282","Najran Cement Company","3002.SR","261237953","1.58557","Saudi Arabia"
"8283","Bank Ochrony Srodowiska","BOS.WA","261146088","2.81075","Poland"
"8284","GoldMining Inc.","GLDG","261079904","1.22","Canada"
"8285","Huuuge","HUG.WA","260802132","6.36551","United States"
"8286","Oryzon Genomics","ORY.MC","260692795","3.30606","Spain"
"8287","STRATEC","SBS.F","260626581","21.4403","Germany"
"8288","Conduent","CNDT","260562640","1.68","United States"
"8289","en Japan","4849.T","259019258","6.86008","Japan"
"8290","Vista Group International","VGL.NZ","258993918","1.08441","New Zealand"
"8291","Asure Software","ASUR","258867408","9.04","United States"
"8292","Jakks Pacific","JAKK","258643696","22.6","United States"
"8293","Flexsteel Industries","FLXS","258565024","48.28","United States"
"8294","Federal-Mogul Goetze","FMGOETZE.NS","258294129","4.64289","India"
"8295","LGI Limited","LGI.AX","258185735","2.49599","Australia"
"8296","Saudi Advanced Industries Company","2120.SR","258124358","4.37499","Saudi Arabia"
"8297","Vp plc","VP.L","258106191","6.53346","United Kingdom"
"8298","Solar A/S","SOLAR-B.CO","257997629","32.4559","Denmark"
"8299","Laboratorio Reig Jofre","RJF.MC","257923434","3.16811","Spain"
"8300","RADCOM","RDCM","257436240","15.38","Israel"
"8301","Iberpapel Gestión","IBG.MC","257434886","23.6147","Spain"
"8302","BrainChip","BRN.AX","257166710","0.108397","Australia"
"8303","Immobel","IMMO.BR","257066347","25.1344","Belgium"
"8304","National General Insurance Company","NGI.AE","256947508","1.55773","United Arab Emirates"
"8305","Accendra Health","ACH","256831408","3.36","United States"
"8306","Resimac Group Limited","RMC.AX","256681341","0.648957","Australia"
"8307","Atrys Health","ATRY.MC","256482050","3.37854","Spain"
"8308","CLS Holdings plc","CLI.L","256350189","0.643917","United Kingdom"
"8309","Linedata Services","LIN.PA","256316064","52.3732","France"
"8310","Virgin Galactic","SPCE","255867904","2.71","United States"
"8311","TPG Mortgage Investment Trust","MITT","255787808","8.06","United States"
"8312","Oportun Financial","OPRT","255431536","5.74","United States"
"8313","Al Jazeera Steel Products","ATMI.OM","255310901","2.04416","Oman"
"8314","BTB Real Estate Investment Trust","BTB-UN.TO","255176975","2.89091","Canada"
"8315","MM Forgings","MMFL.NS","254986076","5.28123","India"
"8316","Teract S.A.","TRACT.PA","254715877","3.64742","France"
"8317","Alembic Limited","ALEMBICLTD.NS","254601774","0.99151","India"
"8318","AB Amber Grid","AMG1L.VS","254415087","1.42623","Lithuania"
"8319","Lantronix","LTRX","254028960","6.4","United States"
"8320","BTG Consulting plc","BTG.L","253835282","1.57611","United Kingdom"
"8321","Perma-Pipe International","PPIH","253811664","31.245","United States"
"8322","Neobo Fastigheter","NEOBO.ST","253609484","1.80827","Sweden"
"8323","First Western Financial","MYFW","253501776","26.04","United States"
"8324","908 Devices","MASS","252688480","6.76","United States"
"8325","NexPoint Diversified Real Estate Trust","NXDT","252604560","5.03","United States"
"8326","Herfy Food Services Company","6002.SR","252587803","3.90519","Saudi Arabia"
"8327","A'Saffa Foods","SPFI.OM","252467539","2.1039","Oman"
"8328","Chicago Atlantic Real Estate Finance","REFI","252366000","11.9","United States"
"8329","Future Care Trading Company","9544.SR","252249224","0.504498","Saudi Arabia"
"8330","LanzaTech Global","LNZA","252229072","25","United States"
"8331","Kingstone Companies","KINS","252186288","17.42","United States"
"8332","Polaryx Therapeutics","PLYX","251866336","5.32","United States"
"8333","Xponential Fitness","XPOF","251856000","6.75","United States"
"8334","Akatsuki Inc","3932.T","251316604","17.4256","Japan"
"8335","OpGen","OPGN","251197920","24.75","United States"
"8336","Core Molding Technologies","CMT","251151104","27.29","United States"
"8337","China Yongda Automobiles Services","3669.HK","250766785","0.136595","China"
"8338","Skel fjárfestingafélag","SKEL.IC","250637594","0.133426","Iceland"
"8339","Dustin Group","DUST.ST","250604761","0.18461","Sweden"
"8340","Supermax Corporation Berhad","7106.KL","250342016","0.0818846","Malaysia"
"8341","Síminn hf.","SIMINN.IC","250247682","0.10568","Iceland"
"8342","Smartbroker Holding","SB1.DE","250129710","14.9053","Germany"
"8343","Jassim Transport &amp; Stevedoring Company","JTC.KW","250081576","1667.21","Kuwait"
"8344","Tidewater Renewables","LCFS.TO","249760679","6.85497","Canada"
"8345","Escalade Sports","ESCA","249709760","18.09","United States"
"8346","Scientific and Medical Equipment House Company","4014.SR","249686692","8.32289","Saudi Arabia"
"8347","Duos Technologies Group","DUOT","249598592","8.52","United States"
"8348","Prodware","ALPRO.PA","249520944","32.0917","France"
"8349","CS Disco","LAW","249516304","3.94","United States"
"8350","Ames National Corp.","ATLO","249507888","28.17","United States"
"8351","Streamwide","ALSTW.PA","248791931","93.7573","France"
"8352","Amtech Systems","ASYS","248367792","17.24","United States"
"8353","technotrans","TTR1.DE","248317393","35.9481","Germany"
"8354","Absa Bank","ABSP.JO","247926000","55.3035","South Africa"
"8355","GrafTech","EAF","247668944","9.53","United States"
"8356","LoveSac","LOVE","247563328","16.75","United States"
"8357","Adagene","ADAG","247111488","3.74","China"
"8358","Franklin Covey","FC","246415632","21.86","United States"
"8359","APB Apranga","APG1L.VS","246273511","4.45406","Lithuania"
"8360","Gofore Oyj","GOFORE.HE","245624720","15.1274","Finland"
"8361","Tristel","TSTL.L","245361726","5.119","United Kingdom"
"8362","Transgene SA","TNG.PA","245337435","0.884966","France"
"8363","Profound Medical","PROF","244982064","6.75","Canada"
"8364","Hikal","HIKAL.NS","244861179","1.98589","India"
"8365","Honda Siel Power Products","HONDAPOWER.NS","244830882","24.1377","India"
"8366","Genfit","GNFT","244433360","4.85","France"
"8367","Velan","VLN.TO","244250916","11.3154","Canada"
"8368","Hindustan Sanitaryware &amp; Industries","HSIL.NS","244173718","3.77","India"
"8369","Funko","FNKO","244000976","4.37","United States"
"8370","The Tourism Enterprise company (SHAMS)","4170.SR","243716796","4.21483","Saudi Arabia"
"8371","KCP Limited","KCP.NS","243394587","1.88793","India"
"8372","Stratus Properties","STRS","243387184","30.49","United States"
"8373","Praemium Limited","PPS.AX","243345129","0.499198","Australia"
"8374","Integrated Wind Solutions","IWS.OL","243259134","6.08832","Norway"
"8375","Amplify Energy","AMPY","243051168","5.89","United States"
"8376","SpiceJet","SPICEJET.BO","242932087","0.159185","India"
"8377","Orchestra BioMed","OBIO","242861744","4.15","United States"
"8378","C&amp;F Financial Corporation","CFFI","242850192","74.59","United States"
"8379","Jack in the Box","JACK","242801120","12.71","United States"
"8380","Third Harmonic Bio","THRD","242787568","5.38","United States"
"8381","Venu Holding Corporation","VENU","242596224","4.02","United States"
"8382","NIU","NIU","242367504","3.09","China"
"8383","One Stop Systems","OSS","242240976","9.78","United States"
"8384","1-800-Flowers.com, Inc.","FLWS","242168736","3.78","United States"
"8385","Ascom Holding","ASCN.SW","242028822","7.08489","Switzerland"
"8386","Commerce.com","CMRC","242009728","2.94","United States"
"8387","Backblaze","BLZE","241859376","4.03","United States"
"8388","Delegat","DGL.NZ","241858837","2.39156","New Zealand"
"8389","Zepp Health","ZEPP","241605008","16.52","China"
"8390","Webzen","069080.KQ","241596576","8.31177","South Korea"
"8391","Comstock Inc.","LODE","241563184","3.26","United States"
"8392","ZipRecruiter","ZIP","241422240","2.86","United States"
"8393","Al Ramz Corporation Investment and Development","ALRAMZ.AE","241112336","0.438453","United Arab Emirates"
"8394","Voyager Therapeutics","VYGR","240781472","4.04","United States"
"8395","Arcturus Therapeutics","ARCT","240743392","8.47","United States"
"8396","Inseego","INSG","240685872","14.82","United States"
"8397","TerrAscend","TSND.TO","240193529","0.643858","Canada"
"8398","Celtic","CCP.L","240180410","2.52582","United Kingdom"
"8399","United Bankers Oyj","UNITED.HE","240146862","22.0365","Finland"
"8400","Hawthorn Bancshares","HWBK","240109872","34.85","United States"
"8401","Qingci Games","6633.HK","240051446","0.347231","China"
"8402","Asian Granito India","ASIANTILES.NS","239999293","0.809509","India"
"8403","Americanas","AMER3.SA","239919338","1.19813","Brazil"
"8404","Arabian Shield Cooperative Insurance Company","8070.SR","239895754","3.00564","Saudi Arabia"
"8405","Atomera","ATOM","239695168","6.19","United States"
"8406","Damaan Islamic Insurance Company (Beema)","BEMA.QA","239560433","1.1978","Qatar"
"8407","Eleving Group","OT8.F","239542644","1.98737","Luxembourg"
"8408","Raoom trading Company","4144.SR","239236363","19.1389","Saudi Arabia"
"8409","Princeton Bancorp","BPRN","239160656","35.23","United States"
"8410","Chargeurs","CRI.PA","238879544","9.9018","France"
"8411","KlaraBo Sverige","KLARA-B.ST","238143648","1.58453","Sweden"
"8412","Abdullah Saad Mohammed Abo Moati for Bookstores Company","4191.SR","238101913","11.9051","Saudi Arabia"
"8413","Amaero International Ltd","3DA.AX","237763426","0.249599","Australia"
"8414","La Française de l'Energie","FDE.PA","237643650","45.0082","France"
"8415","Vecima Networks","VCM.TO","237410820","9.76413","Canada"
"8416","029 Group","Z29.DE","237315868","47.4632","Germany"
"8417","Latécoère S.A.","LAT.PA","236478197","0.0185878","France"
"8418","Electreon Wireless","ELWS.TA","236434456","15.7984","Israel"
"8419","GPA","PCAR3.SA","236310525","0.48164","Brazil"
"8420","Vátryggingafélag Íslands","SKAGI.IC","236255413","0.120289","Iceland"
"8421","Salam International Investment","SIIS.QA","236166376","0.206593","Qatar"
"8422","Perma-Fix Environmental Services","PESI","235924720","12.72","United States"
"8423","RGC Resources","RGCO","235746976","22.68","United States"
"8424","Spok Holdings","SPOK","235704096","11.37","United States"
"8425","Replimune","REPL","235331952","2.85","United States"
"8426","Sight Sciences","SGHT","235023312","4.32","United States"
"8427","StarragTornos Group","STGN.SW","234874308","42.9927","Switzerland"
"8428","AudioCodes","AUDC","234796032","9.07","Israel"
"8429","Chain Bridge Bancorp","CBNA","234781808","35.78","United States"
"8430","American Resources Corp","AREC","234702160","2.195","United States"
"8431","Sol-Gel Technologies","SLGL","234633104","72.3","Israel"
"8432","Afentra","AET.L","234585221","1.03727","United Kingdom"
"8433","American Realty Investors","ARL","234204624","14.5","United States"
"8434","Nova Minerals","NVA","234138688","6.16","Australia"
"8435","Warpaint London PLC","W7L.L","233982558","2.89628","United Kingdom"
"8436","Kaldalón","KALD.IC","233928545","0.21544","Iceland"
"8437","Steyr Motors AG","4X0.DE","233920966","44.9848","Germany"
"8438","Alta Equipment Group","ALTG","233906304","7.19","United States"
"8439","Lubelski Wegiel Bogdanka","LWB.WA","233853821","6.8753","Poland"
"8440","CM.com","CMCOM.AS","233832829","7.04933","Netherlands"
"8441","Clearwater Paper","CLW","233359952","14.55","United States"
"8442","7Road","0797.HK","233184996","0.0906375","China"
"8443","National Bankshares","NKSH","233147488","36.61","United States"
"8444","Nuvectis Pharma","NVCT","232862080","8.79","United States"
"8445","Dadelo","DAD.WA","232574308","19.9232","Poland"
"8446","Hong Kong Ferry","0050.HK","231955063","0.651058","Hong Kong"
"8447","Delta Corp","DELTACORP.NS","231880733","0.865966","India"
"8448","Tullow Oil","TLW.L","231685688","0.157073","United Kingdom"
"8449","Limoneira","LMNR","231586944","12.79","United States"
"8450","BEST S.A.","BST.WA","231520395","8.12912","Poland"
"8451","Outdoor Holding Company","POWW","231058784","1.97","United States"
"8452","Khaleeji Bank","KHALEEJI.BH","230885767","0.835544","Bahrain"
"8453","Aspo Oyj","ASPO.HE","230808915","7.36497","Finland"
"8454","Sensorion","ALSEN.PA","230724482","0.448328","France"
"8455","eVISO S.p.A.","EVISO.MI","230698932","9.9018","Italy"
"8456","CAMP4 Therapeutics","CAMP","230550560","4.44","United States"
"8457","Al Safat Investment Company","ALSAFAT.KW","230453986","805.873","Kuwait"
"8458","Sudatel Telecommunications Group","SUDATEL.AE","230320232","0.17","Sudan"
"8459","Renaissance Services","RNSS.OM","230269486","0.974026","Oman"
"8460","Sporting Clube de Portugal","SCP.LS","230232249","1.13982","Portugal"
"8461","Ceragon Networks","CRNT","229918688","2.53","Israel"
"8462","Josef Manner &amp; Comp","MAN.VI","229787227","121.581","Austria"
"8463","Acadian Timber","ADN.TO","229719593","12.447","Canada"
"8464","RCM Technologies","RCMT","229132976","30.92","United States"
"8465","GDI Property Group","GDI.AX","229056414","0.424318","Australia"
"8466","Emilia Development","EMDV.TA","229037930","8.17216","Israel"
"8467","Codexis","CDXS","228990768","2.52","United States"
"8468","KAMCO Investment Company","KAMCO.KW","228966378","668.842","Kuwait"
"8469","HMS Bergbau","HMU.DE","228896509","50.3858","Germany"
"8470","LCNB Corp.","LCNB","228788320","16.06","United States"
"8471","Keros Therapeutics","KROS","228747392","11.56","United States"
"8472","Allgeier","AEIN.DE","228231613","19.8737","Germany"
"8473","EuroGroup Laminations","EGLA.MI","228191548","1.40285","Italy"
"8474","A'ayan Real Estate Company K.S.C.P.","AAYANRE.KW","227823513","548.124","Kuwait"
"8475","Capacit'e Infraprojects","CAPACITE.NS","227612947","2.69033","India"
"8476","Olimpo Real Estate","YORE.MC","227521302","1.15735","Spain"
"8477","Eurocash","EUR.WA","227021914","1.63133","Poland"
"8478","Smart Sand","SND","226964400","5.28","United States"
"8479","Humm Group","HUM.AX","226846913","0.449278","Australia"
"8480","Kore Potash plc","KP2.L","226607507","0.043781","United Kingdom"
"8481","OppFi","OPFI","226561744","8.57","United States"
"8482","Akwel SA","AKW.PA","226528681","8.53402","France"
"8483","Eagle Nice","2368.HK","226493747","0.394465","Hong Kong"
"8484","Computer Modelling Group","CMG.TO","226326071","2.83981","Canada"
"8485","Arqit Quantum","ARQQ","226169360","14.45","United Kingdom"
"8486","Endava","DAVA","226166832","4.28","United Kingdom"
"8487","flyExclusive","FLYX","226011792","2.15","United States"
"8488","OmniAb","OABI","225860912","1.56","United States"
"8489","Platinum Group Metals","PLG","225750064","1.78","Canada"
"8490","M-tron Industries","MPTI","225277904","61.27","United States"
"8491","Similarweb","SMWB","225243088","2.59","Israel"
"8492","Rane (Madras) Limited","RML.NS","225132809","8.14603","India"
"8493","APM Terminals Bahrain","APMTB.BH","224880634","0.204244","Bahrain"
"8494","Draganfly","DPRO","224814992","6.16","Canada"
"8495","Virginia National Bankshares","VABK","224636864","41.43","United States"
"8496","WildBrain","WILD.TO","224601569","1.05124","Canada"
"8497","Etteplan","ETTE.HE","224338343","8.88473","Finland"
"8498","RCI Hospitality Holdings","RICK","224115888","25.7","United States"
"8499","Turtle Beach Corp","TBCH","224072320","11.29","United States"
"8500","Kuwait Financial Centre "Markaz”","MARKAZ.KW","223991787","460.033","Kuwait"
"8501","Jin Air","272450.KS","223918467","4.34509","South Korea"
"8502","Stelrad Group","SRAD.L","223882430","1.75797","United Kingdom"
"8503","Nerdy, Inc,","NRDY","223536400","0.9065","United States"
"8504","Züblin Immobilien","ZUBN.SW","223522974","67.4146","Switzerland"
"8505","Stille AB","STIL.ST","223374828","24.8596","Sweden"
"8506","Cy4gate","CY4.MI","223267480","9.6563","Italy"
"8507","Bergbahnen Engelberg-Trübsee-Titlis","TIBN.SW","223093942","66.397","Switzerland"
"8508","Bonei Hatichon Civil Engineering &amp; Infrastructures","BOTI.TA","222568308","13.628","Israel"
"8509","Accsys Technologies","AXS.L","222554054","0.916032","United Kingdom"
"8510","Angel Oak Mortgage REIT","AOMR","222487808","8.93","United States"
"8511","Anika Therapeutics","ANIK","222375216","15.42","United States"
"8512","Gamania Digital","6180.TWO","222101527","1.26558","Taiwan"
"8513","HKR International","0480.HK","221845311","0.14936","Hong Kong"
"8514","Burning Rock Biotech","BNR","221684208","20.59","China"
"8515","FinWise Bancorp","FINW","221291584","16.18","United States"
"8516","Nucleus Software Exports","NUCLEUS.NS","221095687","8.3986","India"
"8517","Brockhaus Technologies","BKHT.DE","221069378","21.1597","Germany"
"8518","Smiths News","SNWS.L","221059478","0.913338","United Kingdom"
"8519","Achieve Life Sciences","ACHV","220945952","4.15","Canada"
"8520","Median Technologies SA","ALMDT.PA","220505114","5.78677","France"
"8521","Frauenthal Holding","FKA.VI","220484557","25.4852","Austria"
"8522","Texwinca Holdings","0321.HK","220481551","0.159573","Hong Kong"
"8523","Motorcar Parts of America","MPAA","220349648","11.47","United States"
"8524","Al Eid Food Company","ALEID.KW","220168570","704.731","Kuwait"
"8525","Milestone Pharmaceuticals","MIST","220037808","1.87","Canada"
"8526","Gurit Holding","GURN.SW","219844040","47.063","Switzerland"
"8527","Munshaat Real Estate Projects Company","MUNSHAAT.KW","219569340","681.892","Kuwait"
"8528","QLM Life &amp; Medical Insurance Company","QLMI.QA","219326904","0.626648","Qatar"
"8529","Gencor Industries","GENC","218839488","14.93","United States"
"8530","Axactor ASA","ACR.OL","218609461","0.723524","Norway"
"8531","Xerox","XRX","218396336","1.67","United States"
"8532","AFT Pharmaceuticals","AFT.NZ","218215244","2.08089","New Zealand"
"8533","Gulf Hotels Group","GHG.BH","218201934","2.49867","Bahrain"
"8534","Ohio Valley Banc Corp","OVBC","217930944","46.26","United States"
"8535","Utah Medical Products","UTMD","217433232","67.87","United States"
"8536","Cantabil Retail India","CANTABIL.NS","217087884","2.59556","India"
"8537","Hindustan Oil Exploration Company","HINDOILEXP.NS","216995188","1.64088","India"
"8538","Italian Wine Brands","IWB.MI","216687634","23.1704","Italy"
"8539","Mobico Group","MCG.L","216675843","0.353481","United Kingdom"
"8540","Lanvin Group","LANV","216652496","1.55","China"
"8541","Avantium N.V.","AVTX.AS","216588013","8.59247","Netherlands"
"8542","Chicago Atlantic BDC","LIEN","216567392","9.49","United States"
"8543","CARGO Therapeutics","CRGX","216188416","4.47","United States"
"8544","Liontrust Asset Management PLC","LIO.L","216062964","3.56983","United Kingdom"
"8545","Medical Facilities Corporation","DR.TO","216034378","12.2864","Canada"
"8546","Antalpha Platform","ANTA","215956640","9.001","Singapore"
"8547","Capital B","ALCPB.PA","215287719","0.783259","France"
"8548","Al Obeikan Glass Company","4145.SR","215252671","6.72665","Saudi Arabia"
"8549","Netfonds AG","NF4.DE","215185871","92.3545","Germany"
"8550","Gati","GATI.NS","215137993","1.65","India"
"8551","AFC Energy","AFC.L","214945771","0.189134","United Kingdom"
"8552","LifeMD","LFMD","214944784","4.54","United States"
"8553","inTEST Corporation","INTT","214923360","17.2","United States"
"8554","Bahrain Islamic Bank","BISB.BH","214505178","0.965517","Bahrain"
"8555","Acrow Limited","ACF.AX","214410102","0.68818","Australia"
"8556","Exacompta Clairefontaine","ALEXA.PA","214285427","189.385","France"
"8557","PEDEVCO","PED","214276128","16.11","United States"
"8558","Hawesko","HAW.DE","214240611","23.8485","Germany"
"8559","Bushiroad","7803.T","214086293","1.57732","Japan"
"8560","MediWound","MDWD","213990048","16.65","Israel"
"8561","ALX Oncology","ALXO","213950272","1.59","United States"
"8562","Homeland Interactive Technology","3798.HK","213710479","0.167233","China"
"8563","Vista Alegre Atlantis","VAF.LS","213629229","1.27426","Portugal"
"8564","BMMI Group","BMMI.BH","213622549","0.201592","Bahrain"
"8565","Oriola","OKDBV.HE","213327213","1.17525","Finland"
"8566","PLBY Group (Playboy)","PLBY","213305008","1.85","United States"
"8567","FuRyu","6238.T","213204358","8.04932","Japan"
"8568","Context Therapeutics","CNTX","213159680","2.32","United States"
"8569","Pantheon Resources","PANR.L","213153710","0.146565","United Kingdom"
"8570","Global Water Resources","GWRS","213138528","7.41","United States"
"8571","YAKUODO HOLDINGS","7679.T","213058133","10.9536","Japan"
"8572","Healwell AI","AIDX.TO","212956742","0.657025","Canada"
"8573","Rasiyat Holding Company","RASIYAT.KW","212887447","1419.25","Kuwait"
"8574","Bastide Le Confort Médical","BLC.PA","212792474","29.1092","France"
"8575","Deutsche Konsum REIT-AG","DKG.DE","212681387","1.93477","Germany"
"8576","Nkarta","NKTX","212445648","2.98","United States"
"8577","Mahanagar Telephone Nigam","MTNL.NS","212406868","0.337154","India"
"8578","Solvar Limited","SVR.AX","211460031","1.11963","Australia"
"8579","cBrain","CBRAIN.CO","211376963","10.8082","Denmark"
"8580","Nilkamal","NILKAMAL.NS","211340856","14.1155","India"
"8581","Midwich Group","MIDW.L","211329254","2.0476","United Kingdom"
"8582","Apollo Pipes","APOLLOPIPE.NS","211160594","4.80792","India"
"8583","ÖKOWORLD","VVV3.DE","211071268","32.1487","Germany"
"8584","GoPro","GPRO","211035248","1.29","United States"
"8585","High Tide","HITI","210954864","2.4","Canada"
"8586","OraSure Technologies","OSUR","210834832","3.05","United States"
"8587","Quicklogic","QUIK","210518784","11.88","United States"
"8588","Brickability Group","BRCK.L","210473120","0.653346","United Kingdom"
"8589","Spandana Sphoorty Financial","SPANDANA.NS","210456498","2.3743","India"
"8590","Crexendo","CXDO","210159632","6.59","United States"
"8591","OP Bancorp (Open Bank)","OPBK","210157712","14.11","United States"
"8592","X-Legend Entertainment","4994.TW","210139351","3.16554","Taiwan"
"8593","MTI Ltd.","9438.T","210121801","3.78681","Japan"
"8594","Peoples Bancorp of North Carolina","PEBK","209951808","39.53","United States"
"8595","PTC Financial Services","PFS.NS","209595786","0.326329","India"
"8596","Saudi Company for Hardware (SACO)","4008.SR","209371558","6.6786","Saudi Arabia"
"8597","Indoco Remedies","INDOCO.NS","209114854","2.2687","India"
"8598","Leclanché","LECN.SW","208873179","0.138645","Switzerland"
"8599","Shimao Property","0813.HK","208744911","0.0214466","Hong Kong"
"8600","Hathway","HATHWAY.NS","208700625","0.117903","India"
"8601","Sintana Energy","SEI.V","208318481","0.405166","Canada"
"8602","SHUAA Capital","SHUAA.AE","208261390","0.0569172","United Arab Emirates"
"8603","Ajial Real Estate Entertainment Company","AREEC.KW","208163767","995.106","Kuwait"
"8604","Sasken Technologies","SASKEN.NS","207417881","13.6581","India"
"8605","InfuSystem","INFU","207392368","10.27","United States"
"8606","Fonix Mobile","FNX.L","207115614","2.09475","United Kingdom"
"8607","Arab Insurance Group","ARIG.BH","206799998","0.55","Bahrain"
"8608","Octave Specialty Group","OSG","206612400","4.59","United States"
"8609","Kuwait Portland Cement","PCEM.KW","206001339","2055.46","Kuwait"
"8610","1stdibs.com","DIBS","205922288","5.66","United States"
"8611","Richardson Electronics","RELL","205834880","14.14","United States"
"8612","Helios Underwriting","HUW.L","205748226","2.87607","United Kingdom"
"8613","Dar Al-Thuraya Real Estate","THURAYA.KW","205530188","1402.94","Kuwait"
"8614","Shimmick","SHIM","205463248","5.66","United States"
"8615","Teixeira Duarte","TDSA.LS","204746311","0.487491","Portugal"
"8616","NCS Multistage","NCSM","204397840","77.88","United States"
"8617","Hinduja Global Solutions","HGS.NS","204288351","4.39138","India"
"8618","Monash IVF Group","MVF.AX","204230074","0.524158","Australia"
"8619","Keystone Law Group","KEYS.L","204019123","6.43243","United Kingdom"
"8620","TAKKT AG","TTK.DE","204000106","3.18564","Germany"
"8621","Quantum-Si","QSI","203516464","0.9406","United States"
"8622","Carvolix","CVX.PA","203476599","3.43699","France"
"8623","Camellia Plc","CAM.L","203461184","80.4896","United Kingdom"
"8624","Rakon Limited","RAK.NZ","203406559","0.885111","New Zealand"
"8625","GreenX Metals","GRX.AX","203149251","0.652523","Australia"
"8626","Arwana Citramulia Tbk","ARNA.JK","203143299","0.0288967","Indonesia"
"8627","Sandnes Sparebank","SADG.OL","203079021","9.64521","Norway"
"8628","AlphaPolis","9467.T","202636260","6.97274","Japan"
"8629","Veritone","VERI","202622560","2.18","United States"
"8630","CPI Card Group","PMTS","202505920","17.67","United States"
"8631","Deep Value Driller","DVD.OL","202465392","2.16521","Norway"
"8632","Mega Uranium","MGA.TO","202416910","0.532921","Canada"
"8633","Cereno Scientific","CRNO-B.ST","202312213","0.649052","Sweden"
"8634","Kafrit Industries","KAFR.TA","202293297","8.38854","Israel"
"8635","Immersion Corporation","IMMR","202243760","6.11","United States"
"8636","MacroGenics","MGNX","202121024","3.18","United States"
"8637","Montauk Renewables","MNTK","201973040","1.41","United States"
"8638","Instabank ASA","INSTA.OL","201819447","0.445905","Norway"
"8639","OrganiGram Holdings","OGI","201813136","1.435","Canada"
"8640","Atland SAS","ATLD.PA","201688056","46.6448","France"
"8641","All for One Group","A1OS.DE","201601584","41.9687","Germany"
"8642","OnKure Therapeutics","OKUR","201301840","4.9","United States"
"8643","Groupe Partouche","PARP.PA","201298773","20.9259","France"
"8644","Emirates Reem Investments Company","ERC.AE","201226078","0.629085","United Arab Emirates"
"8645","CVRx","CVRX","201020688","7.64","United States"
"8646","CuriosityStream","CURI","200984976","3.39","United States"
"8647","Aljazira Takaful Taawuni Company","8012.SR","200838430","3.04301","Saudi Arabia"
"8648","Filatex India","FILATEX.NS","200563765","0.451661","India"
"8649","eGain","EGAN","200466336","7.32","United States"
"8650","Somany Ceramics","SOMANYCERA.NS","200254620","4.88273","India"
"8651","NSE SA","ALNSE.PA","199686746","60.5565","France"
"8652","ADM Hamburg","OEL.F","199586620","266.542","Germany"
"8653","M&amp;C Saatchi","SAA.L","199097228","1.65694","United Kingdom"
"8654","Vuzix","VUZI","198748240","2.39","United States"
"8655","Remedy Entertainment","REMEDY.HE","198597890","14.613","Finland"
"8656","Polymetals Resources","POL.AX","198454534","0.645391","Australia"
"8657","Bang &amp; Olufsen A/S","BO.CO","198352909","1.39521","Denmark"
"8658","Groupe SFPI","SFPI.PA","198337614","2.15104","France"
"8659","Dollar Industries","DOLLAR.NS","197871415","3.4888","India"
"8660","Polaris Renewable Energy","PIF.TO","197614281","9.41736","Canada"
"8661","Kolibri Global Energy","KGEI","197591872","5.57","United States"
"8662","Open Lending","LPRO","197422512","1.67","United States"
"8663","ADF Group","DRX.TO","197398473","6.91337","Canada"
"8664","Karyopharm Therapeutics","KPTI","197254016","8.75","United States"
"8665","Cosmo First","COSMOFIRST.NS","197241215","7.59843","India"
"8666","First Internet Bancorp","INBK","197170896","22.62","United States"
"8667","Al-Maha Petroleum","MHAS.OM","197142862","2.85714","Oman"
"8668","Kuwait Business Town Real Estate Company","KBT.KW","196905744","329.201","Kuwait"
"8669","Geojit Financial Services","GEOJITFSL.NS","196833940","0.705189","India"
"8670","Whitehawk Therapeutics","WHWK","196809680","4.17","United States"
"8671","Chubb Arabia Cooperative Insurance Company","8240.SR","196460771","4.91152","Saudi Arabia"
"8672","Private Equity Holding","PEHN.SW","196252558","80.1343","Switzerland"
"8673","DUG Technology","DUG.AX","196149849","1.44767","Australia"
"8674","Korro Bio","KRRO","196074864","13.595","United States"
"8675","Fitaihi Holding Group","4180.SR","195993656","0.712704","Saudi Arabia"
"8676","Confidence Petroleum","CONFIPET.NS","195966860","0.589833","India"
"8677","Sabaf S.p.A.","SAB.MI","195861523","15.899","Italy"
"8678","Société Marseillaise du Tunnel Prado-Carénage","ALTPC.PA","195857202","33.5516","France"
"8679","XRF Scientific Limited","XRF.AX","195854484","1.36923","Australia"
"8680","Björn Borg","BORG.ST","195671056","7.78066","Sweden"
"8681","Fiducian Group Limited","FID.AX","195630318","6.19718","Australia"
"8682","trivago","TRVG","195616496","2.77","Germany"
"8683","Cegedim SA","ALCGM.PA","195570141","14.2039","France"
"8684","Kongsberg Automotive ASA","KOA.OL","195455257","0.209447","Norway"
"8685","Hong Leong Capital","5274.KL","195448674","0.828924","Malaysia"
"8686","TOYA S.A.","TOA.WA","195246651","2.63714","Poland"
"8687","Shell Oman Marketing Company","SOMS.OM","194935070","2.05195","Oman"
"8688","Belpointe PREP, LLC","OZ","194809200","50","United States"
"8689","Ten Square Games","TEN.WA","194532550","30.5875","Poland"
"8690","MicroVision","MVIS","194371616","0.634","United States"
"8691","Skillz","SKLZ","194226912","12.45","United States"
"8692","Sanam Real Estate Company","SANAM.KW","194065261","880.914","Kuwait"
"8693","Stoneridge","SRI","193976128","6.87","United States"
"8694","Aurora Cannabis","ACB","193935264","3.28","Canada"
"8695","J.Jill","JILL","193930256","13.01","United States"
"8696","Solidarity Bahrain","SOLID.BH","193899200","2.49337","Bahrain"
"8697","Reit Azorim - H.F Living","AZRT.TA","193773209","1.90573","Israel"
"8698","KVH Industries","KVHI","193231024","9.92","United States"
"8699","Acumen Pharmaceuticals","ABOS","192808080","2.67","United States"
"8700","Biesse","BSS.MI","192654752","7.24807","Italy"
"8701","MJ Gleeson plc","GLE.L","192532985","3.30041","United Kingdom"
"8702","Toro Corp.","TORO","192443408","6.67","Cyprus"
"8703","SWK Holdings","SWKH","192326064","15.9","United States"
"8704","Deoleo","OLE.MC","192307686","0.384615","Spain"
"8705","Mediclin","MED.DE","192132330","4.04489","Germany"
"8706","Tabuk Cement Company","3090.SR","191709410","2.1301","Saudi Arabia"
"8707","AB KN Energies","KNE1L.VS","191665797","0.503858","Lithuania"
"8708","Knights Group","KGH.L","191660750","2.22946","United Kingdom"
"8709","Seef Properties","SEEF.BH","191564985","1.14058","Bahrain"
"8710","Sagimet Biosciences","SGMT","191274576","5.87","United States"
"8711","Information Services Group","III","191174112","4.01","United States"
"8712","Stereotaxis","STXS","191055968","1.96","United States"
"8713","Torrid Holding","CURV","191037056","1.92","United States"
"8714","Dye &amp; Durham","DND.TO","190754305","2.83981","Canada"
"8715","Arise AB","ARISE.ST","190647366","4.67444","Sweden"
"8716","Payton Industries","PAYT.TA","190593831","23.0518","Israel"
"8717","Fasadgruppen Group","FG.ST","190585706","2.18332","Sweden"
"8718","Accelya","ACCELYA.NS","190526435","12.7645","India"
"8719","Roularta Media Group","ROU.BR","190481696","15.3729","Belgium"
"8720","MAX Automation","MXHN.DE","190449562","4.61772","Germany"
"8721","Inogen","INGN","190354128","6.99","United States"
"8722","Oman Oil Marketing Company (oomco)","OOMS.OM","190350394","3.10649","Oman"
"8723","ALM Equity","ALM.ST","190231297","5.94469","Sweden"
"8724","Buligo Capital","BLGO.TA","189971364","3.38204","Israel"
"8725","Hamat Group","HAMAT.TA","189921960","5.18292","Israel"
"8726","Melbourne Enterprises","0158.HK","189892011","7.59568","Hong Kong"
"8727","Varia US Properties","VARN.SW","188692356","18.6344","Switzerland"
"8728","Precision BioSciences","DTIL","188621392","7.31","United States"
"8729","Bitcoin Group","ADE.DE","188566728","37.7133","Germany"
"8730","Heron Therapeutics","HRTX","188499440","0.9998","United States"
"8731","Gefran","GE.MI","188435945","13.2686","Italy"
"8732","Elme Communities","ELME","188378688","2.12","United States"
"8733","SEACOR Marine","SMHI","188353440","6.96","United States"
"8734","Fountaine Pajot","ALFPC.PA","188049768","112.813","France"
"8735","Arbuthnot Banking Group","ARBB.L","187968967","11.5178","United Kingdom"
"8736","India Nippon Electricals","INDNIPPON.NS","187743650","8.29937","India"
"8737","Genel Energy","GENL.L","187467521","0.680289","United Kingdom"
"8738","Tharimmune","THAR","187371472","4.74","United States"
"8739","Al Buhaira National Insurance Company","ABNIC.AE","187217474","0.75","United Arab Emirates"
"8740","COG Financial Services","COG.AX","187074948","0.877162","Australia"
"8741","Schaffer Corporation","SFC.AX","187058335","13.7636","Australia"
"8742","Taylor Devices","TAYD","186708496","58","United States"
"8743","Bertrandt","BDT.DE","186660532","18.4709","Germany"
"8744","Lafinca Global Assets","YLFG.MC","186439143","4.93336","Spain"
"8745","Lee Enterprises","LEE","186064592","8.37","United States"
"8746","Proficient Auto Logistics","PAL","186036864","6.71","United States"
"8747","Kaltura","KLTR","185919440","1.25","United States"
"8748","Unisys","UIS","185878768","2.57","United States"
"8749","Lucid Diagnostics","LUCD","185694288","1.09","United States"
"8750","Cavotec","CCC.ST","185669633","1.74017","Switzerland"
"8751","KORU Medical Systems","KRMD","185586864","3.99","United States"
"8752","Streamex Corp.","STEX","185574928","0.8974","United States"
"8753","Manazel","MANAZEL.AE","185511986","0.07","United Arab Emirates"
"8754","UmweltBank","UBK.DE","185342506","4.46575","Germany"
"8755","ryde","RYDE","185209904","1.48","Singapore"
"8756","Yiren Digital","YRD","185170592","2.13","China"
"8757","United Security Bancshares","UBFO","185027760","10.51","United States"
"8758","Visiativ SA","ALVIV.PA","184832369","40.1999","France"
"8759","Cartesian Therapeutics","RNAC","184767888","6.97","United States"
"8760","Lifecore Biomedical","LFCR","184388736","4.92","United States"
"8761","Al Imtiaz Investment Group Company","ALIMTIAZ.KW","184189723","162.48","Kuwait"
"8762","Banan Real Estate Company","4324.SR","184181973","0.92091","Saudi Arabia"
"8763","Analogue Holdings (ATAL)","1977.HK","184083545","0.131488","Hong Kong"
"8764","Basic Chemical Industries Company","1210.SR","183367840","6.66792","Saudi Arabia"
"8765","Aemetis","AMTX","183311632","2.69","United States"
"8766","Aimia","AIM.TO","183261984","2.05868","Canada"
"8767","Tucows","TCX","182931840","16.43","Canada"
"8768","OneWater Marine","ONEW","182747888","11","United States"
"8769","Nobia AB","NOBI.ST","182728467","0.19304","Sweden"
"8770","Zumtobel Group","ZAG.VI","182635206","4.31377","Austria"
"8771","Aumann AG","AAG.DE","182565045","15.899","Germany"
"8772","Al Khaleej Takaful Insurance Company","AKHI.QA","182342149","0.714286","Qatar"
"8773","Tiny Ltd.","TINY.V","182238623","6.19559","Canada"
"8774","Benchmark Holdings","BMK.L","182093816","0.295906","United Kingdom"
"8775","Andrew Peller","ADW-A.TO","182014045","4.16846","Canada"
"8776","Gesco SE","GSC1.DE","181715384","17.5941","Germany"
"8777","The Saudi Arabian Amiantit Company","2160.SR","181671426","4.08137","Saudi Arabia"
"8778","Epsilon Energy","EPSN","181491696","6","United States"
"8779","Springfield Properties","SPR.L","181382092","1.52223","United Kingdom"
"8780","Saudi Arabian Refineries Company","2030.SR","181379195","12.0919","Saudi Arabia"
"8781","Corbus Pharmaceuticals","CRBP","181266672","10.22","United States"
"8782","Shalby","SHALBY.NS","181241886","1.68916","India"
"8783","FutureFuel","FF","181156288","4.13","United States"
"8784","Magnora ASA","MGN.OL","180863652","2.82978","Norway"
"8785","Marti Technologies","MRT","180411408","2.1","Turkey"
"8786","Surteco Group","SUR.DE","180362417","11.632","Germany"
"8787","Seven Hills Realty Trust","SEVN","180323200","7.98","United States"
"8788","Inspired Entertainment","INSE","180058656","6.75","United States"
"8789","Texaf","TEXF.BR","180027341","49.0998","Belgium"
"8790","Fenix Resources","FEX.AX","180023390","0.235336","Australia"
"8791","Admicom Oyj","ADMCM.HE","179867490","36.4157","Finland"
"8792","Injazzat Real Estate Development Company","INJAZZAT.KW","179308457","518.76","Kuwait"
"8793","Vaxart","VXRT","178977232","0.74","United States"
"8794","New Fortress Energy","NFE","178521664","0.625","United States"
"8795","T&amp;G Global","TGG.NZ","178140195","1.45369","New Zealand"
"8796","L'azurde Company for Jewelry","4011.SR","178042574","3.09639","Saudi Arabia"
"8797","Naturhouse Health","NTH.MC","178012246","2.96937","Spain"
"8798","Superior Group of Companies","SGC","177936656","11.33","United States"
"8799","Al-Deera Holding Company","ALDEERA.KW","177852248","1566.07","Kuwait"
"8800","Koenig &amp; Bauer","SKB.DE","177727374","10.7552","Germany"
"8801","Banque nationale de Belgique","BNB.BR","177694640","444.237","Belgium"
"8802","BAIOO Family Interactive","2100.HK","177519260","0.0619144","China"
"8803","First Investment Company K.S.C.P.","ALOLA.KW","177518467","398.042","Kuwait"
"8804","Tonix Pharmaceuticals","TNXP","177425456","12.49","United States"
"8805","Leifheit","LEI.DE","177249375","19.4061","Germany"
"8806","NoHo Partners","NOHO.HE","177133163","8.41711","Finland"
"8807","Selvita","SLV.WA","176997164","9.64472","Poland"
"8808","Emirates Investment Bank","EIBANK.AE","176879080","17.6879","United Arab Emirates"
"8809","Blossom Gold Inc.","BGAU.TO","176797333","1.34325","Canada"
"8810","Abdulmohsen Al-Hokair Group for Tourism and Development Company","1820.SR","176574448","0.560554","Saudi Arabia"
"8811","Emak S.p.A.","EM.MI","176467668","1.0837","Italy"
"8812","WALLIX Group","ALLIX.PA","176365110","26.1866","France"
"8813","Umm Al-Qura Cement Company","3005.SR","176174061","3.20316","Saudi Arabia"
"8814","Devsisters","194480.KQ","175975201","16.0491","South Korea"
"8815","Rhinebeck Bancorp","RBKB","175659328","15.75","United States"
"8816","AirSculpt Technologies","AIRS","175658736","2.49","United States"
"8817","Gobarto","GOB.WA","175430554","6.3104","Poland"
"8818","Digia Oyj","DIGIA.HE","175381037","6.57003","Finland"
"8819","Sanara MedTech","SMTI","175365472","19.13","United States"
"8820","BV Financial","BVFL","175364784","20.04","United States"
"8821","MainStreet Bancshares","MNSB","175091008","23.77","United States"
"8822","Helloworld Travel","HLO.AX","175090199","1.06971","Australia"
"8823","Intellicheck","IDN","175067856","8.65","United States"
"8824","Smith-Midland Corporation","SMID","174904016","32.96","United States"
"8825","Al Wathba National Insurance","AWNIC.AE","174707319","0.84","United Arab Emirates"
"8826","Lake Resources NL","LKE.AX","174481999","0.0727402","Australia"
"8827","NusaTrip","NUTR","174412512","9","Indonesia"
"8828","U.S. GoldMining","USGO","174263440","13.08","United States"
"8829","Quercus TFI","QRS.WA","174185713","3.44454","Poland"
"8830","BCB Bancorp","BCBP","174110080","10.03","United States"
"8831","Enigmatig","EGG","174032496","6.25","Singapore"
"8832","Intred","ITD.MI","173913579","10.9656","Italy"
"8833","CVC Limited","CVC.AX","173841942","1.49046","Australia"
"8834","Peninsula Energy","PEN.AX","173830338","0.388661","Australia"
"8835","Valens Semiconductor","VLN","173732960","1.65","Israel"
"8836","Sport Lisboa e Benfica","SLBEN.LS","173696511","7.55202","Portugal"
"8837","Astec Lifesciences","ASTEC.NS","173656495","7.7937","India"
"8838","Novolog","NVLG.TA","173630423","0.339869","Israel"
"8839","Solocal Group","LOCAL.PA","173385826","4.85153","France"
"8840","Finance House","FH.AE","173191538","0.57","United Arab Emirates"
"8841","Grigeo AB","GRG1L.VS","173128711","1.30348","Lithuania"
"8842","Feintool International","FTON.SW","172643044","11.7276","Switzerland"
"8843","Marvelous","7844.T","172508323","2.84793","Japan"
"8844","Ellington Credit Company","EARN","172440800","4.59","United States"
"8845","Protalix BioTherapeutics","PLX","172423312","2.14","Israel"
"8846","CI Games","CI7.F","172327608","0.845219","Poland"
"8847","ProQR Therapeutics","PRQR","171738528","1.63","Netherlands"
"8848","Domo","DOMO","171556320","3.8","United States"
"8849","Atlantic Lithium Limited","A11.AX","171475117","0.213942","Australia"
"8850","Journey Medical","DERM","170606304","5.13","United States"
"8851","Global Financial Investments Holding SAOG","GFIC.OM","170389615","0.851948","Oman"
"8852","Sparta AG","SPT6.F","170320762","27.1218","Germany"
"8853","Pine Cliff Energy","PNE.TO","170253173","0.474518","Canada"
"8854","ChargePoint","CHPT","170181152","6.97","United States"
"8855","Oman Refreshment Company (Pepsi Oman)","ORCI.OM","170129874","3.4026","Oman"
"8856","Aptitude Software Group","APTD.L","169429844","3.1657","United Kingdom"
"8857","MCH Group","MCHN.SW","169213998","5.46949","Switzerland"
"8858","Al Dhafra Insurance","DHAFRA.AE","169117650","1.69","United Arab Emirates"
"8859","Mercia Asset Management","MERC.L","168748618","0.397396","United Kingdom"
"8860","Omaxe","OMAXE.NS","168724940","0.918709","India"
"8861","Mengly J. Quach Education","MJQE.KH","168679680","0.52","Cambodia"
"8862","FreightCar America","RAIL","168563904","8.835","United States"
"8863","Quirin Privatbank","QB7.DE","168495333","3.88122","Germany"
"8864","Silicom","SILC","168102944","29.46","Israel"
"8865","Annehem Fastigheter","ANNE-B.ST","168064475","1.92932","Sweden"
"8866","Sharjah Cement and Industrial Development","SCIDC.AE","167302913","0.28","United Arab Emirates"
"8867","GTL Infrastructure","GTLINFRA.NS","167199481","0.0130532","India"
"8868","Perfect Corp.","PERF","167031824","1.64","Taiwan"
"8869","Lai Sun Development Company","0488.HK","166976784","0.114893","Hong Kong"
"8870","Tingo Group","TIO","166947568","0.69","United States"
"8871","Pkp Cargo","PKP.WA","166612034","3.7201","Poland"
"8872","Rico Auto Industries","RICOAUTO.NS","166611727","1.23156","India"
"8873","Bisalloy Steel Group","BIS.AX","166503302","3.46586","Australia"
"8874","Frontier Developments","FDEV.L","166337255","4.78896","United Kingdom"
"8875","Oxford Square Capital","OXSQ","166270384","1.9","United States"
"8876","Rane Holdings","RANEHOLDIN.NS","166066833","11.6311","India"
"8877","Cheetah Mobile","CMCM","166036592","5.41","China"
"8878","WhiteHorse Finance","WHF","165865968","7.46","United States"
"8879","Vidhi Specialty Food","VIDHIING.NS","165767783","3.31901","India"
"8880","Acme United","ACU","165581616","43.48","United States"
"8881","Douglas Elliman","DOUG","164966608","1.87","United States"
"8882","INNOVATE Corp.","VATE","164953152","12.08","United States"
"8883","Modiv","MDV","164905280","15.98","United States"
"8884","Navkar Corp","NAVKARCORP.NS","164799574","1.09487","India"
"8885","Foxtons Group","FOXT.L","164793320","0.559723","United Kingdom"
"8886","Bahrain Kuwait Insurance Company (GIG Bahrain)","BKIC.BH","164721484","0.416446","Bahrain"
"8887","Byggmästare Anders J Ahlström","AJA-B.ST","164651012","5.67448","Sweden"
"8888","Molecular Partners","MOLN","164611344","4.4","Switzerland"
"8889","lastminute.com","LMN.SW","164610706","15.5181","Netherlands"
"8890","Nelco","NELCO.NS","164472640","7.2079","India"
"8891","Nordic Mining ASA","NOM.OL","164369486","1.31413","Norway"
"8892","Entech SA","ALESE.PA","164313280","11.1644","France"
"8893","Siljansvik AB","SIVI.ST","164085787","11.9326","Sweden"
"8894","Television Broadcasts (TVB)","0511.HK","163932017","0.351061","Hong Kong"
"8895","Carbios SAS","ALCRB.PA","163902113","9.71475","France"
"8896","Quartix Technologies","QTX.L","163838761","3.38124","United Kingdom"
"8897","Landmark Bancorp","LARK","163618032","26.83","United States"
"8898","FDM Group","FDM.L","163490949","1.49529","United Kingdom"
"8899","Pro-Dex","PDEX","163376992","50.96","United States"
"8900","Imperial Petroleum","IMPP","163011760","4.5","Greece"
"8901","Digital Bros","DIB.MI","162928945","11.4216","Italy"
"8902","Hyderabad Industries Limited","HIL.NS","162818595","21.5914","India"
"8903","Braemar Hotels &amp; Resorts","BHR","162769984","2.37","United States"
"8904","Detection Technology","DETEC.HE","162764176","11.1059","Finland"
"8905","AB Vilkyskiu pienine","VLP1L.VS","162656006","13.6194","Lithuania"
"8906","CBo Territoria","CBOT.PA","162586537","4.6411","France"
"8907","Daldrup &amp; Söhne","4DS.DE","162364419","27.1218","Germany"
"8908","Quipt Home Medical","QIPT","162297152","3.65","United States"
"8909","Umm Al Qaiwain General Investment","QIC.AE","162124186","0.45","United Arab Emirates"
"8910","Spero Therapeutics","SPRO","162096176","2.8","United States"
"8911","Rokiskio Suris AB","RSU1L.VS","161939289","5.15404","Lithuania"
"8912","Vente-Unique.com","ALVU.PA","161929160","16.8342","France"
"8913","Air Busan","298690.KS","161894259","1.38867","South Korea"
"8914","Adairs Limited","ADH.AX","161768991","0.905687","Australia"
"8915","Baozun","BZUN","161533392","2.78","China"
"8916","Rent the Runway","RENT","161359168","4.81","United States"
"8917","KORE Group","KORE","161272208","9.17","United States"
"8918","Bahrain National Holding","BNH.BH","161218168","1.09814","Bahrain"
"8919","Gévelot SA","ALGEV.PA","161155235","216.273","France"
"8920","Banca Sistema S.p.A.","BST.MI","160954926","2.0014","Italy"
"8921","Curatis","CURN.SW","160543994","31.1633","Switzerland"
"8922","Hanover Bancorp","HNVR","160440512","22.37","United States"
"8923","Cadence Capital Limited","CDM.AX","160331781","0.53842","Australia"
"8924","ECB Bancorp","ECBK","160192608","18.25","United States"
"8925","Apex Frozen Foods","APEX.NS","160063800","5.12204","India"
"8926","NOVONIX","NVX","159576272","0.741","Australia"
"8927","Beeks Financial Cloud Group","BKS.L","159257630","2.33049","United Kingdom"
"8928","Synlait Milk","SML.NZ","159108523","0.263775","New Zealand"
"8929","Apyx Medical","APYX","158951056","3.8","United States"
"8930","NRC Group ASA","NRC.OL","158919113","0.920751","Norway"
"8931","Lindsay Australia","LAU.AX","158541401","0.432876","Australia"
"8932","Orogen Royalties","OGN.V","158170668","2.6646","Canada"
"8933","Inclusio","INCLU.BR","158121725","20.7505","Belgium"
"8934","Pharos Energy","PHAR.L","157874400","0.381231","United Kingdom"
"8935","Easy Lease Motorcycle Rental","EASYLEASE.AE","157843140","5.26","United Arab Emirates"
"8936","Amadeus Fire","AAD.DE","157808160","29.0507","Germany"
"8937","Dialight plc","DIA.L","157774649","3.94702","United Kingdom"
"8938","Laramide Resources","LAM.TO","157376934","0.554821","Canada"
"8939","Morabaha Marina Financing Company","4082.SR","157298281","2.20218","Saudi Arabia"
"8940","Humacyte","HUMA","157211728","0.7081","United States"
"8941","Miyakoshi Holdings","6620.T","157035446","3.92451","Japan"
"8942","Deezer","DEEZR.PA","156974417","1.26841","France"
"8943","Westag AG","WUG3.F","156712569","38.5784","Germany"
"8944","Tiziana Life Sciences","TLSA","156514304","1.23","United Kingdom"
"8945","Serviceware","SJJ.DE","156505724","14.9053","Germany"
"8946","Audinate Group","AD8.AX","156358875","1.85416","Australia"
"8947","Masterflex","MZX.DE","156295109","16.2497","Germany"
"8948","Precia S.A.","ALPM.PA","156112139","28.8754","France"
"8949","Mazaya Real Estate Development Q.P.S.C.","MRDS.QA","156043952","0.156044","Qatar"
"8950","Galectin Therapeutics","GALT","156011040","2.37","United States"
"8951","Legacy Education","LGCY","155771616","12.35","United States"
"8952","Magnachip Semiconductor","MX","155602448","4.27","Luxembourg"
"8953","Merkur PrivatBank","MBK.DE","155502245","19.9906","Germany"
"8954","Oramed Pharmaceuticals","ORMP","155313328","3.84","United States"
"8955","Archosaur Games","9990.HK","155302695","0.194041","China"
"8956","Easy Software","ESY.HM","155139121","24.0823","Germany"
"8957","Kudelski SA","KUD.SW","154952562","1.58361","Switzerland"
"8958","MotorK","MTRK.AS","154676292","3.23825","Italy"
"8959","Castings P.L.C.","CGS.L","154619058","3.55636","United Kingdom"
"8960","National Cleaning Company","CLEANING.KW","154377624","629.69","Kuwait"
"8961","Wendt India","WENDT.NS","154313904","77.157","India"
"8962","Enad Global 7","EG7.ST","154185531","1.74017","Sweden"
"8963","Banca Profilo","PRO.MI","154155880","0.233341","Italy"
"8964","AMC Robotics Corporation","AMCI","154100384","6.82","United States"
"8965","AN2 Therapeutics","ANTX","154060928","4.28","United States"
"8966","Digimarc","DMRC","153769280","6.96","United States"
"8967","Jagran Prakashan","JAGRAN.NS","153672271","0.706038","India"
"8968","Fate Therapeutics","FATE","153467776","1.32","United States"
"8969","Arctic Fish Holding","AFISH.OL","153403926","3.4086","Iceland"
"8970","Branicks Group","BRNK.DE","153376019","1.8354","Germany"
"8971","Dominion Hosting","DHH.MI","153333622","27.4725","Italy"
"8972","BICO Group","BICO.ST","153325013","2.17251","Sweden"
"8973","Baazeem Trading Company","4051.SR","153241400","1.5135","Saudi Arabia"
"8974","Heidelberg Pharma","HPHA.DE","153140140","3.27332","Germany"
"8975","Soluna Holdings","SLNH","153003088","1.34","United States"
"8976","Southern Petrochemical Industries Corp","SPIC.NS","152984182","0.751247","India"
"8977","SunCar Technology Group","SDA","152937840","1.49","China"
"8978","Altea Green Power S.p.A.","AGP.MI","152638181","8.37035","Italy"
"8979","Sanok Rubber Company","SNK.WA","152088745","6.03484","Poland"
"8980","Nynomic AG","M7U.DE","152048899","23.1471","Germany"
"8981","Almawave","AIW.MI","152021175","5.07032","Italy"
"8982","Westwood Holdings Group","WHG","151902448","16.01","United States"
"8983","Aquafil","ECNL.MI","151460355","1.7559","Italy"
"8984","Kawai Musical Instruments Manufacturing","7952.T","151356052","17.5946","Japan"
"8985","Wataniya Insurance Company","8300.SR","151296148","3.7824","Saudi Arabia"
"8986","DouYu","DOYU","150290720","4.98","China"
"8987","Lifetime Brands","LCUT","149744320","6.61","United States"
"8988","Methanol Chemicals Company","2001.SR","149547750","2.21552","Saudi Arabia"
"8989","AL KHALEEJ Investment","KICO.AE","149509933","1.42","United Arab Emirates"
"8990","First Guaranty Bancshares","FGBI","149247936","9.45","United States"
"8991","OPTiM","3694.T","149068353","2.73527","Japan"
"8992","Xlife Sciences","XLS.SW","148924802","25.8211","Switzerland"
"8993","Guerbet","GBT.PA","148810564","11.8073","France"
"8994","Alan Allman Associates","AAA.PA","148550550","3.27332","France"
"8995","UBM Development","UBS.VI","148500178","19.8737","Austria"
"8996","Knaus Tabbert AG","KTA.DE","148489180","14.3091","Germany"
"8997","Tenaya Therapeutics","TNYA","148405536","0.6839","United States"
"8998","Quanterix","QTRX","148330336","3.16","United States"
"8999","Fabasoft","FAA.DE","148204438","13.9701","Austria"
"9000","Huhtamaki India","HUHTAMAKI.NS","147974265","1.95935","India"
"9001","Bahrain Duty Free Shop Complex","DUTYF.BH","147932624","1.35279","Bahrain"
"9002","Owlet, Inc.","OWLT","147842464","5.25","United States"
"9003","Kulmbacher Brauerei","KUL.MU","147692294","43.956","Germany"
"9004","Bike24 Holding","BIKE.DE","147665556","3.34346","Germany"
"9005","Allcargo Logistics","ALLCARGO.NS","147663816","0.0985886","India"
"9006","SelectQuote","SLQT","147660224","0.8376","United States"
"9007","Empire Energy Group","EEG.AX","147437477","0.119432","Australia"
"9008","Micro Systemation","MSAB-B.ST","147316866","7.9767","Sweden"
"9009","ACRES Commercial Realty","ACR","147316464","20.22","United States"
"9010","TTEC","TTEC","147291840","3.03","United States"
"9011","Tribal Group","TRB.L","147284173","0.687024","United Kingdom"
"9012","Commercial Vehicle Group (CVG)","CVGI","147177984","4.3","United States"
"9013","HireQuest","HQI","147043232","10.48","United States"
"9014","Heliad AG","A7A.DE","146965345","16.3082","Germany"
"9015","Abu Dhabi National Takaful","TKFL.AE","146937105","1.4","United Arab Emirates"
"9016","Mayne Pharma Group","MYX.AX","146876925","1.80781","Australia"
"9017","Eurocell","ECEL.L","146748413","1.48855","United Kingdom"
"9018","Arctic Paper","ARP.ST","146709361","2.11739","Poland"
"9019","EKF Diagnostics","EKF.L","146433179","0.340144","United Kingdom"
"9020","Microbot Medical","MBOT","146404544","2.18","United States"
"9021","Nekkar ASA","NKR.OL","146272902","1.506","Norway"
"9022","Piquadro","PQ.MI","146003054","3.08628","Italy"
"9023","Freelance.com SA","ALFRE.PA","145965981","2.58359","France"
"9024","Spruce Biosciences","SPRB","145950080","54.01","United States"
"9025","Zahrat Al Waha For Trading Company","3007.SR","145944198","0.648641","Saudi Arabia"
"9026","Alligator Energy","AGE.AX","145554331","0.0328044","Australia"
"9027","Finbar Group Limited","FRI.AX","145546332","0.534855","Australia"
"9028","Grammer AG","GMM.DE","145523419","9.76151","Germany"
"9029","Al Jouf Cement Company","3091.SR","145366826","1.33732","Saudi Arabia"
"9030","Seritage Growth Properties","SRG","145317488","2.58","United States"
"9031","Comet Ridge","COI.AX","145048732","0.121234","Australia"
"9032","Richmond Mutual Bancorporation","RMBI","145030016","14.85","United States"
"9033","Nicolás Correa","NEA.MC","144953421","11.9242","Spain"
"9034","Genovis AB","GENO.ST","144950486","2.19413","Sweden"
"9035","Nusantara Pelabuhan Handal","PORT.JK","144738394","0.0514362","Indonesia"
"9036","Focusrite","TUNE.L","144722861","2.49215","United Kingdom"
"9037","Bellevue Group","BBN.SW","144659052","10.8118","Switzerland"
"9038","Sokouk Holding Company K.S.C.P.","SOKOUK.KW","144543275","252.855","Kuwait"
"9039","Agenus","AGEN","144377808","3.76","United States"
"9040","CALIDA Holding","CALN.SW","144181614","20.6314","Switzerland"
"9041","Burgan Company for Well Drilling","ABAR.KW","144004352","564.437","Kuwait"
"9042","NET Power","NPWR","143969488","1.7","United States"
"9043","Rupa Company","RUPA.NS","143902607","1.80908","India"
"9044","VIGO Photonics","VGO.WA","143673253","164.236","Poland"
"9045","Unibep","UNI.WA","143563195","4.34839","Poland"
"9046","Sangoma Technologies","SANG","143497360","4.32","Canada"
"9047","Syrah Resources Limited","SYR.AX","143436341","0.0834373","Australia"
"9048","Softstar Entertainment","6111.TWO","143229022","1.48761","Taiwan"
"9049","KALA BIO","KALA","143141696","0.154","United States"
"9050","Somec S.p.A.","SOM.MI","142996545","19.6399","Italy"
"9051","Motorpoint Group","MOTR.L","142742528","1.73777","United Kingdom"
"9052","EcoSynthetix","ECO.TO","142625703","2.42369","Canada"
"9053","Macfarlane Group","MACF.L","142075765","0.910644","United Kingdom"
"9054","Orion Properties","ONL","142075168","2.5","United States"
"9055","Euroapi","EAPI.PA","141991775","1.4917","France"
"9056","Privatization Holding Company - K.P.S.C.","KPPC.KW","141703092","232.3","Kuwait"
"9057","Global Fashion Group","GFG.DE","141492855","0.619593","Luxembourg"
"9058","The Kuwait Company for Process Plant Construction and Contracting","KCPC.KW","141360201","1060.36","Kuwait"
"9059","Verkkokauppa.com","VERK.HE","141236077","3.13304","Finland"
"9060","Kelly Partners Group","KPG.AX","141095782","3.11642","Australia"
"9061","Catering International &amp; Services","ALCIS.PA","140811069","18.0617","France"
"9062","PLAID,Inc.","4165.T","140765213","3.43004","Japan"
"9063","SaverOne 2014","SVRE","140686736","4.4484","Israel"
"9064","Global Cord Blood","CORBF","140610448","1.05","Hong Kong"
"9065","Warba Insurance and Reinsurance Company","WINSRE.KW","140577715","577.488","Kuwait"
"9066","Allianz Saudi Fransi Cooperative Insurance","8040.SR","140531695","2.36233","Saudi Arabia"
"9067","BHM Capital Financial Services","BHMCAPITAL.AE","140522878","0.351307","United Arab Emirates"
"9068","Al Anwar Investments SAOG","AAIC.OM","140358654","0.47013","Oman"
"9069","Carnarvon Energy","CVN.AX","140345548","0.0784454","Australia"
"9070","Sloman Neptun","NEP.HM","140208086","70.1426","Germany"
"9071","Friedman Industries","FRD","140145568","19.705","United States"
"9072","Nihon Falcom","3723.T","140011197","14.1896","Japan"
"9073","Thryv","THRY","139561472","3.16","United States"
"9074","Carlo Gavazzi Holding","GAV.SW","139216644","195.884","Switzerland"
"9075","Bloober Team","6BO.SG","139066734","7.213","Poland"
"9076","I.g. Petrochemicals","IGPL.NS","138990222","4.51342","India"
"9077","TrueBlue","TBI","138889392","4.62","United States"
"9078","Eagle Eye Solutions Group","EYE.L","138764470","4.64752","United Kingdom"
"9079","Klil Industries","KLIL.TA","138667742","62.5146","Israel"
"9080","Fortinova Fastigheter AB","FNOVA-B.ST","138493175","2.74537","Sweden"
"9081","Record Financial Group","REC.L","137908745","0.713966","United Kingdom"
"9082","Xaar","XAR.L","137832822","1.75124","United Kingdom"
"9083","SKYX Platforms","SKYX","137520560","1.03","United States"
"9084","ReposiTrak","TRAK","137435760","7.55","United States"
"9085","vTv Therapeutics","VTVT","137262080","34.85","United States"
"9086","Equillium","EQ","137201632","2.17","United States"
"9087","Saudi Printing and Packaging Company","4270.SR","137157294","2.10341","Saudi Arabia"
"9088","Al Omaniya Financial Services","AOFS.OM","136817249","0.433766","Oman"
"9089","Sanghi Industries","SANGHIIND.NS","136770490","0.529449","India"
"9090","Ateme SA","ATEME.PA","136722016","11.8073","France"
"9091","Franchi Umberto Marmi","FUM.MI","136625238","4.17349","Italy"
"9092","Unitech Group","UNITECH.NS","136604062","0.0522127","India"
"9093","Affinity Bancshares","AFBI","136586368","22.41","United States"
"9094","LEWAG Holding","KGR.F","136544303","34.1361","Germany"
"9095","Qrf","QRF.BR","136150765","13.0933","Belgium"
"9096","Gulf Union Alahlia Cooperative Insurance","8120.SR","135983347","2.96293","Saudi Arabia"
"9097","Eleco","ELCO.L","135667893","1.63","United Kingdom"
"9098","Devolver Digital","DEVO.L","135646846","0.289628","United States"
"9099","Hooker Furnishings","HOFT","135285600","12.55","United States"
"9100","FCR Immobilien","FC9.DE","135006178","13.6778","Germany"
"9101","Keyrus","ALKEY.PA","134947763","8.48726","France"
"9102","Jubilee Metals Group","JLP.L","134605986","0.0417603","United Kingdom"
"9103","India Motor Parts and Accessories","IMPAL.NS","134541098","10.7805","India"
"9104","Ambra","AMB.WA","134058307","5.31837","Poland"
"9105","RGP","RGP","133884448","3.9","United States"
"9106","SB Financial Group","SBFG","133865584","21.31","United States"
"9107","Eidesvik Offshore","EIOF.OL","133773140","1.83293","Norway"
"9108","DeFi Development","DFDV","133623200","4.53","United States"
"9109","Nyxoah","NYXH","133606952","3.06","Belgium"
"9110","TON Strategy Co.","TONX","133412248","2.36","United States"
"9111","Hester Biosciences","HESTERBIO.NS","133358168","15.6765","India"
"9112","AVITA Medical","RCEL","133263056","4.33","United States"
"9113","Innoviz Technologies","INVZ","133004616","0.62","Israel"
"9114","SIG plc","SHI.L","132932632","0.114504","United Kingdom"
"9115","Response Plus Holding","RPM.AE","132890367","0.66","United Arab Emirates"
"9116","Al-Baha Investment And Development Company","4130.SR","132854623","0.608601","Saudi Arabia"
"9117","The Eastern Company","EML","132800576","22","United States"
"9118","China Automotive Systems","CAAS","132751088","4.4","China"
"9119","Wafrah for Industry and Development Company","2100.SR","132308087","5.71498","Saudi Arabia"
"9120","Duluth Holdings","DLTH","132306576","3.47","United States"
"9121","RE/MAX Holdings","RMAX","132134496","6.56","United States"
"9122","Lhyfe SA","LHYFE.PA","132072626","2.74725","France"
"9123","Grange Resources","GRR.AX","132055044","0.114102","Australia"
"9124","G8 Education","GEM.AX","132054987","0.171153","Australia"
"9125","Valsoia S.p.A.","VLS.MI","131820796","12.2165","Italy"
"9126","Emperor International","0163.HK","131686323","0.0238721","Hong Kong"
"9127","Brouwerij Handelsmaatschappij","COBH.BR","131517415","1753.57","Belgium"
"9128","Kuke Music Holding","KUKE","131017104","1.39","China"
"9129","NN, Inc.","NNBR","130996216","2.61","United States"
"9130","United Foodbrands Limited","UFBL.NS","130632239","3.34214","India"
"9131","Ultralife Corporation","ULBI","130586984","7.84","United States"
"9132","AGROB Immobilien","AGR.F","130511972","37.877","Germany"
"9133","Userjoy Technology","3546.TWO","130284786","2.22983","Taiwan"
"9134","Tillys","TLYS","130185552","4.27","United States"
"9135","Schloss Wachenheim","SWA.DE","130086505","16.4251","Germany"
"9136","KLab","3656.T","129803449","1.66495","Japan"
"9137","Speedy Hire","SDY.L","129722101","0.281545","United Kingdom"
"9138","Tracsis","TRCS.L","129335923","4.34442","United Kingdom"
"9139","Al Mahhar Holding Company","MHAR.QA","129318124","0.624725","Qatar"
"9140","Black Rifle Coffee Company (BRCC)","BRCC","129292808","1.11","United States"
"9141","Balaji Telefilms","BALAJITELE.NS","129250323","1.06028","India"
"9142","Silver One Resources","SVE.V","128859963","0.365014","Canada"
"9143","Bassett Furniture","BSET","128843784","14.9","United States"
"9144","Energous","WATT","128780728","23.41","United States"
"9145","Al Ain Alahlia Insurance","ALAIN.AE","128665955","8.58","United Arab Emirates"
"9146","ReadyTech Holdings","RDY.AX","128652957","1.04118","Australia"
"9147","Geospace Technologies","GEOS","128621416","9.98","United States"
"9148","Innate Pharma","IPHA","128545984","1.37","France"
"9149","Buruj Cooperative Insurance Company","8270.SR","128062926","4.26876","Saudi Arabia"
"9150","RAK Co. for White Cement &amp; Construction Materials","RAKWCT.AE","128035836","0.26","United Arab Emirates"
"9151","HT5 AG","HT5.SW","127515599","4.00672","Switzerland"
"9152","Excel Industries","EXCELINDUS.NS","127441169","10.138","India"
"9153","United Wire Factories Company","1301.SR","127421894","4.53782","Saudi Arabia"
"9154","Gambling.com Group","GAMB","127402808","3.63","Jersey"
"9155","Yellow Pages (Canada)","Y.TO","127186680","9.37356","Canada"
"9156","Al-Mazaya Holding Company","MAZAYA.KW","127116090","247.308","Kuwait"
"9157","Bank of Innovation","4393.T","127114085","31.9845","Japan"
"9158","Gaming Realms","GMR.L","127100222","0.459363","United Kingdom"
"9159","Atlas Lithium","ATLX","126899368","4.57","United States"
"9160","Sogeclair","ALSOG.PA","126823770","41.501","France"
"9161","Oncolytics Biotech","ONCY","126579696","1.09","Canada"
"9162","Allied Tecnologia","ALLD3.SA","126242572","1.31555","Brazil"
"9163","Bahrain Commercial Facilities Company","BCFC.BH","126195458","1.03979","Bahrain"
"9164","Hyperfine","HYPR","126105856","1.28","United States"
"9165","The Joint Corp.","JYNT","126040296","8.8","United States"
"9166","Trifast","TRI.L","125823036","0.932197","United Kingdom"
"9167","Sadr Logistics Company","1832.SR","125657488","0.718043","Saudi Arabia"
"9168","GEOX","GEO.MI","125638341","0.343114","Italy"
"9169","FriendTimes","6820.HK","125447659","0.0599995","China"
"9170","Immunic","IMUX","125086080","0.9183","United States"
"9171","DHI Group","DHX","125016608","2.78","United States"
"9172","GreenTree Hospitality Group","GHG","124875120","1.23","China"
"9173","Firefly AB","FIRE.ST","124867673","20.8064","Sweden"
"9174","Prosafe SE","PRS.OL","124700701","0.353723","Norway"
"9175","Lake Shore Bancorp","LSBK","124634704","15.85","United States"
"9176","AB Zemaitijos pienas","ZMP1L.VS","124533576","3.03951","Lithuania"
"9177","Serko Limited","SKO.NZ","124527121","0.999414","New Zealand"
"9178","SunPower","SPWR","124132376","0.9801","United States"
"9179","Akatsuki Corp.","8737.T","123523672","4.08099","Japan"
"9180","Crossject","ALCJ.PA","123438266","2.32874","France"
"9181","EDAP TMS","EDAP","123315728","3.29","France"
"9182","SNGULAR","SNG.MC","123265575","2.33809","Spain"
"9183","AS Harju Elekter","HAE1T.TL","122938383","6.61679","Estonia"
"9184","Prime Office A/S","PRIMOF.CO","122820657","32.5341","Denmark"
"9185","Nama Chemicals Company","2210.SR","122487739","5.20781","Saudi Arabia"
"9186","Prevas AB","PREV-B.ST","122279436","9.48989","Sweden"
"9187","Solid State Group","SOLI.L","122276192","2.15537","United Kingdom"
"9188","National Building and Marketing Company","9510.SR","122168703","10.1807","Saudi Arabia"
"9189","Igarashi Motors India","IGARASHI.NS","122018827","3.87668","India"
"9190","Møns Bank","MNBA.CO","122002721","61.0014","Denmark"
"9191","Largo","LGO","121660568","1.25","Canada"
"9192","Renascor Resources","RNU.AX","121660139","0.0477804","Australia"
"9193","Captor Therapeutics","CTX.WA","121439844","22.0451","Poland"
"9194","Bioventix","BVXP.L","121413107","23.2376","United Kingdom"
"9195","The Platform Group","TPG.F","121387090","5.89726","Germany"
"9196","NZME Limited","NZM.NZ","121336330","0.644783","New Zealand"
"9197","Atturra","ATA.AX","121239078","0.328044","Australia"
"9198","Medifast","MED","121127984","10.98","United States"
"9199","Lokum Deweloper","LKD.WA","121027407","6.72375","Poland"
"9200","CTEK AB","CTEK.ST","121014523","1.72937","Sweden"
"9201","Klingelnberg AG","KLIN.SW","120875623","13.6737","Switzerland"
"9202","Feiyu Technology International Company","1022.HK","120598818","0.0689356","China"
"9203","Smith Douglas Homes","SDHC","120380016","14.41","United States"
"9204","OptimizeRx","OPRX","120265728","6.41","United States"
"9205","Himatsingka Seide","HIMATSEIDE.NS","120071010","0.954898","India"
"9206","Mammoth Energy Services","TUSK","119928624","2.48","United States"
"9207","SIEC (Saudi Industrial Export Company)","4140.SR","119868831","0.616609","Saudi Arabia"
"9208","NeoVolta","NEOV","119591640","2.8","United States"
"9209","Tile Shop Holdings","TTSH","119465216","3","United States"
"9210","National Gypsum Company","2090.SR","119353480","3.76906","Saudi Arabia"
"9211","Nano-X Imaging","NNOX","119347240","1.715","Israel"
"9212","UNITED","2497.T","119292652","3.18593","Japan"
"9213","CDL Investments New Zealand Limited","CDI.NZ","119230501","0.407386","New Zealand"
"9214","Reworld Media","ALREW.PA","119153824","2.0809","France"
"9215","Malath Cooperative Insurance Company","8020.SR","119050956","2.38102","Saudi Arabia"
"9216","a.k.a. Brands","AKA","119005864","11","United States"
"9217","Edel SE &amp; Co. KGaA","EDL.DE","118883064","5.58803","Germany"
"9218","Maytronics","MTRN.TA","118797714","1.08252","Israel"
"9219","National Metal Manufacturing and Casting","2220.SR","118683660","3.35265","Saudi Arabia"
"9220","Fonar Corporation","FONR","118641392","18.83","United States"
"9221","REC Silicon","RECSI.OL","118635418","0.0257253","Norway"
"9222","Monte Carlo Fashions","MONTECARLO.NS","118302347","5.70625","India"
"9223","South Port NZ","SPN.NZ","118256968","4.50762","New Zealand"
"9224","GenFlat Holdings","GFLT","118037104","9","United States"
"9225","Treace Medical Concepts","TMCI","117907680","1.82","United States"
"9226","CeoTronics","CEK.DE","117731584","14.7533","Germany"
"9227","Kuwait and Middle East Financial Investment Company","KMEFIC.KW","117716155","535.073","Kuwait"
"9228","Neuronetics","STIM","117589368","1.69","United States"
"9229","ADLPartner (Dékuple)","DKUPL.PA","117482970","29.5768","France"
"9230","Bait Vegag Real Estate Development","BVGG.TA","117444364","2.12776","Israel"
"9231","Aardvark Therapeutics","AARD","117152136","5.37","United States"
"9232","Arabia Insurance Cooperative Company","8160.SR","117139735","2.21018","Saudi Arabia"
"9233","DATA MODUL","DAM.DE","117072206","33.2008","Germany"
"9234","MRM","MRM.PA","116992105","36.549","France"
"9235","Jazan Development and Investment (JAZADCO)","6090.SR","116648583","2.33297","Saudi Arabia"
"9236","Townsquare Media","TSQ","116485824","6.81","United States"
"9237","Creepy Jar","CRJ.WA","116402317","166.44","Poland"
"9238","Assertio Holdings","ASRT","116322008","18.02","United States"
"9239","iDreamSky","1119.HK","115946076","0.056808","China"
"9240","Prairie Operating","PROP","115839784","1.19","United States"
"9241","Hong Kong Technology Venture Company (HKTV)","1137.HK","115814161","0.146807","Hong Kong"
"9242","Wielton","WLT.WA","115798618","1.56796","Poland"
"9243","Ateam","3662.T","115752425","6.2279","Japan"
"9244","Dynamic Materials Corporation","BOOM","115745424","5.65","United States"
"9245","Comtech Telecommunications","CMTL","115665728","3.89","United States"
"9246","Cake Box Holdings","CBOX.L","115581710","2.62686","United Kingdom"
"9247","Rekor Systems","REKR","115299296","0.8442","United States"
"9248","Zain Bahrain","ZAINBH.BH","115183023","0.618037","Bahrain"
"9249","accesso Technology Group","ACSO.L","115166446","3.5631","United Kingdom"
"9250","Gateway Real Estate","GTY.F","114974446","0.409165","Germany"
"9251","Cassava Sciences","SAVA","114972800","2.38","United States"
"9252","Al Kathiri Holding Company","3008.SR","114642223","0.507168","Saudi Arabia"
"9253","OMER S.p.A.","OMER.MI","114488068","3.99813","Italy"
"9254","Rani Therapeutics","RANI","114352096","0.9155","United States"
"9255","Forrester Research","FORR","114288320","5.96","United States"
"9256","KULR Technology Group","KULR","114210408","2.47","United States"
"9257","SMN Power Company","SMNP.OM","114077489","0.571429","Oman"
"9258","Diginex","DGNX","113953184","0.49","Hong Kong"
"9259","GAM Holding AG","GAM.SW","113939278","0.105574","Switzerland"
"9260","11 bit studios","11B.WA","113901622","47.1213","Poland"
"9261","Logistic Properties of the Americas","LPA","113824136","3.6","United States"
"9262","Banqup Group SA","BANQ.BR","113760969","3.06289","Belgium"
"9263","Union Bankshares","UNB","113644048","24.63","United States"
"9264","S.S. Lazio","SSL.MI","113637284","1.67758","Italy"
"9265","Riverview Bancorp","RVSB","113495736","5.48","United States"
"9266","Magyar Bancorp","MGYR","113494408","17.52","United States"
"9267","WeShop Holdings","WSHP","113376560","10.36","British Virgin Islands"
"9268","Helius Medical Technologies","HSDT","113370136","2.06","United States"
"9269","ArcticZymes Technologies ASA","AZT.OL","113317540","2.21881","Norway"
"9270","Fujairah Building Industries","FBI.AE","113292061","0.83","United Arab Emirates"
"9271","Insight Molecular Diagnostics","IMDX","113231280","3.52","United States"
"9272","SDI Group","SDI.L","112978627","1.08038","United Kingdom"
"9273","Genelux","GNLX","112910648","2.52","United States"
"9274","InflaRx","IFRX","112776848","1.56","Germany"
"9275","Investigator Resources","IVR.AX","112718247","0.0456409","Australia"
"9276","Laiqon AG","LQAG.DE","112692968","5.33084","Germany"
"9277","Nova Klúbburinn","NOVA.IC","112562309","0.0324792","Iceland"
"9278","Blink Charging","BLNK","112368608","0.785","United States"
"9279","Orosur Mining","OMI.V","112331913","0.284711","Canada"
"9280","Jeld-Wen","JELD","112196680","1.3","United States"
"9281","Bulten AB","BULTEN.ST","112177018","5.34482","Sweden"
"9282","Nabaltec","NTG.DE","112134670","12.7426","Germany"
"9283","Metatek-Group","MTEK.TO","112018153","3.65014","United Kingdom"
"9284","Al Anwar Ceramic Tiles","AACT.OM","112000003","0.509091","Oman"
"9285","Fury Gold Mines","FURY","111887896","0.5885","Canada"
"9286","Tijara &amp; Real Estate Investment Company","TIJARA.KW","111663952","301.794","Kuwait"
"9287","Surf Air Mobility","SRFM","111596320","1.14","United States"
"9288","Vera Bradley","VRA","111581696","3.99","United States"
"9289","Verrica Pharmaceuticals","VRCA","111490328","6.49","United States"
"9290","Nykode Therapeutics","NYKD.OL","111481666","0.341396","Norway"
"9291","MDxHealth","MDXH","111461016","2.17","Belgium"
"9292","Mekdam Holding Group","MKDM.QA","111247250","0.654396","Qatar"
"9293","Iceland Seafood International","ICESEA.IC","111035510","0.0362331","Iceland"
"9294","Aptera Motors","SEV","110889248","3.03","United States"
"9295","Vivani Medical","VANI","110888616","1.31","United States"
"9296","Liva Insurance Company","8280.SR","110615956","2.7654","Saudi Arabia"
"9297","Drilling Tools International","DTI","110131432","3.13","United States"
"9298","Oriental Aromatics","OAL.NS","110128583","3.27242","India"
"9299","Jacktel AS","JACK.OL","110112697","0.530584","Norway"
"9300","Wynnstay Group","WYN.L","110084353","4.78223","United Kingdom"
"9301","United Foods Company","UFC.AE","110059915","3.63834","United Arab Emirates"
"9302","W5 Solutions AB","W5.ST","110020264","6.26565","Sweden"
"9303","PepGen","PEPG","109893320","1.59","United States"
"9304","Encounter Resources","ENR.AX","109625572","0.196113","Australia"
"9305","Seer Inc","SEER","109456304","1.94","United States"
"9306","1Spatial","SPA.L","109248414","0.976652","United Kingdom"
"9307","The Italian Sea Group","TISG.MI","109172314","2.05986","Italy"
"9308","Ithmaar Holding","ITHMR.BH","109107179","0.118","Bahrain"
"9309","maison pommery &amp; associes","POMRY.PA","109087235","12.275","France"
"9310","The Beachbody Company","BODI","108925440","15.055","United States"
"9311","Sound Financial Bancorp","SFBC","108859344","42.39","United States"
"9312","Chegg","CHGG","108858392","0.9737","United States"
"9313","ALT5 Sigma","ALTS","108790728","0.8555","United States"
"9314","Jay Bharat Maruti","JAYBARMARU.NS","108743982","1.00456","India"
"9315","Provident Financial Holdings","PROV","108694088","17.05","United States"
"9316","Piscines Desjoyaux","ALPDX.PA","108599716","12.0996","France"
"9317","Scott Technology","SCT.NZ","108447036","1.28957","New Zealand"
"9318","Al Argan International Real Estate Company","ARGAN.KW","108420885","371.941","Kuwait"
"9319","Frontier Energy Limited","FHE.AX","108321987","0.192548","Australia"
"9320","Team Internet Group","TIG.L","108321950","0.431074","United Kingdom"
"9321","Kalray","ALKAL.PA","108281998","7.03764","France"
"9322","Zeo Energy","ZEO","108206064","0.9041","United States"
"9323","Silvercrest Asset Management Group","SAMG","108092392","13.31","United States"
"9324","EML Payments","EML.AX","108057715","0.278124","Australia"
"9325","Elevate Uranium","EL8.AX","107997594","0.23177","Australia"
"9326","gumi","3903.T","107896688","2.11561","Japan"
"9327","Arabian International Healthcare Holding","9530.SR","107839880","5.39199","Saudi Arabia"
"9328","TCM Group A/S","TCM.CO","107627351","10.4172","Denmark"
"9329","clearvise AG","ABO.DE","107474563","1.42623","Germany"
"9330","Pyxis Oncology","PYXS","107441440","1.71","United States"
"9331","Fleury Michon","ALFLE.PA","107319791","25.9528","France"
"9332","Vocento","VOC.MC","107274217","0.890811","Spain"
"9333","ORIOR AG","ORON.SW","107020568","16.383","Switzerland"
"9334","Takween Advanced Industries","1201.SR","106952210","1.39872","Saudi Arabia"
"9335","Vistin Pharma","VISTN.OL","106947903","2.41175","Norway"
"9336","Al Gassim Investment Holding","6020.SR","106585307","3.55284","Saudi Arabia"
"9337","Aura Energy","AURA.L","106430322","0.104401","Australia"
"9338","Unitronics","UNIT.TA","106291404","7.59628","Israel"
"9339","Asiya Capital Investments Company","ASIYA.KW","105913446","132.463","Kuwait"
"9340","Sangamo Therapeutics","SGMO","105639872","0.255","United States"
"9341","Quantum Graphite","QGL.AX","105610265","0.299519","Australia"
"9342","The Beauty Health Company","SKIN","105540536","0.826","United States"
"9343","Kuwait Foundry Company K.S.C.P.","KFOUC.KW","105399678","1621.53","Kuwait"
"9344","4basebio","4BB.L","105341850","6.80289","United Kingdom"
"9345","CGRE AG","CGX.F","105213932","17.5357","Germany"
"9346","Ascend Wellness (AWH)","AAWH","105178272","0.52","United States"
"9347","Severfield","SFR.L","105013016","0.355636","United Kingdom"
"9348","Hurco Companies","HURC","105012744","16.29","United States"
"9349","EROAD Limited","ERD.NZ","105009427","0.559789","New Zealand"
"9350","America's Car-Mart","CRMT","104776920","12.62","United States"
"9351","HilleVax","HLVX","104762376","2.09","United States"
"9352","Scully Royalty","SRL","104605032","6.87","China"
"9353","Indorama Synthetics","INDORAMA.NS","104578270","0.400509","India"
"9354","HF Foods Group","HFFG","104496352","1.97","United States"
"9355","Definitive Healthcare","DH","104451480","0.9998","United States"
"9356","Freightos","CRGO","104400664","2.02","Israel"
"9357","Tamil Nadu Newsprint and Papers Limited","TNPL.NS","104392477","1.50833","India"
"9358","KFIC Invest (K.S.C.P)","KFIC.KW","104122980","424.144","Kuwait"
"9359","INOVEST","INOVEST.BH","104023344","0.036","Bahrain"
"9360","The Pebble Group plc","PEBB.L","103902612","0.707231","United Kingdom"
"9361","Gascogne Groupe","ALBI.PA","103852333","2.75894","France"
"9362","Dubai National Insurance & Reinsurance Company","DNIR.AE","103799017","0.898693","United Arab Emirates"
"9363","Travelzoo","TZOO","103638560","9.48","United States"
"9364","MPH Health Care AG","93M1.DE","103606095","24.1992","Germany"
"9365","Synchronoss","SNCR","103560608","9","United States"
"9366","Kewaunee Scientific Corporation","KEQU","103505128","36.11","United States"
"9367","Clarus","CLAR","103300912","2.69","United States"
"9368","Specialities Group Holding Company","SPEC.KW","103288448","541.599","Kuwait"
"9369","CMGE Technology Group","0302.HK","103245302","0.0344678","China"
"9370","AB Kauno Energija","KNR1L.VS","103077406","2.40823","Lithuania"
"9371","Quantum","QMCO","103051720","7.04","United States"
"9372","Rapid Micro Biosystems","RPID","102975840","2.25","United States"
"9373","Foodco National Foodstuff","FNF.AE","102913147","0.37","United Arab Emirates"
"9374","Azerion Group","AZRN.AS","102852174","0.841711","Netherlands"
"9375","Majestic Gold","MJS.V","102758556","0.0985538","Canada"
"9376","Dhampur Sugar Mills","DHAMPURSUG.NS","102727985","1.59747","India"
"9377","Sitowise Group Oyj","SITOWS.HE","102667614","2.86416","Finland"
"9378","Waldencast","WALD","102607896","0.8","United States"
"9379","Gulf Cement","GCEM.AE","102301689","0.25","United Arab Emirates"
"9380","Osoul Investment Company","OSOUL.KW","102295945","809.135","Kuwait"
"9381","Clere AG","CAG0.HM","101967002","13.0933","Germany"
"9382","Anixa Biosciences","ANIX","101924688","3.04","United States"
"9383","Coya Therapeutics","COYA","101804184","4.34","United States"
"9384","Lemonsoft","LEMON.HE","101723700","5.71662","Finland"
"9385","Bastei Lübbe","BST.DE","101689649","7.76245","Germany"
"9386","Synthomer","SYNT.L","101628266","0.621689","United Kingdom"
"9387","Alithya Group","ALYA.TO","101165109","1.01474","Canada"
"9388","KHD Humboldt Wedag International","KWG.DE","101103827","2.03414","Germany"
"9389","American Well","AMWL","100966024","6.1","United States"
"9390","Oman United Insurance","OUIC.OM","100909093","0.961039","Oman"
"9391","Biodesix","BDSX","100667904","9.96","United States"
"9392","Edisun Power Europe","ESUN.SW","100661729","87.7662","Switzerland"
"9393","Al-Enma'a Real Estate Company","ERESCO.KW","100642542","287.113","Kuwait"
"9394","Méliuz","CASH3.SA","100505203","0.887651","Brazil"
"9395","Comscore","SCOR","100357072","6.68","United States"
"9396","CyberStep","3810.T","100215845","1.45213","Japan"
"9397","Ash-Sharqiyah Development","6060.SR","100178977","3.3393","Saudi Arabia"
"9398","Martin Midstream Partners","MMLP","100159200","2.56","United States"
"9399","MGI Digital Technology","ALMDG.PA","100031047","16.3666","France"
"9400","Microlise","SAAS.L","99962574","0.862148","United Kingdom"
"9401","Jushi Holdings","JUSHF","99848296","0.5","United States"
"9402","Lakeland Industries","LAKE","99838296","10.15","United States"
"9403","National Consumer Holding Company","NCCI.KW","99836872","332.79","Kuwait"
"9404","Turn Therapeutics","TTRX","99789928","3.35","United States"
"9405","Ras Alkhaima National Insurance","RAKNIC.AE","99714264","0.82","United Arab Emirates"
"9406","Apetit Oyj","APETIT.HE","99708634","15.9574","Finland"
"9407","ReneSola","SOL","99563952","1.94","United States"
"9408","R. Stahl AG","RSL2.DE","99378066","15.4314","Germany"
"9409","Answear.com","ANR.WA","98814703","5.20815","Poland"
"9410","Sterling Tools","STERTOOLS.NS","98661826","2.71463","India"
"9411","Arq Inc.","ARQ","98553280","2.3","United States"
"9412","Upexi","UPXI","98468976","1.42","United States"
"9413","PCC Exol","PCX.WA","98370618","0.564905","Poland"
"9414","Topps Tiles","TPT.L","98362223","0.501124","United Kingdom"
"9415","The Securities House","SECH.KW","98312878","251.223","Kuwait"
"9416","Kokuyo Camlin","KOKUYOCMLN.NS","98057804","0.977608","India"
"9417","Faraday Future","FFAI","98015920","0.394","United States"
"9418","Biotalys","BTLS.BR","97940236","2.60697","Belgium"
"9419","PWO AG","PWO.DE","97907409","31.3304","Germany"
"9420","Health Catalyst","HCAT","97869624","1.33","United States"
"9421","Coast Investment &amp; Development Company","COAST.KW","97860480","210.44","Kuwait"
"9422","First Takaful Insurance Company","FTI.KW","97840134","587.276","Kuwait"
"9423","National International Holding Company (Kuwait)","NIH.KW","97774457","398.042","Kuwait"
"9424","Arab Sea Information Systems Company","7201.SR","97429594","0.974296","Saudi Arabia"
"9425","Groupe Minoteries SA","GMI.SW","97382276","295.098","Switzerland"
"9426","Ekopak","EKOP.BR","97194601","5.55296","Belgium"
"9427","Quick Heal","QUICKHEAL.NS","97035054","1.78881","India"
"9428","Polytec Holding","PYT.VI","96940843","4.40729","Austria"
"9429","Real-Estate Trade Centers Company (Marakez)","MARAKEZ.KW","96876023","698.206","Kuwait"
"9430","BCP Investment Corporation","BCIC","96614848","7.8","United States"
"9431","GCT Semiconductor","GCTS","96417176","1.33","United States"
"9432","Aldeyra Therapeutics","ALDX","96292456","1.6","United States"
"9433","The Arena Group","AREN","96157640","2.02","United States"
"9434","Stem, Inc","STEM","96094024","11.28","United States"
"9435","First Northwest Bancorp","FNWB","95752944","10.08","United States"
"9436","Saudi Industrial Development Company","2130.SR","95694547","3.18982","Saudi Arabia"
"9437","PGG Wrightson","PGW.NZ","95571875","1.26612","New Zealand"
"9438","Zomedica Pharmaceuticals","ZOM","95349136","0.0973","United States"
"9439","Cavatina Holding Spólka Akcyjna","CAV.WA","95288162","3.74766","Poland"
"9440","Virco Manufacturing","VIRC","95197296","6.04","United States"
"9441","Ringmetall","HP3A.DE","95152338","3.27332","Germany"
"9442","Bien Sparebank","BIEN.OL","94981093","16.7214","Norway"
"9443","Galfar Engineering and Contracting","GECS.OM","94902756","0.467532","Oman"
"9444","Q32 Bio","QTTB","94798920","6.48","United States"
"9445","Cherry Hill Mortgage Investment","CHMI","94788000","2.58","United States"
"9446","AFYREN","ALAFY.PA","94749027","2.44915","France"
"9447","Talga Group","TLG.AX","94734145","0.185416","Australia"
"9448","PlaySide Studios","PLY.AX","94505051","0.208237","Australia"
"9449","IBU-tec advanced materials AG","IBU.DE","94400278","19.8737","Germany"
"9450","Sawaeed Holding","SAWAEED.AE","94351307","1.85","United Arab Emirates"
"9451","Union Insurance Company","UNION.AE","93954250","0.38","United Arab Emirates"
"9452","NRx Pharmaceuticals","NRXP","93912064","2.84","United States"
"9453","Serverworks","4434.T","93827102","12.6561","Japan"
"9454","Braemar","BMS.L","93617489","2.91648","United Kingdom"
"9455","Installux S.A.","ALLUX.PA","93421760","334.346","France"
"9456","Anaam International","4061.SR","93248132","2.96026","Saudi Arabia"
"9457","The NAGA Group","N4G.DE","93222617","0.40047","Germany"
"9458","SergeFerrari Group","SEFER.PA","93222050","8.15992","France"
"9459","Eurofins-Cerep","ALECR.PA","93167170","18470.9","France"
"9460","Grupa Kapitałowa Immobile","GKI.WA","93145797","1.24279","Poland"
"9461","Dhofar Insurance Company SAOG","DICS.OM","93080794","0.8","Oman"
"9462","Inovio Pharmaceuticals","INO","93014824","1.14","United States"
"9463","Bodal Chemicals","BODALCHEM.NS","93011211","0.738512","India"
"9464","Identiv","INVE","92918512","3.88","United States"
"9465","Summit State Bank","SSBI","92838296","13.7101","United States"
"9466","Delfingen Industry","ALDEL.PA","92706520","35.6558","France"
"9467","Raysut Cement","RCCI.OM","92467535","0.462338","Oman"
"9468","VITA 34","V3V.DE","92314582","5.29577","Germany"
"9469","ZK International Group","ZKIN","92312936","1.6107","China"
"9470","Kapsch TrafficCom","KTCG.VI","92279632","6.45312","Austria"
"9471","Michelmersh Brick Holdings plc","MBH.L","92207079","1.01707","United Kingdom"
"9472","Fractyl Health","GUTS","92175040","0.581","United States"
"9473","Athos Immobilien","ATH.VI","92174026","52.8408","Austria"
"9474","Mpac Group","MPAC.L","92164554","3.06467","United Kingdom"
"9475","MaxCyte","MXCT","92071800","0.8616","United States"
"9476","Fluent","FLNT","91815280","3.08","United States"
"9477","Elica S.p.A.","ELC.MI","91776635","1.56652","Italy"
"9478","Arbe Robotics","ARBE","91742008","0.748","Israel"
"9479","Sotherly Hotels","SOHO","91583664","2.25","United States"
"9480","Charlotte's Web","CWEB.TO","91414039","0.569422","United States"
"9481","Erbud","ERB.WA","91390419","7.66066","Poland"
"9482","Alijarah Holding","NLCS.QA","91348059","0.184615","Qatar"
"9483","Takaful Emarat - Insurance","TAKAFUL-EM.AE","91200437","0.441176","United Arab Emirates"
"9484","AB Pieno Zvaigzdes","PZV1L.VS","91018085","2.0166","Lithuania"
"9485","Omer-Decugis & Cie","ALODC.PA","90936719","10.7084","France"
"9486","Fevara","FVA.L","90695012","1.75124","United Kingdom"
"9487","Kellton Tech Solutions","KELLTONTEC.NS","90400266","0.170116","India"
"9488","Oconee Federal Financial","OFED","90211888","15.5","United States"
"9489","Golden Matrix Group","GMGI","89996768","0.6372","United States"
"9490","iHuman","IH","89950744","1.76","China"
"9491","Taageer Finance","TFCI.OM","89896822","0.316883","Oman"
"9492","Dhofar Food & Investment SAOG","DFIN.OM","89853149","0.454545","Oman"
"9493","Tihama for Advertising, Public Relations and Marketing","4070.SR","89635859","3.91053","Saudi Arabia"
"9494","Alcadon Group AB","ALCA.ST","89545730","3.65328","Sweden"
"9495","Full House Resorts","FLL","89395048","2.47","United States"
"9496","Ispire Technology","ISPR","89372184","1.56","United States"
"9497","Filling and Packing Materials Manufacturing Company","2180.SR","89328261","7.76767","Saudi Arabia"
"9498","Expensify","EXFY","88434984","0.8754","United States"
"9499","Corero Network Security","CNS.L","87967451","0.171756","United Kingdom"
"9500","ACTIA Group","ALATI.PA","87794751","4.37222","France"
"9501","Gossamer Bio","GOSS","87682536","0.3736","United States"
"9502","SRP Groupe (Showroomprive.com)","SRP.PA","87566404","0.762216","France"
"9503","Otovo ASA","OTOVO.OL","87382754","1.18444","Norway"
"9504","eXoZymes","EXOZ","87315288","10.31","United States"
"9505","Airship AI","AISP","87305288","2.54","United States"
"9506","SMJ International","SMJF","87270752","3.15","Singapore"
"9507","NWF Group plc","NWF.L","87191442","1.75797","United Kingdom"
"9508","Miko Group","MIKO.BR","87117136","70.1426","Belgium"
"9509","AMCON Distributing Company","DIT","87016016","89.15","United States"
"9510","Agfa-Gevaert","AGFB.BR","86876135","0.561141","Belgium"
"9511","National Hotels Company (Bahrain)","NHOTEL.BH","86854774","0.899204","Bahrain"
"9512","Nightingale Health","HEALTH.HE","86794508","1.43792","Finland"
"9513","Al Manar Financing and Leasing Company","ALMANAR.KW","86760891","355.628","Kuwait"
"9514","Battalion Oil","BATL","86734096","4.04","United States"
"9515","Austin Engineering","ANG.AX","86651170","0.139062","Australia"
"9516","Velo3D","VLDX","86513896","6.15","United States"
"9517","Premier Miton Group plc","PMI.L","86503841","0.548946","United Kingdom"
"9518","Dexelance","DEX.MI","86494840","3.27332","Italy"
"9519","Robert Walters","RWA.L","86484804","1.31478","United Kingdom"
"9520","XXL ASA","XXL.OL","86472902","0.988001","Norway"
"9521","Zevia","ZVIA","86382896","1.28","United States"
"9522","High Co.","HCO.PA","86311823","4.45406","France"
"9523","SoundThinking 
 (ShotSpotter)","SSTI","86273216","6.66","United States"
"9524","AudioEye","AEYE","86222264","6.9","United States"
"9525","Vroom","VRM","86212568","16.56","United States"
"9526","Kuwait Resorts Company","MUNTAZAHAT.KW","86197067","420.881","Kuwait"
"9527","mwb fairtrade AG","MWB0.DE","86001223","11.5735","Germany"
"9528","Al-Etihad Cooperative Insurance","8170.SR","85684657","1.71369","Saudi Arabia"
"9529","Moulinvest","ALMOU.PA","85612352","28.2909","France"
"9530","GrowGeneration","GRWG","85329080","1.42","United States"
"9531","Cullman Bancorp","CULL","85259576","14.25","United States"
"9532","Airtasker","ART.AX","85171742","0.174719","Australia"
"9533","Pathfinder Bancorp","PBHC","85088344","13.6","United States"
"9534","Westwater Resources","WWR","84798008","0.68","United States"
"9535","Asetek","ASTK.CO","84782436","0.267467","Denmark"
"9536","LumenRadio","LUMEN.ST","84586907","6.72291","Sweden"
"9537","Credit Rating And Collection Company","TAHSSILAT.KW","84518764","512.235","Kuwait"
"9538","Aurelion Inc.","AURE","84456104","2.44","Hong Kong"
"9539","OFX Group","OFX.AX","84273084","0.363701","Australia"
"9540","Al Madar Kuwait Holding Company","MADAR.KW","84250379","407.83","Kuwait"
"9541","OEX S.A.","OEX.WA","84244537","13.2621","Poland"
"9542","Immutep","IMMP","84134752","0.5709","Australia"
"9543","Pullup Entertainment","ALPUL.PA","84046806","10.65","France"
"9544","The9","NCTY","84002416","5.5","China"
"9545","Esterad Investment Company","ESTERAD.BH","83834203","0.71618","Bahrain"
"9546","CDON AB","CDON.ST","83776208","7.30657","Sweden"
"9547","Outset Medical","OM","83684136","4.57","United States"
"9548","Abitare In S.p.A.","ABT.MI","83670570","3.27332","Italy"
"9549","OKYO Pharma","OKYO","83442016","1.59","United Kingdom"
"9550","United Finance Co. SAOG","UFCI.OM","83250539","0.233766","Oman"
"9551","Genasys","GNSS","83190656","1.84","United States"
"9552","Gogoro","GGR","83104616","4.14","Taiwan"
"9553","Suominen","SUY1V.HE","83072413","1.43792","Finland"
"9554","Sera Prognostics","SERA","82984952","2.12","United States"
"9555","Ocean Power Technologies","OPTT","82544480","0.362","United States"
"9556","OSE Immunotherapeutics","OSE.PA","82397959","3.59364","France"
"9557","WISeKey International","WKEY","82349472","7.31","Switzerland"
"9558","Grand Twins International Cambodia","GTI.KH","82282282","2.06","Cambodia"
"9559","Research Solutions","RSSS","82263688","2.5","United States"
"9560","Senzime AB","SEZI.ST","82159404","0.522593","Sweden"
"9561","Umbrella Global Energy","UMB.MC","82159296","3.81108","Spain"
"9562","Wrap Technologies","WRAP","82140080","1.48","United States"
"9563","Bilendi SA","ALBLD.PA","82054110","17.7695","France"
"9564","Al Sagr Cooperative Insurance Company","8180.SR","81840859","2.72803","Saudi Arabia"
"9565","AMTD IDEA Group","AMTD","81833112","1.02","Hong Kong"
"9566","Park Dental Partners","PARK","81722480","18.1","United States"
"9567","Wittchen","WTN.WA","81601131","4.41728","Poland"
"9568","Nankai Tatsumura Construction","1850.T","81557759","2.82916","Japan"
"9569","Ebixcash India","EBIXFOREX.NS","81507586","7.31","India"
"9570","Scherzer &amp; Co. AG","PZS.DE","81249369","3.03951","Germany"
"9571","Banader Hotels Company","BANADER.BH","81106824","0.695145","Bahrain"
"9572","LeonaBio","LONA","80972088","8.62","United States"
"9573","GTPL Hathway","GTPL.NS","80918965","0.719516","India"
"9574","Airgain","AIRG","80677688","6.6","United States"
"9575","DDC Enterprise","DDC","80581360","1.82","Hong Kong"
"9576","Bango","BGO.L","80443706","1.04401","United Kingdom"
"9577","European Residential REIT","ERE-UN.TO","80204812","0.861433","Canada"
"9578","Odysight.ai","ODYS","80145816","4.78","Israel"
"9579","Titanium Oyj","TITAN.HE","80093923","7.62216","Finland"
"9580","ad pepper media International","APM.DE","80015307","3.2967","Germany"
"9581","OQIC Oman Qatar Insurance Company","OQIC.OM","79981163","0.496104","Oman"
"9582","Vitura SA","VTR.PA","79727227","4.67617","France"
"9583","Villars Holding","VILN.SW","79645881","763.184","Switzerland"
"9584","ALBA SE","ABA.F","79586725","8.08808","Germany"
"9585","Amoéba S.A.","ALMIB.PA","79384276","1.02058","France"
"9586","American Vanguard","AVD","79339984","2.78","United States"
"9587","Railcare Group AB","RAIL.ST","79267041","3.28579","Sweden"
"9588","LUDWIG BECK am Rathauseck - Textilhaus Feldmeier","ECK.DE","79155948","21.3935","Germany"
"9589","Solitario Zinc","XPL","79120456","0.858","United States"
"9590","PhenixFIN","PFX","78931272","39.5","United States"
"9591","Widam Food Company","WDAM.QA","78873624","0.438187","Qatar"
"9592","Dish TV","DISHTV.NS","78550882","0.0426616","India"
"9593","Cantourage Group SE","HIGH.DE","78409673","6.54664","Germany"
"9594","Mercer International","MERC","78369528","1.17","Canada"
"9595","Hennessy Advisors","HNNA","78369320","9.93","United States"
"9596","Intchains Group","ICG","78318384","1.29","China"
"9597","Blackboxstocks","BLBX","78138184","18.15","United States"
"9598","Pliant Therapeutics","PLRX","78012480","1.26","United States"
"9599","Hain Celestial","HAIN","77871584","0.8558","United States"
"9600","aTyr Pharma","ATYR","77627152","0.7917","United States"
"9601","Seres Therapeutics","MCRB","77553152","8.09","United States"
"9602","Ekinops","EKI.PA","77347054","2.86416","France"
"9603","Saudi Fisheries Company","6050.SR","77340413","11.7182","Saudi Arabia"
"9604","InfraCom Group AB","INFRA.ST","77323179","2.22656","Sweden"
"9605","Infant Bacterial Therapeutics AB","IBT-B.ST","77171327","5.72852","Sweden"
"9606","Steel Connect","STCN","77168096","12.18","United States"
"9607","XBiotech","XBIT","77133960","2.53","United States"
"9608","Great Elm Capital","GECC","77100856","5.55","United States"
"9609","Marchex","MCHX","77077088","1.74","United States"
"9610","Groupe LDLC","ALLDL.PA","76777318","12.5789","France"
"9611","Hily Holding","HH.AE","76776475","0.64","United Arab Emirates"
"9612","Nexstim","NXTMH.HE","76738160","10.6383","Finland"
"9613","Team Inc","TISI","76707792","16.78","United States"
"9614","Hoffmann Green Cement Technologies","ALHGR.PA","76700161","4.67617","France"
"9615","AEye","LIDR","76634608","1.69","United States"
"9616","DelfinGroup AS","DGR1R.RG","76509748","1.68342","Latvia"
"9617","Kamux","KAMUX.HE","76469921","2.0014","Finland"
"9618","MAIA Biotechnology","MAIA","76446080","1.26","United States"
"9619","Catana Group","ALCAT.PA","76333423","2.67711","France"
"9620","Mobilicom","MOB","76305560","6.04","Australia"
"9621","PMV Pharmaceuticals","PMVP","76261024","1.43","United States"
"9622","Al Fujairah National Insurance Company","AFNIC.AE","76119281","57.19","United Arab Emirates"
"9623","Northern Technologies International","NTIC","75936008","8","United States"
"9624","The InterGroup Corporation","INTG","75831576","35.29","United States"
"9625","Adicet Bio","ACET","75811616","7.9","United States"
"9626","Siebert Financial","SIEB","75740736","1.85","United States"
"9627","Equipment Holding Company K.S.C.P.","EQUIPMENT.KW","75693315","946.166","Kuwait"
"9628","Thinkific Labs","THNC.TO","75657501","1.11694","Canada"
"9629","Llorente &amp; Cuenca","LLYC.MC","75519773","6.48819","Spain"
"9630","Shuaiba Industrial Company","PAPER.KW","75440133","760.196","Kuwait"
"9631","The Children's Place","PLCE","75298272","3.39","United States"
"9632","Verde Clean Fuels","VGAS","75288864","1.69","United States"
"9633","Senergy Holding Company K.S.C.P.","SENERGY.KW","74936532","375.204","Kuwait"
"9634","Gaia","GAIA","74933616","3","United States"
"9635","Development Works Food Company","6013.SR","74793897","24.9313","Saudi Arabia"
"9636","IG Design Group","IGR.L","74723096","0.784016","United Kingdom"
"9637","Kuantum Papers","KUANTUM.NS","74632025","0.855248","India"
"9638","Chinese Gamer International","3083.TWO","74616021","0.862753","Taiwan"
"9639","PodcastOne","PODC","74217504","2.7","United States"
"9640","DocCheck","AJ91.DE","74143907","14.613","Germany"
"9641","Drecom","3793.T","74083845","2.55375","Japan"
"9642","Haulotte Group","PIG.PA","74046110","2.51344","France"
"9643","IZEA Worldwide","IZEA","74025232","4.27","United States"
"9644","Pulsar Group","PULS.L","73976821","0.545578","United Kingdom"
"9645","Cimbeton","CMBTN.IS","73952255","41.7809","Turkey"
"9646","Saga Communications","SGA","73728744","11.57","United States"
"9647","CarParts.com","PRTS","73640072","0.9602","United States"
"9648","MediaCo Holding","MDIA","73558648","0.9","United States"
"9649","Coheris SA","COH.PA","73445876","12.9179","France"
"9650","Shengfeng Development","SFWL","73422784","0.89","China"
"9651","Nanexa AB","NANEXA.ST","73399713","0.397214","Sweden"
"9652","Pelagic Credit Plc","PLGC.OL","73370675","1.98299","Cyprus"
"9653","Acrivon Therapeutics","ACRV","73227008","1.89","United States"
"9654","MHP Hotel AG","CDZ0.F","73154634","1.57821","Germany"
"9655","Gentian Diagnostics ASA","GENT.OL","73073263","4.72702","Norway"
"9656","Oman Reinsurance","ORIC.OM","73028381","0.220779","Oman"
"9657","Granite Point Mortgage Trust","GPMT","72837824","1.52","United States"
"9658","Tuniu Corporation","TOUR","72787168","6.7","China"
"9659","Chapel Down Group","CDGP.L","72784362","0.424338","United Kingdom"
"9660","Teads","TEAD","72743576","0.75","United States"
"9661","Off the Hook YS Inc","OTH","72716800","2.99","United States"
"9662","Scana ASA","SCANA.OL","72530706","0.157031","Norway"
"9663","BG Staffing","BGSF","72411152","6.44","United States"
"9664","Sylogist","SYZ.TO","72398217","3.09532","Canada"
"9665","BioPorto","BIOPOR.CO","72328774","0.14609","Denmark"
"9666","Saudi Vitrified Clay Pipe Company","2360.SR","72311444","4.82076","Saudi Arabia"
"9667","CBAK Energy Technology","CBAT","72246360","0.815","China"
"9668","Youlife Group Inc.","YOUL","72177632","0.9491","China"
"9669","TScan Therapeutics","TCRX","72121576","1.2","United States"
"9670","Gabriel Holding A/S","GABR.CO","72091460","38.165","Denmark"
"9671","Western Bulk","WEST.OL","72073084","2.14377","Norway"
"9672","OSOS Holding Group Company K.P.S.C.","OSOS.KW","71968681","659.054","Kuwait"
"9673","Poujoulat","ALPJT.PA","71887830","9.18868","France"
"9674","Fortress Biotech","FBIO","71811720","2.23","United States"
"9675","CombinedX","CX.ST","71582289","3.6749","Sweden"
"9676","Infas Holding AG","IFS.F","71545474","7.9495","Germany"
"9677","FC Porto","FCP.LS","71545156","3.1798","Portugal"
"9678","Nordisk Bergteknik AB","NORB-B.ST","71454925","1.24839","Sweden"
"9679","Caspian Sunrise","CASP.L","71419372","0.0303099","United Kingdom"
"9680","Creo Medical Group","CREO.L","71400432","0.173103","United Kingdom"
"9681","Xtant Medical","XTNT","71378784","0.5096","United States"
"9682","LACROIX Group SA","LACR.PA","71374419","15.1976","France"
"9683","OPAL Fuels","OPAL","71342760","2.46","United States"
"9684","SAICO (Saudi Arabian Cooperative Insurance Company)","8100.SR","71270411","2.37568","Saudi Arabia"
"9685","NOMADAR","NOMA","71213696","4.245","United States"
"9686","McPhy Energy","MCPHY.PA","71172382","2.53774","France"
"9687","WM Technology","MAPS","71153704","0.4082","United States"
"9688","Islamic Arab Insurance","SALAMA.AE","71032533","0.147059","United Arab Emirates"
"9689","Synthaverse","SVE.WA","70990612","0.936915","Poland"
"9690","Tabuk Agricultural Development Company","6040.SR","70796949","1.80712","Saudi Arabia"
"9691","Casino Guichard-Perrachon","CO.PA","70788480","0.176876","France"
"9692","Vivid Seats","SEAT","70731016","6.57","United States"
"9693","Forsys Metals","FSY.TO","70569326","0.288361","Canada"
"9694","Spruce Power","SPRU","70495192","3.88","United States"
"9695","hVIVO","HVO.L","70478553","0.10238","United Kingdom"
"9696","Hour Loop","HOUR","70367776","2","United States"
"9697","Rottneros","RROS.ST","70271354","0.263188","Sweden"
"9698","Red Robin","RRGB","70183728","3.87","United States"
"9699","Allbirds","BIRD","70177032","8.01","United States"
"9700","Ferrum S.A. de Cerámica y Metalurgia","FERR.BA","70151268","0.015194","Argentina"
"9701","Global Mofy Metaverse","GMM","70132560","1.36","China"
"9702","Altisource Portfolio","ASPS","70098672","6.215","Luxembourg"
"9703","Zoomd Technologies","ZOMD.V","70059580","0.695074","Canada"
"9704","United Homes Group","UHG","70004392","1.19","United States"
"9705","AFC Gamma","AFCG","69880664","2.97","United States"
"9706","Great Elm Group","GEG","69745904","2.13","United States"
"9707","Fidelity United insurance","FIDELITYUNITED.AE","69716776","0.44","United Arab Emirates"
"9708","Smart Good Things Holding","MLSGT.PA","69706554","3.24751","France"
"9709","Purple Innovation","PRPL","69648400","0.64","United States"
"9710","Al-Omran Industrial Trading Company","4141.SR","69540702","5.79506","Saudi Arabia"
"9711","Unikai Foods","UNIKAI.AE","69283378","1.78377","United Arab Emirates"
"9712","Talenom","TNOM.HE","69161359","1.51508","Finland"
"9713","coly","4175.T","68988764","12.5372","Japan"
"9714","Alliance Aviation Services","AQZ.AX","68915321","0.427884","Australia"
"9715","Cingulate","CING","68848168","5.62","United States"
"9716","Marks Electrical Group","MRK.L","68825293","0.660082","United Kingdom"
"9717","Columbus Energy","CLC.WA","68793927","1.00029","Poland"
"9718","Pioneer Credit","PNC.AX","68770051","0.427884","Australia"
"9719","FreeCast, Inc.","CAST","68640528","1.68","United States"
"9720","Aiforia Technologies Oyj","AIFORIA.HE","68533306","2.03414","Finland"
"9721","Guillemot Corporation","GUI.PA","68415962","4.67617","France"
"9722","Amana Cooperative Insurance Company","8310.SR","68408922","1.59091","Saudi Arabia"
"9723","BeyondSpring","BYSI","68258896","1.66","United States"
"9724","Sono-Tek Corporation","SOTK","68183088","4.34","United States"
"9725","Postmedia Network Canada","PNC-A.TO","67966075","0.686227","Canada"
"9726","DocGo","DCGO","67920040","0.6876","United States"
"9727","Artifex Mundi","ART.WA","67808777","5.70416","Poland"
"9728","Regis Corporation","RGS","67691896","27.09","United States"
"9729","Rafael Holdings","RFL","67615776","1.3","United States"
"9730","Pekabex","PBX.WA","67590433","2.72251","Poland"
"9731","Forian","FORA","67482208","2.16","United States"
"9732","MediciNova","MNOV","67433112","1.37","United States"
"9733","ATARI","ALATA.PA","67339783","0.120412","France"
"9734","Town Centre Securities","TOWN.L","67053164","1.59632","United Kingdom"
"9735","TH International (Tims China)","THCH","66902008","2.09","China"
"9736","Amar Finance and Leasing Company","AMAR.KW","66881928","342.578","Kuwait"
"9737","Kuwait Emirates Holding Company","EMIRATES.KW","66714913","378.467","Kuwait"
"9738","Nordwest Handel","NWX.F","66692769","20.809","Germany"
"9739","Cettire Limited","CTT.AX","66609632","0.174719","Australia"
"9740","Pricer AB","PRIC-B.ST","66584278","0.407482","Sweden"
"9741","Lument Finance Trust","LFT","66547064","1.27","United States"
"9742","Hydrogène de France","HDF.PA","66482897","4.59434","France"
"9743","Hayah Insurance Company","HAYAH.AE","66448803","0.33","United Arab Emirates"
"9744","NFON AG","NFN.DE","66370323","3.97475","Germany"
"9745","WASGAU Produktions &amp; Handels AG","MSH.F","66354924","10.0538","Germany"
"9746","Aptech","APTECHT.NS","66257275","1.14231","India"
"9747","audius SE","3ITN.DE","66154214","13.444","Germany"
"9748","Fairwood Holdings","0052.HK","66154052","0.510634","Hong Kong"
"9749","Stabilis Solutions","SLNG","66016864","3.55","United States"
"9750","Unifi","UFI","65962732","3.55","United States"
"9751","Kooth plc","KOO.L","65960839","1.81859","United Kingdom"
"9752","NSTS Bancorp","NSTS","65948056","12.534","United States"
"9753","Viomi Technology","VIOT","65658884","0.9753","China"
"9754","Automated Systems Company KPSC","ASC.KW","65578991","655.791","Kuwait"
"9755","FingerMotion","FNGR","65571004","1.07","United States"
"9756","ImageneBio","IMA","65544072","5.86","United States"
"9757","Castellum","CTM","65528792","0.6926","United States"
"9758","Livestock Transport and Trading Company","CATTL.KW","65528440","313.214","Kuwait"
"9759","N.B.I. Industrial Finance","NBIFIN.NS","65446964","22.149","India"
"9760","iBio","IBIO","65419840","1.81","United States"
"9761","Haoxi Health Technology","HAO","65388212","1.1","China"
"9762","Gamesparcs","6542.TWO","65284680","1.59229","Taiwan"
"9763","Kuwait and Gulf Link Transport Company","KGL.KW","65160949","234.91","Kuwait"
"9764","INVL Technology UTIB","INC1L.VS","65132904","5.44774","Lithuania"
"9765","GCL Global Holdings Ltd","GCL","64715976","0.5273","Singapore"
"9766","Franklin Street Properties","FSP","64702772","0.624","United States"
"9767","Sensus Healthcare","SRTS","64695892","3.93","United States"
"9768","Aqar Real Estate Investments Company","AQAR.KW","64526143","287.765","Kuwait"
"9769","Dr. Hönle AG","HNL.DE","64487807","10.6383","Germany"
"9770","Manazel Holding Company","MANAZEL.KW","64459180","149.755","Kuwait"
"9771","MacroWell OMG Digital Entertainment","3687.TWO","64454465","2.14419","Taiwan"
"9772","Fermentalg","ALGAE.PA","64435378","0.671031","France"
"9773","Naked Wines","WINE.L","64381561","0.956445","United Kingdom"
"9774","Nilörngruppen","NIL-B.ST","64330632","5.64205","Sweden"
"9775","Loop Industries","LOOP","64288952","1.33","Canada"
"9776","Azure Power","AZREF","64166360","1","India"
"9777","5E Advanced Materials","FEAM","63928300","1.54","United States"
"9778","Entera Bio","ENTX","63706532","1.17","Israel"
"9779","Salama Cooperative Insurance Company","8050.SR","63662899","2.1221","Saudi Arabia"
"9780","LENSAR","LNSR","63623020","5.26","United States"
"9781","Mubarrad Holding Company","MUBARRAD.KW","63554456","388.254","Kuwait"
"9782","AgEagle Aerial Systems","UAVS","63543932","1.11","United States"
"9783","Lifevantage","LFVN","63511668","4.96","United States"
"9784","Yatra","YTRA","63316552","1.02","India"
"9785","Alfajar Al Alamia Co. SAOG","AFAI.OM","63296478","1.28312","Oman"
"9786","OS Therapies","OSTX","63241188","1.45","United States"
"9787","Dlala Brokerage and Investment Holding Company","DBIS.QA","63235748","0.332143","Qatar"
"9788","PyroGenesis Canada","PYR.TO","63188495","0.306612","Canada"
"9789","Regal Hotels International","0078.HK","63106699","0.0702122","Hong Kong"
"9790","BRAIN Biotech","BNN.DE","63085474","2.88754","Germany"
"9791","Jaypee Group","JPASSOCIAT.NS","63038537","0.0256818","India"
"9792","Musandam Power","MSPW.OM","62893924","0.893507","Oman"
"9793","Kandi Technologies Group","KNDI","62769536","0.73","China"
"9794","Annovis Bio","ANVS","62503628","1.81","United States"
"9795","Baird Medical Investment Holdings","BDMD","62434032","1.7","China"
"9796","Victoria PLC","VCP.L","62390641","0.540863","United Kingdom"
"9797","Oman National Engineering and Investment Co. (SAOG)","ONES.OM","62337664","0.415584","Oman"
"9798","ABO Energy","AB9.DE","62306152","6.75707","Germany"
"9799","Where Food Comes From","WFCF","62299000","12.32","United States"
"9800","Broadwind","BWEN","62254952","2.66","United States"
"9801","Garo Aktiebolag","GARO.ST","62149059","1.24298","Sweden"
"9802","Botanix Pharmaceuticals","BOT.AX","62077670","0.0228205","Australia"
"9803","Fire Rock","1909.HK","61996335","0.255317","China"
"9804","Doxa AB","DOXA.ST","61831409","0.048098","Sweden"
"9805","Genius Group","GNS","61649228","0.366","Singapore"
"9806","Imagineer","4644.T","61478899","6.37812","Japan"
"9807","Wiener Privatbank","WPB.VI","61431810","12.275","Austria"
"9808","Sharjah Insurance","SICO.AE","61271173","0.41","United Arab Emirates"
"9809","Vantiva","VANTI.PA","60641915","0.123685","France"
"9810","Exasol AG","EXL.DE","60602645","2.27964","Germany"
"9811","Coffee Day Enterprises","COFFEEDAY.NS","60575412","0.286745","India"
"9812","Mercor","MCR.WA","60499335","3.95433","Poland"
"9813","Global Self Storage","SELF","60445140","5.33","United States"
"9814","Planet Image International","YIBO","60418904","1.02","China"
"9815","Linz Textil","LTH.VI","60322654","201.076","Austria"
"9816","ARN Media","A1N.AX","60277124","0.192548","Australia"
"9817","RYTHM, Inc.","RYM","60229340","28.025","United States"
"9818","SYLA Technologies","SYT","60158036","2.26","Japan"
"9819","Clasquin SA","ALCLA.PA","60045670","1.05214","France"
"9820","InspireMD","NSPR","59905996","1.28","Israel"
"9821","Optomed","OPTOMED.HE","59753966","2.78817","Finland"
"9822","Air T, Inc.","AIRT","59728324","22.1","United States"
"9823","AS Pro Kapital Grupp","PKG1T.TL","59643622","1.05214","Estonia"
"9824","Mr.Bricolage","ALMRB.PA","59636444","5.52958","France"
"9825","5th Planet Games","5PG.OL","59614579","0.221881","Denmark"
"9826","Itera ASA","ITERA.OL","59483558","0.72674","Norway"
"9827","Ascot Resources","AOT.TO","59394492","0.0399384","Canada"
"9828","iLearningEngines","AILE","59292656","0.42","United States"
"9829","Sportsman's Warehouse","SPWH","59209096","1.52","United States"
"9830","111, Inc.","YI","59198588","6.83","China"
"9831","Muscat Finance","MFCI.OM","59035918","0.192208","Oman"
"9832","Home Federal Bancorp (HFB Bank)","HFBL","58725568","19.1","United States"
"9833","Mesa Air","MESA","58631804","1.4","United States"
"9834","LiveOne","LVO","58592288","5.03","United States"
"9835","Gulf Franchising Holding Company","GFC.KW","58568922","1464.93","Kuwait"
"9836","Caesarstone","CSTE","58435260","1.69","Israel"
"9837","Agile Content","AGIL.MC","58422958","2.54852","Spain"
"9838","Gentili Mosconi","GM.MI","58417113","3.07458","Italy"
"9839","Noodles &amp; Company","NDLS","58146204","9.875","United States"
"9840","Mashaer Holding Company K.S.C.P.","MASHAER.KW","58092139","362.153","Kuwait"
"9841","Thimar Development Holding Company","4160.SR","58054692","8.93149","Saudi Arabia"
"9842","PAVmed","PAVM","57911768","9.17","United States"
"9843","Water Intelligence plc","WATR.L","57905278","3.43512","United Kingdom"
"9844","KLX Energy Services","KLXE","57826132","2.94","United States"
"9845","Skillsoft","SKIL","57632528","6.54","United States"
"9846","MoneyHero","MNY","57528556","1.33","Singapore"
"9847","Playstudios","MYPS","57228340","0.446","United States"
"9848","İşbir Holding","ISBIR.IS","57185435","1.76569","Turkey"
"9849","Saudi Enaya Cooperative Insurance Company","8311.SR","57157810","2.48512","Saudi Arabia"
"9850","Cabka","7GW.F","57134092","2.30302","Germany"
"9851","Warba Capital Holding Company","WARBACAP.KW","56965640","1898.86","Kuwait"
"9852","BranchOut Food","BOF","56871424","3.9","United States"
"9853","Sleep Number","SNBR","56680892","2.46","United States"
"9854","Bayan Investment Holding Company","BAYANINV.KW","56535545","268.189","Kuwait"
"9855","Cato Fashion","CATO","56464620","2.87","United States"
"9856","Arizona Metals","AMC.TO","56317166","0.408816","Canada"
"9857","Meds Apotek AB","MEDS.ST","56206635","3.02639","Sweden"
"9858","Brera Holdings","SLMT","56141708","0.6801","Ireland"
"9859","MindWalk Holdings","HYFT","56054240","1.2","United States"
"9860","Nano Labs","NA","55945960","2.41","China"
"9861","Southland Holdings","SLND","55736424","1.03","United States"
"9862","VEEM Ltd","VEE.AX","55675286","0.37939","Australia"
"9863","Aiming Inc","3911.T","55500005","1.18925","Japan"
"9864","Instil Bio","TIL","55476572","8.18","United States"
"9865","Vince Holding","VNCE","55371836","4.31","United States"
"9866","The ONE Group Hospitality","STKS","54921068","1.75","United States"
"9867","Local Bounti","LOCL","54883176","2.45","United States"
"9868","Abundia Global Impact Group","AGIG","54651248","1.25","United States"
"9869","Dolphin Drilling","DDRIL.OL","54620408","0.343004","Norway"
"9870","Fractal Gaming Group","FRACTL.ST","54610678","1.87212","Sweden"
"9871","RAPCO Investment","RAPCO.AE","54349981","0.57","United Arab Emirates"
"9872","Allied Esports","AESE","54324936","1.3899","United States"
"9873","Odyssey Marine Exploration","OMEX","54159020","0.9255","United States"
"9874","Pulmonx","LUNG","54063620","1.28","United States"
"9875","Insurance House","IH.AE","54020544","0.45","United Arab Emirates"
"9876","Accuray","ARAY","53808532","0.453","United States"
"9877","Metagenomi","MGX","53797352","1.43","United States"
"9878","DEMIRE Deutsche Mittelstand Real Estate","DMRE.DE","53780087","0.509703","Germany"
"9879","Kezar Life Sciences","KZR","53591000","7.27","United States"
"9880","G5 Entertainment","G5EN.ST","53589635","6.72291","Sweden"
"9881","Trophy Games","TGAMES.CO","53533598","2.01774","Denmark"
"9882","3P Learning","3PL.AX","53520623","0.196113","Australia"
"9883","eHealth","EHTH","53445564","1.72","United States"
"9884","Cardlytics","CDLX","53424092","0.9701","United States"
"9885","ORBIS AG","OBS.DE","53358984","5.63479","Germany"
"9886","SBF AG","CY1K.DE","53332026","5.49451","Germany"
"9887","MiNK Therapeutics","INKT","53283656","10.73","United States"
"9888","Gulf Mushroom Products Company SAOG","GMPI.OM","53219086","1.05714","Oman"
"9889","Poulaillon","ALPOU.PA","53178577","10.4045","France"
"9890","Leifras","LFS","52975256","2.025","Japan"
"9891","Clipper Realty","CLPR","52799204","3.27","United States"
"9892","Bahrain Ship Repairing and Engineering Company","BASREC.BH","52519893","0.517241","Bahrain"
"9893","BBX Capital Corporation","BBXIA","52463736","3.12","United States"
"9894","Churchill China","CHH.L","52223761","4.74855","United Kingdom"
"9895","Pestech Cambodia","PEPC.KH","52138889","0.7","Cambodia"
"9896","Knightscope","KSCP","52105324","3.2","United States"
"9897","Luna Innovations","LUNA","52045528","1.5","United States"
"9898","VirTra","VTSI","51997868","4.6","United States"
"9899","Universal Electronics","UEIC","51972176","4.12","United States"
"9900","Hindustan Media Ventures","HMVL.NS","51849678","0.705296","India"
"9901","PDS Biotechnology","PDSB","51802508","0.9281","United States"
"9902","Indonesia Energy","INDO","51706788","3.45","Indonesia"
"9903","Zentek","ZTEK","51653168","0.4803","Canada"
"9904","Rein Therapeutics","RNTX","51591820","1.84","United States"
"9905","Icape Holding","ALICA.PA","51503015","6.52326","France"
"9906","Ultimate Products","ULTP.L","51475034","0.616975","United Kingdom"
"9907","Fernheizwerk Neukölln","FHW.F","51356089","22.3287","Germany"
"9908","Nanoform Finland","NANOFS.ST","51298482","0.598793","Finland"
"9909","FRIWO","CEA.DE","51274256","5.96212","Germany"
"9910","cyan AG","CYR.DE","51192395","2.36147","Germany"
"9911","Qatar Electronic Systems","TQES.QA","51094640","0.60467","Qatar"
"9912","Alarum Technologies","ALAR","51087780","6.96","Israel"
"9913","Toro Energy","TOE.AX","51037762","0.424318","Australia"
"9914","Manhattan Bridge Capital","LOAN","50860608","4.45","United States"
"9915","Sachem Capital","SACH","50845200","1.06","United States"
"9916","Elutia","ELUT","50749836","1.09","United States"
"9917","Ascent Solar Technologies","ASTI","50526480","5.34","United States"
"9918","Navigo Invest","NAVIGO-STAM.ST","50482281","0.34155","Sweden"
"9919","Wolford","WOL.VI","50454167","3.41361","Austria"
"9920","374Water","SCWO","50405556","2.89","United States"
"9921","Allied Cooperative Insurance Group","8150.SR","50256852","1.72704","Saudi Arabia"
"9922","Bragg Gaming Group","BRAG","50253468","1.965","Canada"
"9923","Dhofar Generating Company","DGEN.OM","50220469","0.225974","Oman"
"9924","electroCore","ECOR","49956388","6.18","United States"
"9925","Wallbox","WBX","49916988","2.91","Spain"
"9926","Bever Holding","BEVER.AS","49852549","2.92261","Netherlands"
"9927","Mister Spex","MRX.F","49728925","1.44961","Germany"
"9928","3U Holding","UUU.DE","49710656","1.35025","Germany"
"9929","Duxton Farms","DBF.AX","49658926","0.463541","Australia"
"9930","Estoril Sol","ESON.LS","49654883","4.1618","Portugal"
"9931","Mobile Factory","3912.T","49588347","7.63622","Japan"
"9932","Schwälbchen Molkerei","SMB.F","49567452","49.5675","Germany"
"9933","Swiss Steel","STLN.SW","49532747","1.60943","Switzerland"
"9934","Nutun Limited","NTU.JO","49510300","0.0631256","South Africa"
"9935","ATA Creativity Global","AACG","49484496","1.15","China"
"9936","AS Silvano Fashion Group","SFG1T.TL","49450548","1.37363","Estonia"
"9937","Atossa Therapeutics","ATOS","49343488","5.73","United States"
"9938","System1 Group","SYS1.L","49229360","3.87967","United Kingdom"
"9939","InterCure","INCR","49158520","0.899","Israel"
"9940","the Marygold Companies","MGLD","49108068","1.14","United States"
"9941","Mereo BioPharma Group","MREO","48938192","0.3066","United Kingdom"
"9942","Scilex Holding","SCLX","48809056","6.94","United States"
"9943","Mirza International","MIRZAINT.NS","48765925","0.35286","India"
"9944","Jaguar Uranium","JAGU","48667000","2.41","Canada"
"9945","Sino-Entertainment Technology","6933.HK","48627991","0.113616","China"
"9946","freelancer.com","FLN.AX","48234787","0.106971","Australia"
"9947","Precipio","PRPO","48212924","27.03","United States"
"9948","Hinduja Ventures","NXTDIGITAL.NS","48138727","1.43","India"
"9949","BioLargo","BLGO","48071196","0.15","United States"
"9950","HeartBeam","BEAT","47850324","0.8922","United States"
"9951","Hvidbjerg Bank","HVID.CO","47829336","28.4673","Denmark"
"9952","1-800-PetMeds","PETS","47723108","2.23","United States"
"9953","Vilniaus Baldai AB","VBL1L.VS","47703768","12.275","Lithuania"
"9954","Heritage Global","HGBL","47595928","1.37","United States"
"9955","Hutter &amp; Schrantz Stahlbau AG","HST.VI","47553957","31.798","Austria"
"9956","Qatari German Company for Medical Devices","QGMD.QA","47532693","0.411538","Qatar"
"9957","AXIL Brands","AXIL","47458128","6.961","United States"
"9958","Telomir Pharmaceuticals","TELO","47445740","1.38","United States"
"9959","Sequana Medical","SEQUA.BR","47429440","0.61141","Belgium"
"9960","Gigas Hosting","GIGA.MC","47385573","3.7877","Spain"
"9961","OT Logistics","OTS.WA","47357209","3.61539","Poland"
"9962","Prodways Group","ALPWG.PA","47320728","0.935235","France"
"9963","Heidmar Maritime Holdings","HMR","47306788","0.8101","Greece"
"9964","Sequans Communications","SQNS","47187896","2.95","France"
"9965","BLG Logistics","BLH.F","47135841","12.275","Germany"
"9966","Aram Group","ARAM.AE","47057021","0.6","United Arab Emirates"
"9967","Pattern S.p.A.","PTR.MI","47043417","3.13304","Italy"
"9968","Scienjoy Holding Corporation","SJ","46994924","1.11","China"
"9969","SCYNEXIS","SCYX","46897020","1.05","United States"
"9970","Planet13","PLTH.CN","46716917","0.142356","United States"
"9971","Jianzhi Education Technology Group","JZ","46682388","0.988","China"
"9972","HiPay Group","ALHYP.PA","46354640","7.34159","France"
"9973","Rapala VMC Corporation","RAP1V.HE","46227463","1.21237","Finland"
"9974","MS Industrie","MSAG.DE","46221434","1.55483","Germany"
"9975","Elauwit Connection","ELWT","46206176","6.98","United States"
"9976","Tubos Reunidos","TRG.MC","46197389","0.265373","Spain"
"9977","Takaful Oman Insurance SAOG","TAOI.OM","46103897","0.184416","Oman"
"9978","Ideal Power","IPWR","46060572","3.81","United States"
"9979","Phunware","PHUN","46035200","2.28","United States"
"9980","SHW AG","SW10.HM","45897679","7.13117","Germany"
"9981","Grove Collaborative","GROV","45805824","1.09","United States"
"9982","uCloudlink Group","UCL","45710700","1.2","Hong Kong"
"9983","Paref SA","PAR.PA","45709912","30.1613","France"
"9984","Enapter AG","H2O.DE","45588098","1.40285","Germany"
"9985","Vivoryon Therapeutics","05Y.F","45525895","1.53729","Germany"
"9986","Plutus Financial Group","PLUT","45436000","2.96","United States"
"9987","Celebrus Technologies","CLBS.L","45284020","1.17198","United Kingdom"
"9988","SGT German Private Equity","GAI.DE","45152941","0.975188","Germany"
"9989","Fujairah Cement Industries","FCI.AE","45064645","0.13","United Arab Emirates"
"9990","Müller - Die lila Logistik","MLL.DE","45015000","5.65817","Germany"
"9991","Pyxis Tankers","PXS","45005116","4.38","Greece"
"9992","Rallybio","RLYB","44962236","8.5","United States"
"9993","MarketWise","MKTW","44935112","17.04","United States"
"9994","Interlink Electronics","LINK","44887520","2.85","United States"
"9995","AS Ekspress Grupp","EEG1T.TL","44874710","1.44961","Estonia"
"9996","FingerTango","6860.HK","44809417","0.0233615","China"
"9997","Hyperion DeFi","HYPD","44769164","3.93","United States"
"9998","Findi Limited","FND.AX","44733899","0.574077","Australia"
"9999","Gold Hydrogen Limited","GHY.AX","44397736","0.246033","Australia"
"10000","Touax SCA","TOUP.PA","44392265","6.36395","France"
"10001","Reed's, Inc.","REED","44326608","3.75","United States"
"10002","Al Abraaj Restaurants Group","ABRAAJ.BH","44272968","2.65252","Bahrain"
"10003","Acanthe Développement","ACAN.PA","44267322","0.267711","France"
"10004","Sýn hf.","SYN.IC","44057019","0.177901","Iceland"
"10005","Hydrogen-Refueling-Solutions","ALHRS.PA","43871797","2.1978","France"
"10006","Bahrain Cinema Company","CINECO.BH","43832068","0.405836","Bahrain"
"10007","Delticom AG","DEX.DE","43786040","2.99275","Germany"
"10008","Duro Felguera","MDF.MC","43770422","0.203414","Spain"
"10009","Mauna Kea Technologies","ALMKT.PA","43763253","0.226561","France"
"10010","Sharqiyah Desalination Company SAOG","SHRQ.OM","43693434","0.446753","Oman"
"10011","Orapi SA","ORAP.PA","43596174","6.69206","France"
"10012","Qatar Cinema and Film Distribution Company","QCFS.QA","43206346","0.687912","Qatar"
"10013","Nass Corporation B.S.C.","NASS.BH","43183023","0.541114","Bahrain"
"10014","KMD Brands","KMD.NZ","43118861","0.0363423","New Zealand"
"10015","Steel &amp; Tube Holdings","STU.NZ","43055579","0.234467","New Zealand"
"10016","INMA Holding Company","IHGS.QA","43021436","0.759615","Qatar"
"10017","Barfresh Food Group","BRFH","42999960","2.67","United States"
"10018","Massimo Motor","MAMO","42473772","1.02","United States"
"10019","Koss","KOSS","42409644","4.48","United States"
"10020","Avant Technologies Inc.","AVAI","42166940","0.305","United States"
"10021","Muscat City Desalination Company","MCDE.OM","42018810","0.27013","Oman"
"10022","Orient Paper Mills","ORIENTPPR.NS","41905680","0.197495","India"
"10023","Werewolf Therapeutics","HOWL","41798120","0.8601","United States"
"10024","Live Ventures","LIVE","41774524","13.6","United States"
"10025","Dierig Holding AG","DIE.DE","41491479","10.1122","Germany"
"10026","GBK Beteiligungen AG","GBQ.HM","41427986","6.13748","Germany"
"10027","Asphere Innovations","AS.BK","41270246","0.082665","Thailand"
"10028","Century Casinos","CNTY","41225100","1.44","United States"
"10029","Tessellis","TSL.MI","41124787","0.0943418","Italy"
"10030","Actinium Pharmaceuticals","ATNM","41101240","1.31","United States"
"10031","FORTEC Elektronik AG","FEV.DE","40848944","12.5672","Germany"
"10032","Eco Wave Power Global","WAVE","40824272","7","Israel"
"10033","PAL Next AG","PAL.DE","40725063","1.19242","Germany"
"10034","Cytosorbents","CTSO","40690908","0.6479","United States"
"10035","edding AG","EDD3.F","40650371","37.877","Germany"
"10036","Beasley Broadcast Group","BBGI","40461276","22.4","United States"
"10037","Techstep ASA","TECH.OL","40361842","1.15764","Norway"
"10038","RATH Aktiengesellschaft","RAT.VI","40332007","26.888","Austria"
"10039","Kayak Inc","3904.T","40314005","2.61634","Japan"
"10040","tinyBuild","8Z3.F","40229309","0.102291","United States"
"10041","Atara Biotherapeutics","ATRA","40072760","4.9","United States"
"10042","Mayar Holding Company","9568.SR","40029249","0.333663","Saudi Arabia"
"10043","Talphera","TLPH","39989812","0.799","United States"
"10044","Palms Agro Production Company","PAPCO.KW","39940938","763.458","Kuwait"
"10045","Reading International","RDI","39871244","1.14","United States"
"10046","Metal and Recycling Company K.S.C.","MRC.KW","39680106","440.457","Kuwait"
"10047","Kartoon Studios","TOON","39604232","0.703","United States"
"10048","Destination XL","DXLG","39403280","0.7189","United States"
"10049","Future Kid Entertainment and Real Estate Company","FUTUREKID.KW","39368054","345.84","Kuwait"
"10050","Al Faleh Educational Holding","FALH.QA","39296702","0.163736","Qatar"
"10051","Al Maha Ceramics","AMCI.OM","39285715","0.714286","Oman"
"10052","Stock3 AG","BOG.DE","39279868","35.0713","Germany"
"10053","SHL Telemedicine","SHLT","39255860","2.05","Israel"
"10054","Mentice AB","MNTC.ST","39215730","1.3943","Sweden"
"10055","Wethaq Takaful Insurance Company K.S.C.P.","WETHAQ.KW","39049561","355.628","Kuwait"
"10056","TechPrecision","TPCS","38944084","3.89","United States"
"10057","LightInTheBox Holding","LITB","38931760","2.13","Singapore"
"10058","The Energy House Holding Company","ENERGYH.KW","38899055","858.075","Kuwait"
"10059","Oman Chlorine","OCHL.OM","38819086","0.542857","Oman"
"10060","People Can Fly","PCF.WA","38748029","0.909359","Poland"
"10061","3i Infotech","3IINFOLTD.NS","38738259","0.186777","India"
"10062","Ekso Bionics","EKSO","38591416","10.83","United States"
"10063","Offerpad","OPAD","38586024","0.816","United States"
"10064","Balco Group","BALCO.ST","38568685","1.67532","Sweden"
"10065","Culp","CULP","38494864","3.04","United States"
"10066","Kuwait Hotels Company K.S.C.P.","KHOT.KW","38360093","616.639","Kuwait"
"10067","System1","SST","38292068","3.83","United States"
"10068","The National Investor PRJSC","TNI.AE","38263404","0.16","United Arab Emirates"
"10069","Berentzen-Gruppe","BEZ.DE","38106274","4.05658","Germany"
"10070","Beam Global","BEEM","38046572","1.8","United States"
"10071","Qatar Oman Investment Company","QOIS.QA","37877225","0.21044","Qatar"
"10072","HWA AG","H9W.DE","37874191","3.86953","Germany"
"10073","Latch","LTCH","37779296","0.23","United States"
"10074","Bioceres Crop Solutions","BIOX","37772624","0.5919","Argentina"
"10075","Canacol Energy","CNE.TO","37737619","1.10603","Canada"
"10076","Phnom Penh SEZ","PPSP.KH","37592342","0.52","Cambodia"
"10077","Arabia Falcon Insurance Company (AFIC)","AFIC.OM","37564241","0.363636","Oman"
"10078","Orion Energy Systems","OESX","37529512","9.26","United States"
"10079","Rave Restaurant Group","RAVE","37092188","2.61","United States"
"10080","Veru","VERU","37076240","2.31","United States"
"10081","Energys Group","ENGS","36879028","1.18","United Kingdom"
"10082","CS Diagnostics","CSDX","36748852","0.147","Germany"
"10083","INmune Bio","INMB","36687656","1.38","United States"
"10084","Söktas Tekstil","SKTAS.IS","36669436","0.0733389","Turkey"
"10085","Enzo Biochem","ENZB","36587800","0.69887","United States"
"10086","Westport Fuel Systems","WPRT","36461324","2.1","Canada"
"10087","geechs","7060.T","36436399","3.58652","Japan"
"10088","Palatin Technologies","PTN","36418688","20.55","United States"
"10089","Grace Therapeutics","GRCE","36363960","2.35","United States"
"10090","Kuwait Real Estate Holding Company","ALAQARIA.KW","36275297","192.822","Kuwait"
"10091","Ekttitab Holding Company K.S.C","EKTTITAB.KW","36176585","113.54","Kuwait"
"10092","genOway","ALGEN.PA","36062421","2.92261","France"
"10093","PermRock Royalty Trust","PRT","36010568","2.96","United States"
"10094","Forsee Power","FORSE.PA","35917580","0.307137","France"
"10095","Pixelworks","PXLW","35813888","5.63","United States"
"10096","reAlpha Tech","AIRE","35679296","0.2706","United States"
"10097","CervoMed","CRVO","35646068","3.85","United States"
"10098","Arrive AI","ARAI","35426240","0.7422","United States"
"10099","The National Detergent Company SAOG","NDTI.OM","35324676","1.76623","Oman"
"10100","Gala Incorporated","4777.T","35258067","1.2581","Japan"
"10101","Raydan Food","6012.SR","35120491","4.80208","Saudi Arabia"
"10102","DIRTT Environmental Solutions","DRTT","35057372","0.3343","Canada"
"10103","Lavoro","LVRO","34951524","0.304","Brazil"
"10104","TransAct Technologies","TACT","34939348","3.4","United States"
"10105","Momentus Inc.","MNTS","34855232","5.64","United States"
"10106","VivoPower","VVPR","34755804","2.07","United Kingdom"
"10107","AiRWA Inc.","YYAI","34683224","0.823","United States"
"10108","Outlook Therapeutics","OTLK","34641240","0.2869","United States"
"10109","Softing AG","SYT.DE","34579291","3.48375","Germany"
"10110","LianBio","LIAN","34472096","0.319","United States"
"10111","Majan University College","BACS.OM","34457144","0.348052","Oman"
"10112","Nacon","NACON.PA","34395260","0.315642","France"
"10113","Hunyvers","ALHUN.PA","34295847","8.88473","France"
"10114","illumin","ILLM.TO","34280594","0.664326","Canada"
"10115","Graines Voltz","GRVO.PA","34090742","23.0302","France"
"10116","Boundless Bio","BOLD","34059024","1.52","United States"
"10117","DATRON AG","DAR.DE","33969356","8.65092","Germany"
"10118","SW Umwelttechnik Stoiser &amp; Wolschner AG","SWUT.VI","33948982","46.7617","Austria"
"10119","SolarMax Technology","SMXT","33887864","0.5955","United States"
"10120","Dalqan Real Estate Company","DALQAN.KW","33875237","561.178","Kuwait"
"10121","Varengold Bank AG","VG8.DE","33822668","3.36779","Germany"
"10122","Natuzzi","NTZ","33814848","3.07","Italy"
"10123","Rockwell Medical","RMTI","33719120","0.8557","United States"
"10124","India Globalization Capital","IGC","33561032","0.3397","United States"
"10125","Adval Tech","ADVN.SW","33427459","45.791","Switzerland"
"10126","Barka Desalination Company","BRDE.OM","33347377","0.441558","Oman"
"10127","Imugene","IMU.AX","33328489","0.0927081","Australia"
"10128","Usio","USIO","33295450","1.2","United States"
"10129","Delignit AG","DLX.DE","33287118","3.24994","Germany"
"10130","Laird Superfood","LSF","33212662","3.04","United States"
"10131","Pioneer Power Solutions","PPSI","33177836","2.99","United States"
"10132","Lilium","LILM","32897334","0.052","Germany"
"10133","U.S. Global Investors","GROW","32637174","2.6","United States"
"10134","Spencer's Retail","SPENCERS.NS","32621354","0.362411","India"
"10135","Ourgame International","6899.HK","32608905","0.0302551","China"
"10136","Halloren Schokoladenfabrik","H2RB.HM","32605678","5.51789","Germany"
"10137","SAF Tehnika A/S","SAF1R.RG","32361556","10.8955","Latvia"
"10138","Celularity","CELU","32298322","1.12","United States"
"10139","LivePerson","LPSN","32243388","2.675","United States"
"10140","IT Link SA","ALITL.PA","32106062","18.8216","France"
"10141","United Cooperative Assurance Company","8190.SR","32031647","0.800791","Saudi Arabia"
"10142","ESS Tech","GWH","31832210","1.14","United States"
"10143","Al Jazeira Services Co. SAOG","AJSS.OM","31714942","0.74026","Oman"
"10144","Laser Photonics","LASE","31626564","0.97","United States"
"10145","Skye Bioscience","SKYE","31572044","0.8988","United States"
"10146","Aeria","3758.T","31570321","1.55854","Japan"
"10147","Elbstein AG","EBS.HM","31564180","1.05214","Germany"
"10148","Oman &amp; Emirates Investment Holding Co.","OEIHC.AE","31530842","0.26","Oman"
"10149","Cryo-Cell","CCEL","31492414","3.9096","United States"
"10150","Senti Biosciences","SNTI","31455940","1.01","United States"
"10151","MariMed","MRMD","31432738","0.079","United States"
"10152","Shankara Building","SHANKARA.NS","31331372","1.29205","India"
"10153","CROOZ","2138.T","31320485","3.27356","Japan"
"10154","Enviva","EVA","31273630","0.4198","United States"
"10155","ecotel communication","E4C.DE","31271334","8.82628","Germany"
"10156","Reitar Logtech Holdings","RITR","31184410","0.4994","Hong Kong"
"10157","Ebusco Holding","EBUS.AS","30934121","0.381108","Netherlands"
"10158","Dare Bioscience","DARE","30866142","2.12","United States"
"10159","Katapult Holdings","KPLT","30641700","6.96","United States"
"10160","Energy Focus","EFOI","30586200","4.85","United States"
"10161","Harvard Bioscience","HBIO","30579272","6.78","United States"
"10162","Dhofar Tourism","DTCS.OM","30416416","2.14805","Oman"
"10163","Oman Chromite Company","OCCI.OM","30369429","8.36623","Oman"
"10164","Norse Atlantic ASA","NORSE.OL","30323027","0.186508","Norway"
"10165","Tose Software","4728.T","30314890","3.99962","Japan"
"10166","Gulf General Cooperative Insurance Company","8260.SR","30269907","1.009","Saudi Arabia"
"10167","Warimpex Finanz- und Beteiligungs AG","WXF.VI","30248044","0.581015","Austria"
"10168","Sunrise New Energy","EPOW","30208812","0.78","China"
"10169","SolarBank","SUUN","30162354","0.6477","Canada"
"10170","Adler Group","ADJ.DE","30133784","0.198737","Luxembourg"
"10171","TOP Financial Group Limited","TOP","30132744","0.8129","Hong Kong"
"10172","Myomo","MYO","30089204","0.7813","United States"
"10173","Arco Vara AS","ARC1T.TL","29948963","1.72434","Estonia"
"10174","Beamr Imaging","BMR","29817320","1.92","Israel"
"10175","BioXcel Therapeutics","BTAI","29782046","1.1","United States"
"10176","Netgem","ALNTG.PA","29732912","0.888473","France"
"10177","Maisons du Monde","MDM.PA","29582564","0.766893","France"
"10178","Shoe Zone","SHOE.L","29579413","0.639875","United Kingdom"
"10179","Reliance Communications","RCOM.NS","29337072","0.0106123","India"
"10180","Inuvo","INUV","29280312","1.99","United States"
"10181","Snail Inc","SNAL","29191808","0.6849","China"
"10182","Murano Global Investments","MRNO","29108850","0.367","United Kingdom"
"10183","Crown Crafts","CRWS","29097980","2.72","United States"
"10184","Old Market Capital Corporation","OMCC","28974532","4.25","United States"
"10185","Mobix Labs","MOBX","28841442","2.74","United States"
"10186","Solidion Technology","STI","28813944","3.72","United States"
"10187","EZGO Technologies","EZGO","28754114","1.3768","China"
"10188","Milestone Scientific","MLSS","28646810","0.324","United States"
"10189","Longeveron","LGVN","28590104","0.9764","United States"
"10190","COSOL Limited","COS.AX","28552351","0.156891","Australia"
"10191","Fun Yours Technology","6482.TWO","28382878","0.991214","Taiwan"
"10192","Kyntra Bio","KYNB","28372304","7.011","United States"
"10193","NanoViricides","NNVC","28073498","1.3","United States"
"10194","Cel-Sci","CVM","27995870","3.31","United States"
"10195","TELA Bio","TELA","27828510","0.622","United States"
"10196","Workhorse Group","WKHS","27796624","2.66","United States"
"10197","Farmer Brothers","FARM","27650552","1.26","United States"
"10198","Proximar Seafood","PROXI.OL","27488808","0.0525225","Norway"
"10199","Neonode","NEON","27356166","1.63","Sweden"
"10200","Nebelhornbahn-Aktiengesellschaft","NHB0.MU","27343462","20.2245","Germany"
"10201","BeLive Holdings","BLIV","27162004","2.5","Singapore"
"10202","Wedia SA","ALWED.PA","27123623","31.7526","France"
"10203","Aytu BioScience","AYTU","27047684","2.52","United States"
"10204","Hepsor AS","HPR1T.TL","26986064","6.89736","Estonia"
"10205","YOC AG","YOC.DE","26985994","7.76245","Germany"
"10206","DF Deutsche Forfait AG","DFTK.DE","26960158","2.26794","Germany"
"10207","Flux Power","FLUX","26888572","1.26","United States"
"10208","Lulu's Fashion Lounge","LVLU","26826658","9.39","United States"
"10209","AB INVL Baltic Farmland","INL1L.VS","26797310","8.30021","Lithuania"
"10210","Nippon Ichi Software","3851.T","26732050","5.28276","Japan"
"10211","Ohmyhome","OMH","26687416","1.04","Singapore"
"10212","Buzzfeed","BZFD","26595526","0.7066","United States"
"10213","Zoom Telephonics","MINM","26534076","3.61","United States"
"10214","Neuphoria Therapeutics","NEUP","26469294","4.91","United States"
"10215","GEE Group","JOB","26412914","0.2404","United States"
"10216","iomart Group","IOM.L","26395104","0.232376","United Kingdom"
"10217","Methaq Takaful Insurance Compnay","METHAQ.AE","26348039","0.18","United Arab Emirates"
"10218","AEON Biopharma","AEON","26315180","1.04","United States"
"10219","INTERSHOP Communications","ISHA.DE","26261416","1.38532","Germany"
"10220","Barinthus Biotherapeutics","BRNS","26102442","0.639","United Kingdom"
"10221","Hoftex Group AG","NBH.MU","26097357","4.79308","Germany"
"10222","Phaos Technology Holdings","POAS","26084896","1.903","Singapore"
"10223","Maxeon Solar Technologies","MAXN","26076450","1.54","Singapore"
"10224","Lantern Pharma","LTRN","25998350","2.31","United States"
"10225","Schlatter Industries AG","STRN.SW","25995349","23.5315","Switzerland"
"10226","LakeShore Biopharma","LSB","25840356","0.627","China"
"10227","Atlas Critical Minerals","ATCX","25836796","5.17","Brazil"
"10228","Tempest Therapeutics","TPST","25819260","1.8","United States"
"10229","Al Sharqiya Investment Holdings Company","SIHC.OM","25714286","0.285714","Oman"
"10230","Orion Digital Corp.","ORIO","25709506","1.06","Canada"
"10231","Urban One","UONE","25463754","5.64","United States"
"10232","Edia","3935.T","25367310","4.28129","Japan"
"10233","Jasper Therapeutics","JSPR","25339922","0.9051","United States"
"10234","NaaS Technology","NAAS","25315920","2.1","China"
"10235","Dragonfly Energy","DFLI","25269468","2.08","United States"
"10236","TherapeuticsMD","TXMD","25232110","2.18","United States"
"10237","Haffner Energy","ALHAF.PA","25192583","0.20809","France"
"10238","Natural Health Trends","NHTC","25133098","2.93","United States"
"10239","Primech Holdings","PMEC","24960166","0.6497","Singapore"
"10240","Nectar Lifesciences","NECLIFE.NS","24862435","0.127985","India"
"10241","National Gas Company SAOG","NGCI.OM","24727273","0.290909","Oman"
"10242","Zenvia","ZENV","24648802","0.4689","Brazil"
"10243","A.S. Création Tapeten","ACWN.DE","24328325","8.82628","Germany"
"10244","Curis","CRIS","24315042","0.6082","United States"
"10245","Muehlhan AG","M4N.HM","24215718","1.74188","Germany"
"10246","SPI Energy","SPI","24207974","0.766","United States"
"10247","Quest Resource Holding","QRHC","24103714","1.15","United States"
"10248","Femasys","FEMY","24077768","0.3987","United States"
"10249","BoomBit","BBT.WA","24055575","1.76361","Poland"
"10250","Scandinavian Enviro Systems","SES.ST","24042687","0.0219413","Sweden"
"10251","Bahrain Flour Mills Company","BFM.BH","24042077","0.530504","Bahrain"
"10252","Turbo Energy","TURB","23914108","1.99","Spain"
"10253","Serina Therapeutics","SER","23889470","1.94","United States"
"10254","U10 Corp","ALU10.PA","23737953","1.39116","France"
"10255","Wolftank-Adisa Holding","WOLF.VI","23667788","4.48113","Austria"
"10256","Inspira Technologies","IINN","23519726","0.5397","Israel"
"10257","YanGuFang International Group","YGF","23462400","0.7332","China"
"10258","q.beyond","QBY.DE","23302218","0.935235","Germany"
"10259","STS Group","SF3.DE","23224222","3.60065","Germany"
"10260","TENDA","4198.T","23172143","3.49263","Japan"
"10261","WiMi Hologram Cloud","WIMI","22891442","1.78","China"
"10262","CAVE Interactive","3760.T","22856678","3.79307","Japan"
"10263","SM Wirtschaftsberatungs AG","SMWN.DE","22705634","5.70493","Germany"
"10264","Pineapple Financial","PAPL","22697128","0.87","Canada"
"10265","Radio City","RADIOCITY.NS","22632484","0.0644169","India"
"10266","J-Long Group","JL","22607824","6.01","Hong Kong"
"10267","Cliq Digital AG","CLIQ.DE","22598646","3.85784","Germany"
"10268","VistaGen Therapeutics","VTGN","22583580","0.57","United States"
"10269","GenSight Biologics","SIGHT.PA","22504437","0.0959785","France"
"10270","Artmarket.com","PRC.PA","22394626","3.36685","France"
"10271","Cyngn","CYN","22181498","1.63","United States"
"10272","Quince Therapeutics","QNCX","22169082","1.36","United States"
"10273","NJ Holdings","9421.T","22163005","4.1874","Japan"
"10274","SIMPPLE","SPPL","21921054","2.24","Singapore"
"10275","Performance Shipping","PSHG","21880598","1.76","Greece"
"10276","MAG Interactive","MAGI.ST","21878537","0.825772","Sweden"
"10277","180 Life Sciences","ATNF","21620372","3.58","United States"
"10278","Sporting Clube de Braga","SCB.LS","21603927","18.0033","Portugal"
"10279","Leslie's","LESL","21521288","2.31","United States"
"10280","Nordecon AS","NCN1T.TL","21501664","0.699088","Estonia"
"10281","AS Amber Latvijas balzams","BAL1R.RG","21472300","2.86416","Latvia"
"10282","Innovatec","INC.MI","21422980","0.222118","Italy"
"10283","Netel Holding","NETEL.ST","21393158","0.440988","Sweden"
"10284","VYNE Therapeutics","VYNE","21333496","0.6402","United States"
"10285","Perpetuals.com","PDC","21079438","6.91","Japan"
"10286","Pyramid AG","M3B.DE","21034535","0.911854","Germany"
"10287","AltPlus","3672.T","21017372","0.250368","Japan"
"10288","Citius Pharmaceuticals","CTXR","20877208","0.933","United States"
"10289","Yuke's","4334.T","20866485","2.47864","Japan"
"10290","AppTech Payments","APCX","20738016","0.512","United States"
"10291","XOS","XOS","20467838","1.705","United States"
"10292","bet-at-home.com","ACX.DE","20428828","2.91092","Germany"
"10293","Rocky Mountain Chocolate Factory","RMCF","20252224","2.17","United States"
"10294","Harte Hanks","HHS","20168242","2.72","United States"
"10295","Almaden Minerals","AAU","20102876","0.1465","Canada"
"10296","Passat SA","PSAT.PA","19993730","5.08455","France"
"10297","Ultimate Games","ULG.WA","19888507","3.80277","Poland"
"10298","Games Operators","GOP.WA","19775896","3.5961","Poland"
"10299","EMB Mission Bound AB (publ)","EMB.ST","19775793","0.0665806","Sweden"
"10300","Reborn Coffee","REBN","19630158","2.39","United States"
"10301","Austin Gold","AUST","19580990","1.43","United States"
"10302","Ashford Hospitality Trust","AHT","19559002","3.02","United States"
"10303","Borealis Foods","BRLS","19531610","0.91","Canada"
"10304","VolitionRx","VNRX","19521406","0.144","United States"
"10305","authID","AUID","19520310","1.21","United States"
"10306","Mixed Martial Arts Group Limited (MMA)","MMA","19481292","0.7356","Australia"
"10307","Greenidge Generation Holdings","GREE","19474980","1.2","United States"
"10308","GoHealth","GOCO","19470300","1.2","United States"
"10309","Motorsport Gaming","MSGM","19450466","3.83","United States"
"10310","Cocrystal Pharma","COCP","19437920","1.41","United States"
"10311","Retractable Technologies","RVP","19390298","0.6477","United States"
"10312","Real Good Food plc","RGF","19309624","1.25","United Kingdom"
"10313","Smith Micro Software","SMSI","19234670","0.7466","United States"
"10314","Starbreeze","STAR-B.ST","19178841","0.0116084","Sweden"
"10315","Mobcast","3664.T","19071631","0.225331","Japan"
"10316","Passage Bio","PASG","18926086","5.9","United States"
"10317","Forever Entertainment","8FE.SG","18901247","0.682721","Poland"
"10318","Lipocine","LPCN","18859020","2.35","United States"
"10319","ParaZero Technologies","PRZO","18644004","0.7542","Israel"
"10320","Auga Group AB","AUG1L.VS","18543100","0.0792612","Lithuania"
"10321","DAVIDsTEA","DTEAF","18287356","0.6","Canada"
"10322","Nymox Pharmaceutical","NYMX","18253022","0.2","Bahamas"
"10323","Zee Learn","ZEELEARN.NS","18187465","0.0556086","India"
"10324","Swvl Holdings","SWVL","18135106","1.82","United Arab Emirates"
"10325","Semilux International","SELX","18052890","0.4164","Taiwan"
"10326","United Gulf Investment Corporation","UGIC.BH","18037135","0.96817","Bahrain"
"10327","UBAR Hotels & Resorts SAOG","UBAR.OM","18005728","0.327273","Oman"
"10328","Biosynex","ALBIO.PA","17970790","0.974982","France"
"10329","Geratherm Medical","GME.DE","17968115","3.32008","Germany"
"10330","Rail Vision","RVSN","17965292","8.195","Israel"
"10331","Trio Petroleum","TPET","17758910","0.525","United States"
"10332","Muscat Insurance","MCTI.OM","17754620","1.61039","Oman"
"10333","Neo-Concept International Group","NCI","17590036","0.93","Hong Kong"
"10334","Verimatrix","VMX.PA","17552063","0.201076","France"
"10335","VIA optronics AG","VIAO","17465854","0.2231","Germany"
"10336","Lead Real Estate","LRE","17461632","1.28","Japan"
"10337","Cyabra, Inc.","CYAB","17405866","1.26","United States"
"10338","Upland Software","UPLD","17327224","0.5901","United States"
"10339","Farmmi","FAMI","17269012","1.25","China"
"10340","Burgundy Diamond Mines","BDM.AX","17235825","0.0121234","Australia"
"10341","Wellgistics Health","WGRX","17186864","0.1357","United States"
"10342","All in! Games","ALG.WA","17171210","0.227064","Poland"
"10343","Dolphin Entertainment","DLPN","17014916","1.37","United States"
"10344","Scienture Holdings","SCNX","16983682","0.418","United States"
"10345","SeaStar Medical","ICU","16933368","4.24","United States"
"10346","REE Automotive","REE","16904202","0.5899","Israel"
"10347","Know Labs","KNW","16795408","2.24","United States"
"10348","SurgePays","SURG","16781426","0.668","United States"
"10349","Camber Energy","CEI","16771320","0.0954","United States"
"10350","FORIS AG","FRS.DE","16771076","3.6708","Germany"
"10351","KPS AG","KSC.DE","16597951","0.40332","Germany"
"10352","Milkfood Limited","MLKFOOD.BO","16585854","0.680357","India"
"10353","Genenta Science","GNTA","16558537","0.7019","Italy"
"10354","KAP AG","IUR.F","16526730","2.12766","Germany"
"10355","Trigon Metals","TM.V","16396013","0.299312","Canada"
"10356","GigaMedia","GIGM","16136264","1.46","Taiwan"
"10357","SODITECH","ALSEC.PA","16118686","7.0844","France"
"10358","Regentis Biomaterials","RGNT","15952484","3.08","Israel"
"10359","Forgame","0484.HK","15903576","0.0944673","China"
"10360","Appirits","4174.T","15828426","3.91826","Japan"
"10361","Guardforce AI","GFAI","15809587","0.5059","Singapore"
"10362","Movano","MOVE","15781472","13.82","United States"
"10363","Psychemedics","PMD","15738209","2.67","United States"
"10364","Omani Packaging Company","OPCI.OM","15586063","0.480519","Oman"
"10365","Bullfrog AI","BFRG","15539841","0.8424","United States"
"10366","National Biscuit Industries","NBII.OM","15327273","15.3273","Oman"
"10367","HydrogenPro ASA","HYPRO.OL","15307590","0.160247","Norway"
"10368","Hoth Therapeutics","HOTH","15260034","0.7978","United States"
"10369","Air Industries Group","AIRI","15108131","3.16","United States"
"10370","FGI Industries","FGI","15052416","7.81","United States"
"10371","Mynet","3928.T","15042178","1.75883","Japan"
"10372","Alligator Bioscience AB","ATORX.ST","14969554","0.0238328","Sweden"
"10373","FBR Limited","FBR.AX","14901481","0.00213942","Australia"
"10374","iRobot","IRBT","14843741","0.4664","United States"
"10375","Office Properties Income Trust","OPI","14795239","0.2","United States"
"10376","Top Ships","TOPS","14716707","2.71","Greece"
"10377","enish","3667.T","14590095","0.331737","Japan"
"10378","Adaptimmune Therapeutics","ADAP","14551333","0.0549","United Kingdom"
"10379","Gaming Corps","GCOR.ST","14542801","0.0999907","Sweden"
"10380","The Cannabist Company","CBSTF","14475953","0.0291","United States"
"10381","iCandy Interactive","ICI.AX","14449613","0.0112852","Australia"
"10382","Xiao-I","AIXI","14417400","1.08","China"
"10383","PopReach","INIK.V","14357596","0.0401516","Canada"
"10384","SPAR Group","SGRP","14352519","0.5948","United States"
"10385","Cloudastructure","CSAI","14351536","0.5854","United States"
"10386","The Glimpse Group","VRAR","14332026","0.68","United States"
"10387","Phio Pharmaceuticals","PHIO","14289219","1.23","United States"
"10388","Soligenix","SNGX","14119328","1.37","United States"
"10389","Predilife","ALPRE.PA","14050188","3.56558","France"
"10390","Cadrenal Therapeutics","CVKD","13862699","5.53","United States"
"10391","Perfect Moment","PMNT","13737890","0.2931","United Kingdom"
"10392","Gauzy","GAUZ","13643129","0.7279","United States"
"10393","HOOKIPA Pharma","HOOK","13614152","1.1","United States"
"10394","WonderPlanet","4199.T","13596355","5.33283","Japan"
"10395","Intensity Therapeutics","INTS","13540961","5.33","United States"
"10396","Gaxos.ai","GXAI","13490313","1.32","United States"
"10397","Renegade Gold","RAGE.V","13455770","0.335813","Canada"
"10398","Bionano Genomics","BNGO","13421320","1.21","United States"
"10399","Salem Media Group","SALM","13338478","0.42","United States"
"10400","Nauticus Robotics","KITT","13305738","3.05","United States"
"10401","WeTrade Group","WETG","13256907","5.05","China"
"10402","Future Retail","FRETAIL.NS","13121168","0.0241961","India"
"10403","Elevai Labs","ELAB","13084608","2.94","United States"
"10404","Thunderful Group","THUNDR.ST","13004884","0.0318852","Sweden"
"10405","Construction Materials Industries","CMII.OM","12987013","0.207792","Oman"
"10406","Trust Stamp","IDAI","12948270","2.45","United States"
"10407","Zwahlen &amp; Mayr SA","ZWM.SW","12858124","183.164","Switzerland"
"10408","Cyclerion Therapeutics","CYCN","12774427","2.95","United States"
"10409","hGears AG","HGEA.DE","12765957","1.2275","Germany"
"10410","Srei Infrastructure Finance","SREINFRA.NS","12675992","0.03","India"
"10411","CBL International","BANL","12626150","0.46","Malaysia"
"10412","Trinity Biotech","TRIB","12556304","0.6645","Ireland"
"10413","Linekong Interactive","8267.HK","12450100","0.0338295","China"
"10414","Solo Brands","SBDS","12172193","4.75","United States"
"10415","InterServ International","6169.TWO","12169822","0.520189","Taiwan"
"10416","Auric Minerals","AUMC.CN","12101137","0.208058","Canada"
"10417","Biofrontera","BFRI","11997772","1.03","United States"
"10418","Bertelsmann SE & Co. KGaA","BTG.F","11957880","142.764","Germany"
"10419","CytoMed Therapeutics","GDTC","11951163","1.01","Singapore"
"10420","Muscat Gas Company","MGMC.OM","11922078","0.397403","Oman"
"10421","Atlantic Sapphire","ASA.OL","11856115","0.330677","Norway"
"10422","Modern Dairies Limited","MODAIRY.BO","11852918","0.417065","India"
"10423","Financial Services Company SAOG","FSCI.OM","11844156","0.592208","Oman"
"10424","Cherry SE","C3RY.DE","11792760","0.508534","Germany"
"10425","Urgent.ly Inc.","ULY","11787284","5.38","United States"
"10426","Asmallworld AG","ASWN.SW","11772535","0.814063","Switzerland"
"10427","Jump Networks","JUMPNET.NS","11669324","0.12","India"
"10428","Allurion Technologies","ALUR","11545754","0.77","United States"
"10429","Cambium Networks","CMBM","11325767","0.401","United States"
"10430","Superior Resources","SPQ.AX","11299002","0.00427884","Australia"
"10431","Cemtrex","CETX","11287460","1.12","United States"
"10432","Imunon","IMNN","11219105","2.86","United States"
"10433","CISO Global","CISO","11183332","0.2468","United States"
"10434","CXApp","CXAI","11102931","0.162","United States"
"10435","American Uranium Limited","AMU.AX","11066550","0.0855767","Australia"
"10436","Lunai Bioworks","LNAI","11051810","0.3047","United States"
"10437","SOS Limited","SOS","10963002","1.23","China"
"10438","Renalytix","RENX.L","10891146","0.0249215","United Kingdom"
"10439","Sláturfélags Suðurlands","SFS-B.IC","10884691","0.0204015","Iceland"
"10440","Netmarble Joybomb","6468.TWO","10795915","0.94","Taiwan"
"10441","Futura Medical","FUM.L","10787343","0.0185564","United Kingdom"
"10442","Digital Hollywood Interactive","2022.HK","10690886","0.00574463","China"
"10443","cbdMD","YCBD","10600517","1.01","United States"
"10444","Aprea Therapeutics","APRE","10596369","0.8843","United States"
"10445","Phoenix Motor","PEV","10575262","0.23","United States"
"10446","Mainz Biomed","MYNZ","10564195","0.8441","Germany"
"10447","Cielo Waste Solutions","CMC.V","10522806","0.0547521","Canada"
"10448","Urban-gro","UGRO","10480421","9.29","United States"
"10449","BioLineRx","BLRX","10348645","2.3","Israel"
"10450","bioAffinity Technologies","BIAF","10346952","2.3","United States"
"10451","SINTX Technologies","SINT","10345535","2.51","United States"
"10452","Aurora Energy Metals","1AE.AX","10343493","0.0577643","Australia"
"10453","Quoin Pharmaceuticals","QNRX","10334783","5.73","United States"
"10454","Silicon Studio","3907.T","10222902","3.72422","Japan"
"10455","Inotiv","NOTV","10181400","0.296","United States"
"10456","VERSES AI","VERS.NE","10143438","0.708127","Canada"
"10457","Muscat Thread Mill","MTMI.OM","10093553","0.545455","Oman"
"10458","Elite Express","ETS","9963137","0.596","United States"
"10459","Voltage","3639.T","9948434","1.5335","Japan"
"10460","Vivid Games","VVD.WA","9824924","0.176912","Poland"
"10461","Oncodesign Precision Medicine","ALOPM.PA","9807866","0.514379","France"
"10462","Sohar Power Company SAOG","SHPS.OM","9766234","0.488312","Oman"
"10463","Groupe Airwell","ALAIR.PA","9744237","1.69511","France"
"10464","CR Energy","CRZK.DE","9729382","0.413841","Germany"
"10465","Axel Mark","3624.T","9689048","0.494476","Japan"
"10466","Clean Energy Technologies","CETY","9679354","0.7956","United States"
"10467","Superior Industries International","SUP","9576233","0.3249","United States"
"10468","Dhofar Beverages and Foodstuff Company","DBCI.OM","9454546","0.472727","Oman"
"10469","Carver Bancorp","CARV","9358167","1.77","United States"
"10470","Infinities Tech (Jiu Zun Digital)","1961.HK","9280238","0.0126382","China"
"10471","Genprex","GNPX","9225753","1.02","United States"
"10472","Evolva Holding SA","EVE.SW","9172903","1.27197","Switzerland"
"10473","Yunji","YJ","9161504","1.86","China"
"10474","BigBen Interactive","BIG.PA","9083530","0.490998","France"
"10475","GEN Restaurant Group","GENK","9011757","1.68","United States"
"10476","NuCana","NCNA","8948238","2.15","United Kingdom"
"10477","AHT Syngas Technology","3SQ1.DE","8903874","3.60065","Germany"
"10478","Gaming Factory","GIF.WA","8792653","1.44671","Poland"
"10479","BrainStorm Cell Therapeutics","BCLI","8607124","0.78","United States"
"10480","Bahrain Family Leisure Company","FAMILY.BH","8594164","0.0901857","Bahrain"
"10481","Perrot Duval","PEDU.SW","8553512","63.5987","Switzerland"
"10482","BioAtla","BCAB","8549738","5.16","United States"
"10483","enVVeno Medical Corporation","NVNO","8488997","12.95","United States"
"10484","SeaChange International","SEAC","8398952","3.25","United States"
"10485","Al Madina Investment Holding Co. SAOG","AMII.OM","8389611","0.0987013","Oman"
"10486","Locafy","LCFY","8311634","4.62","Australia"
"10487","Trinseo","TSE","8278525","0.23","United States"
"10488","Astro Corporation","3064.TWO","8254195","0.634377","Taiwan"
"10489","Novaturas AB","NTU1L.VS","8155134","1.05214","Lithuania"
"10490","Groupe OKwind","ALOKW.PA","8050871","0.970306","France"
"10491","Onfolio Holdings","ONFO","8041972","1.36","United States"
"10492","Witbe S.A.","ALWIT.PA","7975415","1.94061","France"
"10493","Northann Corp","NCL","7785923","0.1449","United States"
"10494","Don't Nod Entertainment","ALDNE.PA","7784919","0.600888","France"
"10495","Aterian","ATER","7674075","0.709","United States"
"10496","Socket Mobile","SCKT","7620215","0.9267","United States"
"10497","Expion360","XPON","7587956","0.6996","United States"
"10498","Addex Therapeutics","ADXN","7564467","6.14","Switzerland"
"10499","AlphaTON Capital Corp","ATON","7499068","0.32","British Virgin Islands"
"10500","Masonglory","MSGY","7495152","0.5269","Hong Kong"
"10501","Aptorum Group","APM","7480041","0.9185","Hong Kong"
"10502","Signing Day Sports","SGN","7408163","0.5401","United States"
"10503","Synlogic","SYBX","7335222","0.627","United States"
"10504","East Side Games","EAGR.TO","7302484","0.0949037","Canada"
"10505","AS Latvijas Juras medicinas centrs","LJM1R.RG","7294833","9.11854","Latvia"
"10506","CaliberCos","CWD","7264653","1.03","United States"
"10507","Treasure Global","TGL","7255889","4.33","Malaysia"
"10508","Gelteq Limited","GELS","7248173","0.6767","Australia"
"10509","Xenetic Biosciences","XBIO","7171005","3.13","United States"
"10510","Globavend","GVH","7134875","3.12","Australia"
"10511","Nordic Fibreboard AS","SKN1T.TL","6955041","0.818331","Estonia"
"10512","FibroBiologics","FBLG","6857866","1.51","United States"
"10513","Marpai","MRAI","6854313","0.271","United States"
"10514","Fragbite Group","FRAG.ST","6739636","0.834419","Sweden"
"10515","National Aluminium Products Company SAOG","NAPI.OM","6701316","0.781818","Oman"
"10516","Biomerica","BMRA","6644078","2.15","United States"
"10517","Innovative Eyewear","LUCY","6615693","1.05","United States"
"10518","Alaunos Therapeutics","TCRT","6563981","2.76","United States"
"10519","Heart Test Laboratories","HSCS","6496788","2.04","United States"
"10520","Al Khazna Insurance","AKIC.AE","6481481","0.06","United Arab Emirates"
"10521","BIO-key International","BKYI","6452267","0.5947","United States"
"10522","Skycorp Solar Group","PN","6446520","2.54","China"
"10523","Big Cheese Studio","BCS.WA","6380944","1.54315","Poland"
"10524","Magic Empire Global (Giraffe Capital)","MEGL","6279422","1.24","Hong Kong"
"10525","Can Fite Biopharma","CANF","6234812","2.91","Israel"
"10526","Golden Sun Education Group","GSUN","6227928","0.621","China"
"10527","Orangekloud Technology","ORKT","6219334","1.065","Singapore"
"10528","TPI Composites","TPIC","6193621","0.1271","United States"
"10529","Mangoceuticals","MGRX","6191855","0.4043","United States"
"10530","Polar Power","POLA","6188270","1.7","United States"
"10531","Co-Diagnostics","CODX","6160215","1.71","United States"
"10532","DSS, Inc. (Document Security Systems)","DSS","6125936","0.61","United States"
"10533","Bakhu Holdings","BKUH","6026059","0.02","United States"
"10534","Sonim Technologies","SONM","5998514","4.03","United States"
"10535","Veganz Group","VEZ.DE","5992099","4.31377","Germany"
"10536","Society Pass","SOPA","5982028","0.4649","Singapore"
"10537","OLB Group","OLB","5981500","0.4783","United States"
"10538","Webuy Global","WBUY","5932422","1.21","Singapore"
"10539","HomeBiogas","HMGS.TA","5885933","0.207716","Israel"
"10540","Beyond Air","XAIR","5759551","0.547","United States"
"10541","Astrotech","ASTC","5734190","3.26","United States"
"10542","Versus Systems","VS","5685945","1.16","Canada"
"10543","Global Interactive Technologies","GITS","5584796","1.52","South Korea"
"10544","Eterna Therapeutics","ERNA","5568496","0.191","United States"
"10545","Super League Enterprise","SLE","5564457","3.8101","United States"
"10546","MindMaze Therapeutics","V6M.F","5495609","0.42787","Switzerland"
"10547","Sphere 3D","ANY","5399242","1.41","Canada"
"10548","BioNexus Gene Lab","BGLC","5390610","2.23","Malaysia"
"10549","Redhill Biopharma","RDHL","5266271","1.03","Israel"
"10550","Moolec Science","MLEC","5220788","7.19","Luxembourg"
"10551","Omani Euro Food Industries","OEFI.OM","5194805","2.5974","Oman"
"10552","Talis Biomedical","TLIS","5176808","2.84","United States"
"10553","Jaguar Health","JAGX","5134803","0.3944","United States"
"10554","Pulmatrix","PULM","5113199","1.4","United States"
"10555","Foresight Autonomous Holdings","FRSX","5093149","2.125","Israel"
"10556","Akanda","AKAN","5007496","9.37","United Kingdom"
"10557","Brüder Mannesmann AG","BMM.F","4997662","1.11059","Germany"
"10558","Vislink Technologies","VISL","4983767","2.01","United States"
"10559","GreenPower Motor Company","GP","4973998","0.989","Canada"
"10560","Jet.AI","JTAI","4973984","7.69","United States"
"10561","AquaBounty","AQB","4954183","0.9625","United States"
"10562","DigiAsia Corp","FAAS","4897831","0.0807","Indonesia"
"10563","Vertex Energy","VTNR","4872095","0.0521","United States"
"10564","ManyDev Studio","MAN.WA","4854764","0.169747","Poland"
"10565","iSpecimen","ISPC","4811217","0.1622","United States"
"10566","Vivakor","VIVK","4745054","0.0159","United States"
"10567","Hydrofarm","HYFM","4717442","0.9901","United States"
"10568","Kidpik","PIK","4644903","2.38","United States"
"10569","Lucas GC","LGCL","4580208","1.64","China"
"10570","Réalités","ALREA.PA","4539283","0.956278","France"
"10571","Mallinckrodt Pharmaceuticals","MNK","4520986","0.3402","United Kingdom"
"10572","Synergy CHC","SNYR","4520410","0.3999","United States"
"10573","The Original BARK Company","BARK","4377870","0.5066","United States"
"10574","Gulf International Chemicals","GICI.OM","4363636","0.207792","Oman"
"10575","Boxlight","BOXL","4321843","1.08","United States"
"10576","Mobile-health Network Solutions","MNDR","4293332","0.84","Singapore"
"10577","VivoSim Labs","VIVS","4283888","1.48","United States"
"10578","CASI Pharmaceuticals","CASI","4263766","0.2075","United States"
"10579","QVC Group","QVCGA","4255453","0.34","United States"
"10580","AIM ImmunoTech","AIM","4236846","0.52","United States"
"10581","Aquaporin","AQP.CO","4140268","0.0906825","Denmark"
"10582","Addentax Group","ATXG","4061319","5.2","China"
"10583","Galmed Pharmaceuticals","GLMD","4058787","0.615","Israel"
"10584","LM Funding America","LMFA","4026546","0.2492","United States"
"10585","Gameone","8282.HK","4002094","0.0702122","Hong Kong"
"10586","Baosheng Media Group","BAOS","3978157","2.5925","China"
"10587","Matinas BioPharma","MTNB","3952619","0.617","United States"
"10588","PunkPirates","PUN.WA","3942991","0.13","Poland"
"10589","Ensysce Biosciences","ENSC","3933795","0.424","United States"
"10590","Vicarious Surgical","RBOT","3918320","0.55","United States"
"10591","Mynaric","M0YN.DE","3874750","0.613256","Germany"
"10592","Utenos Trikotazas AB","UTR1L.VS","3843859","0.404489","Lithuania"
"10593","Nitro Games","NITRO.ST","3811950","0.152941","Finland"
"10594","VCI Global","VCIG","3796528","1.03","Malaysia"
"10595","Focus Universal","FCUV","3749292","1.75","United States"
"10596","Titan Medical","TMD.TO","3724444","0.0326591","Canada"
"10597","U Power","UCAR","3605020","1.69","China"
"10598","Sabre Resources","SBR.AX","3565042","0.00784454","Australia"
"10599","Aethlon Medical","AEMD","3530497","2.25","United States"
"10600","Fly-E Group","FLYE","3488898","2.1373","United States"
"10601","IO Biotech","IOBT","3453544","0.048","Denmark"
"10602","Azitra","AZTR","3447370","0.2129","United States"
"10603","Unity Biotechnology","UBX","3444161","0.2001","United States"
"10604","The Payments Group Holding","PGH.DE","3440740","0.358896","Germany"
"10605","Erayak Power Solution","RAYA","3409500","3.47","China"
"10606","Avalon GloboCare","ALBT","3361073","0.4038","United States"
"10607","Golden Minerals","AUMN","3311670","0.22","United States"
"10608","Eagle Pharmaceuticals","EGRX","3289388","0.25","United States"
"10609","Wolverine Energy and Infrastructure","WEII.V","3274071","0.03","Canada"
"10610","ShiftPixy","PIXY","3265294","6.53","United States"
"10611","Tivic Health Systems","TIVC","3223278","1.12","United States"
"10612","Forza X1","FRZA","3150960","0.2","United States"
"10613","Nuwellis","NUWE","3135186","1.1895","United States"
"10614","Sonoma Pharmaceuticals","SNOA","3134563","1.8","United States"
"10615","Advent Technologies","ADN","3023365","0.9185","United States"
"10616","AS Trigon Property Development","TPD1T.TL","3019010","0.671031","Estonia"
"10617","AS PRFoods","PRF1T.TL","2995597","0.079495","Estonia"
"10618","Nok Air","NOKPF","2983349","0.0008","Thailand"
"10619","ATI Physical Therapy","ATIP","2977762","0.675","United States"
"10620","Affimed","AFMD","2975202","0.1815","Germany"
"10621","Impac Mortgage Holdings","IMPM","2925510","0.08","United States"
"10622","Netcapital","NCPL","2911570","0.371","United States"
"10623","Marin Software","MRIN","2863609","0.8981","United States"
"10624","BNB Plus Corp.","BNBX","2816732","0.497","United States"
"10625","Vaccinex","VCNX","2810468","1.05","United States"
"10626","Oragenics","OGEN","2736034","0.631","United States"
"10627","PREIT (Pennsylvania Real Estate Investment Trust)","PRET","2690436","0.4974","United States"
"10628","Xilio Therapeutics","XLO","2676465","0.5101","United States"
"10629","Staffing 360 Solutions","STAF","2654640","1.615","United States"
"10630","VS Media","VSME","2651383","0.9639","Hong Kong"
"10631","Actelis Networks","ASNS","2619020","0.098","United States"
"10632","KMC Properties","KMCP.OL","2537889","2.70085","Norway"
"10633","Propanc Biopharma","PPCB","2535676","0.116","Australia"
"10634","Fr8Tech 
 (Freight Technologies)","FRGT","2516207","0.8796","United States"
"10635","AS Siguldas Ciltslietu Un Maksligas Apseklosanas Stacija","SCM1R.RG","2493947","5.90367","Latvia"
"10636","Greenlane Holdings, Inc.","GNLN","2450486","3.89","United States"
"10637","CleanCore Solutions","ZONE","2389964","0.3004","United States"
"10638","Videndum Plc","VID.L","2271782","4.38517","United Kingdom"
"10639","Agape ATP","ATPC","2251408","2.25","Malaysia"
"10640","HUB Cyber Security","HUBC","2230770","1.74","Israel"
"10641","Adial Pharmaceuticals","ADIL","2227633","1.56","United States"
"10642","CCSC Technology International Holdings","CCTG","2206429","0.5638","Hong Kong"
"10643","Sow Good","SOWG","2203871","0.1099","United States"
"10644","Arcadia Biosciences","RKDA","2180297","1.06","United States"
"10645","Qiiwi Games","QIIWI.ST","2169423","0.234545","Sweden"
"10646","La Rosa Holdings","LRHC","2163000","2.06","United States"
"10647","Clearside Biomedical","CLSD","2145948","0.41","United States"
"10648","Blue Hat","BHAT","2091312","0.675","China"
"10649","PainReform","PRFX","2035368","2.41","Israel"
"10650","Jeffs' Brands","JFBR","2011480","3.08","Israel"
"10651","Incannex Healthcare","IXHL","1994700","0.167","Australia"
"10652","Alkaline Water Company","WTER","1992499","0.056","United States"
"10653","Cutera","CUTR","1956013","0.0969","United States"
"10654","Solid Clouds","SOLID.IC","1930998","0.002693","Iceland"
"10655","Sonendo","SONX","1905991","0.4","United States"
"10656","IM Cannabis","IMCC","1865129","0.2997","Israel"
"10657","Direct Digital Holdings","DRCT","1858413","0.663","United States"
"10658","Airesis SA","AIRE.SW","1849868","0.0298641","Switzerland"
"10659","MEP Infrastructure","MEP.NS","1849451","0.0100817","India"
"10660","Playground Ventures","PLAY.CN","1849349","0.0219008","Canada"
"10661","Cue Biopharma","CUE","1804119","0.5542","United States"
"10662","G Medical Innovations","GMVD","1776616","0.181","Israel"
"10663","Playgon Games","DEAL.V","1774677","0.00365014","Canada"
"10664","IMTE","IMTE","1757681","0.51","Australia"
"10665","zSpace","ZSPC","1732385","0.57","United States"
"10666","Trinity Place Holdings","TPHS","1697414","0.0257","United States"
"10667","VIP Gloves","VIP.AX","1683254","0.00213942","Malaysia"
"10668","Sonder Holdings","SOND","1680861","0.1263","United States"
"10669","Traeger","COOK","1642351","0.5983","United States"
"10670","CorEnergy Infrastructure Trust","CORR","1627350","0.0198","United States"
"10671","Iterum Therapeutics","ITRM","1598747","0.03","Ireland"
"10672","Lazydays Holdings","GORV","1573084","0.4211","United States"
"10673","Benson Hill","BHIL","1522391","0.249","United States"
"10674","Ayr Wellness","AYRWF","1518056","0.013","United States"
"10675","iPower","IPW","1415050","1.07","United States"
"10676","Lyra Therapeutics","LYRA","1383964","0.77975","United States"
"10677","Maximum Entertainment","8R7.F","1374249","0.026888","Sweden"
"10678","Davis Commodities","DTCK","1368533","1","Singapore"
"10679","Argo Blockchain","ARBK","1341224","4.02","United Kingdom"
"10680","22nd Century Group","XXII","1233488","1.71","United States"
"10681","Cheetah Net Supply Chain Service","CTNT","1220350","0.0331","United States"
"10682","Greene Concepts","INKW","1200776","0.00025","United States"
"10683","Virax Biolabs","VRAX","1179583","0.1589","United Kingdom"
"10684","Wheeler Real Estate Investment Trust","WHLR","1136225","1.88","United States"
"10685","Starbox Group","STBX","1135952","2.11","Malaysia"
"10686","Altamira Therapeutics","CYTO","1133556","0.3","Bermuda"
"10687","Solar Integrated Roofing","SIRC","1097545","0.0001","United States"
"10688","F45 Training","FXLV","1072684","0.011","United States"
"10689","Evofem Biosciences","EVFM","1060240","0.008","United States"
"10690","iEntertainment Network","IENT","1060047","0.0081","United States"
"10691","Danimer Scientific","DNMR","1056961","0.35","United States"
"10692","SOBR Safe","SOBR","1031018","0.5466","United States"
"10693","Mobile Global Esports (Mogo)","MGAM","966845","0.015","United States"
"10694","Edible Garden","EDBL","937531","0.5476","United States"
"10695","Aker Horizons","AKH.OL","932370","0.00135058","Norway"
"10696","T-Bull","TBL.WA","916870","0.771577","Poland"
"10697","Lucy Scientific Discovery","LSDI","906910","0.5139","Canada"
"10698","LMP Automotive Holdings","LMPX","763613","0.07","United States"
"10699","Kuuhubb","KUU.V","712506","0.01","Canada"
"10700","EUDA Health","EUDA","692066","0.3661","Singapore"
"10701","Tapinator","TAPM","673183","0.247","United States"
"10702","Maison Solutions","MSS","663138","0.1127","United States"
"10703","Tevogen Bio","TVGN","627896","0.1551","United States"
"10704","Origin Materials","ORGN","612746","0.113","United States"
"10705","Sozap","SOZAP.ST","602380","0.0270876","Sweden"
"10706","Freeze Tag","FRZT","600449","0.008","United States"
"10707","OceanPal","SVRN","600425","0.3501","Greece"
"10708","Lifeward","LFWD","583724","0.3829","Israel"
"10709","Adamas One","JEWL","570714","0.015","United States"
"10710","ProPhase Labs","PRPH","568440","0.12","United States"
"10711","Hepion Pharmaceuticals","HEPA","441572","0.038","United States"
"10712","Ontrak","OTRK","425780","0.0601","United States"
"10713","Global Bioenergies","ALGBE.PA","396471","0.0218702","France"
"10714","Viracta Therapeutics","VIRX","388698","0.00978","United States"
"10715","Kaixin Auto","KXIN","339208","5.6","China"
"10716","Petros Pharmaceuticals","PTPI","338978","0.008","United States"
"10717","NantHealth","NHIQ","329655","0.012","United States"
"10718","Compleo Charging Solutions","C0M.F","325974","0.0642974","Germany"
"10719","Exela Technologies","XELA","305261","0.011","United States"
"10720","Ampio Pharmaceuticals","AMPE","286734","0.25255","United States"
"10721","GAME HOURS","6626.TWO","285836","0.0972769","Taiwan"
"10722","Lipella Pharmaceuticals","LIPO","277250","0.06","United States"
"10723","Leafly Holdings","LFLY","232138","37","United States"
"10724","Aker Carbon Capture","ACC.OL","212397","0.00035151","Norway"
"10725","Trulite","TRUL","212013","0.0001","United States"
"10726","Kaival Brands Innovations","KAVL","203031","0.015","United States"
"10727","Fintech Scion (FintechCashier)","FINR","198743","0.001","United Kingdom"
"10728","Esports Entertainment","GMBL","195962","0.171","Malta"
"10729","Meyer Burger Technology","MBTN.SW","192618","0.00608813","Switzerland"
"10730","BloomZ","BLMZ","187531","0.128","United States"
"10731","Wearable Health Solutions","WHSI","182670","0.0001","United States"
"10732","Hallmark Financial Services","HALL","127293","0.07","United States"
"10733","Cenntro Electric Group","CENN","113554","0.0775","United States"
"10734","Loop Media","LPTV","103383","0.0007","United States"
"10735","Telesis Bio","TBIO","97671","0.055","United States"
"10736","Epiminder","EPI.AX","90393","0.417187","Australia"
"10737","Remark Holdings","MARK","80473","0.0013","United States"
"10738","Ocean Biomedical","OCEA","69709","0.0003","United States"
"10739","Vincerx Pharma","VINC","68045","0.013","United States"
"10740","PaxMedica","PXMD","63132","0.0005","United States"
"10741","Novo Integrated Sciences","NVOS","61163","0.0031","United States"
"10742","4Front Ventures","FFNTF","45760","5.0E-5","United States"
"10743","Presto Automation","PRST","41851","0.0001","United States"
"10744","Carisma Therapeutics","CARM","41845","0.001","United States"
"10745","USD Partners","USDP","33774","0.001","United States"
"10746","Vinco Ventures","BBIG","28600","0.0022","United States"
"10747","Gaming Technologies (Gametech)","GMGT","27420","0.0006","United States"
"10748","Yellow Corporation","YELLQ","27211","0.0004","United States"
"10749","Gamer Pakistan","GPAK","23021","0.0009","United States"
"10750","Movella","MVLA","20362","0.0004","United States"
"10751","Stryve Foods","SNAX","13069","0.003","United States"
"10752","Vaxxinity","VAXX","12678","0.0001","United States"
"10753","T2 Biosystems","TTOO","11218","0.0004","United States"
"10754","Trevena","TRVN","9501","0.011","United States"
"10755","Syros Pharmaceuticals","SYRS","8049","0.0003","United States"
"10756","Triterras","TRIRF","7652","0.0001","Singapore"
"10757","Virtual Interactive Technologies","VRVR","4125","0.0005","Bermuda"
"10758","Viveve Medical","VIVE","2144","0.0002","United States"
"10759","ToughBuilt Industries","TBLT","1300","0.0003","United States"
"10760","Hempacco","HPCO","1184","0.0002","United States"
"10761","eFFECTOR Therapeutics","EFTR","940","0.0002","United States"
"10762","Grom Social Enterprises","GROM","902","0.0001","United States"
"10763","Minerva Surgical","UTRS","887","0.0001","United States"
"10764","Lightning eMotors","ZEVY","659","0.0001","United States"
"10765","Calithera Biosciences","CALA","487","0.0001","United States"
"10766","Star Micronics","7718.T","69","13.7827","Japan"
"10767","Qiwi","QIWI.ME","0","2.56","Cyprus"
"10768","Rosseti","RSTI.ME","0","0","Russia"
"10769","X5 Retail Group","FIVE.ME","0","32.42","Netherlands"
"10770","Pollux Properti Indonesia","POLL.JK","0","0.00690974","Indonesia"
"10771","Tunas Ridean","TURI.JK","0","0.1","Indonesia"
"10772","Agility Global","AGILITY.AE","0","0","United Arab Emirates"
"10773","Amlak Finance","AMLAK.AE","0","0","United Arab Emirates"
"10774","Drake and Scull International","DSI.AE","0","0","United Arab Emirates"
"10775","Dubai Islamic Insurance &amp; Reinsurance","AMAN.AE","0","0","United Arab Emirates"
"10776","Air Arabia","AIRARABIA.AE","0","0","United Arab Emirates"
"10777","Aramex","ARMX.AE","0","0","United Arab Emirates"
"10778","Dubai Taxi Company","DTC.AE","0","0","United Arab Emirates"
"10779","Emirates Central Cooling Systems","EMPOWER.AE","0","0","United Arab Emirates"
"10780","Ajman Bank","AJMANBANK.AE","0","0","United Arab Emirates"
"10781","Al Ansari Financial Services","ALANSARI.AE","0","0","United Arab Emirates"
"10782","Watania International","WATANIA.AE","0","0","United Arab Emirates"
"10783","Carasent ASA","CARA.OL","0","1.57626","Norway"
"10784","Sultan Center Food Products Company","SULTAN.KW","0","0","Kuwait"
"10785","Héroux-Devtek","HRX.TO","0","18.597","Canada"
"10786","Rex Minerals","RXM.AX","0","0.295872","Australia"
"10787","Greenthesis S.p.A.","GTH.MI","0","2.48305","Italy"
"10788","Relatech S.p.A.","RLT.MI","0","2.69088","Italy"
"10789","Defence Tech Holding S.p.A.","DTH.MI","0","3.81755","Italy"
"10790","Marlowe plc","MRL.L","0","588.911","United Kingdom"
"10791","Anexo Group Plc","ANX.L","0","80.3296","United Kingdom"
"10792","GigCapital9","GIXXU","0","0","United States"
"10793","Optimum Communications","OPTU","0","0","United States"
"10794","Valiant Gold","VAL.AX","0","0","Australia"
"10795","Capital Tankers Corp.","CAPT.OL","0","0","Greece"
