"Rank","Name","Symbol","marketcap","price (USD)","country"
"1","NVIDIA","NVDA","4833535328256","198.87","United States"
"2","Alphabet (Google)","GOOG","4046083850240","334.47","United States"
"3","Apple","AAPL","3915968151552","266.43","United States"
"4","Microsoft","MSFT","3056342401024","411.22","United States"
"5","Amazon","AMZN","2672431464448","248.5","United States"
"6","TSMC","TSM","1945457917952","375.1","Taiwan"
"7","Broadcom","AVGO","1880958042112","396.72","United States"
"8","Saudi Aramco","2222.SR","1775857771694","7.34106","Saudi Arabia"
"9","Meta Platforms (Facebook)","META","1698798895104","671.58","United States"
"10","Tesla","TSLA","1470765727744","391.95","United States"
"11","Berkshire Hathaway","BRK-B","1022550933504","474.09","United States"
"12","Walmart","WMT","994636988416","124.76","United States"
"13","Samsung","005930.KS","972267269466","147.35","South Korea"
"14","JPMorgan Chase","JPM","825103089664","305.93","United States"
"15","Eli Lilly","LLY","810018865152","905.03","United States"
"16","Exxon Mobil","XOM","619368873984","149.01","United States"
"17","Visa","V","609086996480","315.91","United States"
"18","ASML","ASML","581829853184","1481.77","Netherlands"
"19","Tencent","TCEHY","581050302464","64.25","China"
"20","Johnson & Johnson","JNJ","575170609152","238.67","United States"
"21","SK Hynix","000660.KS","555506328980","784.284","South Korea"
"22","Micron Technology","MU","514506096640","456.23","United States"
"23","Oracle","ORCL","488381382656","169.81","United States"
"24","Mastercard","MA","464031907840","519.96","United States"
"25","Netflix","NFLX","456893923328","107.71","United States"
"26","Costco","COST","437100412928","984.75","United States"
"27","AMD","AMD","420841652224","258.12","United States"
"28","ICBC","1398.HK","417048281210","0.891403","China"
"29","Bank of America","BAC","389837357056","54.32","United States"
"30","AbbVie","ABBV","368645439488","208.42","United States"
"31","Chevron","CVX","368322019328","184.91","United States"
"32","China Construction Bank","601939.SS","364532960666","1.39347","China"
"33","Caterpillar","CAT","360423817216","770.17","United States"
"34","Agricultural Bank of China","601288.SS","360378569529","1.0297","China"
"35","Palantir","PLTR","339976683520","142.15","United States"
"36","Home Depot","HD","337563746304","338.91","United States"
"37","Procter & Gamble","PG","335040839680","143.38","United States"
"38","Roche","RO.SW","334036408080","419.845","Switzerland"
"39","Lam Research","LRCX","333048905728","265.16","United States"
"40","PetroChina","0857.HK","332333755226","1.35754","China"
"41","General Electric","GE","331137712128","313.93","United States"
"42","Intel","INTC","326064439296","64.94","United States"
"43","Cisco","CSCO","325412159488","82.36","United States"
"44","Coca-Cola","KO","324145774592","75.31","United States"
"45","Alibaba","BABA","318773264384","133.28","China"
"46","HSBC","HSBC","315059470336","90.93","United Kingdom"
"47","Applied Materials","AMAT","312888623104","394.26","United States"
"48","AstraZeneca","AZN","311932551168","201.21","United Kingdom"
"49","Morgan Stanley","MS","304265756672","191.62","United States"
"50","CATL","300750.SZ","303930786692","65.8115","China"
"51","Novartis","NVS","293551439872","152.08","Switzerland"
"52","Merck","MRK","291495018496","117.9","United States"
"53","UnitedHealth","UNH","285055582208","314.05","United States"
"54","LVMH","MC.PA","282156647541","569.016","France"
"55","Toyota","TM","277857337344","213.18","Japan"
"56","Bank of China","601988.SS","273177518136","0.847818","China"
"57","Kweichow Moutai","600519.SS","269551721573","215.25","China"
"58","RTX","RTX","267027841024","198.39","United States"
"59","Goldman Sachs","GS","266926292992","899.49","United States"
"60","GE Vernova","GEV","265734488064","985.92","United States"
"61","Nestlé","NESN.SW","258361197180","100.443","Switzerland"
"62","Shell","SHEL","252428091392","89.84","United Kingdom"
"63","Wells Fargo","WFC","246888120320","80.29","United States"
"64","Royal Bank Of Canada","RY","245651390464","175.95","Canada"
"65","Philip Morris International","PM","244985380864","157.19","United States"
"66","International Holding Company","IHC.AE","233448058355","106.43","United Arab Emirates"
"67","Linde","LIN","230742474752","497.94","United Kingdom"
"68","Citigroup","C","230367821824","131.69","United States"
"69","IBM","IBM","229722554368","244.8","United States"
"70","KLA","KLAC","229688262656","1748.11","United States"
"71","China Mobile","0941.HK","228267288168","10.4274","China"
"72","American Express","AXP","225937211392","329.06","United States"
"73","L'Oréal","OR.PA","225828864760","423.072","France"
"74","Prosus","PRX.AS","218989293501","50.1181","Netherlands"
"75","Commonwealth Bank","CBA.AX","218254510123","130.525","Australia"
"76","McDonald","MCD","217698074624","306.26","United States"
"77","Siemens","SIE.DE","213809501032","280.316","Germany"
"78","T-Mobile US","TMUS","212728774656","190.19","United States"
"79","Pepsico","PEP","211670810624","154.85","United States"
"80","Mitsubishi UFJ Financial","MUFG","208256172032","18.45","Japan"
"81","SAP","SAP","203314479104","172.9","Germany"
"82","Hermès","RMS.PA","202578113116","1932.34","France"
"83","BHP Group","BHP","201881223168","79.47","Australia"
"84","Thermo Fisher Scientific","TMO","197579931648","531.67","United States"
"85","Texas Instruments","TXN","196924112896","216.29","United States"
"86","Reliance Industries","RELIANCE.NS","195022793771","14.4115","India"
"87","Arista Networks","ANET","194345467904","154.33","United States"
"88","Inditex","ITX.MC","194263769829","62.3686","Spain"
"89","Nextera Energy","NEE","190263033856","91.24","United States"
"90","Verizon","VZ","189922312192","45.03","United States"
"91","Amgen","AMGN","187714142208","348.22","United States"
"92","TotalEnergies","TTE","185658900480","87.06","France"
"93","Walt Disney","DIS","182729801728","103.04","United States"
"94","Novo Nordisk","NVO","181695725568","40.81","Denmark"
"95","Amphenol","APH","180701708288","146.98","United States"
"96","Santander","SAN","180010106880","12.49","Spain"
"97","AT&T","T","178234687488","25.46","United States"
"98","TJX Companies","TJX","177930141696","160.23","United States"
"99","Schneider Electric","SU.PA","176648096684","314.323","France"
"100","Abbott Laboratories","ABT","176479076352","101.56","United States"
"101","Boeing","BA","175974072320","223.93","United States"
"102","Charles Schwab","SCHW","175694135296","100.27","United States"
"103","Toronto Dominion Bank","TD","174361149440","103.99","Canada"
"104","Gilead Sciences","GILD","173483048960","139.77","United States"
"105","Allianz SE","ALV.DE","173351660593","455.898","Germany"
"106","Foxconn Industrial Internet","601138.SS","173335627571","8.73487","China"
"107","Siemens Energy","ENR.F","171876810382","200.945","Germany"
"108","SoftBank","9984.T","171111531813","30.0261","Japan"
"109","Analog Devices","ADI","169865756672","347.94","United States"
"110","Arm Holdings","ARM","169218850816","159.34","United Kingdom"
"111","CNOOC","0883.HK","168205483409","3.41492","China"
"112","ABB","ABBN.SW","168191523194","92.6732","Switzerland"
"113","Salesforce","CRM","166411206656","177.6","United States"
"114","Intuitive Surgical","ISRG","166347276288","468.36","United States"
"115","Shopify","SHOP","165758779392","127.41","Canada"
"116","CM Bank","3968.HK","165226080489","6.55143","China"
"117","BlackRock","BLK","163100852224","1048.6","United States"
"118","Deutsche Telekom","DTE.DE","163095458278","33.7112","Germany"
"119","Rio Tinto","RIO","160274579456","98.56","United Kingdom"
"120","Airbus","AIR.PA","160000509214","202.716","Netherlands"
"121","Blackstone Group","BX","159126290432","130.19","United States"
"122","Uber","UBER","159051202560","77.28","United States"
"123","Iberdrola","IBE.MC","158712414164","23.4857","Spain"
"124","AppLovin","APP","157024043008","464.63","United States"
"125","China Life Insurance","601628.SS","156466445163","5.53575","China"
"126","Southern Copper","SCCO","156374204416","189.3","United States"
"127","Ping An Insurance","601318.SS","155777516900","8.60286","China"
"128","Deere &amp; Company (John Deere)","DE","155754676224","576.64","United States"
"129","Pfizer","PFE","154666418176","27.19","United States"
"130","Eaton","ETN","153441304576","395.06","Ireland"
"131","Safran","SAF.PA","151451249271","364.624","France"
"132","Delta Electronics","2308.TW","151139674068","58.1856","Taiwan"
"133","Hitachi","6501.T","149030552736","32.9424","Japan"
"134","Welltower","WELL","148888436736","211.33","United States"
"135","Union Pacific Corporation","UNP","147250020352","248.03","United States"
"136","Honeywell","HON","147127926784","232.19","United States"
"137","Booking Holdings (Booking.com)","BKNG","147035602944","185.69","United States"
"138","Anheuser-Busch Inbev","BUD","146168840192","75.27","Belgium"
"139","Rolls-Royce Holdings","RR.L","145465103812","17.4621","United Kingdom"
"140","ConocoPhillips","COP","145360568320","118.92","United States"
"141","China Shenhua Energy","601088.SS","144946182654","6.6828","China"
"142","Fast Retailing","9983.T","144817411946","471.964","Japan"
"143","PDD Holdings (Pinduoduo)","PDD","144761356288","101.97","China"
"144","Corning","GLW","144546430976","168.27","United States"
"145","QUALCOMM","QCOM","142103412736","133.05","United States"
"146","Lockheed Martin","LMT","140835389440","611.1","United States"
"147","Danaher","DHR","140223561728","198.14","United States"
"148","BYD","002594.SZ","140097922220","15.3663","China"
"149","HDFC Bank","HDB","139257692160","27.14","India"
"150","Zijin Mining","601899.SS","137370730665","5.16612","China"
"151","Sumitomo Mitsui Financial Group","SMFG","136939053056","21.52","Japan"
"152","Lowe's Companies","LOW","136866553856","243.99","United States"
"153","UBS","UBS","136213544960","43.11","Switzerland"
"154","Interactive Brokers","IBKR","135488167936","79.69","United States"
"155","Palo Alto Networks","PANW","133913763840","164.11","United States"
"156","Tokyo Electron","8035.T","132618034594","290.309","Japan"
"157","Petrobras","PBR","132367294464","20.54","Brazil"
"158","Sandisk","SNDK","131618734080","891.72","United States"
"159","Banco Bilbao Vizcaya Argentaria","BBVA","131328663552","23.31","Spain"
"160","Stryker Corporation","SYK","130689540096","341.24","United States"
"161","Prologis","PLD","130297880576","139.77","United States"
"162","Zhongji Innolight","300308.SZ","130107188696","117.096","China"
"163","Advantest","6857.T","129963907805","179.01","Japan"
"164","S&P Global","SPGI","128657301504","430.58","United States"
"165","Chubb","CB","127995691008","327.27","Switzerland"
"166","DBS Group","D05.SI","127993267460","45.1056","Singapore"
"167","Air Liquide","AI.PA","127532011458","220.994","France"
"168","Unilever","UL","126861942784","58.09","United Kingdom"
"169","Capital One","COF","126239670272","202.98","United States"
"170","Investor AB","INVE-B.ST","125927489199","41.1029","Sweden"
"171","Sony","SONY","125478854656","21.24","Japan"
"172","Western Digital","WDC","124793241600","365","United States"
"173","UniCredit","UCG.MI","124193024170","82.8905","Italy"
"174","Delta Electronics (Thailand)","DELTA.BK","123994977500","9.94042","Thailand"
"175","Newmont","NEM","122973298688","113.04","United States"
"176","British American Tobacco","BTI","122737836032","56.68","United Kingdom"
"177","Parker-Hannifin","PH","121642442752","963.76","United States"
"178","Bharti Airtel","BHARTIARTL.NS","121201124423","19.8969","India"
"179","BP","BP","120445280256","46.12","United Kingdom"
"180","Accenture","ACN","119394418688","194","Ireland"
"181","Intesa Sanpaolo","ISP.MI","118915747164","6.83906","Italy"
"182","BNP Paribas","BNP.PA","118849042673","107.888","France"
"183","Bristol-Myers Squibb","BMY","118196060160","57.89","United States"
"184","Progressive","PGR","117901934592","201.23","United States"
"185","Marvell Technology","MRVL","117702082560","134.6","United States"
"186","Dell","DELL","117481611264","177.28","United States"
"187","Mitsubishi Corporation","8058.T","117449644577","31.9787","Japan"
"188","Sanofi","SNY","116948369408","48.02","France"
"189","Al Rajhi Bank","1120.SR","116540061394","29.135","Saudi Arabia"
"190","Seagate Technology","STX","116403576832","519.6","Ireland"
"191","GSK plc","GSK","115471949824","57.81","United Kingdom"
"192","Compagnie Financière Richemont","CFR.SW","115407103660","196.291","Switzerland"
"193","Vertiv Holdings","VRT","115223355392","301.16","United States"
"194","Enbridge","ENB","114824282112","52.61","Canada"
"195","Enel","ENEL.MI","114113430118","11.4996","Italy"
"196","AIA","1299.HK","112726114232","10.7977","Hong Kong"
"197","Vertex Pharmaceuticals","VRTX","112350691328","441.7","United States"
"198","Starbucks","SBUX","112038756352","98.34","United States"
"199","KIOXIA Holdings Corporation","285A.T","111889712141","205.276","Japan"
"200","Medtronic","MDT","111826378752","87.1","Ireland"
"201","EssilorLuxottica","EL.PA","111133327692","241.587","France"
"202","Spotify","SPOT","109358514176","531.17","Sweden"
"203","HCA Healthcare","HCA","109257334784","488.58","United States"
"204","Intuit","INTU","108448972800","389.72","United States"
"205","Agnico Eagle Mines","AEM","108030148608","214.4","Canada"
"206","CME Group","CME","107717722112","296.9","United States"
"207","Altria Group","MO","107703672832","64.42","United States"
"208","Mizuho Financial Group","MFG","107292983296","8.8","Japan"
"209","Mitsui Bussan","8031.T","106982403732","37.6727","Japan"
"210","Zurich Insurance Group","ZURN.SW","106801581786","715.017","Switzerland"
"211","Constellation Energy","CEG","106779107328","294.73","United States"
"212","Southern Company","SO","106688053248","94.64","United States"
"213","McKesson","MCK","106569031680","863.42","United States"
"214","State Bank of India","SBIN.NS","106047297619","11.4886","India"
"215","Bank of Montreal","BMO","105964593152","149.49","Canada"
"216","Brookfield Corporation","BN","105162506240","46.5","Canada"
"217","ICICI Bank","IBN","105067175936","28.46","India"
"218","CrowdStrike","CRWD","104275976192","411.16","United States"
"219","Equinix","EQIX","103848558592","1052.98","United States"
"220","Itaú Unibanco","ITUB","103490568192","9.39","Brazil"
"221","Comcast","CMCSA","103122214912","28.3","United States"
"222","Xiaomi","XIACF","102995165184","3.985","China"
"223","Trane Technologies","TT","102567591936","462.56","Ireland"
"224","AXA","CS.PA","102272744660","49.7579","France"
"225","Howmet Aerospace","HWM","101854814208","254.04","United States"
"226","Sinopec","600028.SS","100216967001","0.82875","China"
"227","Adobe","ADBE","99732455424","244.66","United States"
"228","Duke Energy","DUK","99596173312","127.98","United States"
"229","Tata Consultancy Services","TCS.NS","99112761540","27.3937","India"
"230","CIBC (Canadian Imperial Bank of Commerce)","CM","98744352768","107.29","Canada"
"231","Freeport-McMoRan","FCX","98735751168","68.7","United States"
"232","ServiceNow","NOW","98522742784","94.19","United States"
"233","Westpac Banking","WBC.AX","98124124279","28.7048","Australia"
"234","Dior","CDI.PA","97778316815","541.977","France"
"235","Keyence","6861.T","96926371769","399.655","Japan"
"236","Mitsubishi Heavy Industries","7011.T","96848680634","28.823","Japan"
"237","Marriott International","MAR","96385482752","363.74","United States"
"238","Northrop Grumman","NOC","96382279680","678.59","United States"
"239","KKR & Co.","KKR","96177504256","103.85","United States"
"240","CVS Health","CVS","96107503616","74.99","United States"
"241","Boston Scientific","BSX","96021774336","64.61","United States"
"242","Canadian Natural Resources","CNQ","95708790784","45.77","Canada"
"243","National Australia Bank","NAB.AX","95631207651","31.2974","Australia"
"244","China Yangtze Power","600900.SS","95360545208","3.89732","China"
"245","Hyundai","005380.KS","95268405034","365.999","South Korea"
"246","MercadoLibre","MELI","94911209472","1872.12","Argentina"
"247","MediaTek","2454.TW","94895095304","59.454","Taiwan"
"248","Intercontinental Exchange","ICE","93742678016","165.07","United States"
"249","Grupo México","GMBXF","93419995136","12","Mexico"
"250","Atlas Copco","ATCO-B.ST","93333876558","17.6483","Sweden"
"251","Scotiabank","BNS","93242138624","75.36","Canada"
"252","BNY Mellon (Bank of New York Mellon)","BK","92022194176","131.96","United States"
"253","Foxconn (Hon Hai Precision Industry)","2317.TW","91868856222","6.57957","Taiwan"
"254","General Dynamics","GD","91784241152","338.88","United States"
"255","Equinor","EQNR","91761164288","36.82","Norway"
"256","Sberbank","SBER.ME","91162885609","4.17","Russia"
"257","Waste Management","WM","90722312192","224.93","United States"
"258","Bank of Communications","601328.SS","89951544637","1.01797","China"
"259","PNC Financial Services","PNC","89781944320","222.06","United States"
"260","Chugai Pharmaceutical","4519.T","89665166609","54.4841","Japan"
"261","Postal Savings Bank of China","601658.SS","89663926436","0.746608","China"
"262","BAE Systems","BA.L","89583179919","30.5532","United Kingdom"
"263","CaixaBank","CABK.MC","89401602508","12.8232","Spain"
"264","Glencore","GLCNF","89235955712","7.56","Switzerland"
"265","Itōchū Shōji","8001.T","88808945969","12.692","Japan"
"266","Quanta Services","PWR","88806572032","591.82","United States"
"267","United Parcel Service","UPS","88000618496","103.57","United States"
"268","U.S. Bancorp","USB","87581827072","56.37","United States"
"269","Vinci","DG.PA","87522849642","158.106","France"
"270","National Grid","NGG","87393058816","87.86","United Kingdom"
"271","FedEx","FDX","87072382976","364.92","United States"
"272","Midea","000333.SZ","86534732690","11.3795","China"
"273","Williams Companies","WMB","86529359872","70.76","United States"
"274","ENGIE","ENGI.PA","86348276039","33.9828","France"
"275","Munich RE (Münchener Rück)","MUV2.DE","85066178203","664.777","Germany"
"276","ING","ING","85017542656","29.52","Netherlands"
"277","Marsh & McLennan Companies","MRSH","84673331200","174.9","United States"
"278","Tokio Marine","8766.T","84279327569","43.7447","Japan"
"279","Synopsys","SNPS","83990372352","438.45","United States"
"280","Johnson Controls","JCI","83981606912","137.21","Ireland"
"281","Cadence Design Systems","CDNS","83959595008","304.1","United States"
"282","Cummins","CMI","83156312064","601.46","United States"
"283","Rheinmetall","RHM.F","82843407762","1790.29","Germany"
"284","American Tower","AMT","82542845952","176.99","United States"
"285","Airbnb","ABNB","82439168000","137.51","United States"
"286","Lloyds Banking Group","LYG","82018271232","5.61","United Kingdom"
"287","Carvana","CVNA","81898553344","371.08","United States"
"288","Barclays","BCS","81846181888","23.91","United Kingdom"
"289","ANZ Bank","ANZ.AX","81662383965","27.369","Australia"
"290","Sherwin-Williams","SHW","81478254592","328.84","United States"
"291","Shin-Etsu Chemical","4063.T","80835436674","43.5369","Japan"
"292","OCBC Bank","O39.SI","80583064566","17.9509","Singapore"
"293","Cambricon Technologies","688256.SS","80515735441","190.938","China"
"294","Enterprise Products","EPD","80201318400","37.1","United States"
"295","Brookfield Asset Management","BAM","79992758272","48.83","Canada"
"296","ENI","E","79945588736","54.22","Italy"
"297","Regeneron Pharmaceuticals","REGN","79705333760","753.93","United States"
"298","3M","MMM","79658106880","151.24","United States"
"299","Automatic Data Processing","ADP","79644041216","196.92","United States"
"300","Moody's","MCO","79533907968","446.81","United States"
"301","America Movil","AMX","79088082944","26.28","Mexico"
"302","Emerson","EMR","78947205120","140.4","United States"
"303","NTT (Nippon Telegraph &amp; Telephone)","9432.T","78930065382","0.969376","Japan"
"304","SLB (Schlumberger)","SLB","78689402880","52.42","United States"
"305","Robinhood","HOOD","78614929408","87.32","United States"
"306","O'Reilly Automotive","ORLY","78482382848","93.6","United States"
"307","CSX Corporation","CSX","78305697792","42.1","United States"
"308","DoorDash","DASH","78168506368","179.935","United States"
"309","Eoptolink Technology","300502.SZ","77814859222","78.2838","China"
"310","Cement Roadstone Holding","CRH","77651615744","116.21","Ireland"
"311","SMIC","0981.HK","77078165583","7.61779","China"
"312","Royal Caribbean Group","RCL","76989595648","282.31","United States"
"313","Vale","VALE","76913344512","17.62","Brazil"
"314","Simon Property Group","SPG","76741427200","201.61","United States"
"315","Mitsubishi Electric","6503.T","76588876080","37.4271","Japan"
"316","Ecolab","ECL","76358918144","270.37","United States"
"317","Illinois Tool Works","ITW","76197199872","264.39","United States"
"318","Hilton Worldwide","HLT","75416305664","328.91","United States"
"319","Ma'aden","1211.SR","75311024568","19.4056","Saudi Arabia"
"320","TAQA","TAQA.AE","75303089484","0.67","United Arab Emirates"
"321","Suncor Energy","SU","74979164160","62.97","Canada"
"322","Nu Holdings","NU","74561593344","15.34","Brazil"
"323","NetEase","NTES","74528972800","115.87","China"
"324","Monster Beverage","MNST","73301827584","74.93","United States"
"325","Motorola Solutions","MSI","73164488704","440.21","United States"
"326","American Electric Power","AEP","73049489408","134.39","United States"
"327","CPKC (Canadian Pacific Kansas City)","CP","72690573312","81.01","Canada"
"328","Mondelez International","MDLZ","72617975808","56.58","United States"
"329","General Motors","GM","72557953024","77.78","United States"
"330","Ross Stores","ROST","72500174848","224.15","United States"
"331","Barrick Gold","B","72337719296","43.07","Canada"
"332","TransDigm Group","TDG","71986282496","1274.69","United States"
"333","The Cigna Group","CI","71758012416","268.63","United States"
"334","China Telecom","0728.HK","71422770330","0.623216","China"
"335","Volvo Group","VOLV-A.ST","71316000264","34.9905","Sweden"
"336","EOG Resources","EOG","71026106368","132.39","United States"
"337","Cintas","CTAS","70599376896","176.46","United States"
"338","Kinder Morgan","KMI","70526763008","31.7","United States"
"339","Aon","AON","70515957760","328.08","United Kingdom"
"340","Valero Energy","VLO","70271164416","235","United States"
"341","Apollo Global Management","APO","69964136448","120.54","United States"
"342","Meituan","3690.HK","69783970671","11.3022","China"
"343","The Saudi National Bank","1180.SR","69368054307","11.686","Saudi Arabia"
"344","Infineon","IFX.DE","68750952434","52.7984","Germany"
"345","TE Connectivity","TEL","68731330560","234.15","Switzerland"
"346","Elevance Health","ELV","68678877184","311.18","United States"
"347","Digital Realty","DLR","68453232640","195.69","United States"
"348","Warner Bros. Discovery","WBD","68184100864","27.2","United States"
"349","ADNOC Gas","ADNOCGAS.AE","68121325655","0.89","United Arab Emirates"
"350","CITIC Bank","601998.SS","67745487305","1.21746","China"
"351","NatWest Group","NWG","67517845504","16.94","United Kingdom"
"352","Canadian National Railway","CNI","67303628800","109.94","Canada"
"353","Ciena","CIEN","67302653952","475.76","United States"
"354","Nike","NKE","67291504640","45.44","United States"
"355","Wheaton Precious Metals","WPM","67182039040","147.61","Canada"
"356","Colgate-Palmolive","CL","66984181760","83.49","United States"
"357","Cloudflare","NET","66922012672","190.13","United States"
"358","Norfolk Southern","NSC","66857336832","297.71","United States"
"359","Nongfu Spring","9633.HK","66527843267","5.91544","China"
"360","L3Harris Technologies","LHX","66480836608","355.92","United States"
"361","Monolithic Power Systems","MPWR","66456653824","1353","United States"
"362","Hong Kong Exchanges & Clearing","0388.HK","66249704341","52.4115","Hong Kong"
"363","LG Energy Solution","373220.KS","65782108359","281.12","South Korea"
"364","Marathon Petroleum","MPC","65735897088","223.03","United States"
"365","Air Products and Chemicals","APD","65730277376","295.21","United States"
"366","Japan Tobacco","2914.T","65530672725","36.9106","Japan"
"367","Macquarie Group Limited","MQG.AX","65445935945","171.712","Australia"
"368","Thales","HO.PA","65327186796","317.865","France"
"369","Republic Services","RSG","65149591552","210.87","United States"
"370","Manulife Financial","MFC","65037737984","38.8","Canada"
"371","Deutsche Bank","DB","64995094528","33.51","Germany"
"372","Paccar","PCAR","64937447424","123.48","United States"
"373","Nordea Bank","NDA-FI.HE","64757079109","19.0695","Finland"
"374","Generali","G.MI","64752610218","43.2401","Italy"
"375","Phillips 66","PSX","64734629888","161.44","United States"
"376","The Travelers Companies","TRV","64726487040","299.33","United States"
"377","Luxshare Precision","002475.SZ","64411629946","8.84048","China"
"378","Energy Transfer LP","ET","64368283648","18.71","United States"
"379","Recruit","6098.T","64119835262","45.9241","Japan"
"380","BTG Pactual","BPAC3.SA","64048161836","5.52728","Brazil"
"381","DHL Group (Deutsche Post)","DHL.DE","63699997689","56.9135","Germany"
"382","RELX","RELX","63617261568","35.68","United Kingdom"
"383","TC Energy","TRP","63488819200","60.88","Canada"
"384","Truist Financial Corporation","TFC","63437824000","49.59","United States"
"385","Ferrari","RACE","63424790528","357.06","Italy"
"386","KDDI","9433.T","63402551180","16.6539","Japan"
"387","Hoya","7741.T","63183704307","187.608","Japan"
"388","Singtel","Z74.SI","63072619139","3.82638","Singapore"
"389","Rosneft","ROSN.ME","62683920960","5.94","Russia"
"390","Japan Post Bank","7182.T","62479860798","17.5388","Japan"
"391","CoreWeave","CRWV","62393925632","118.69","United States"
"392","Sempra","SRE","62373658624","95.47","United States"
"393","Société Générale","GLE.PA","62280055836","85.3348","France"
"394","London Stock Exchange","LSEG.L","62170193330","125.524","United Kingdom"
"395","Imperial Oil","IMO","62070218752","124.83","Canada"
"396","Crédit Agricole","ACA.PA","61995565440","20.4924","France"
"397","DSV","DSV.VI","61862751344","261.306","Denmark"
"398","Cencora","COR","61779054592","317.58","United States"
"399","Nintendo","7974.T","61726647337","52.8401","Japan"
"400","Marubeni","8002.T","61702269162","37.6601","Japan"
"401","Fujikura","5803.T","61650752469","37.2381","Japan"
"402","Zijin Gold International Company Limited","2259.HK","61522288346","22.9875","Hong Kong"
"403","Ubiquiti","UI","60917809152","1006.56","United States"
"404","Bajaj Finance","BAJFINANCE.NS","60863082850","9.79081","India"
"405","SK Square","402340.KS","60803444516","461.064","South Korea"
"406","Bloom Energy","BE","60773482496","213.84","United States"
"407","Wesfarmers","WES.AX","60691910791","53.4597","Australia"
"408","UCB","UCB.VI","60554198058","318.101","Belgium"
"409","Merck KGaA","MRK.DE","60141967016","138.328","Germany"
"410","Larsen &amp; Toubro","LT.NS","60123617863","43.7062","India"
"411","E.ON","EOAN.DE","59978214070","22.9425","Germany"
"412","CMOC","3993.HK","59953913722","2.47754","China"
"413","ASE Group","ASX","59645358080","27.23","Taiwan"
"414","Realty Income","O","59639541760","63.96","United States"
"415","Baker Hughes","BKR","59574865920","60.07","United States"
"416","Fortinet","FTNT","59224137728","79.64","United States"
"417","Bank of China (Hong Kong)","2388.HK","59221127605","5.60128","Hong Kong"
"418","Aflac","AFL","59214393344","112.98","United States"
"419","Walmex","WMMVF","59101208576","3.35","Mexico"
"420","Wuliangye Yibin","000858.SZ","59065343985","15.2167","China"
"421","BMW","BMW.DE","58956463008","97.1071","Germany"
"422","Lumentum","LITE","58834313216","824.01","United States"
"423","AutoZone","AZO","58590777344","3536.42","United States"
"424","Comfort Systems USA","FIX","58162036736","1648.96","United States"
"425","Saudi Telecom Company","7010.SR","58018123687","11.6273","Saudi Arabia"
"426","Infosys","INFY","57907404800","14.31","India"
"427","Industrial Bank","601166.SS","57893251750","2.73561","China"
"428","Coherent Corp.","COHR","57781911552","308.2","United States"
"429","CITIC Securities","600030.SS","57477849166","3.87825","China"
"430","Arthur J. Gallagher & Co.","AJG","57377005568","223.17","United States"
"431","Teradyne","TER","57137926144","364.96","United States"
"432","National Bank of Canada","NA.TO","57125823151","146.362","Canada"
"433","Life Insurance Corporation of India (LIC)","LICI.NS","57111885703","9.02955","India"
"434","Mercedes-Benz","MBG.DE","56899791198","64.3051","Germany"
"435","Allstate","ALL","56638504960","218.23","United States"
"436","Takeda Pharmaceutical","TAK","56391593984","17.85","Japan"
"437","Becton Dickinson","BDX","56344137728","155.52","United States"
"438","Jiangsu Hengrui Medicine","600276.SS","56314552742","8.45911","China"
"439","Orange","ORA.PA","55908258354","21.0355","France"
"440","Keysight","KEYS","55786151936","325.25","United States"
"441","Nokia","NOK","55769513984","9.99","Finland"
"442","MPLX","MPLX","55704657920","54.77","United States"
"443","Target","TGT","55642365952","122.87","United States"
"444","Deutsche Börse","DB1.DE","55378032137","302.161","Germany"
"445","Occidental Petroleum","OXY","55366344704","55.83","United States"
"446","First Abu Dhabi Bank","FAB.AE","55343334624","5.01","United Arab Emirates"
"447","BASF","BAS.DE","55237697342","62.4631","Germany"
"448","Vistra","VST","55163219968","162.94","United States"
"449","Murata Manufacturing (Murata Seisakusho)","6981.T","54897132034","30.1584","Japan"
"450","Dominion Energy","D","54829821952","62.38","United States"
"451","Corteva","CTVA","54689652736","81.32","United States"
"452","Hindustan Unilever","HINDUNILVR.NS","54362948161","23.1338","India"
"453","W. W. Grainger","GWW","54163947520","1143.35","United States"
"454","Sandvik","SAND.ST","54055174469","43.0929","Sweden"
"455","Cheniere Energy","LNG","53969588224","256.75","United States"
"456","KBC","KBCSF","53948010496","135.22","Belgium"
"457","Standard Chartered","STAN.L","53613471889","24.239","United Kingdom"
"458","Volkswagen","VOW3.DE","53604085413","106.931","Germany"
"459","China Pacific Insurance","601601.SS","53481624008","5.55922","China"
"460","Sea Limited","SE","53477158912","90.33","Singapore"
"461","Jardine Matheson","J36.SI","53390050000","74.05","Hong Kong"
"462","Hanwha Aerospace","012450.KS","53101935039","1032.13","South Korea"
"463","Loblaw Companies","L.TO","53094741249","45.3052","Canada"
"464","Oneok","OKE","52985573376","84.1","United States"
"465","NXP Semiconductors","NXPI","52911353856","209.39","Netherlands"
"466","Emirates NBD Bank PJSC","EMIRATESNBD.AE","52899143851","8.37463","United Arab Emirates"
"467","Coinbase","COIN","52825923584","195.9","United States"
"468","AngloGold Ashanti","AU","52758896640","104.47","South Africa"
"469","Ametek","AME","52707954688","230.1","United States"
"470","Alimentation Couche-Tard","ATD.TO","52671698668","56.8956","Canada"
"471","Public Storage","PSA","52632838144","299.83","United States"
"472","Entergy","ETR","52623949824","114.95","United States"
"473","Argenx","ARGX","52550144000","840.87","Netherlands"
"474","Diamondback Energy","FANG","52287414272","185.87","United States"
"475","Anglo American","AAL.L","52046871155","48.5744","United Kingdom"
"476","Antofagasta","ANTO.L","52041329492","52.7879","United Kingdom"
"477","Vingroup Company","VIC.VN","51888475668","6.91963","Vietnam"
"478","Cameco","CCJ","51876335616","119.11","Canada"
"479","Ferguson Enterprises","FERG","51632898048","257.16","United Kingdom"
"480","Danone","BN.PA","51325714999","80.1748","France"
"481","Targa Resources","TRGP","51319738368","238.75","United States"
"482","Garmin","GRMN","51169103872","265.84","Switzerland"
"483","Ferrovial","FER.MC","51085275104","71.0355","Spain"
"484","MetLife","MET","51077279744","77.52","United States"
"485","Fastenal","FAST","50985791488","44.4","United States"
"486","Ford","F","50980855808","12.71","United States"
"487","Zoetis","ZTS","50976145408","120.76","United States"
"488","Holcim Group","HOLN.SW","50934183467","92.0844","Switzerland"
"489","Electronic Arts","EA","50861563904","203.24","United States"
"490","Sun Hung Kai Properties","0016.HK","50736645392","17.5088","Hong Kong"
"491","Autodesk","ADSK","50735841280","239.32","United States"
"492","WuXi AppTec","2359.HK","50711172863","16.7425","China"
"493","Nasdaq","NDAQ","50561650688","88.55","United States"
"494","Siemens Healthineers","SHL.DE","50558821328","45.271","Germany"
"495","Samsung Biologics","207940.KS","50513051486","1091.21","South Korea"
"496","NAURA Technology Group","002371.SZ","50200839512","69.2585","China"
"497","Snowflake","SNOW","49946734592","144.48","United States"
"498","Cardinal Health","CAH","49846992896","211.83","United States"
"499","RWE","RWE.DE","49778491963","69.7603","Germany"
"500","Strategy 
 (MicroStrategy)","MSTR","49775398912","143.54","United States"
"501","Franco-Nevada","FNV","49559715840","256.83","Canada"
"502","Lukoil","LKOH.ME","49332153055","71.47","Russia"
"503","Disco Corp.","6146.T","49187883747","453.635","Japan"
"504","Swiss Re","SREN.SW","49169622400","166.722","Switzerland"
"505","Shanghai Pudong Development Bank","600000.SS","49097715085","1.47415","China"
"506","Xcel Energy","XEL","49090355200","78.65","United States"
"507","Exelon Corporation","EXC","48989626368","47.88","United States"
"508","Carrier Global","CARR","48938659840","58.55","United States"
"509","Sumitomo Denki Kōgyō","5802.T","48933417705","62.7417","Japan"
"510","Erste Group Bank","EBO.F","48889008477","125.871","Austria"
"511","Ambev","ABEV","48817655808","3.13","Brazil"
"512","SABIC","2010.SR","48740503812","16.2468","Saudi Arabia"
"513","Doosan Enerbility","034020.KS","48665049208","75.9839","South Korea"
"514","The People's Insurance Company (PICC)","601319.SS","48521517391","1.09718","China"
"515","UOB","U11.SI","48501617088","29.5796","Singapore"
"516","CITIC limited","0267.HK","48258700194","1.65893","China"
"517","United Rentals","URI","48211853312","765.29","United States"
"518","CSL","CSL.AX","48070085608","99.0484","Australia"
"519","DNB","DNB.OL","48046622595","33.0621","Norway"
"520","Cenovus Energy","CVE","47836680192","25.45","Canada"
"521","Lonza","LONN.SW","47722658103","683.273","Switzerland"
"522","Banco Santander Brasil","BSBR","47709429760","6.37","Brazil"
"523","Kuwait Finance House","KFH.KW","47652427463","2769.58","Kuwait"
"524","Novatek","NVTK.ME","47624335085","15.7","Russia"
"525","Delta Air Lines","DAL","47297003520","71.99","United States"
"526","Bayer","BAYN.DE","47259367284","48.1049","Germany"
"527","Bank Central Asia","BBCA.JK","47199501556","0.383695","Indonesia"
"528","ArcelorMittal","MT","47185555456","61.57","Luxembourg"
"529","Galderma Group","GALD.SW","47019437323","200.451","Switzerland"
"530","Aena","AENA.MC","46935885328","31.2906","Spain"
"531","Great-West Lifeco","GWO.TO","46656609905","51.4319","Canada"
"532","East Money Information","300059.SZ","46641328755","2.95123","China"
"533","Chipotle Mexican Grill","CMG","46610300928","35.25","United States"
"534","Fortescue","FMG.AX","46257997173","15.0239","Australia"
"535","Porsche","P911.DE","46254577697","50.7734","Germany"
"536","IDEXX Laboratories","IDXX","46242455552","580.76","United States"
"537","Compass Group","CPG.L","46223007744","27.185","United Kingdom"
"538","Emirates Telecom (Etisalat Group)","EAND.AE","46218522620","5.31","United Arab Emirates"
"539","Sumitomo","8053.T","45869825676","38.4601","Japan"
"540","QNB (Qatar National Bank)","QNBK.QA","45816990469","5.02747","Qatar"
"541","PayPal","PYPL","45637341184","49.57","United States"
"542","Legrand","LR.PA","45635375079","174.578","France"
"543","JD.com","JD","45527486464","31.47","China"
"544","Commerzbank","CBK.F","45497502044","41.4925","Germany"
"545","Edwards Lifesciences","EW","45418557440","78.2","United States"
"546","eBay","EBAY","45204520960","100.01","United States"
"547","Axis Bank","AXISBANK.BO","45158755326","14.5283","India"
"548","Fifth Third Bank","FITB","45133287424","49.84","United States"
"549","Endesa","ELE.MC","45009909243","43.6769","Spain"
"550","Hikvision","002415.SZ","44940468915","4.90356","China"
"551","Woodside Energy","WDS","44827942912","23.58","Australia"
"552","Maruti Suzuki India","MARUTI.NS","44797629237","142.485","India"
"553","Guotai Junan Securities","601211.SS","44786647970","2.54052","China"
"554","Yum! Brands","YUM","44765097984","161.94","United States"
"555","Rockwell Automation","ROK","44680945664","397.4","United States"
"556","Alnylam Pharmaceuticals","ALNY","44483534848","333.39","United States"
"557","Heineken","HEIA.AS","44461952555","79.5608","Netherlands"
"558","SSE","SSE.L","44303478998","36.7548","United Kingdom"
"559","Assa Abloy","ASSA-B.ST","44283601030","39.8673","Sweden"
"560","Diageo","DEO","44282150912","79.66","United Kingdom"
"561","Moore Threads","688795.SS","44124395527","93.8761","China"
"562","Compagnie de Saint-Gobain","SGO.PA","43954346473","90.0933","France"
"563","Celestica","CLS","43947945984","381.94","Canada"
"564","Wabtec","WAB","43887714304","257.38","United States"
"565","Rocket Companies","RKT","43707138048","15.5","United States"
"566","Swisscom","SCMN.SW","43696536032","843.531","Switzerland"
"567","Reckitt Benckiser","RKT.L","43682373697","67.9594","United Kingdom"
"568","Universal Music Group","UMG.AS","43678266685","23.8163","Netherlands"
"569","Sun Pharmaceutical","SUNPHARMA.NS","43646254189","18.191","India"
"570","CBRE Group","CBRE","43529981952","147.48","United States"
"571","ASM International","ASM.AS","43500463816","889.834","Netherlands"
"572","Ameriprise Financial","AMP","43493810176","468.15","United States"
"573","Banco Bradesco","BBD","43445628928","4.11","Brazil"
"574","Panasonic","6752.T","43366613074","18.575","Japan"
"575","Naspers","NPSNY","43354320896","11.35","South Africa"
"576","Nucor","NUE","43186065408","189.6","United States"
"577","Telstra","TLS.AX","43053965867","3.83138","Australia"
"578","Haleon","HLN","43016372224","9.66","United Kingdom"
"579","Titan Company","TITAN.NS","43010274051","48.4871","India"
"580","Old Dominion Freight Line","ODFL","42904907776","205.19","United States"
"581","Coca-Cola European Partners","CCEP","42840150016","96.17","United Kingdom"
"582","Datadog","DDOG","42837241856","121.06","United States"
"583","Danske Bank","DANS.VI","42687372254","52.5918","Denmark"
"584","Goodman Group","GMG.AX","42615458974","20.841","Australia"
"585","Ahold Delhaize","AD.AS","42474891949","48.034","Netherlands"
"586","Aselsan","ASELS.IS","42459961931","9.3114","Turkey"
"587","Gold Fields","GFI","42386493440","47.39","South Africa"
"588","Rocket Lab","RKLB","42376470528","73.6","United States"
"589","Roblox","RBLX","42373533696","59.79","United States"
"590","Toyota Tsusho","8015.T","42201275767","39.9718","Japan"
"591","Nebius Group","NBIS","42195640320","166.77","Netherlands"
"592","Kroger","KR","42166738944","66.63","United States"
"593","HCL Technologies","HCLTECH.NS","42102306790","15.5609","India"
"594","WEG ON","WEGE3.SA","42010430719","10.0124","Brazil"
"595","Daikin","6367.T","41979720966","143.359","Japan"
"596","D. R. Horton","DHI","41976553472","144.2","United States"
"597","PKN Orlen","PKN.WA","41950685619","36.135","Poland"
"598","Mahindra &amp; Mahindra","M&M.NS","41916023944","34.9163","India"
"599","Fomento Económico Mexicano (FEMSA)","FMX","41865291000","117","Mexico"
"600","Elbit Systems","ESLT","41847480320","899","Israel"
"601","Kia","000270.KS","41777064022","107.491","South Korea"
"602","PICC Property and Casualty Company Limited","2328.HK","41728174801","1.87603","China"
"603","Swedbank","SWED-A.ST","41585122585","37.0133","Sweden"
"604","American International Group","AIG","41363382272","77.09","United States"
"605","Wanhua Chemical","600309.SS","41321766678","13.1999","China"
"606","Block","XYZ","41302990848","67.97","United States"
"607","Baidu","BIDU","41150160896","120.94","China"
"608","MSCI","MSCI","41149870080","560.06","United States"
"609","Prysmian Group","PRY.MI","41130326363","143.405","Italy"
"610","Thomson Reuters","TRI","41025355776","92.43","Canada"
"611","Waste Connections","WCN","40850141184","159.8","United States"
"612","NTPC Limited","NTPC.NS","40817782623","4.20947","India"
"613","Sungrow Power Supply","300274.SZ","40792162749","19.6758","China"
"614","HEICO","HEI","40789598208","292.36","United States"
"615","Hochtief","HOT.F","40779194351","541.977","Germany"
"616","Kotak Mahindra Bank","KOTAKBANK.NS","40777521964","4.1001","India"
"617","Tesco","TSCO.L","40694664490","6.40308","United Kingdom"
"618","Fujitsu","6702.T","40656049087","23.3872","Japan"
"619","Consolidated Edison","ED","40629493760","110.28","United States"
"620","Constellation Software","CSU.TO","40625912245","1917.08","Canada"
"621","ITC","ITC.NS","40577764557","3.23859","India"
"622","Grayscale Bitcoin Trust","GBTC","40413634560","58.37","United States"
"623","PSEG","PEG","40401522688","80.94","United States"
"624","Ventas","VTR","40352559104","84.87","United States"
"625","Alcon","ALC","40351293440","80.73","Switzerland"
"626","Microchip Technology","MCHP","40309182464","74.49","United States"
"627","Suzhou TFC Optical Communication","300394.SZ","40230627143","51.7492","China"
"628","Kinross Gold","KGC","40143163392","33.39","Canada"
"629","Polyus","PLZL.ME","40077712839","28.76","Russia"
"630","Gazprom","GAZP.ME","40032194936","1.69","Russia"
"631","Carnival Corporation","CCL","39919722496","28.82","United States"
"632","Skandinaviska Enskilda Banken","SEB-A.ST","39838223359","20.3273","Sweden"
"633","State Street Corporation","STT","39785668608","142.74","United States"
"634","Take-Two Interactive","TTWO","39655321600","214.15","United States"
"635","Ericsson","ERIC","39566856192","11.87","Sweden"
"636","EQT","EQT.ST","39558500346","33.7767","Sweden"
"637","Swire Pacific","0019.HK","39474456489","10.8807","Hong Kong"
"638","Ares Management","ARES","39472066560","119.28","United States"
"639","Leonardo","LDO.MI","39406098473","68.2961","Italy"
"640","Muyuan Foods","002714.SZ","39341887382","6.81481","China"
"641","Hannover Rück","HNR1.DE","39102579016","324.241","Germany"
"642","HeidelbergCement","HEI.DE","39031400798","221.809","Germany"
"643","Fubon Financial","2881.TW","38952526172","2.78086","Taiwan"
"644","Coupang","CPNG","38922203136","21.29","United States"
"645","3i Group","III.L","38911007899","38.2271","United Kingdom"
"646","Medline","MDLN","38902267904","47.93","United States"
"647","The Hershey Company","HSY","38894366720","191.89","United States"
"648","Daimler Truck","DTG.F","38872140926","50.7734","Germany"
"649","Komatsu","6301.T","38827847158","43.0897","Japan"
"650","Oil &amp; Natural Gas","ONGC.NS","38793220084","3.08365","India"
"651","Victory Giant Technology","300476.SZ","38713772777","44.3682","China"
"652","Maybank","MLYBY","38705016832","6.4","Malaysia"
"653","Prudential","PUK","38684741632","30.84","United Kingdom"
"654","Toyota Industries","6201.T","38675228957","128.715","Japan"
"655","Quanta Computer","2382.TW","38499960587","9.98827","Taiwan"
"656","PG&amp;E Corporation","PCG","38296608768","17.39","United States"
"657","The Hartford","HIG","38276022272","138.75","United States"
"658","Vulcan Materials","VMC","38031536128","291.25","United States"
"659","EchoStar","SATS","37955399680","131.39","United States"
"660","Adani Power","ADANIPOWER.NS","37927986911","1.96674","India"
"661","Sun Life Financial","SLF","37853233152","68.32","Canada"
"662","Dubai Electricity and Water Authority (DEWA)","DEWA.AE","37843720268","0.756874","United Arab Emirates"
"663","Las Vegas Sands","LVS","37801697280","56.26","United States"
"664","KB Financial Group","KB","37784883200","106.53","South Korea"
"665","MS&amp;AD Insurance","8725.T","37760969479","25.8689","Japan"
"666","Teva Pharmaceutical Industries","TEVA","37709996032","31.61","Israel"
"667","Bank Leumi","LUMI.TA","37707081768","25.5055","Israel"
"668","Grupo ACS","ACS.MC","37681619088","144.645","Spain"
"669","Sandoz Group","SDZ.SW","37617737216","86.9387","Switzerland"
"670","Fairfax Financial","FFH.TO","37435595172","1745.35","Canada"
"671","WEC Energy Group","WEC","37406601216","114.85","United States"
"672","Crown Castle","CCI","37366136832","85.63","United States"
"673","Adani Ports & SEZ","ADANIPORTS.NS","37346143924","16.2096","India"
"674","Kongsberg Gruppen","KOG.OL","37228713885","42.3242","Norway"
"675","Martin Marietta Materials","MLM","37208915968","616.94","United States"
"676","UltraTech Cement","ULTRACEMCO.NS","37171522728","126.359","India"
"677","Fanuc","6954.T","37041410077","39.6946","Japan"
"678","Roper Technologies","ROP","36857311232","358.09","United States"
"679","Kering","KER.PA","36775805286","299.917","France"
"680","BeOne Medicines","ONC","36746866688","319.94","United States"
"681","NEC Corp","6701.T","36739013696","27.6074","Japan"
"682","Live Nation","LYV","36586835968","155.82","United States"
"683","OTP Bank","OTP.BD","36577179729","144.079","Hungary"
"684","SAAB AB","SAAB-B.ST","36500995842","67.6737","Sweden"
"685","China State Shipbuilding Corporation (CSSC)","600150.SS","36262067934","4.81848","China"
"686","Schindler Group","SCHN.SW","36217228053","334.084","Switzerland"
"687","Viking Holdings","VIK","36207591424","81.17","Bermuda"
"688","Maersk","MAERSK-B.CO","36201503407","2498.78","Denmark"
"689","STMicroelectronics","STM","36155088896","40.68","Switzerland"
"690","Accton Technology","2345.TW","36153482154","64.6859","Taiwan"
"691","Emcor","EME","35975639040","803.64","United States"
"692","Vodafone","VOD","35973193728","15.59","United Kingdom"
"693","Adyen","ADYEN.AS","35897237696","1138.27","Netherlands"
"694","Restaurant Brands International","QSR","35885359104","78.72","Canada"
"695","ACWA POWER Company","2082.SR","35879956556","46.8346","Saudi Arabia"
"696","Otsuka Holdings","4578.T","35783953659","67.7744","Japan"
"697","NRG Energy","NRG","35774767104","168.45","United States"
"698","Talanx","TLX.DE","35766043815","138.505","Germany"
"699","Fresnillo","FNLPF","35742715904","48.31","Mexico"
"700","Weichai Power","2338.HK","35706463908","4.08411","China"
"701","Sysco","SYY","35483971584","74.09","United States"
"702","Bank Hapoalim","POLI.TA","35478536843","27.0731","Israel"
"703","EQT Corporation","EQT","35433791488","56.76","United States"
"704","Mitsubishi Estate","8802.T","35404110517","29.2576","Japan"
"705","Nutrien","NTR","35400564736","73.35","Canada"
"706","Symbotic","SYM","35377680384","58.74","United States"
"707","Trip.com","TCOM","35373019136","54.12","China"
"708","Keurig Dr Pepper","KDP","35325317120","26","United States"
"709","KONE","KNEBV.HE","35175282016","67.8711","Finland"
"710","HD Hyundai Heavy Industries","329180.KS","35101585141","334.424","South Korea"
"711","Bharat Electronics","BEL.NS","35084837799","4.79971","India"
"712","PKO Bank Polski","PKO.WA","35049203720","28.0394","Poland"
"713","ORIX","IX","35033722880","31.9","Japan"
"714","Foshan Haitian Flavouring and Food","603288.SS","34960737363","5.97433","China"
"715","Arch Capital","ACGL","34725912576","97.47","Bermuda"
"716","Dollarama","DOL.TO","34637587050","127.003","Canada"
"717","Prudential Financial","PRU","34598158336","99.42","United States"
"718","Power Corporation of Canada","POW.TO","34328180407","53.9597","Canada"
"719","Cathay Financial Holding","2882.TW","34281025347","2.33694","Taiwan"
"720","Ørsted","ORSTED.CO","34126757777","25.8329","Denmark"
"721","Dai-ichi Life Holdings","8750.T","34099826747","9.43551","Japan"
"722","Givaudan","GIVN.SW","34070201852","3691.57","Switzerland"
"723","Samsung C&T Corporation","028260.KS","34000840980","207.784","South Korea"
"724","Poste Italiane","PST.MI","33999383222","26.2723","Italy"
"725","Huntington Bancshares","HBAN","33958785024","16.67","United States"
"726","Agilent Technologies","A","33875703808","119.77","United States"
"727","Advanced Info Service (AIS)","ADVANC.BK","33855070057","11.3829","Thailand"
"728","Daiichi Sankyō","4568.T","33854990364","18.4584","Japan"
"729","Iron Mountain","IRM","33778720768","113.55","United States"
"730","Geely","0175.HK","33735600727","3.12374","China"
"731","Samsung Electro-Mechanics","009155.KS","33667396843","173.154","South Korea"
"732","Sompo Holdings","8630.T","33570142682","37.5153","Japan"
"733","COSCO Shipping","601919.SS","33556515035","2.19142","China"
"734","GE HealthCare Technologies","GEHC","33541890048","73.51","United States"
"735","Japan Post Holdings","6178.T","33532043446","11.9015","Japan"
"736","Intact Financial","IFC.TO","33498545609","188.659","Canada"
"737","Chunghwa Telecom","CHT","33430548480","42.93","Taiwan"
"738","Itaúsa","ITSA3.SA","33410836896","2.98008","Brazil"
"739","ResMed","RMD","33397086208","228.8","United States"
"740","Kenvue","KVUE","33214550016","17.3","United States"
"741","AST SpaceMobile","ASTS","33202003968","86.91","United States"
"742","Swiss Life","SLHN.SW","33137974382","1185.81","Switzerland"
"743","CTBC Financial Holding","2891.TW","33069863485","1.68057","Taiwan"
"744","Epiroc","EPI-A.ST","32979497040","27.2598","Sweden"
"745","Ingersoll Rand","IR","32948256768","83.39","Ireland"
"746","Shinhan Financial Group","SHG","32930152448","66.08","South Korea"
"747","Denso","6902.T","32880492682","12.2258","Japan"
"748","QNB Finansbank","QNBTR.IS","32871962285","5.97672","Turkey"
"749","Fiserv","FISV","32776513536","61.29","United States"
"750","Hewlett Packard Enterprise","HPE","32715266048","24.62","United States"
"751","Workday","WDAY","32643561472","124.12","United States"
"752","China Coal Energy Company Limited","601898.SS","32594820513","2.45838","China"
"753","China General Nuclear Power Group (CGN)","003816.SZ","32591693915","0.645398","China"
"754","Amrize","AMRZ","32567767040","58.73","Switzerland"
"755","Experian","EXPGF","32562382848","36.27","Ireland"
"756","M&T Bank","MTB","32347957248","217.1","United States"
"757","Paychex","PAYX","32339335168","90.26","United States"
"758","Axon Enterprise","AXON","32334336000","402.18","United States"
"759","Ryanair","RYAAY","32313935872","61.97","Ireland"
"760","Copart","CPRT","32293070848","33.36","United States"
"761","Archer Daniels Midland (ADM)","ADM","32262875136","66.95","United States"
"762","Woolworths Group","WOW.AX","32240852188","26.3923","Australia"
"763","Jabil","JBL","32201277440","304.95","United States"
"764","Kimberly-Clark","KMB","32133732352","96.81","United States"
"765","Vedanta","VEDL.NS","32100166453","8.2136","India"
"766","Chandra Asri Petrochemical","TPIA.JK","32055310992","0.370565","Indonesia"
"767","Waters Corporation","WAT","32021583872","326.2","United States"
"768","Cboe Global Markets","CBOE","31945345024","304.99","United States"
"769","Banorte","GFNORTEO.MX","31938461745","11.4943","Mexico"
"770","JSW Steel","JSWSTEEL.NS","31918077191","13.0659","India"
"771","Standard Bank Group","SBK.JO","31910013200","19.6625","South Africa"
"772","Aluminum Corporation of China","601600.SS","31881698964","1.85845","China"
"773","Renesas Electronics","6723.T","31878014171","17.5798","Japan"
"774","Honda","HMC","31831492608","24.26","Japan"
"775","Insmed","INSM","31674144768","146.74","United States"
"776","Ping An Bank","000001.SZ","31652923775","1.6311","China"
"777","Otis Worldwide","OTIS","31566983168","81","United States"
"778","Expedia Group","EXPE","31545376768","257.44","United States"
"779","ČEZ Group","CEZ.PR","31471068440","58.6261","Czech Republic"
"780","Halliburton","HAL","31441565696","37.54","United States"
"781","CK Hutchison Holdings","0001.HK","31353111604","8.1861","Hong Kong"
"782","Henkel","HEN3.DE","31348895386","77.0103","Germany"
"783","DMart","DMART.NS","31315460221","47.9628","India"
"784","Vestas Wind Systems","VWS.CO","31311214194","31.7639","Denmark"
"785","Adani Enterprises","ADANIENT.NS","31289992346","22.9923","India"
"786","Bajaj Finserv","BAJAJFINSV.NS","31273032501","19.5763","India"
"787","Powergrid Corporation of India","POWERGRID.NS","31157911299","3.3501","India"
"788","Extra Space Storage","EXR","31122110464","141.06","United States"
"789","Samsung Life Insurance","032830.KS","31094038150","173.154","South Korea"
"790","Unimicron","3037.TW","31055391580","19.7229","Taiwan"
"791","Credo Technology","CRDO","31052148736","168.35","United States"
"792","Tapestry","TPR","30977832960","151.37","United States"
"793","Celltrion","068270.KS","30899628515","141.239","South Korea"
"794","Banca Monte dei Paschi di Siena","BMPS.MI","30879284553","10.1629","Italy"
"795","FirstRand","FSR.JO","30867309200","5.52008","South Africa"
"796","PTT PCL","PTT-R.BK","30864554840","1.08968","Thailand"
"797","Capitec Bank","CPI.JO","30825242400","266.18","South Africa"
"798","Atmos Energy","ATO","30814656512","186.26","United States"
"799","Hansoh Pharma","3692.HK","30770965764","5.08279","China"
"800","Raymond James Financial","RJF","30759886848","155.77","United States"
"801","Aeon","8267.T","30652758989","11.0795","Japan"
"802","Gree Electric Appliances","000651.SZ","30646488377","5.47121","China"
"803","Ameren","AEE","30636576768","110.74","United States"
"804","United Airlines Holdings","UAL","30604695552","94.27","United States"
"805","Mitsui Fudosan","8801.T","30544118210","11.2055","Japan"
"806","DTE Energy","DTE","30528124928","146.75","United States"
"807","Sika","SIKA.SW","30527487377","190.274","Switzerland"
"808","Veolia","VIE.PA","30501421413","41.6932","France"
"809","Xylem","XYL","30438873088","125.19","United States"
"810","H&amp;M","HM-B.ST","30425532658","19.0425","Sweden"
"811","Hindustan Aeronautics","HAL.NS","30397692003","45.4528","India"
"812","Bank of Ningbo","002142.SZ","30395404032","4.60286","China"
"813","Dassault Aviation","AM.PA","30334210396","391.073","France"
"814","Reddit","RDDT","30275348480","158.48","United States"
"815","Bank Rakyat Indonesia","BBRI.JK","30248118159","0.19958","Indonesia"
"816","Venture Global","VG","30237687808","12.18","United States"
"817","Revolution Medicines","RVMD","30229368832","152.54","United States"
"818","IQVIA","IQV","30223570944","178.1","United States"
"819","AXIA Energia SA","AXIA3.SA","30214810940","13.2811","Brazil"
"820","Chocoladefabriken Lindt &amp; Sprüngli","LISP.SW","30207845858","13094.6","Switzerland"
"821","China State Construction Engineering","601668.SS","30183432205","0.730473","China"
"822","Partners Group","PGHN.SW","30164594165","1169.94","Switzerland"
"823","VICI Properties","VICI","30070659072","28.13","United States"
"824","Transurban","TCL.AX","30004138166","9.61614","Australia"
"825","Ashtead","AHT.L","29890209747","72.2747","United Kingdom"
"826","Imperial Brands","IMB.L","29868623944","38.3968","United Kingdom"
"827","Cheniere Energy
Partners","CQP","29822574592","61.61","United States"
"828","Emaar Properties","EMAAR.AE","29791510839","3.37054","United Arab Emirates"
"829","Anta Sports","2020.HK","29755887364","10.7403","China"
"830","PPL","PPL","29605220352","39.36","United States"
"831","Bajaj Auto","BAJAJ-AUTO.NS","29537307311","105.773","India"
"832","7-Eleven","3382.T","29529021412","12.7738","Japan"
"833","Northern Trust","NTRS","29515550720","156.07","United States"
"834","Naturgy","NTGY.MC","29512456731","31.8574","Spain"
"835","ABN AMRO","ABN.AS","29500718636","35.8366","Netherlands"
"836","AMEC","688012.SS","29479618354","47.0231","China"
"837","Sampo","SAMPO.HE","29469869260","11.0969","Finland"
"838","Bank of Jiangsu","600919.SS","29421340101","1.60323","China"
"839","Teledyne Technologies","TDY","29400823808","634.77","United States"
"840","Inpex","1605.T","29383473546","25.2831","Japan"
"841","TDK","6762.T","29378662019","15.4791","Japan"
"842","Astellas Pharma","4503.T","29365630938","16.3925","Japan"
"843","Natera","NTRA","29365297152","207.19","United States"
"844","Adidas","ADS.DE","29317334489","165.309","Germany"
"845","Astera Labs","ALAB","29292212224","172.09","United States"
"846","Fresenius","FRE.DE","29282482940","51.9896","Germany"
"847","FirstEnergy","FE","29238050816","50.55","United States"
"848","Tenaris","TS","29224022016","57.89","Luxembourg"
"849","Svenska Handelsbanken","SHB-A.ST","29155798922","14.5429","Sweden"
"850","Cognizant Technology Solutions","CTSH","29147019264","60.39","United States"
"851","Dover Corporation","DOV","29058363392","215.46","United States"
"852","Flex","FLEX","29002655744","78.43","Singapore"
"853","Fortis","FTS","28954392576","56.87","Canada"
"854","BT Group","BT-A.L","28928489527","2.96983","United Kingdom"
"855","JX Advanced Metals","5016.T","28897839555","31.2039","Japan"
"856","Royalty Pharma","RPRX","28870199296","48.7","United Kingdom"
"857","TechnipFMC","FTI","28866428928","72.04","United Kingdom"
"858","MasTec","MTZ","28802136064","365.07","United States"
"859","Coal India","COALINDIA.NS","28796313295","4.67266","India"
"860","Texas Pacific Land Corporation","TPL","28769308672","417.3","United States"
"861","BPER Banca","BPE.MI","28750808203","14.6534","Italy"
"862","SMC corp","6273.T","28725605382","454.958","Japan"
"863","China Unicom","0762.HK","28603750269","0.934824","Hong Kong"
"864","Constellation Brands","STZ","28542689280","163.95","United States"
"865","ON Semiconductor","ON","28538908672","72.43","United States"
"866","Teck Resources","TECK","28530554880","58.28","Canada"
"867","Yankuang Energy (Yanzhou Coal Mining)","600188.SS","28503941858","2.83975","China"
"868","Mindray","300760.SZ","28486811656","23.4954","China"
"869","New China Life Insurance","601336.SS","28420247076","9.11038","China"
"870","Abu Dhabi Commercial Bank (ADCB)","ADCB.AE","28391634385","3.59","United Arab Emirates"
"871","GigaDevice Semiconductor","603986.SS","28383465688","40.484","China"
"872","China Resources Land","1109.HK","28322133822","3.97173","Hong Kong"
"873","Pop Mart International Group","9992.HK","28312050684","21.4678","China"
"874","Ajinomoto","2802.T","28277492716","29.4592","Japan"
"875","Ecopetrol","EC","28254007296","13.17","Colombia"
"876","Haier Smart Home","600690.SS","28251545351","3.10231","China"
"877","Zhejiang Sanhua Intelligent Controls Co.,Ltd","002050.SZ","28220079901","6.70627","China"
"878","Hexagon AB","HEXA-B.ST","28213506899","10.5103","Sweden"
"879","Steel Dynamics","STLD","28123123712","194.11","United States"
"880","Devon Energy","DVN","28108417024","45.23","United States"
"881","Circle Internet Group","CRCL","28060411904","105.52","United States"
"882","Hubbell","HUBB","28012974080","526.94","United States"
"883","Novonesis","NZYM.VI","28002155249","60.1015","Denmark"
"884","Dassault Systèmes","DSY.PA","28001296777","21.3248","France"
"885","Dow","DOW","27950016512","38.84","United States"
"886","Banco do Brasil","BBAS3.SA","27913830516","4.88998","Brazil"
"887","Tata Steel","TATASTEEL.NS","27910750231","2.2379","India"
"888","Charter Communications","CHTR","27895664640","220.29","United States"
"889","Philips","PHG","27886825472","29.09","Netherlands"
"890","Gulf Development Public Company","GULF.BK","27874580105","1.86579","Thailand"
"891","Kühne + Nagel","KNIN.SW","27856719587","234.563","Switzerland"
"892","CenterPoint Energy","CNP","27788855296","42.48","United States"
"893","S.F. Express","002352.SZ","27786167662","5.51375","China"
"894","ST Engineering","S63.SI","27753095959","8.88885","Singapore"
"895","PT DCI Indonesia Tbk","DCII.JK","27724120339","11.6305","Indonesia"
"896","Sumitomo Realty &amp; Development","8830.T","27710023138","29.919","Japan"
"897","Estee Lauder","EL","27708291072","76.6","United States"
"898","Citizens Financial Group","CFG","27705352192","65.19","United States"
"899","FTAI Aviation","FTAI","27677345792","269.83","United States"
"900","China Everbright Bank","601818.SS","27646924693","0.467913","China"
"901","Qnity Electronics","Q","27630946304","131.79","United States"
"902","Helvetia Baloise Holding AG","HBAN.SW","27630504766","278.276","Switzerland"
"903","Willis Towers Watson","WTW","27621584896","292.15","United Kingdom"
"904","Sany Heavy Industry","600031.SS","27595127942","3.0011","China"
"905","Oriental Land","4661.T","27521126948","16.7861","Japan"
"906","Resona Holdings","8308.T","27503928298","12.2101","Japan"
"907","Veeva Systems","VEEV","27501084672","167.3","United States"
"908","Bridgestone","5108.T","27476115889","21.5417","Japan"
"909","Edison International","EIX","27463038976","71.35","United States"
"910","Synchrony Financial","SYF","27369402368","75.99","United States"
"911","Casey's General Stores","CASY","27312027648","736.83","United States"
"912","Klabin","KLBN11.SA","27286091301","3.83983","Brazil"
"913","MTR Corporation","0066.HK","27193016997","4.37528","Hong Kong"
"914","Hanwha Ocean (DSME)","042660.KS","27047039616","88.2744","South Korea"
"915","Curtiss-Wright","CW","27013834752","731.94","United States"
"916","Exor","EXO.AS","27011367220","82.1821","Netherlands"
"917","Nornickel","GMKN.ME","26996010599","1.74","Russia"
"918","George Weston","WN.TO","26809203826","70.686","Canada"
"919","Dollar General","DG","26770710528","121.56","United States"
"920","Mettler Toledo","MTD","26744979456","1315.85","United States"
"921","Shenzhen Inovance","300124.SZ","26740706262","9.87752","China"
"922","Repsol","REP.MC","26737746774","24.2295","Spain"
"923","Fox Corporation","FOX","26634016768","57.05","United States"
"924","Telefonica Brasil","VIV","26603421696","16.65","Brazil"
"925","LPL Financial","LPLA","26575132672","331.41","United States"
"926","GlobalFoundries","GFS","26525689856","48.31","United States"
"927","EnBW Energie","EBK.DE","26507560180","81.7098","Germany"
"928","Biogen","BIIB","26495782912","180.54","United States"
"929","Snam","SRG.MI","26445331835","7.88051","Italy"
"930","China National Nuclear Power","601985.SS","26428411726","1.28493","China"
"931","HD Hyundai Electric","267260.KS","26419936109","734.036","South Korea"
"932","China Northern Rare Earth (CNREHT)","600111.SS","26401779165","7.30326","China"
"933","Zoom","ZM","26361868288","89.03","United States"
"934","Kazatomprom","0ZQ.F","26353651853","87.8498","Kazakhstan"
"935","Shandong Gold Mining","600547.SS","26344385299","5.7147","China"
"936","Tradeweb","TW","26317920256","120.71","United States"
"937","Hindustan Zinc","HINDZINC.NS","26298946587","6.22413","India"
"938","National Bank of Kuwait","NBK.KW","26287837029","2863.63","Kuwait"
"939","Verbund AG","OEWA.F","26274619219","75.6288","Austria"
"940","Great Wall Motors","601633.SS","26259176484","3.06857","China"
"941","Aviva","AV.L","26256949671","8.6849","United Kingdom"
"942","International Container Terminal Services","ICTEF","26238420992","12.99","Philippines"
"943","Rollins","ROL","26210553856","54.38","United States"
"944","Ganfeng Lithium","002460.SZ","26067593635","12.4327","China"
"945","Kraft Heinz","KHC","26054221824","22.01","United States"
"946","Nestlé India","NESTLEIND.NS","25980740093","13.4733","India"
"947","Hyundai Mobis","012330.KS","25859289597","289.608","South Korea"
"948","Eversource Energy","ES","25846882304","68.77","United States"
"949","Kuaishou Technology","1024.HK","25830182290","5.94865","China"
"950","Michelin","ML.PA","25814981172","36.1908","France"
"951","Amadeus IT Group","AMS.MC","25795475719","61.0226","Spain"
"952","Central Japan Railway","9022.T","25794457485","27.0027","Japan"
"953","Shriram Transport Finance","SHRIRAMFIN.NS","25754027944","10.9466","India"
"954","Tower Semiconductor","TSEM","25657604096","215.63","Israel"
"955","Techtronic Industries","0669.HK","25540439073","13.9585","Hong Kong"
"956","Telefónica","TEF.MC","25527729156","4.52356","Spain"
"957","Lundin Mining","LUN.TO","25523270635","29.8392","Canada"
"958","Hydro One","H.TO","25460438186","42.4495","Canada"
"959","American Water","AWK","25446950912","130.31","United States"
"960","East Japan Railway","9020.T","25393692292","22.4991","Japan"
"961","Huatai Securities","601688.SS","25382469681","2.81188","China"
"962","Cincinnati Financial","CINF","25376851968","163","United States"
"963","United Therapeutics","UTHR","25313996800","577.58","United States"
"964","Bank Mandiri","BMRI.JK","25272330341","0.270775","Indonesia"
"965","United Microelectronics","UMC","25253609472","9.95","Taiwan"
"966","VeriSign","VRSN","25241341952","275.26","United States"
"967","China National Uranium","001280.SZ","25176150244","12.1731","China"
"968","Alfa Laval","ALFA.ST","25173749108","60.9053","Sweden"
"969","Nomura Holdings","NMR","25154592768","8.67","Japan"
"970","BioNTech","BNTX","25154398208","99.47","Germany"
"971","Pembina Pipeline","PBA","25123260416","43.21","Canada"
"972","W. R. Berkley","WRB","25119399936","66.1","United States"
"973","Credicorp","BAP","25118732288","316.49","Bermuda"
"974","CSG N.V. (The Czechoslovak Group)","CSG.AS","25079703455","25.0797","Czech Republic"
"975","AerCap","AER","25062002688","147.24","Ireland"
"976","Sociedad Química y Minera","SQM","25027586048","87.62","Chile"
"977","Fidelity National Information Services","FIS","25022547968","48.32","United States"
"978","China Securities (CSC Financial)","601066.SS","25008015680","3.22406","China"
"979","Markel Group","MKL","24940556288","1983.23","United States"
"980","Northern Star","NST.AX","24928651501","17.4189","Australia"
"981","Asian Paints","ASIANPAINT.NS","24904787731","25.9805","India"
"982","ZTE","000063.SZ","24824565351","5.18959","China"
"983","Canon","7751.T","24744606734","28.2813","Japan"
"984","AIB Group (Allied Irish Banks)","A5G.IR","24738541811","11.6425","Ireland"
"985","XPO Logistics","XPO","24694493184","210.33","United States"
"986","QBE Insurance","QBE.AX","24665859761","16.4243","Australia"
"987","Hapag-Lloyd","HLAG.DE","24598298909","139.922","Germany"
"988","Fabrinet","FN","24570656768","685.81","Cayman Islands"
"989","Sabesp","SBS","24492730368","34.01","Brazil"
"990","Sieyuan Electric","002028.SZ","24472333990","31.3311","China"
"991","Wärtsilä","WRT1V.HE","24471310332","41.587","Finland"
"992","Fair Isaac (FICO)","FICO","24453013504","1030.81","United States"
"993","Verisk Analytics","VRSK","24393641984","176.84","United States"
"994","International Consolidated Airlines","BABWF","24378937344","5.23","Spain"
"995","China Tower","0788.HK","24378821443","1.39457","China"
"996","Eternal (Zomato)","ETERNAL.NS","24316013525","2.6448","India"
"997","Hindalco Industries","HINDALCO.NS","24247595137","10.8448","India"
"998","Fujifilm","4901.T","24241414137","20.1119","Japan"
"999","Pan American Silver","PAAS","24190810112","57.34","Canada"
"1000","Airports of Thailand","AOT.BK","24190273117","1.69332","Thailand"
"1001","Terna","TRN.MI","24156468716","12.0439","Italy"
"1002","China International Capital Corporation","601995.SS","24116812611","4.99597","China"
"1003","PPG Industries","PPG","24107591680","107.72","United States"
"1004","Bayan Resources","BYAN.JK","24072130055","0.722164","Indonesia"
"1005","Stellantis","STLA","24049111040","8.3","Netherlands"
"1006","Regions Financial","RF","24048662528","27.85","United States"
"1007","Omnicom Group","OMC","24047964160","77.49","United States"
"1008","Equity Residential","EQR","24038092800","61.3","United States"
"1009","CLP Group","0002.HK","24021180774","9.50788","Hong Kong"
"1010","Samsung SDI","006405.KS","24010543971","158.554","South Korea"
"1011","DexCom","DXCM","24001601536","61.54","United States"
"1012","Coterra Energy","CTRA","23995543552","31.6","United States"
"1013","AvalonBay Communities","AVB","23994896384","171.29","United States"
"1014","Sumitomo Mitsui Trust Holdings","8309.T","23974485018","34.3974","Japan"
"1015","ENEOS Holdings","5020.T","23974475111","8.91271","Japan"
"1016","SoFi","SOFI","23962210304","18.79","United States"
"1017","Shengyi Technology (SYTECH)","600183.SS","23940230705","9.85552","China"
"1018","Humana","HUM","23922622464","198.37","United States"
"1019","ULTA Beauty","ULTA","23917422592","539.14","United States"
"1020","CMS Energy","CMS","23863580672","77.48","United States"
"1021","China Minsheng Bank","600016.SS","23825856328","0.544188","China"
"1022","PT Amman Mineral Internasional Tbk","AMMN.JK","23804560874","0.328256","Indonesia"
"1023","Yili Group","600887.SS","23789108584","3.76091","China"
"1024","Wipro","WIT","23782836224","2.27","India"
"1025","Riyad Bank","1010.SR","23731393805","5.95762","Saudi Arabia"
"1026","Bouygues","EN.PA","23718870428","61.6129","France"
"1027","SAIC Motor","600104.SS","23707165755","2.06234","China"
"1028","Dr. Sulaiman Al Habib Medical Services Group Company","4013.SR","23697188956","67.7063","Saudi Arabia"
"1029","Lasertec","6920.T","23615545765","263.476","Japan"
"1030","LyondellBasell","LYB","23604117504","73.13","United States"
"1031","Woodward","WWD","23585337344","393.11","United States"
"1032","Cellnex Telecom","CLNX.MC","23565955994","35.0927","Spain"
"1033","Tractor Supply","TSCO","23554220032","44.75","United States"
"1034","First Quantum Minerals","FM.TO","23547999206","28.4332","Canada"
"1035","First Citizens BancShares","FCNCA","23512496128","1987.01","United States"
"1036","Constellation Oil Services Holding","QG21.F","23510368113","15.4682","Luxembourg"
"1037","KeyCorp (KeyBank)","KEY","23503695872","21.57","United States"
"1038","Vonovia","VNA.DE","23437610790","27.6302","Germany"
"1039","Telenor","TEL.OL","23435344615","17.1279","Norway"
"1040","Suzuki Motor","7269.T","23404736818","12.1314","Japan"
"1041","Chery Automobile","9973.HK","23396578627","4.02792","China"
"1042","Industrivarden","INDU-A.ST","23376913292","54.1259","Sweden"
"1043","ADNOC Drilling Company","ADNOCDRILL.AE","23305199492","1.46","United Arab Emirates"
"1044","Fortum","FORTUM.HE","23287131515","25.9535","Finland"
"1045","Bunge Global SA","BG","23257249792","120","United States"
"1046","CRRC","1766.HK","23238905890","0.653866","China"
"1047","PulteGroup","PHM","23214544896","120.82","United States"
"1048","Publicis Groupe","PUB.PA","23120084937","92.9035","France"
"1049","Expand Energy","EXE","23090253824","96.05","United States"
"1050","Banco BPM","BAMI.MI","23085131823","15.3383","Italy"
"1051","Hua Hong Semiconductor Limited","1347.HK","23080276939","11.6598","China"
"1052","Geberit","GEBN.SW","23019652522","698.121","Switzerland"
"1053","Darden Restaurants","DRI","22991003648","199.68","United States"
"1054","GF Securities","000776.SZ","22978130037","2.93656","China"
"1055","Williams-Sonoma","WSM","22954625024","192.87","United States"
"1056","Brown &amp; Brown","BRO","22944311296","67.4","United States"
"1057","Futu Holdings","FUTU","22933555200","164.72","Hong Kong"
"1058","Royal Gold","RGLD","22906558464","270","United States"
"1059","Veralto","VLTO","22880899072","92.32","United States"
"1060","Seres Group","601127.SS","22858521432","13.1221","China"
"1061","Brookfield Renewable Partners","BEP","22846732288","35.38","Bermuda"
"1062","MTN Group","MTN.JO","22831715200","12.4561","South Africa"
"1063","Aker BP","AKRBP.OL","22825759264","36.1317","Norway"
"1064","Abu Dhabi Islamic Bank (ADIB)","ADIB.AE","22822368032","6.28","United Arab Emirates"
"1065","PBBank (Public Bank Bhd)","1295.KL","22801419650","1.17468","Malaysia"
"1066","EDP Group","EDP.F","22795389029","5.51423","Portugal"
"1067","SBA Communications","SBAC","22718568448","214.2","United States"
"1068","Hana Financial Group","086790.KS","22716183365","82.9101","South Korea"
"1069","Loews Corporation","L","22713208832","110.23","United States"
"1070","Nan Ya Plastics","1303.TW","22683200484","2.86013","Taiwan"
"1071","Fuyao Glass Industry Group","600660.SS","22669457165","8.68647","China"
"1072","NiSource","NI","22668115968","47.37","United States"
"1073","Formula One Group","FWONK","22660454400","90.47","United States"
"1074","Norsk Hydro","NHY.OL","22611797304","11.5056","Norway"
"1075","Equifax","EFX","22540576768","186.85","United States"
"1076","NN Group","NN.AS","22534923761","86.1259","Netherlands"
"1077","Kyocera","6971.T","22463913220","16.9436","Japan"
"1078","Industrias Peñoles","PE&OLES.MX","22455512960","56.4953","Mexico"
"1079","WSP Global","WSP.TO","22422134043","166.316","Canada"
"1080","Church & Dwight","CHD","22415489024","94.63","United States"
"1081","Ralph Lauren","RL","22398232576","369.36","United States"
"1082","Coca-Cola FEMSA","KOF","22344318976","103.21","Mexico"
"1083","Tyson Foods","TSN","22314766336","63.38","United States"
"1084","BCE Inc.","BCE","22274953216","23.82","Canada"
"1085","Luzhou Laojiao","000568.SZ","22238361508","15.1082","China"
"1086","EVE Energy","300014.SZ","22212820012","10.4452","China"
"1087","OMV","OMV.F","22172227768","68.0128","Austria"
"1088","Neste","NESTE.HE","22161926103","28.8464","Finland"
"1089","Naver","035420.KS","22153528959","148.199","South Korea"
"1090","Corpay","CPAY","22045573120","323.96","United States"
"1091","Indian Oil","IOC.NS","21987501835","1.55705","India"
"1092","Wiwynn","6669.TW","21980090674","118.274","Taiwan"
"1093","LabCorp","LH","21978552320","266.73","United States"
"1094","Coles Group","COL.AX","21954070621","16.3453","Australia"
"1095","Albemarle","ALB","21853872128","185.38","United States"
"1096","BWX Technologies","BWXT","21842114560","238.42","United States"
"1097","Lennar","LEN","21782622208","88.44","United States"
"1098","Steris","STE","21739563008","221.5","Ireland"
"1099","BOE Technology","000725.SZ","21734844608","0.586725","China"
"1100","VAT Group","VACN.SW","21726061470","725.001","Switzerland"
"1101","Smurfit Westrock","SW","21704114176","41.4","Ireland"
"1102","Vinhomes","VHM.VN","21597409282","5.25816","Vietnam"
"1103","CK Asset Holdings","1113.HK","21569827525","6.1632","Hong Kong"
"1104","Borouge","BOROUGE.AE","21522386814","0.72","United Arab Emirates"
"1105","Moderna","MRNA","21518800896","54.26","United States"
"1106","ATI Inc.","ATI","21475721216","156.83","United States"
"1107","KPN","KPN.AS","21475199215","5.6264","Netherlands"
"1108","Halma","HLMA.L","21444974659","56.7775","United Kingdom"
"1109","Pure Storage","PSTG","21443608576","64.89","United States"
"1110","Brambles","BXB.AX","21414068997","15.8605","Australia"
"1111","Coca-Cola HBC","CCH.L","21410550486","58.7452","Switzerland"
"1112","IHI Corporation","7013.T","21361706979","20.1497","Japan"
"1113","Carpenter Technology","CRS","21355835392","428.67","United States"
"1114","J. B. Hunt","JBHT","21345095680","224.17","United States"
"1115","Burlington Stores","BURL","21312028672","339.2","United States"
"1116","Yuanta Financial Holding","2885.TW","21304814494","1.59812","Taiwan"
"1117","Mizrahi-Tefahot","MZTF.TA","21286086298","81.8543","Israel"
"1118","MTU Aero Engines","MTX.DE","21268128492","395.088","Germany"
"1119","Yageo","2327.TW","21264073991","10.3212","Taiwan"
"1120","nVent Electric","NVT","21248018432","131.38","United Kingdom"
"1121","SBI Life Insurance","SBILIFE.NS","21198448835","21.1331","India"
"1122","Quest Diagnostics","DGX","21187241984","191.42","United States"
"1123","Amer Sports","AS","21184139264","36.41","Finland"
"1124","SGS","SGSN.SW","21170290717","109.621","Switzerland"
"1125","Aristocrat","ALL.AX","21165477724","35.0964","Australia"
"1126","Tenaga Nasional","TNABY","21130639360","14.5","Malaysia"
"1127","ASICS Corporation","7936.T","21125871156","29.8119","Japan"
"1128","Dongfang Electric Corporation","600875.SS","21112863038","6.10488","China"
"1129","Zscaler","ZS","21065189376","131.01","United States"
"1130","Roivant Sciences","ROIV","21034455040","29.39","United Kingdom"
"1131","China Satellite Communications","601698.SS","21030530886","4.97836","China"
"1132","Nanya Technology","2408.TW","21026297410","6.78568","Taiwan"
"1133","Korea Zinc","010130.KS","21014982292","1155.72","South Korea"
"1134","Capgemini","CAP.PA","20995630105","125.517","France"
"1135","CK Infrastructure","1038.HK","20979728581","8.32658","Hong Kong"
"1136","First Solar","FSLR","20974387200","195.2","United States"
"1137","Eicher Motors","EICHERMOT.NS","20964892598","76.4266","India"
"1138","T. Rowe Price","TROW","20958986240","96.11","United States"
"1139","AVIC Shenyang Aircraft Company Limited","600760.SS","20946639039","7.38834","China"
"1140","China Galaxy Securities","601881.SS","20946576555","1.91566","China"
"1141","China Tourism Group Duty Free","601888.SS","20895303709","10.0565","China"
"1142","Entegris","ENTG","20857335808","136.995","United States"
"1143","Next plc","NXT.L","20832241604","181.704","United Kingdom"
"1144","InterContinental Hotels Group","IHG","20808988672","142.45","United Kingdom"
"1145","The Saudi British Bank","1060.SR","20693093048","10.0706","Saudi Arabia"
"1146","Principal Financial Group","PFG","20529950720","94.68","United States"
"1147","Bank of Shanghai","601229.SS","20529347518","1.44481","China"
"1148","Terumo","4543.T","20491502530","13.8919","Japan"
"1149","Southwest Airlines","LUV","20487960576","41.7","United States"
"1150","Rivian","RIVN","20364642304","16.41","United States"
"1151","Coeur Mining","CDE","20360368128","19.67","United States"
"1152","Baosteel","600019.SS","20352311402","0.93436","China"
"1153","Telia Company","TELIA.ST","20336974558","5.17203","Sweden"
"1154","China Merchants Securities","600999.SS","20333352345","2.3381","China"
"1155","Twilio","TWLO","20326731776","134.07","United States"
"1156","JD Health","6618.HK","20303723146","6.34199","China"
"1157","CIMB Group","1023.KL","20292828109","1.87848","Malaysia"
"1158","Grupo Carso","GCARSOA1.MX","20291843549","9.00019","Mexico"
"1159","Arca Continental","AC.MX","20269376301","11.9359","Mexico"
"1160","Alinma Bank","1150.SR","20235483089","8.14608","Saudi Arabia"
"1161","Multiply Group","MULTIPLY.AE","20231907044","0.59","United Arab Emirates"
"1162","BE Semiconductor","BESI.AS","20230813694","256.937","Netherlands"
"1163","Innovent Biologics","1801.HK","20228948071","11.7555","China"
"1164","Illumina","ILMN","20222554112","132.26","United States"
"1165","Bank of Nanjing","601009.SS","20220573710","1.6355","China"
"1166","Legal &amp; General","LGEN.L","20165160514","3.59677","United Kingdom"
"1167","Dollar Tree","DLTR","20149792768","101.33","United States"
"1168","Alamos Gold","AGI","20145909760","47.83","Canada"
"1169","Lens Technology","300433.SZ","20116125862","3.81078","China"
"1170","Banco de Chile","BCH","20102397952","39.8","Chile"
"1171","Leidos","LDOS","20101492736","159.04","United States"
"1172","Evolution Mining","EVN.AX","20078252902","9.88545","Australia"
"1173","Uniper","UN0.DE","20063990804","48.1757","Germany"
"1174","IHH Healthcare","Q0F.SI","20027727960","2.2045","Malaysia"
"1175","Exact Sciences","EXAS","20026083328","104.91","United States"
"1176","Industries Qatar","IQCD.QA","20011536302","3.30769","Qatar"
"1177","Alpha Dhabi","ALPHADHABI.AE","20010889750","2","United Arab Emirates"
"1178","C. H. Robinson","CHRW","19937789952","168.08","United States"
"1179","Grasim Industries","GRASIM.NS","19933768305","29.3933","India"
"1180","B3","B3SA3.SA","19923417575","3.97611","Brazil"
"1181","Saudi Arabian Fertilizer Company","2020.SR","19922047093","41.8499","Saudi Arabia"
"1182","Pernod Ricard","RI.PA","19921726260","79.1121","France"
"1183","US Foods","USFD","19895089152","90.21","United States"
"1184","NetApp","NTAP","19871395840","100.33","United States"
"1185","MongoDB","MDB","19864473600","244.06","United States"
"1186","Affirm","AFRM","19860056064","59.62","United States"
"1187","Zangge Mining Company","000408.SZ","19782425784","12.5985","China"
"1188","Furukawa Electric","5801.T","19766902086","280.987","Japan"
"1189","Beiersdorf","BEI.DE","19733968741","90.3058","Germany"
"1190","WuXi Biologics","WXXWY","19723083776","9.46","China"
"1191","Nippon Steel","5401.T","19698969402","3.76916","Japan"
"1192","Saudi Electricity","5110.SR","19680671875","4.72344","Saudi Arabia"
"1193","Lundin Gold","LUG.TO","19664346930","81.3221","Canada"
"1194","Global Payments","GPN","19640674304","70.17","United States"
"1195","Taishin Financial Holdings","2887.TW","19633136363","0.789549","Taiwan"
"1196","MACOM Technology Solutions","MTSI","19590125568","261.16","United States"
"1197","Puig Brands","PUIG.MC","19530978784","20.4156","Spain"
"1198","Dick's Sporting Goods","DKS","19521452032","216.98","United States"
"1199","HD Korea Shipbuilding &amp; Offshore Engineering","009540.KS","19519174456","276.027","South Korea"
"1200","Grupo Cibest (Bancolombia)","CIB","19515496448","75.07","Colombia"
"1201","Galaxy Entertainment","0027.HK","19507165735","4.45446","Hong Kong"
"1202","LONGi Green Energy Technology","601012.SS","19485662103","2.57132","China"
"1203","Flutter Entertainment","FLUT","19470706688","111.79","Ireland"
"1204","Ems-Chemie","EMSN.SW","19459920752","832.011","Switzerland"
"1205","Bombardier","BBD-B.TO","19433061631","195.966","Canada"
"1206","Knorr-Bremse","KBX.DE","19395773057","120.321","Germany"
"1207","ITT","ITT","19381145600","215.73","United States"
"1208","APi Group","APG","19363749888","44.88","United States"
"1209","Adani Green Energy","ADANIGREEN.NS","19357403399","11.7519","India"
"1210","International Paper","IP","19331540992","36.51","United States"
"1211","Incyte","INCY","19324305408","97.1","United States"
"1212","HENGTONG Optic-Electric","600487.SS","19289773873","7.82105","China"
"1213","RB Global","RBA","19287851008","103.74","Canada"
"1214","TVS Motor","TVSMOTOR.NS","19277372549","40.5646","India"
"1215","Banco Sabadell","SAB.MC","19264854855","3.91664","Spain"
"1216","Bank of Ireland Group","BIRG.IR","19252850755","20.2562","Ireland"
"1217","Telus","TU","19251431424","12.33","Canada"
"1218","InterGlobe Aviation (IndiGo)","INDIGO.NS","19227465521","49.7287","India"
"1219","Expeditors International","EXPD","19227201536","144.02","United States"
"1220","West Pharmaceutical Services","WST","19209748480","266.5","United States"
"1221","Daiwa House","1925.T","19181771530","30.9709","Japan"
"1222","Korea Electric Power","KEP","19169048576","14.93","South Korea"
"1223","Snap-on","SNA","19157622784","368.01","United States"
"1224","Zhongjin Gold","600489.SS","19147506442","3.95013","China"
"1225","LS ELECTRIC Co., Ltd.","010120.KS","19143389404","128.745","South Korea"
"1226","lululemon athletica","LULU","19091212288","162.74","Canada"
"1227","ZTO Express","ZTO","19068588032","25.08","China"
"1228","VeriSilicon Microelectronics","688521.SS","19033233001","36.1907","China"
"1229","JBS N.V.","JBS","19008063488","17.75","Brazil"
"1230","Wilmar International","F34.SI","18972537081","3.03906","Singapore"
"1231","NVR","NVR","18905960448","6767.21","United States"
"1232","POSCO","PKX","18902169600","62.49","South Korea"
"1233","Dupont De Nemours","DD","18878943232","46.06","United States"
"1234","DSM-Firmenich","DSFIR.AS","18867341168","75.4044","Switzerland"
"1235","PTT Exploration and Production","PTTEP.BK","18860231574","4.75071","Thailand"
"1236","Fortive","FTV","18856603648","59.37","United States"
"1237","MFHC","2886.TW","18853757339","1.26677","Taiwan"
"1238","Kubota","6326.T","18843407582","16.572","Japan"
"1239","Traton","8TRA.DE","18833392829","37.6668","Germany"
"1240","LG Chem","051910.KS","18815618634","240.378","South Korea"
"1241","Hyosung Heavy Industries Corporation","298040.KS","18804572373","2019.45","South Korea"
"1242","Carlyle Group","CG","18802567168","52.06","United States"
"1243","Evergy","EVRG","18777368576","81.54","United States"
"1244","Broadridge Financial Solutions","BR","18776694784","160.83","United States"
"1245","HANMI Semiconductor","042700.KS","18775054918","197.938","South Korea"
"1246","China Steel","2002A.TW","18774780403","1.22872","Taiwan"
"1247","Sichuan Biokin Pharmaceutical","688506.SS","18762366493","45.4433","China"
"1248","Amcor","AMCR","18759055360","40.6","Switzerland"
"1249","Azrieli Group","AZRG.TA","18745113729","150.607","Israel"
"1250","LY Corporation","4689.T","18734649569","2.73428","Japan"
"1251","Unipol Assicurazioni","UNI.MI","18715548793","26.0952","Italy"
"1252","Henderson Land Development","0012.HK","18684568762","3.85934","Hong Kong"
"1253","Santander Polska","SPL.WA","18682431237","182.822","Poland"
"1254","Alliant Energy","LNT","18642397184","72.18","United States"
"1255","Amundi","AMUN.PA","18619541386","91.5102","France"
"1256","Zhejiang Century Huatong","002602.SZ","18574011177","2.51999","China"
"1257","Alcoa","AA","18570647552","70.38","United States"
"1258","Li Auto","LI","18567553024","18.16","China"
"1259","CF Industries","CF","18564728832","120.81","United States"
"1260","RBC Bearings","RBC","18559696896","586.98","United States"
"1261","Centene","CNC","18490644480","37.6","United States"
"1262","Essity","ESSITY-B.ST","18481893122","27.1285","Sweden"
"1263","Guosen Securities","002736.SZ","18477951793","1.80418","China"
"1264","Packaging Corporation of America","PKG","18473418752","207.07","United States"
"1265","Shanghai Electric Group","601727.SS","18440716195","1.18665","China"
"1266","Zimmer Biomet","ZBH","18430416896","94.2","United States"
"1267","General Mills","GIS","18406666240","34.49","United States"
"1268","China Railway Group","0390.HK","18402646828","0.521049","China"
"1269","Sumitomo Metal Mining","5713.T","18387653273","67.9634","Japan"
"1270","Bank Pekao (Bank Polska Kasa Opieki)","PEO.WA","18307267740","69.7499","Poland"
"1271","Mediobanca","MB.MI","18280109986","22.665","Italy"
"1272","International Flavors & Fragrances","IFF","18274304000","71.53","United States"
"1273","Chaozhou Three-Circle","300408.SZ","18252757412","9.52402","China"
"1274","Bank of Hangzhou","600926.SS","18246113691","2.51705","China"
"1275","Telkom Indonesia","TLK","18237353984","18.41","Indonesia"
"1276","Straumann","STMN.SW","18205687194","114.177","Switzerland"
"1277","Swire Properties","1972.HK","18205486859","3.16206","Hong Kong"
"1278","UL Solutions","ULS","18192652288","90.42","United States"
"1279","Pan Pacific International Holdings","7532.T","18191377977","6.0871","Japan"
"1280","Konami Holdings","9766.T","18186691939","134.163","Japan"
"1281","JDE Peet's","JDEP.AS","18182721768","37.4542","Netherlands"
"1282","KE Holdings","BEKE","18144272384","16.24","China"
"1283","KGHM Polska Miedź","KGH.WA","18120487583","90.6024","Poland"
"1284","MKS Instruments","MKSI","18109536256","269","United States"
"1285","Genmab","GMAB","18089979904","29.3","Denmark"
"1286","China Communications Construction","601800.SS","18089452133","1.11478","China"
"1287","Al Dar Properties","ALDAR.AE","18088542985","2.3","United Arab Emirates"
"1288","Euronext","ENX.PA","18046872792","174.047","Netherlands"
"1289","Rogers Communications","RCI","17973295104","33.27","Canada"
"1290","Kajima","1812.T","17955492618","38.5357","Japan"
"1291","Air China","601111.SS","17941098530","1.02824","China"
"1292","DiDi","DIDIY","17926993920","3.85","China"
"1293","Raiffeisen Bank International","RAW.F","17875154192","54.4574","Austria"
"1294","Singapore Exchange","S68.SI","17870954882","16.6912","Singapore"
"1295","KEPCO","9503.T","17869410206","16.0397","Japan"
"1296","Airtel Africa","AAF.L","17864667474","4.89611","United Kingdom"
"1297","Zhejiang Huayou Cobalt","603799.SS","17855808005","9.41401","China"
"1298","Nomura Research Institute","4307.T","17839101219","31.1158","Japan"
"1299","COSCO Shipping Energy","600026.SS","17796538421","3.25633","China"
"1300","Wolters Kluwer","WKL.AS","17789328748","79.2065","Netherlands"
"1301","Shionogi","4507.T","17768650491","20.8803","Japan"
"1302","Rongsheng Petrochemical","002493.SZ","17744355952","1.77631","China"
"1303","Unibail-Rodamco-Westfield","URW.PA","17711701107","122.86","France"
"1304","Santos","STO.AX","17668051973","5.44005","Australia"
"1305","Rentokil Initial","RTO","17663215616","34.34","United Kingdom"
"1306","Eurobank Ergasias Services and Holdings","EUROB.AT","17658142121","4.75499","Greece"
"1307","Rede D'Or Sao Luiz","RDOR3.SA","17656143903","8.01635","Brazil"
"1308","HP","HPQ","17652842496","19.23","United States"
"1309","Permian Resources","PR","17636036608","20.09","United States"
"1310","Carlsberg","CARL-B.CO","17608121246","130.088","Denmark"
"1311","Divis Laboratories","DIVISLAB.NS","17583386454","66.2353","India"
"1312","Telecom Italia","TIT.MI","17543627990","0.782855","Italy"
"1313","Hongkong Land","H78.SI","17505665024","8.14","Hong Kong"
"1314","EDP Renováveis","EDPR.LS","17498602943","16.649","Spain"
"1315","China Overseas Land &amp; Investment","0688.HK","17471894133","1.59635","Hong Kong"
"1316","Weyerhaeuser","WY","17456441344","24.21","United States"
"1317","Viper Energy","VNOM","17443895296","46.5","United States"
"1318","Associated British Foods","ABF.L","17440450991","24.813","United Kingdom"
"1319","Moncler","MONC.MI","17433090640","64.187","Italy"
"1320","Akeso","9926.HK","17410357491","18.9008","China"
"1321","Atlassian","TEAM","17407109120","66","Australia"
"1322","Essex Property Trust","ESS","17403627520","251.71","United States"
"1323","Elia Group","ELI.BR","17385878303","159.287","Belgium"
"1324","WH Group","0288.HK","17368359413","1.35371","Hong Kong"
"1325","Kaō","4452.T","17347772322","38.353","Japan"
"1326","Yum China","YUMC","17338091520","49.38","China"
"1327","Hong Kong and China Gas","0003.HK","17324546202","0.928439","Hong Kong"
"1328","Woori Financial Group","WF","17312376832","71.05","South Korea"
"1329","Power Assets","0006.HK","17268529236","8.10309","Hong Kong"
"1330","Keppel","BN4.SI","17266311735","9.51871","Singapore"
"1331","SS&C Technologies","SSNC","17257967616","71.46","United States"
"1332","China Three Gorges Renewables","600905.SS","17234359952","0.60286","China"
"1333","Cemex","CX","17221384192","11.87","Mexico"
"1334","Brookfield Infrastructure Partners","BIP","17218859008","37.02","Bermuda"
"1335","Tatneft","TATN.ME","17173782945","7.99","Russia"
"1336","Vodacom","VOD.JO","17172000700","8.88779","South Africa"
"1337","Tourmaline Oil","TOU.TO","17104917535","44.176","Canada"
"1338","YPF S.A.","YPF","17101737984","41.54","Argentina"
"1339","Boliden","BOL.ST","17045989534","60.0305","Sweden"
"1340","Tenet Healthcare","THC","17011020800","193.56","United States"
"1341","Shanghai International Port Group (SIPG)","600018.SS","17005382891","0.730473","China"
"1342","F5","FFIV","16991629312","299.09","United States"
"1343","Hologic","HOLX","16968846336","76.01","United States"
"1344","TPG Inc.","TPG","16941064192","43.97","United States"
"1345","Zhejiang NHU Co., Ltd.","002001.SZ","16937065157","5.51082","China"
"1346","Somnigroup International","SGI","16934523904","80.51","United States"
"1347","Lenovo","0992.HK","16919009060","1.36392","Hong Kong"
"1348","Watsco","WSO","16911578112","415.97","United States"
"1349","E.SUN Bank","2884.TW","16898668276","1.0448","Taiwan"
"1350","XPeng","XPEV","16878557184","17.66","China"
"1351","Bank of Beijing","601169.SS","16870969206","0.797946","China"
"1352","Lennox","LII","16861953024","484.29","United States"
"1353","Hua Xia Bank","600015.SS","16854532336","1.05904","China"
"1354","Ibiden","4062.T","16799216966","60.1592","Japan"
"1355","QXO, Inc.","QXO","16789285888","23.22","United States"
"1356","Kingspan Group","KRX.IR","16774583302","92.75","Ireland"
"1357","Hanwha Systems","272210.KS","16760673766","89.6325","South Korea"
"1358","Samsara","IOT","16753665024","28.85","United States"
"1359","Galp Energia","GZ5.F","16747379410","22.7004","Portugal"
"1360","Banco Santander-Chile","BSAC","16743439360","35.54","Chile"
"1361","Banca Mediolanum","BMED.MI","16740787311","22.4584","Italy"
"1362","Reliance","RS","16727122944","319.91","United States"
"1363","CDW Corporation","CDW","16712408064","129.56","United States"
"1364","ING Bank Slaski","ING.WA","16705433839","128.405","Poland"
"1365","Ball Corporation","BALL","16703765504","62.76","United States"
"1366","Falabella","FALABELLA.SN","16702417639","6.65741","Chile"
"1367","Huagong Tech","000988.SZ","16661773107","16.5706","China"
"1368","CoStar Group","CSGP","16660473856","39.31","United States"
"1369","Formosa Petrochemical","6505.TW","16643319561","1.74715","Taiwan"
"1370","Tencent Music Entertainment","TME","16639909888","9.88","China"
"1371","Nidec","6594.T","16635580467","14.5123","Japan"
"1372","Tata Motors","TATAMOTORS.NS","16633915542","4.51722","India"
"1373","Kawasaki Heavy Industries","7012.T","16589311212","19.8473","Japan"
"1374","Toast","TOST","16586240000","28.16","United States"
"1375","Emaar Development","EMAARDEV.AE","16575007204","4.14375","United Arab Emirates"
"1376","TD Synnex","SNX","16564691968","205.45","United States"
"1377","Nextpower","NXT","16560360448","110.12","United States"
"1378","Samsung Heavy Industries","010140.KS","16558921792","19.3864","South Korea"
"1379","Powszechny Zakład Ubezpieczeń","PZU.WA","16533344975","19.1464","Poland"
"1380","Jio Financial Services","JIOFIN.NS","16529640133","2.60181","India"
"1381","H World Group Limited","HTHT","16527932416","53.72","China"
"1382","Western Midstream","WES","16487106560","40.41","United States"
"1383","PMetal (Press Metal Aluminium)","8869.KL","16458374866","1.99747","Malaysia"
"1384","Sun Communities","SUI","16450331648","128.66","United States"
"1385","Nova Ltd.","NVMI","16445462528","517.43","Israel"
"1386","Singapore Airlines","C6L.SI","16438248213","5.21206","Singapore"
"1387","Taisei Corporation","1801.T","16402478991","100.622","Japan"
"1388","Bolloré","BOL.PA","16392118268","5.8661","France"
"1389","Supermicro","SMCI","16387151872","27.29","United States"
"1390","Summit Therapeutics","SMMT","16375871488","21.12","United Kingdom"
"1391","iFLYTEK","002230.SZ","16358418576","7.07591","China"
"1392","SharkNinja","SN","16314963968","115.51","United States"
"1393","UPM-Kymmene","UPM.HE","16305659622","30.9215","Finland"
"1394","Julius Bär","BAER.SW","16268673797","79.361","Switzerland"
"1395","Annaly Capital Management","NLY","16264280064","22.64","United States"
"1396","PTC","PTC","16252488704","136.58","United States"
"1397","Nippon Sanso","4091.T","16233193819","37.5027","Japan"
"1398","Anhui Conch Cement","AHCHF","16200729600","2.8","China"
"1399","IREN (Iris Energy)","IREN","16196482048","48.82","Australia"
"1400","SPEEH Hidroelectrica","H2O.RO","16191055160","35.9959","Romania"
"1401","Varun Beverages","VBL.NS","16156928283","4.7772","India"
"1402","Jerónimo Martins","JEM.F","16156127918","24.7491","Portugal"
"1403","East West Bancorp","EWBC","16148643840","117.34","United States"
"1404","Talen Energy","TLN","16144046080","353.3","United States"
"1405","Viatris","VTRS","16138872832","13.86","United States"
"1406","Hyundai Rotem Company","064350.KS","16119217382","147.69","South Korea"
"1407","Huaneng Power International","600011.SS","16118320583","1.02677","China"
"1408","Roku","ROKU","16118279168","109.33","United States"
"1409","NIO","NIO","16111438848","6.43","China"
"1410","Banco de Crédito e Inversiones","BCI.SN","16107396328","73.6829","Chile"
"1411","National Bank of Greece","ETE.AT","16078402339","17.7589","Greece"
"1412","Tianqi Lithium","002466.SZ","16077619531","9.42281","China"
"1413","Grab Holdings","GRAB","16073888768","3.92","Singapore"
"1414","REA Group","REA.AX","16066418725","122.044","Australia"
"1415","Emera","EMA.TO","16061137087","52.5246","Canada"
"1416","Eastroc Beverage Group","605499.SS","16047135799","28.4136","China"
"1417","Obayashi","1802.T","16020598299","23.3053","Japan"
"1418","Invitation Homes","INVH","16014667776","26.28","United States"
"1419","Bandai Namco","7832.T","16007804987","24.8044","Japan"
"1420","News Corp","NWS","16004981760","29.15","United States"
"1421","Grupo Financiero Inbursa","GFINBURO.MX","15956898410","2.62585","Mexico"
"1422","Hua Nan Financial Holdings","2880.TW","15930570637","1.14469","Taiwan"
"1423","CGI","GIB","15916810240","74.07","Canada"
"1424","IonQ","IONQ","15901894656","43.25","United States"
"1425","Deckers Brands","DECK","15867240448","108.87","United States"
"1426","Kaspi.kz Joint Stock Company","KKS.F","15853749866","81.9459","Kazakhstan"
"1427","Ipsen","IPN.PA","15840988860","192.23","France"
"1428","Investment AB Latour","LATO-B.ST","15840784249","24.7776","Sweden"
"1429","Kimco Realty","KIM","15834986496","23.48","United States"
"1430","Eiffage","FGR.PA","15814667622","164.305","France"
"1431","Bankinter","BKT.MC","15795364091","17.5759","Spain"
"1432","Banco Comercial Português (Millennium bcp)","BCP.LS","15792302611","1.06671","Portugal"
"1433","Clean Harbors","CLH","15780785152","296","United States"
"1434","Endeavour Mining","EDV.TO","15774013653","64.1296","United Kingdom"
"1435","Textron","TXT","15759958016","90.49","United States"
"1436","Power Finance Corp","PFC.NS","15736926179","4.76862","India"
"1437","Magna International","MGA","15712627712","56.43","Canada"
"1438","W. P. Carey","WPC","15696661504","71.58","United States"
"1439","Doosan","000150.KS","15687283946","920.77","South Korea"
"1440","LATAM Airlines","LTM","15682292736","53.57","Chile"
"1441","Jones Lang LaSalle","JLL","15678528512","332.21","United States"
"1442","Huntington Ingalls Industries","HII","15677234176","398.13","United States"
"1443","Metso","METSO.HE","15674412629","18.9279","Finland"
"1444","Swedish Orphan Biovitrum","SOBI.ST","15644045836","45.0502","Sweden"
"1445","Nippon Yūsen","9101.T","15640997880","38.4286","Japan"
"1446","FinecoBank","FBK.MI","15640436480","25.5638","Italy"
"1447","SDIC Power Holdings","600886.SS","15627402599","1.95233","China"
"1448","Trimble","TRMB","15624144896","66.79","United States"
"1449","ABB India","ABB.NS","15616953685","73.6925","India"
"1450","Ovintiv","OVV","15594783744","55.04","United States"
"1451","DLF","DLF.NS","15591124633","6.29865","India"
"1452","ASR Nederland","ASRNL.AS","15541557423","75.2155","Netherlands"
"1453","Hyundai Motor India","HYUNDAI.NS","15519704404","19.1002","India"
"1454","Muthoot Finance","MUTHOOTFIN.NS","15496518828","38.5778","India"
"1455","True Corporation","TRUE.BK","15493728981","0.448416","Thailand"
"1456","Blue Owl Capital","OWL","15479142400","9.92","United States"
"1457","Bank of Baroda","BANKBARODA.NS","15473721131","2.99219","India"
"1458","Acciona","ANA.MC","15471740669","283.859","Spain"
"1459","LG Electronics","066570.KS","15467270112","85.8978","South Korea"
"1460","Goldwind Science&amp;Technology","002202.SZ","15463990376","3.66117","China"
"1461","Union Bank of India","UNIONBANK.NS","15449494186","2.02335","India"
"1462","Hyatt Hotels","H","15441701888","163.46","United States"
"1463","Coloplast","COLO-B.CO","15438374977","68.5033","Denmark"
"1464","Secom","9735.T","15433661355","38.1577","Japan"
"1465","CVC Capital Partners plc","CVC.AS","15402414816","14.6416","Jersey"
"1466","Sinopac Financial Holdings","2890.TW","15371410606","1.06066","Taiwan"
"1467","Genuine Parts Company","GPC","15364645888","110.44","United States"
"1468","SCB (Siam Commercial Bank)","SCB.BK","15362625125","4.56256","Thailand"
"1469","Nordson","NDSN","15340489728","275","United States"
"1470","China Southern Airlines","600029.SS","15336703461","0.846351","China"
"1471","Qatar Islamic Bank","QIBK.QA","15287650021","6.46978","Qatar"
"1472","Origin Energy","ORG.AX","15267124367","8.86208","Australia"
"1473","SM Investments Corporation","SVTMF","15260140544","12.52","Philippines"
"1474","Asahi Group","2502.T","15258737417","10.4307","Japan"
"1475","TKO Group Holdings","TKO","15239908352","193.1","United States"
"1476","The Phoenix Holdings","PHOE.TA","15221012163","60.1959","Israel"
"1477","Plains All American Pipeline","PAA","15211262976","21.56","United States"
"1478","Warner Music Group","WMG","15174156288","29.05","United States"
"1479","Lynas","LYC.AX","15164948661","15.067","Australia"
"1480","Trent Limited","TRENT.NS","15163083888","42.6543","India"
"1481","Mapfre","MAP.MC","15143846650","4.94273","Spain"
"1482","mBank","MBK.WA","15139108653","355.998","Poland"
"1483","ageas","AGS.BR","15132954937","79.2301","Belgium"
"1484","Continental","CON.DE","15100227804","75.4989","Germany"
"1485","Torrent Pharmaceuticals","TORNTPHARM.NS","15093347276","44.5961","India"
"1486","Adani Energy Solutions","ADANIENSOL.NS","15084621416","12.5571","India"
"1487","Kakao","035720.KS","15083934813","34.2912","South Korea"
"1488","BridgeBio Pharma","BBIO","15063144448","77.7","United States"
"1489","Daifuku","6383.T","15061651393","40.9607","Japan"
"1490","Osaka Gas","9532.T","15056119953","39.1278","Japan"
"1491","Tryg","TRYG.CO","15046790419","25.209","Denmark"
"1492","Lundbergföretagen","LUND-B.ST","15036712708","60.6319","Sweden"
"1493","Jacobs Engineering","J","15033822208","127.31","United States"
"1494","JAC Motors","600418.SS","14965032397","6.6388","China"
"1495","Yara International","YAR.OL","14959347220","58.7273","Norway"
"1496","Lifco","LIFCO-B.ST","14899908415","32.8036","Sweden"
"1497","WESCO International","WCC","14887139328","305.93","United States"
"1498","Mid-America Apartment Communities","MAA","14883284992","124.19","United States"
"1499","Cummins India","CUMMINSIND.NS","14870825901","53.6466","India"
"1500","Regency Centers","REG","14864001024","79.52","United States"
"1501","Chongqing Changan","000625.SZ","14860298565","1.49908","China"
"1502","South32","S32.AX","14852476613","3.3143","Australia"
"1503","Tōkyō Gas","9531.T","14848697568","44.4439","Japan"
"1504","Ascendis Pharma","ASND","14839340032","241.71","Denmark"
"1505","Lattice Semiconductor","LSCC","14836645888","108.4","United States"
"1506","IDEX","IEX","14833878016","199.52","United States"
"1507","HDFC Life","HDFCLIFE.NS","14813863982","6.86692","India"
"1508","Medpace","MEDP","14808485888","518.54","United States"
"1509","Nippon Paint","4612.T","14799452893","6.38062","Japan"
"1510","Amkor Technology","AMKR","14799287296","59.72","United States"
"1511","Astra International","ASII.JK","14784454587","0.367647","Indonesia"
"1512","Inspur","000977.SZ","14767693819","10.0565","China"
"1513","Zhaojin Mining Industry Company","1818.HK","14766097016","4.1684","China"
"1514","BSE","BSE.NS","14764885894","36.3552","India"
"1515","Westlake Corporation","WLK","14761621504","115.25","United States"
"1516","Ebara Corporation","6361.T","14761247982","32.3251","Japan"
"1517","Dubai Islamic Bank","DIB.AE","14757236353","2.04193","United Arab Emirates"
"1518","Nan Ya PCB","8046.TW","14752168463","22.8303","Taiwan"
"1519","Regencell Bioscience","RGC","14740713472","29.81","Hong Kong"
"1520","Lingyi iTECH","002600.SZ","14739334540","2.01687","China"
"1521","Wise PLC","WISE.L","14714622853","14.7033","United Kingdom"
"1522","Bureau Veritas","BVI.PA","14701795189","33.1326","France"
"1523","Aptiv","APTV","14681999360","58.46","Ireland"
"1524","Covestro","1COV.F","14612544320","70.3743","Germany"
"1525","Smith & Nephew","SNN","14604613632","34.22","United Kingdom"
"1526","Britannia Industries","BRITANNIA.NS","14603282517","60.6277","India"
"1527","Sartorius","SRT.DE","14594828358","211.359","Germany"
"1528","PayPay Corporation","PAYP","14593392640","21.56","Japan"
"1529","Tele2","TEL2-B.ST","14526582512","20.9451","Sweden"
"1530","Tyler Technologies","TYL","14512279552","337.61","United States"
"1531","Pidilite","PIDILITIND.NS","14508183432","14.2549","India"
"1532","Grupo Bimbo","BIMBOA.MX","14472939310","3.36209","Mexico"
"1533","Krung Thai Bank","KTB.BK","14462528530","1.03481","Thailand"
"1534","Power Construction Corporation of China","601669.SS","14453044121","0.839017","China"
"1535","Tata Power","TATAPOWER.NS","14452791296","4.52308","India"
"1536","Solar Industries India","SOLARINDS.NS","14442936935","159.608","India"
"1537","Bharat Petroleum","BPCL.NS","14441374178","3.32865","India"
"1538","TransUnion","TRU","14433878016","74.81","United States"
"1539","Pentair","PNR","14421874688","88.35","United Kingdom"
"1540","Metro","MRU.TO","14417225931","67.6382","Canada"
"1541","Host Hotels & Resorts","HST","14412167168","20.69","United States"
"1542","Logitech","LOGI","14403865600","97.71","Switzerland"
"1543","Chow Tai Fook","1929.HK","14362112414","1.45587","Hong Kong"
"1544","Eurofins Scientific","ERF.PA","14349730949","81.9932","Luxembourg"
"1545","McCormick & Company","MKC","14340096000","53.34","United States"
"1546","Sekisui House","1928.T","14335683776","22.1149","Japan"
"1547","Carlisle Companies","CSL","14334701568","350.62","United States"
"1548","China Eastern Airlines","600115.SS","14320175712","0.648331","China"
"1549","LTIMindtree","LTIM.NS","14315610209","48.292","India"
"1550","Banque Cantonale Vaudoise","BCVN.SW","14302715399","166.53","Switzerland"
"1551","Sonova","SOON.SW","14283851275","239.619","Switzerland"
"1552","Sino Land","0083.HK","14280612457","1.50568","Hong Kong"
"1553","Kasikornbank","KBANK.BK","14265001912","6.0207","Thailand"
"1554","Indian Railway Finance","IRFC.NS","14255848819","1.09064","India"
"1555","Insulet","PODD","14255159296","202.5","United States"
"1556","Israel Discount Bank","DSCT.TA","14248847725","11.6481","Israel"
"1557","Advanced Energy","AEIS","14234496000","374.32","United States"
"1558","CapitaLand Mall Trust","C38U.SI","14208144893","1.8817","Singapore"
"1559","Power Financial","PWF-PS.TO","14195779923","15.4441","Canada"
"1560","Cholamandalam Investment and Finance","CHOLAFIN.NS","14165599620","16.6256","India"
"1561","Omega Healthcare Investors","OHI","14165261312","46.63","United States"
"1562","Swiss Prime Site","SPSN.SW","14141704490","176.258","Switzerland"
"1563","Evercore","EVR","14141124608","357.05","United States"
"1564","MIXUE Group","2097.HK","14127199788","37.2142","China"
"1565","Graco","GGG","14126968832","85.21","United States"
"1566","Pinnacle Financial Partners","PNFP","14124260352","93.99","United States"
"1567","BAWAG Group","0B2.F","14115623193","183.375","Austria"
"1568","Tech Mahindra","TECHM.NS","14096746977","15.9093","India"
"1569","Etihad Etisalat (Mobily)","7020.SR","14095896088","18.366","Saudi Arabia"
"1570","GFL Environmental","GFL","14077880320","39","Canada"
"1571","Global Unichip Corp.","3443.TW","14065269654","104.956","Taiwan"
"1572","Modon Holding PSC","MODON.AE","14063918485","0.86","United Arab Emirates"
"1573","Impala Platinum","IMP.JO","14060129900","15.6544","South Africa"
"1574","Check Point Software","CHKP","14039115776","134.69","Israel"
"1575","Gjensidige Forsikring","GJF.OL","14035987317","28.074","Norway"
"1576","Carrefour","CA.PA","14032784263","19.8311","France"
"1577","Informa plc","INF.L","14009025264","11.0814","United Kingdom"
"1578","SK Telecom","SKM","13999758336","36.35","South Korea"
"1579","Lincoln Electric","LECO","13999247360","255.35","United States"
"1580","Sterling Infrastructure","STRL","13992868864","456.08","United States"
"1581","Kratos Defense &amp; Security Solutions","KTOS","13986329600","74.66","United States"
"1582","Avis Budget Group","CAR","13980449792","395.77","United States"
"1583","Chubu Electric Power","9502.T","13972220301","18.4962","Japan"
"1584","Nitto Denko","6988.T","13960146901","20.7228","Japan"
"1585","Performance Food Group","PFGC","13959815168","88.86","United States"
"1586","Everest Group","EG","13959239680","345.61","Bermuda"
"1587","Samvardhana Motherson","MOTHERSON.NS","13950781005","1.32471","India"
"1588","Punjab National Bank","PNB.NS","13936830028","1.21245","India"
"1589","Franklin Resources","BEN","13884633088","26.63","United States"
"1590","Nexon","3659.T","13884565969","17.5514","Japan"
"1591","ASUS","2357.TW","13872143459","18.6765","Taiwan"
"1592","China Railway Construction","601186.SS","13863382349","1.0209","China"
"1593","Satellite Chemical","002648.SZ","13845170695","4.11001","China"
"1594","Evergreen Marine","2603.TW","13833152688","6.38932","Taiwan"
"1595","Sino Biopharmaceutical","1177.HK","13812191186","0.772635","China"
"1596","Shanghai United Imaging Healthcare","688271.SS","13809104267","16.7554","China"
"1597","Brown Forman","BF-A","13797805056","30.08","United States"
"1598","Canara Bank","CANBK.NS","13782108683","1.51942","India"
"1599","Mitsui O.S.K. Lines","9104.T","13776558416","40.1104","Japan"
"1600","Asahi Kasei","3407.T","13772713653","10.1536","Japan"
"1601","Cooper Companies","COO","13714591744","70.29","United States"
"1602","Hyundai Engineering and Construction","000720.KS","13701330859","121.887","South Korea"
"1603","SK Group","034730.KS","13698250665","251.243","South Korea"
"1604","Banque Saudi Fransi","1050.SR","13690696150","5.52579","Saudi Arabia"
"1605","CSPC Pharmaceutical Group Limited","1093.HK","13682989346","1.1979","China"
"1606","Daiwa Securities Group","8601.T","13680774520","9.87327","Japan"
"1607","Indian Bank","INDIANB.NS","13662297805","10.143","India"
"1608","Ecopro","086520.KQ","13660230281","101.651","South Korea"
"1609","Siemens India","SIEMENS.NS","13654735581","38.343","India"
"1610","ENKA","ENKAI.IS","13649217862","2.32813","Turkey"
"1611","BB Seguridade Participações","BBSE3.SA","13635968891","7.02433","Brazil"
"1612","Evolution Gaming","EVO.ST","13632720417","68.4282","Sweden"
"1613","Lamar Advertising","LAMR","13630699520","134.37","United States"
"1614","Ares Capital","ARCC","13620892672","18.97","United States"
"1615","Reinsurance Group of America","RGA","13620749312","207.75","United States"
"1616","Hitachi Energy India","POWERINDIA.NS","13599308311","304.881","India"
"1617","Ecopro BM","247540.KQ","13570957354","138.862","South Korea"
"1618","DWS Group","DWS.F","13555320225","67.7766","Germany"
"1619","HMM","011200.KS","13546379886","14.3616","South Korea"
"1620","RPM International","RPM","13536318464","105.69","United States"
"1621","POSCO Chemical","003670.KS","13529037955","152.104","South Korea"
"1622","Mitsui Mining &amp; Smelting","5706.T","13528266947","236.455","Japan"
"1623","RenaissanceRe","RNR","13514613760","310.76","Bermuda"
"1624","Alteogen","196170.KQ","13509609807","252.601","South Korea"
"1625","Fisher & Paykel Healthcare","FPH.NZ","13463677417","22.9261","New Zealand"
"1626","Meritz Financial Group","138040.KS","13461258029","81.6199","South Korea"
"1627","DT Midstream","DTM","13453622272","131.88","United States"
"1628","Admiral Group","ADM.L","13446131041","44.9851","United Kingdom"
"1629","Ryohin Keikaku","7453.T","13397595352","25.239","Japan"
"1630","Mueller Industries","MLI","13388952576","120.66","United States"
"1631","Scentre Group","SCG.AX","13372052551","2.56024","Australia"
"1632","Wistron Corporation","3231.TW","13362227381","4.20141","Taiwan"
"1633","Align Technology","ALGN","13358769152","186.53","United States"
"1634","Xi'an Eswin Material Technology Co.,Ltd.","688783.SS","13355685035","3.30766","China"
"1635","CP All","CPALL.BK","13349491307","1.49733","Thailand"
"1636","Focus Media Information Technology","002027.SZ","13345927934","0.924092","China"
"1637","Mitsubishi HC Capital","8593.T","13324099029","9.28119","Japan"
"1638","Jindal Steel &amp; Power","JINDALSTEL.NS","13323807797","13.0948","India"
"1639","MMG Limited","1208.HK","13318326679","1.09701","Australia"
"1640","Kirin Holdings","2503.T","13316023953","16.4366","Japan"
"1641","Akamai","AKAM","13306017792","90.38","United States"
"1642","Best Buy","BBY","13282429952","63.39","United States"
"1643","Toll Brothers","TOL","13277301760","140.13","United States"
"1644","Gaming and Leisure Properties","GLPI","13240622080","46.75","United States"
"1645","Hasbro","HAS","13214613504","93.93","United States"
"1646","CNH Industrial","CNH","13203672064","10.64","United Kingdom"
"1647","Neurocrine Biosciences","NBIX","13191774208","131.44","United States"
"1648","TCL Technology Group Corporation","000100.SZ","13180744533","0.633663","China"
"1649","First Financial Holding","2892.TW","13177113174","0.916384","Taiwan"
"1650","SCREEN Holdings","7735.T","13148819262","69.5381","Japan"
"1651","New York Times","NYT","13131464704","81.1","United States"
"1652","Fidelity National Financial","FNF","13128480768","48.42","United States"
"1653","UDR Apartments","UDR","13124408320","34.86","United States"
"1654","SBI Holdings","8473.T","13105406541","20.2756","Japan"
"1655","AIER Eye Hospital","300015.SZ","13104114037","1.40521","China"
"1656","Uni-President Enterprises","1216.TW","13062310363","2.29889","Taiwan"
"1657","Ally Financial","ALLY","13056034816","42.24","United States"
"1658","Aéroports de Paris","ADP.PA","13052189079","131.893","France"
"1659","TIM S.A.","TIMB","13046905856","27.31","Brazil"
"1660","Penumbra","PEN","13045176320","332.42","United States"
"1661","Millicom","TIGO","13043100672","77.85","Luxembourg"
"1662","CPFL Energia","CPFE3.SA","13042473280","11.3191","Brazil"
"1663","Ivanhoe Mines","IVN.TO","13026667284","9.13535","Canada"
"1664","GarantiBank","GARAN.IS","13025005495","3.10119","Turkey"
"1665","LIG Nex1","079550.KS","13009128890","595.513","South Korea"
"1666","Pinterest","PINS","12989422592","20.27","United States"
"1667","SEGRO","SGRO.L","12984761242","9.59953","United Kingdom"
"1668","Rambus","RMBS","12981287936","120.02","United States"
"1669","Paramount Skydance","PSKY","12974018560","11.67","United States"
"1670","Barito Pacific","BRPT.JK","12960833085","0.138305","Indonesia"
"1671","Centrica","CNA.L","12955235353","2.86059","United Kingdom"
"1672","Severn Trent","SVT.L","12943924136","42.9903","United Kingdom"
"1673","APA Corporation","APA","12934454272","36.6","United States"
"1674","Avery Dennison","AVY","12924368896","168.03","United States"
"1675","Unum","UNM","12920176640","78.9","United States"
"1676","Rexel","RXL.PA","12919614388","44.1374","France"
"1677","Corebridge Financial","CRBG","12918815744","26.82","United States"
"1678","China Longyuan Power Group","0916.HK","12913827353","0.807116","China"
"1679","Equity LifeStyle Properties","ELS","12900224000","64.38","United States"
"1680","Suncorp","SUN.AX","12894971277","11.9071","Australia"
"1681","Onto Innovation","ONTO","12878609408","258.9","United States"
"1682","Regal Rexnord","RRX","12874429440","193.41","United States"
"1683","Nordex","NDX1.F","12865313006","54.4102","Germany"
"1684","Abu Dhabi National Oil Company (ADNOC)","ADNOCDIST.AE","12864143411","1.03","United Arab Emirates"
"1685","Masco","MAS","12861859840","63.17","United States"
"1686","bioMérieux","BIM.PA","12841384608","108.868","France"
"1687","CNA Financial","CNA","12840744960","47.44","United States"
"1688","Emirates Integrated Telecommunications Company","DU.AE","12834799490","2.83147","United Arab Emirates"
"1689","Pilbara Minerals","PLS.AX","12826631069","3.98219","Australia"
"1690","Hecla Mining","HL","12821220352","19.12","United States"
"1691","SK Innovation","096775.KS","12807196064","49.23","South Korea"
"1692","Elm Company","7203.SR","12805544820","160.069","Saudi Arabia"
"1693","Whitecap Resources","WCP.TO","12804982755","10.5486","Canada"
"1694","Harel Group","HARL.TA","12793254246","62.1679","Israel"
"1695","Mowi","MNHVF","12793199616","24.2","Norway"
"1696","Globus Medical","GMED","12788176896","94.55","United States"
"1697","Erie Indemnity","ERIE","12786441216","244.53","United States"
"1698","Link REIT","0823.HK","12758461455","4.9091","Hong Kong"
"1699","Fresenius Medical Care","FMS","12737195008","22.84","Germany"
"1700","Orkla","ORK.OL","12733312321","12.9712","Norway"
"1701","Kerry Group","KRZ.IR","12710769893","79.4663","Ireland"
"1702","Ionis Pharmaceuticals","IONS","12690051072","76.82","United States"
"1703","Technoprobe","TPRO.MI","12686928551","19.8134","Italy"
"1704","Stifel","SF","12669390848","81.85","United States"
"1705","CG Power and Industrial Solutions","CGPOWER.NS","12630980978","8.02007","India"
"1706","Insurance Australia Group","IAG.AX","12624832946","5.37183","Australia"
"1707","Accor","AC.PA","12623589030","53.7844","France"
"1708","HD Hyundai","267250.KS","12620390791","178.586","South Korea"
"1709","Budweiser APAC","1876.HK","12604044448","0.952703","Hong Kong"
"1710","Polycab India","POLYCAB.NS","12589466740","83.5353","India"
"1711","Solstice Advanced Materials","SOLS","12579155968","79.24","United States"
"1712","Modine Manufacturing","MOD","12557407232","238.14","United States"
"1713","Clorox","CLX","12554220544","102.92","United States"
"1714","Italgas","IG.MI","12540669090","12.3391","Italy"
"1715","Korea Aerospace Industries","047810.KS","12536181742","128.609","South Korea"
"1716","AMH (American Homes 4 Rent)","AMH","12521610240","30.16","United States"
"1717","Pershing Square Holdings","PSHZF","12508686336","58","United States"
"1718","United Utilities","UU.L","12505882679","18.3401","United Kingdom"
"1719","Coca-Cola Consolidated","COKE","12478143488","187.46","United States"
"1720","Getlink","GET.PA","12471514931","23.0133","France"
"1721","IGM Financial","IGM.TO","12448694989","53.1438","Canada"
"1722","China Resources Power Holdings","0836.HK","12442895236","2.40347","Hong Kong"
"1723","Pinnacle West Capital","PNW","12441437184","102.8","United States"
"1724","Japan Exchange Group","8697.T","12440816440","12.103","Japan"
"1725","Piraeus Financial Holdings","TPEIR.AT","12438440783","10.0531","Greece"
"1726","Tsingtao","600600.SS","12416326105","9.10158","China"
"1727","Computershare","CPU.AX","12411365583","21.4586","Australia"
"1728","JD Logistics","2618.HK","12396311726","2.01524","China"
"1729","Alstom","ALO.PA","12389538101","26.8154","France"
"1730","Domino's Pizza","DPZ","12377788416","368.07","United States"
"1731","Edison","EDNR.MI","12358978913","2.60952","Italy"
"1732","Five Below","FIVE","12335847424","223.32","United States"
"1733","Tongling Nonferrous Metals Group Co.,Ltd.","000630.SZ","12332583258","0.919692","China"
"1734","T&amp;D Holdings","8795.T","12326283440","25.5792","Japan"
"1735","Toromont","TIH.TO","12324380316","151.309","Canada"
"1736","Symrise","SY1.DE","12318556969","88.1332","Germany"
"1737","Leonardo DRS","DRS","12314377216","46.29","United States"
"1738","Strabag","XD4.F","12308980773","106.624","Austria"
"1739","OPC Energy","OPCE.TA","12307666247","39.7072","Israel"
"1740","LPP SA","LPP.WA","12292923642","6623.74","Poland"
"1741","Prada","1913.HK","12287034493","4.80183","Italy"
"1742","Grupo Aeroportuario del Pacífico","PAC","12273694720","242.91","Mexico"
"1743","Ozon","OZON.ME","12271704194","55.27","United States"
"1744","Jazz Pharmaceuticals","JAZZ","12270825472","199.33","Ireland"
"1745","Citic Pacific Special Steel Group","000708.SZ","12259763079","2.42904","China"
"1746","Schroders","SDR.L","12251774945","7.85712","United Kingdom"
"1747","Industrial Bank of Korea (IBK)","024110.KS","12250971188","15.3631","South Korea"
"1748","KT&amp;G (Korea Tobacco)","033780.KS","12236616887","116.115","South Korea"
"1749","HDFC Asset Management Company Limited","HDFCAMC.NS","12235215656","28.5602","India"
"1750","Allegion","ALLE","12201647104","141.64","Ireland"
"1751","Verisure plc","VSURE.ST","12184330984","11.7841","Switzerland"
"1752","Orion Corporation","ORNAV.HE","12183651103","86.1967","Finland"
"1753","AEGON","AEG","12148490240","8.02","Netherlands"
"1754","Shimizu Corporation","1803.T","12138741213","17.942","Japan"
"1755","Gen Digital","GEN","12130805760","19.67","United States"
"1756","Embraer","EMBJ","12129634304","68.16","Brazil"
"1757","J&amp;T Global Express","1519.HK","12119220032","1.36265","China"
"1758","Sichuan Road and Bridge Group (SRBG)","600039.SS","12117067874","1.39347","China"
"1759","Chifeng Jilong Gold Mining","600988.SS","12114685074","6.37477","China"
"1760","TTM Technologies","TTMI","12108114944","116.6","United States"
"1761","Ambuja Cements","AMBUJACEM.NS","12095586438","4.8678","India"
"1762","Diploma plc","DPLM.L","12082730618","90.1059","United Kingdom"
"1763","Seven Group Holdings
 (SGH)","SGH.AX","12074469614","29.6671","Australia"
"1764","AGNC Investment","AGNC","12063589376","10.74","United States"
"1765","Guangdong HAID Group","002311.SZ","12033665084","7.23286","China"
"1766","Recordati","REC.MI","12019763945","59.0388","Italy"
"1767","Bajaj Holdings &amp; Investment","BAJAJHLDNG.NS","12002721870","107.847","India"
"1768","Generac","GNRC","11995023360","204.4","United States"
"1769","Solventum","SOLV","11988366336","69.1","United States"
"1770","Hong Kong Telecom","6823.HK","11985301987","1.58103","Hong Kong"
"1771","Washington H. Soul Pattinson and Company (Soul Patts)","SOL.AX","11973697040","31.5164","Australia"
"1772","Healthpeak Properties","DOC","11958414336","17.2","United States"
"1773","Orient Overseas Container Line","0316.HK","11950283013","18.0963","Hong Kong"
"1774","SiTime","SITM","11944107008","454.15","United States"
"1775","Arab National Bank","1080.SR","11936984665","6.01359","Saudi Arabia"
"1776","Okta","OKTA","11936455680","67.35","United States"
"1777","Swatch","UHR.SW","11933448531","229.507","Switzerland"
"1778","Financière de Tubize","TUB.BR","11930995513","268.036","Belgium"
"1779","Unisplendour","000938.SZ","11922768177","4.16868","China"
"1780","Sunoco","SUN","11917056000","63.25","United States"
"1781","Planet Labs","PL","11910987776","34.41","United States"
"1782","Godrej","GODREJCP.NS","11909292348","11.6388","India"
"1783","Equinox Gold","EQX","11908141056","15.09","Canada"
"1784","Klépierre","LI.PA","11896818651","41.5397","France"
"1785","Madrigal Pharmaceuticals","MDGL","11896209408","518.58","United States"
"1786","GEA Group","G1A.F","11887165072","73.0311","Germany"
"1787","Taiwan Cooperative Financial","5880.TW","11883640118","0.75784","Taiwan"
"1788","Indus Towers","INDUSTOWER.NS","11882826670","4.50593","India"
"1789","Crown Holdings","CCK","11876240384","104.89","United States"
"1790","Exelixis","EXEL","11872006144","44.28","United States"
"1791","BJ's Wholesale Club","BJ","11867886592","90.7","United States"
"1792","SITC International","1308.HK","11865465601","4.42892","Hong Kong"
"1793","Tongwei Co.,Ltd","600438.SS","11846821398","2.63146","China"
"1794","Porsche SE","PAH3.DE","11846438430","38.6823","Germany"
"1795","Salik Company","SALIK.AE","11843180554","1.57909","United Arab Emirates"
"1796","Dycom Industries","DY","11838177280","395","United States"
"1797","SKF (Svenska Kullagerfabriken)","SKF-B.ST","11835188599","25.9914","Sweden"
"1798","Vår Energi","VAR.OL","11827022086","4.73762","Norway"
"1799","Equitable Holdings","EQH","11818350592","42","United States"
"1800","Mashreqbank","MASQ.AE","11797365128","58.8075","United Arab Emirates"
"1801","PhosAgro","PHOR.ME","11786051127","90.12","Russia"
"1802","Apollo Hospitals","APOLLOHOSP.NS","11781381697","81.9377","India"
"1803","Suzano","SUZ","11780002816","9.53","Brazil"
"1804","Koç Holding","KCHOL.IS","11769660656","4.64285","Turkey"
"1805","CACI International Inc","CACI","11742564352","531.68","United States"
"1806","BOSCH India","BOSCHLTD.NS","11729229611","397.573","India"
"1807","On Holding","ONON","11727243264","35.43","Switzerland"
"1808","Globe Life","GL","11723223040","149.08","United States"
"1809","DraftKings","DKNG","11719359488","23.64","United States"
"1810","Idemitsu Kosan","5019.T","11717052317","9.56778","Japan"
"1811","Ooredoo Qatar","ORDS.QA","11704000085","3.65385","Qatar"
"1812","Webster Financial","WBS","11692840960","72.52","United States"
"1813","First Horizon Corporation","FHN","11678669824","24.17","United States"
"1814","Orient Securities Company Limited (DFZQ)","600958.SS","11627971536","1.36854","China"
"1815","Tata Consumer Products","TATACONSUM.NS","11611180347","11.732","India"
"1816","Guidewire Software","GWRE","11611069440","136.57","United States"
"1817","Elanco","ELAN","11600583680","23.23","United States"
"1818","Lite-On Technology","2301.TW","11587445957","5.10511","Taiwan"
"1819","Hyundai Glovis","086280.KS","11573287996","154.311","South Korea"
"1820","James Hardie Industries","JHX","11568607232","19.94","Ireland"
"1821","The Ensign Group","ENSG","11561292800","197.92","United States"
"1822","(HLBank) Hong Leong Bank","5819.KL","11554061989","5.63544","Malaysia"
"1823","Subaru","7270.T","11551890957","16.1468","Japan"
"1824","Chongqing Rural Commercial Bank","3618.HK","11543062559","0.893958","China"
"1825","iA Financial","IAG.TO","11539315617","125.79","Canada"
"1826","Almarai","2280.SR","11536287434","11.606","Saudi Arabia"
"1827","HubSpot","HUBS","11530135552","218.62","United States"
"1828","Aramark","ARMK","11514845184","43.81","United States"
"1829","Advanced Drainage Systems","WMS","11509072896","147.75","United States"
"1830","GBL","GBLB.VI","11504327630","95.5839","Belgium"
"1831","Skanska","SKA-B.ST","11493003643","27.7409","Sweden"
"1832","BELIMO Holding","BEAN.SW","11485366602","933.772","Switzerland"
"1833","Iamgold","IAG","11470169088","19.46","Canada"
"1834","Lupin Limited","LUPIN.NS","11465016220","25.0777","India"
"1835","Largan Precision","3008.TW","11446967590","87.5162","Taiwan"
"1836","Enlight Renewable Energy","ENLT","11438957568","82.18","Israel"
"1837","Equatorial Energia","EQTL3.SA","11435552171","9.08854","Brazil"
"1838","Zoomlion","1157.HK","11431583104","1.09701","China"
"1839","OBIC","4684.T","11417301121","26.3476","Japan"
"1840","KGI Financial Holding","2883.TW","11410938064","0.672226","Taiwan"
"1841","Sanlam","SLM.JO","11396287300","5.45341","South Africa"
"1842","Saputo","SAP.TO","11389833052","28.1054","Canada"
"1843","Hormel Foods","HRL","11368871936","20.66","United States"
"1844","MOL Group","MOL.BD","11356667682","14.3949","Hungary"
"1845","Japan Post Insurance","7181.T","11347432432","10.4402","Japan"
"1846","Hero MotoCorp","HEROMOTOCO.NS","11343627126","56.6927","India"
"1847","Chewy","CHWY","11321112576","27.17","United States"
"1848","Aritzia","ATZ.TO","11312860542","97.7133","Canada"
"1849","China Merchants Shekou Industrial Zone","001979.SZ","11307235666","1.25413","China"
"1850","Zebra Technologies","ZBRA","11296382976","229.64","United States"
"1851","360 Security Technology","601360.SS","11293748757","1.61349","China"
"1852","Rakuten","4755.T","11280238649","5.19835","Japan"
"1853","AtkinsRéalis","ATRL.TO","11265264000","68.5005","Canada"
"1854","Avidity Biosciences","RNAM","11249150976","72.82","United States"
"1855","Türkiye Petrol Rafinerileri","TUPRS.IS","11246855087","5.83708","Turkey"
"1856","CapitaLand Investment Limited","9CI.SI","11244124001","2.25174","Singapore"
"1857","Fuji Electric","6504.T","11233946277","76.2147","Japan"
"1858","GMR Airports","GMRAIRPORT.NS","11233050144","1.06384","India"
"1859","Service Corporation International","SCI","11218642944","80.58","United States"
"1860","Antero Resources","AR","11211798528","36.34","United States"
"1861","SCSK Corporation","9719.T","11190058018","35.7768","Japan"
"1862","Dayforce","DAY","11180042240","69.86","United States"
"1863","AECOM","ACM","11179587584","86.47","United States"
"1864","LG Electronics India Ltd.","LGEINDIA.NS","11165619020","16.4497","India"
"1865","Houlihan Lokey","HLI","11156713472","159.87","United States"
"1866","Assurant","AIZ","11152784384","224.01","United States"
"1867","YANGHE","002304.SZ","11143384854","7.39714","China"
"1868","Wynn Resorts","WYNN","11141626880","106.84","United States"
"1869","PChem (Petronas Chemicals Group)","5183.KL","11139240372","1.39241","Malaysia"
"1870","Confluent","CFLT","11133729792","30.99","United States"
"1871","Guardant Health","GH","11131123712","84.86","United States"
"1872","GoDaddy","GDDY","11126208512","82.33","United States"
"1873","Merlin Properties","MRL.MC","11125908297","17.9714","Spain"
"1874","GameStop","GME","11115220992","24.79","United States"
"1875","Jiangsu Eastern Shenghong","000301.SZ","11113267614","1.68097","China"
"1876","Jonhon Optronic Technology","002179.SZ","11106593853","5.24532","China"
"1877","Jack Henry &amp; Associates","JKHY","11102652416","153.4","United States"
"1878","Olympus","7733.T","11096531279","10.078","Japan"
"1879","CCL Industries","CCL-B.TO","11083229082","63.7653","Canada"
"1880","Lufthansa","LHA.DE","11073407288","9.23368","Germany"
"1881","Applied Optoelectronics","AAOI","11072589824","142.55","United States"
"1882","Ashok Leyland","ASHOKLEY.NS","11051658642","1.8815","India"
"1883","SPX Technologies","SPXC","11038387200","219.99","United States"
"1884","AltaGas","ALA.TO","11037096154","35.4559","Canada"
"1885","Smithfield Foods","SFD","11029167104","28.03","United States"
"1886","Pro Medicus","PME.AX","11028073892","105.562","Australia"
"1887","Bank Albilad","1140.SR","11027589659","7.35173","Saudi Arabia"
"1888","Hikari Tsushin","9435.T","11025958364","251.446","Japan"
"1889","Ooredoo","ORDS.AE","11023263525","3.44","United Arab Emirates"
"1890","Unity Software","U","11021696000","25.26","United States"
"1891","Indra Sistemas","IDR.MC","11013303360","62.9354","Spain"
"1892","GAIL","GAIL.NS","11006169352","1.67392","India"
"1893","Universal Health Services","UHS","11004758016","180.15","United States"
"1894","Mallplaza","MALLPLAZA.SN","10996582389","5.02127","Chile"
"1895","Oklo","OKLO","10995581952","63.35","United States"
"1896","Crane Company","CR","10989813760","190.32","United States"
"1897","Gartner","IT","10983835648","152.39","United States"
"1898","Mazagon Dock Shipbuilders Limited","MAZDOCK.NS","10979136613","27.2179","India"
"1899","Invesco","IVZ","10978987008","24.71","United States"
"1900","Localiza","RENT3.SA","10977394154","10.4092","Brazil"
"1901","Hensoldt","HAG.F","10970387010","94.9817","Germany"
"1902","Hualu Hengsheng","600426.SS","10968630602","5.16612","China"
"1903","Vodafone Idea","IDEA.NS","10966035175","0.101216","India"
"1904","ADNOC Logistics &amp; Services","ADNOCLS.AE","10937611551","1.48","United Arab Emirates"
"1905","Essential Utilities","WTRG","10929857536","38.58","United States"
"1906","KT Corporation","KT","10923299840","22.65","South Korea"
"1907","Bharat Heavy Electricals Limited","BHEL.NS","10920416592","3.13619","India"
"1908","TopBuild","BLD","10917497856","387.9","United States"
"1909","China Resources Beer","0291.HK","10912278500","3.36383","Hong Kong"
"1910","GAC (Guangzhou Automobile Group)","601238.SS","10903792740","1.06931","China"
"1911","Far EasTone","4904.TW","10899879050","3.02185","Taiwan"
"1912","American Financial Group","AFG","10877993984","130.59","United States"
"1913","Zhejiang Zheneng Electric","600023.SS","10876464445","0.811148","China"
"1914","BorgWarner","BWA","10867990528","52.49","United States"
"1915","TMX Group","X.TO","10867264732","39.062","Canada"
"1916","Virtu Financial","VIRT","10864522240","50.59","United States"
"1917","Formosa Plastics","1301.TW","10859525067","1.70593","Taiwan"
"1918","Romgaz","SNG.RO","10834305175","2.81102","Romania"
"1919","Concordia Financial Group","7186.T","10809376905","9.68746","Japan"
"1920","Sage Group","SGE.L","10809061215","11.7898","United Kingdom"
"1921","Dr. Reddy's Laboratories","RDY","10803554304","12.94","India"
"1922","The Weir Group","WEIR.L","10801447682","41.6061","United Kingdom"
"1923","Ackermans &amp; Van Haaren","ACKB.BR","10789712490","329.673","Belgium"
"1924","D'Ieteren Group","DIE.BR","10779590984","203.094","Belgium"
"1925","Renault","RNO.PA","10773614325","37.1709","France"
"1926","BIDV  (Commercial Bank for Investment and Development of Vietnam)","BID.VN","10771498276","1.5341","Vietnam"
"1927","Komerční banka","KOMB.PR","10771075146","57.0333","Czech Republic"
"1928","Bank of Chengdu","601838.SS","10767832579","2.54052","China"
"1929","XP Inc.","XP","10756672512","20.8","Brazil"
"1930","Toray Industries","3402.T","10753447444","7.34118","Japan"
"1931","Texas Roadhouse","TXRH","10747776000","163.03","United States"
"1932","Brookfield Property Partners","BPYPP","10738536448","16.25","Bermuda"
"1933","SenseTime","0020.HK","10737961995","0.265633","China"
"1934","Applied Industrial Technologies","AIT","10733008896","284.56","United States"
"1935","BKW AG","BKW.SW","10692697211","202.627","Switzerland"
"1936","Dynatrace","DT","10687759360","35.45","United States"
"1937","Hainan Airlines","900945.SS","10674260992","0.247","China"
"1938","Tongfu Microelectronics Co.,Ltd","002156.SZ","10671594154","7.0319","China"
"1939","The Trade Desk","TTD","10652365824","22.38","United States"
"1940","Aisin Seiki","7259.T","10652128805","14.7013","Japan"
"1941","Harmony Gold","HMY","10645153792","16.86","South Africa"
"1942","ARC Resources","ARX.TO","10639786918","18.482","Canada"
"1943","Discovery Limited","DSY.JO","10631731600","15.8856","South Africa"
"1944","BioMarin Pharmaceutical","BMRN","10629711872","55.27","United States"
"1945","Cipla","CIPLA.NS","10627123559","13.1559","India"
"1946","“K” Line","9107.T","10620372562","16.8019","Japan"
"1947","Camden Property Trust","CPT","10617172992","101.38","United States"
"1948","Gildan","GIL","10612284416","57.27","Canada"
"1949","Figma","FIG","10611705856","20.34","United States"
"1950","Saia","SAIA","10608869376","397.79","United States"
"1951","Shinkin Central Bank","8421.T","10597174364","1216.92","Japan"
"1952","Kokusai Electric","6525.T","10594047863","45.3824","Japan"
"1953","Encompass Health","EHC","10588825600","105.24","United States"
"1954","Unicharm","8113.T","10588445422","6.11607","Japan"
"1955","MP Materials","MP","10574767104","59.52","United States"
"1956","Sainsbury's","SBRY.L","10569232155","4.7292","United Kingdom"
"1957","Waaree Energies Limited (WEL)","WAAREEENER.NS","10566790189","36.7347","India"
"1958","Zhejiang Chint Electrics","601877.SS","10565961515","4.91676","China"
"1959","Securitas AB","SECU-B.ST","10549548033","18.4137","Sweden"
"1960","Hai Di Lao Hot Pot","6862.HK","10546915935","1.94755","China"
"1961","IES Holdings","IESC","10546295808","529.22","United States"
"1962","Zillow","Z","10534359040","43.5","United States"
"1963","Gotion High-tech Co.,Ltd.","002074.SZ","10532104854","5.80565","China"
"1964","Jardine Cycle &amp; Carriage","C07.SI","10517809860","26.6114","Singapore"
"1965","HF Sinclair","DINO","10506337280","58.28","United States"
"1966","Sime Darby Plantation","5285.KL","10504882490","1.51899","Malaysia"
"1967","EastGroup Properties","EGP","10503757824","195.4","United States"
"1968","Taiwan Mobile","3045.TW","10501438797","3.47211","Taiwan"
"1969","BDO Unibank","BDOUY","10498946048","19.68","Philippines"
"1970","Marico","MARICO.NS","10493519808","8.10102","India"
"1971","MGM Resorts","MGM","10491707392","38.36","United States"
"1972","Fosun Pharma","600196.SS","10481949508","3.92519","China"
"1973","Datang International Power Generation Company","601991.SS","10478313425","0.56619","China"
"1974","Sichuan Chuantou Energy","600674.SS","10474951311","2.14888","China"
"1975","Allison Transmission","ALSN","10459342848","125.82","United States"
"1976","WiseTech Global","WTC.AX","10458977857","31.1178","Australia"
"1977","Smiths Group","SMIN.L","10446996672","34.3461","United Kingdom"
"1978","First Majestic Silver","AG","10434785280","21.16","Canada"
"1979","Core &amp; Main","CNM","10432536576","53.36","United States"
"1980","Stanley Black &amp; Decker","SWK","10432142336","67.18","United States"
"1981","Phoenix Group","PHNX.L","10423169469","10.4083","United Kingdom"
"1982","Bilibili","BILI","10394760192","24.95","China"
"1983","Rubrik","RBRK","10388902912","51.36","United States"
"1984","Aurora Innovation","AUR","10388892672","5.3","United States"
"1985","Revvity","RVTY","10386529280","92.9","United States"
"1986","APR Co., Ltd.","278470.KS","10372088652","277.046","South Korea"
"1987","Stantec","STN","10370970624","90.92","Canada"
"1988","Globalstar","GSAT","10369588224","80.64","United States"
"1989","SM Prime Holdings","SPHXF","10364667904","0.361","Philippines"
"1990","Nutanix","NTNX","10345500672","38.26","United States"
"1991","Grupo Aeroportuario del Sureste
(ASUR)","ASR","10334567424","342.53","Mexico"
"1992","Max Healthcare Institute","MAXHEALTH.NS","10330766146","10.6153","India"
"1993","Bentley Systems","BSY","10325549056","34.05","United States"
"1994","Isuzu","7202.T","10319690928","15.0162","Japan"
"1995","AES","AES","10303884288","14.45","United States"
"1996","Alpha Services and Holdings","ALPHA.AT","10296486420","4.46334","Greece"
"1997","CAVA Group","CAVA","10292450304","88.44","United States"
"1998","Forgent Power Solutions","FPS","10290305024","32.39","United States"
"1999","AkzoNobel","AKZA.AS","10281519987","60.1015","Netherlands"
"2000","China Zheshang Bank","2016.HK","10279504596","0.310331","China"
"2001","Yunnan Energy New Material","002812.SZ","10268625866","10.4554","China"
"2002","Prio SA (Petro Rio)","PRIO3.SA","10255343836","12.6638","Brazil"
"2003","Donaldson Company","DCI","10251876352","88.52","United States"
"2004","Ayvens","AYV.PA","10241370094","13.0712","France"
"2005","Niterra","5334.T","10233689424","52.1157","Japan"
"2006","Beazley","BEZ.L","10212129818","17.2816","United Kingdom"
"2007","Snap","SNAP","10201269248","6.04","United States"
"2008","Penske Automotive Group","PAG","10199682048","155.13","United States"
"2009","Vienna Insurance Group","WSV2.F","10186799079","79.5844","Austria"
"2010","Menora Mivtachim Holdings","MMHD.TA","10178514249","162.94","Israel"
"2011","Bitmine Immersion Technologies","BMNR","10172831744","22.34","United States"
"2012","Korea Investment Holdings","071050.KS","10171095691","174.172","South Korea"
"2013","Cathay Pacific","0293.HK","10167435093","1.51207","Hong Kong"
"2014","Kingdom Holding","4280.SR","10155319056","2.74024","Saudi Arabia"
"2015","China Taiping Insurance","0966.HK","10152763385","2.82491","Hong Kong"
"2016","TFI International","TFII","10151712768","122.8","Canada"
"2017","Buzzi Unicem","BZU.MI","10148259728","56.7954","Italy"
"2018","Watts Water Technologies","WTS","10137017344","303.66","United States"
"2019","Old Republic International","ORI","10131461120","41.23","United States"
"2020","Antero Midstream","AM","10125606912","21.26","United States"
"2021","Tempus AI","TEM","10120214528","56.41","United States"
"2022","FormFactor","FORM","10104454144","129.62","United States"
"2023","Boubyan Bank","BOUBYAN.KW","10100516427","2140.42","Kuwait"
"2024","Zydus Lifesciences","ZYDUSLIFE.NS","10098913905","10.0363","India"
"2025","Flowserve","FLS","10072835072","78.82","United States"
"2026","Wayfair","W","10057714688","76.92","United States"
"2027","Dongfeng Motor","0489.HK","10054428208","1.21834","China"
"2028","AeroVironment","AVAV","10041058304","198.42","United States"
"2029","Western Mining","601168.SS","10038835313","4.21269","China"
"2030","OGE Energy","OGE","10019428352","48.55","United States"
"2031","Bunzl","BNZL.L","10010617157","31.1842","United Kingdom"
"2032","Sembcorp","U96.SI","10008975082","5.62935","Singapore"
"2033","Shanghai Airport (AVINEX)","600009.SS","10004350809","4.02054","China"
"2034","Knight-Swift Transportation","KNX","10000906240","61.56","United States"
"2035","BİM Birleşik Mağazalar","BIMAS.IS","9993567537","16.8242","Turkey"
"2036","VinFast Auto","VFS","9989819392","4.27","Vietnam"
"2037","Xero","XRO.AX","9989007848","57.5604","New Zealand"
"2038","Shenzhen Salubris Pharmaceuticals","002294.SZ","9984700824","8.95636","China"
"2039","Qantas Airways","QAN.AX","9981497264","6.59629","Australia"
"2040","J.M. Smucker Company","SJM","9974852608","93.49","United States"
"2041","Rural Electrification Corp","RECLTD.NS","9957933436","3.78112","India"
"2042","Chart Industries","GTLS","9955564544","207.99","United States"
"2043","JSW Energy","JSWENERGY.NS","9945597214","5.66337","India"
"2044","Bangkok Bank","BBL.BK","9936278130","5.20539","Thailand"
"2045","Arrowhead Pharmaceuticals","ARWR","9935283200","70.95","United States"
"2046","Instacart (Maplebear Inc.)","CART","9934995456","41.29","United States"
"2047","ICICI Lombard","ICICIGI.NS","9932126870","19.9215","India"
"2048","Booz Allen Hamilton","BAH","9924919296","82.3","United States"
"2049","Ascendas Reit","A17U.SI","9913034493","2.03916","Singapore"
"2050","Companhia Paranaense de Energia (COPEL)","ELPC","9912667136","13.35","Brazil"
"2051","Capcom","9697.T","9911644049","23.6958","Japan"
"2052","BXP, Inc.","BXP","9902796800","55.93","United States"
"2053","Abivax","ABVX","9890232320","121.48","France"
"2054","Brenntag","BNR.DE","9881422420","68.4378","Germany"
"2055","Hudbay Minerals","HBM","9874358272","24.88","Canada"
"2056","Empresas Copec","COPEC.SN","9871045360","7.59397","Chile"
"2057","Indian Hotels Company","INDHOTEL.NS","9865402640","6.93071","India"
"2058","Marks &amp; Spencer","MKS.L","9857925459","4.86829","United Kingdom"
"2059","Freedom Holding","FRHC","9857796096","161.1","Kazakhstan"
"2060","Wintrust Financial","WTFC","9849890816","146.06","United States"
"2061","South State Corp","SSB","9847489536","97.97","United States"
"2062","Enel Américas","ENELAM.SN","9819736446","0.0953477","Chile"
"2063","Samsung SDS","018260.KS","9816626348","126.911","South Korea"
"2064","Chiba Bank","CHBAY","9804390400","68.76","Japan"
"2065","LG Corp","003550.KS","9800783928","63.5576","South Korea"
"2066","Turkish Airlines","THYAO.IS","9798275127","7.13296","Turkey"
"2067","Sagax","SAGA-B.ST","9796877643","21.0818","Sweden"
"2068","SEI Investments","SEIC","9796377600","80.01","United States"
"2069","Addtech AB","ADDT-B.ST","9794238747","36.2807","Sweden"
"2070","Canadian Utilities","CU.TO","9769944514","35.9003","Canada"
"2071","United Spirits","UNITDSPR.BO","9754028496","13.4103","India"
"2072","U-Haul","UHAL","9730667520","51.22","United States"
"2073","Littelfuse","LFUS","9711316992","385.95","United States"
"2074","Range Resources","RRC","9706688512","41.22","United States"
"2075","Alibaba Health Information Technology","0241.HK","9699081824","0.601506","Hong Kong"
"2076","Luckin Coffee","LKNCY","9696596992","33.87","China"
"2077","Everbright Securities Company","6178.HK","9694097796","1.04338","Hong Kong"
"2078","NTPC Green Energy","NTPCGREEN.NS","9692456629","1.15026","India"
"2079","Deutsche Wohnen","DWNI.DE","9678483246","24.383","Germany"
"2080","Advantech","2395.TW","9677682652","11.1773","Taiwan"
"2081","Jefferies Financial Group","JEF","9674742784","46.84","United States"
"2082","DaVita","DVA","9664360448","144.57","United States"
"2083","Aditya Birla Capital","ABCAPITAL.NS","9663140185","3.68516","India"
"2084","Shree Cement","SHREECEM.NS","9657923500","267.675","India"
"2085","Subsea 7","SUBC.OL","9652000610","32.5931","Luxembourg"
"2086","Zurich Airport","FHZN.SW","9650580189","314.372","Switzerland"
"2087","Surgutneftegas","SNGS.ME","9644937518","0.27","Russia"
"2088","Red Eléctrica","RED.MC","9641711622","17.8415","Spain"
"2089","Kunlun Tech","300418.SZ","9623021777","7.66557","China"
"2090","Norwegian Cruise Line","NCLH","9621124096","21.12","United States"
"2091","Ryan Specialty","RYAN","9613862912","36.39","United States"
"2092","Hwatsing Technology","688120.SS","9606573491","27.1639","China"
"2093","Shizuoka Financial Group","5831.T","9606344901","18.0427","Japan"
"2094","M&G plc","MNG.L","9604309638","4.03169","United Kingdom"
"2095","Gap Inc.","GAP","9595580416","25.8","United States"
"2096","Formosa Chemicals &amp; Fibre","1326.TW","9588551242","1.63934","Taiwan"
"2097","China Oilfield Services","2883.HK","9585970320","1.13916","China"
"2098","Owens Corning","OC","9581914112","116.58","United States"
"2099","Federal Realty Investment Trust","FRT","9573954560","110.15","United States"
"2100","Accelleron Industries","ACLN.SW","9573542289","101.953","Switzerland"
"2101","Dino Polska","DNP.WA","9565944665","9.75719","Poland"
"2102","China Gold International Resources","CGG.TO","9564594721","24.1278","Canada"
"2103","Banca Transilvania","TLV.RO","9558439616","8.77632","Romania"
"2104","SBI Shinsei Bank","8303.T","9556528094","10.774","Japan"
"2105","Banca Popolare di Sondrio","BPSO.MI","9554432820","21.2422","Italy"
"2106","Fannie Mae","FNMA","9542641664","8.24","United States"
"2107","Sibanye-Stillwater","SBSW","9541254144","13.19","South Africa"
"2108","Ayala Corporation","AYALY","9537346560","9.35","Philippines"
"2109","SPIE","SPIE.PA","9536551814","56.0397","France"
"2110","G Mining Ventures","GMIN.TO","9533252349","40.111","Canada"
"2111","Shoprite","SHP.JO","9531764700","17.63","South Africa"
"2112","China Resources Microelectronics","688396.SS","9497656241","7.15071","China"
"2113","Lotus Bakeries","LOTB.BR","9496986528","11689.7","Belgium"
"2114","American Healthcare REIT","AHR","9493736448","49.48","United States"
"2115","Saipem","SPM.MI","9484910486","4.88842","Italy"
"2116","HELLA","HLE.F","9472454781","85.2521","Germany"
"2117","Dillard's","DDS","9471597568","606.49","United States"
"2118","Praxis Precision Medicines","PRAX","9467332608","339.93","United States"
"2119","Sofina","SOF.VI","9446250827","266.383","Belgium"
"2120","Desay SV","002920.SZ","9442148908","15.821","China"
"2121","ENN Natural Gas Co.,Ltd.","600803.SS","9440612646","3.04951","China"
"2122","Popular, Inc. (Banco Popular de Puerto Rico)","BPOP","9436868608","144.95","United States"
"2123","JSC Halyk Bank","H4L1.F","9433989186","33.0618","Kazakhstan"
"2124","Stora Enso","STEAV.HE","9432586104","11.9609","Finland"
"2125","Nordnet AB","SAVE.ST","9426309771","37.899","Sweden"
"2126","Element Fleet Management","EFN.TO","9423833415","23.7126","Canada"
"2127","Axsome Therapeutics","AXSM","9421412352","184.18","United States"
"2128","Bank Muscat","BKMB.OM","9417116547","1.25455","Oman"
"2129","Builders FirstSource","BLDR","9415809024","85.13","United States"
"2130","InterDigital","IDCC","9409633280","365.5","United States"
"2131","Agree Realty","ADC","9396406272","78.01","United States"
"2132","Bharat Forge","BHARATFORG.NS","9388921356","19.6385","India"
"2133","Tingyi (master kang)","0322.HK","9357782576","1.66021","China"
"2134","Davide Campari-Milano","CPR.MI","9342291067","7.79313","Italy"
"2135","Aurubis","NDA.F","9341146034","213.957","Germany"
"2136","Masimo","MASI","9341001728","178.39","United States"
"2137","Wharf REIC","1997.HK","9337048222","3.07521","Hong Kong"
"2138","CTP N.V.","CTPNV.AS","9335496441","19.2467","Netherlands"
"2139","Trelleborg AB","TREL-B.ST","9321636236","41.6168","Sweden"
"2140","Avolta AG","AVOL.SW","9310259176","65.7928","Switzerland"
"2141","PSP Swiss Property","PSPN.SW","9305797428","202.883","Switzerland"
"2142","S-OIL","010950.KS","9304607165","79.9223","South Korea"
"2143","Bank of the Philippine Islands","BPHLY","9296835584","35.19","Philippines"
"2144","Shimano","7309.T","9288546350","107.425","Japan"
"2145","Murphy USA","MUSA","9277868032","500.55","United States"
"2146","Darling Ingredients","DAR","9276135424","58.44","United States"
"2147","Bangkok Dusit Medical Services (BDMS)","BDMS.BK","9269089167","0.583255","Thailand"
"2148","Kesko","KESKOA.HE","9262135770","23.1196","Finland"
"2149","Haisco Pharmaceutical Group","002653.SZ","9261602278","8.26989","China"
"2150","APA Group","APA.AX","9259462713","6.99487","Australia"
"2151","New Oriental","EDU","9247521792","55.47","China"
"2152","MISC Berhad","3816.KL","9243909326","2.07089","Malaysia"
"2153","Brixmor Property Group","BRX","9241909248","30.12","United States"
"2154","Sunway","5211.KL","9240432788","1.32405","Malaysia"
"2155","Dahua Technology","002236.SZ","9232323764","2.80895","China"
"2156","IMI plc","IMI.L","9229605435","38.1321","United Kingdom"
"2157","Medibank","MPL.AX","9226489097","3.35021","Australia"
"2158","Evonik Industries","EVK.DE","9216554529","19.778","Germany"
"2159","Lodha Group","LODHA.NS","9214740037","9.2263","India"
"2160","Quebecor","QBR-B.TO","9209262556","40.1037","Canada"
"2161","Hotai Motor","2207.TW","9203492702","16.5203","Taiwan"
"2162","Persistent Systems","PERSISTENT.NS","9201792485","58.8478","India"
"2163","Schaeffler","SHA0.DE","9193351600","9.7296","Germany"
"2164","Rohm","6963.T","9186337727","23.7966","Japan"
"2165","NIBE Industrier","NIBE-B.ST","9181624243","4.55423","Sweden"
"2166","Anker Innovations","300866.SZ","9168376899","17.1001","China"
"2167","Akbank","AKBNK.IS","9166836623","1.76285","Turkey"
"2168","Severstal","CHMF.ME","9165407468","10.64","Russia"
"2169","Giant Network Group","002558.SZ","9152247642","4.81555","China"
"2170","Bio-Techne","TECH","9150953472","58.49","United States"
"2171","Zions Bancorporation","ZION","9146924032","61.85","United States"
"2172","Melrose Industries","MRO.L","9142473632","7.32246","United Kingdom"
"2173","Element Solutions","ESI","9142134784","37.53","United States"
"2174","UMB Financial","UMBF","9126493184","119.87","United States"
"2175","Cognex","CGNX","9125637120","54.64","United States"
"2176","Suntory","2587.T","9124289834","29.5285","Japan"
"2177","Albertsons","ACI","9118504960","16.6","United States"
"2178","Mankind Pharma","MANKIND.NS","9115993251","22.7564","India"
"2179","Rational AG","RAA.F","9115869790","801.748","Germany"
"2180","Makita","6586.T","9113533248","34.9706","Japan"
"2181","A2A","A2A.MI","9108514607","2.91416","Italy"
"2182","DocuSign","DOCU","9107004416","46.84","United States"
"2183","Old National Bank","ONB","9102760960","23.36","United States"
"2184","Huadong Medicine (HD Medicine)","000963.SZ","9096022946","5.18665","China"
"2185","Celsius Holdings","CELH","9094665216","35.28","United States"
"2186","Intertek","ITRK.L","9089536026","59.2066","United Kingdom"
"2187","Baxter","BAX","9086044160","17.6","United States"
"2188","VIAVI Solutions","VIAV","9084345344","39.26","United States"
"2189","Hulic","3003.T","9077669704","11.955","Japan"
"2190","Meridian Energy","MEZ.AX","9063885292","3.3538","New Zealand"
"2191","StandardAero","SARO","9061517312","27.24","United States"
"2192","ICON plc","ICLR","9060453376","116.5","Ireland"
"2193","The Toro Company","TTC","9045228544","92.79","United States"
"2194","PetGas (Petronas Gas)","6033.KL","9037044095","4.56709","Malaysia"
"2195","OTE Group","OTE.F","9023982312","21.5374","Greece"
"2196","Yuntianhua","600096.SS","9011336833","4.94316","China"
"2197","Eisai","4523.T","9009181399","31.9598","Japan"
"2198","Full Truck Alliance","YMM","8994691072","8.6","China"
"2199","BlueScope Steel","BSL.AX","8993100633","20.5286","Australia"
"2200","Chime Financial","CHYM","8991776768","23.41","United States"
"2201","The Lottery Corporation","TLC.AX","8991322449","4.03964","Australia"
"2202","CAE Inc.","CAE","8991239168","27.94","Canada"
"2203","Alchip Technologies","3661.TW","8982298057","110.505","Taiwan"
"2204","Buenaventura Mining Company","BVN","8980975616","35.36","Peru"
"2205","Indutrade","INDT.ST","8980050087","24.6486","Sweden"
"2206","Cullen/Frost Bankers","CFR","8975286272","142.01","United States"
"2207","St. James's Place","STJ.L","8958956089","17.4784","United Kingdom"
"2208","Nitori Holdings","9843.T","8949488082","15.8382","Japan"
"2209","ENN Energy","2688.HK","8947930964","8.052","China"
"2210","FirstCash","FCFS","8941579264","202.6","United States"
"2211","Joby Aviation","JOBY","8941321216","9.13","United States"
"2212","Central Pattana","CPN.BK","8936595172","1.99122","Thailand"
"2213","CITIC Metal","601061.SS","8933919881","1.82325","China"
"2214","CubeSmart","CUBE","8925684736","38.95","United States"
"2215","InPost","INPST.AS","8925409766","17.8652","Luxembourg"
"2216","Charles River Laboratories","CRL","8909184000","180.56","United States"
"2217","Lineage","LINE","8895710208","35.68","United States"
"2218","BrightSpring Health Services","BTSG","8887647232","46.01","United States"
"2219","Henry Schein","HSIC","8883793920","77.42","United States"
"2220","Shenzhen Transsion Holdings","688036.SS","8876827019","7.71104","China"
"2221","Barry Callebaut","BARN.SW","8870685239","1617.94","Switzerland"
"2222","CareTrust REIT","CTRE","8869215232","39.73","United States"
"2223","Celcomdigi","6947.KL","8850606621","0.75443","Malaysia"
"2224","Lumen Technologies","LUMN","8849061888","8.59","United States"
"2225","San’an Optoelectronics","600703.SS","8847412722","1.77338","China"
"2226","Primoris Services Corporation","PRIM","8813708288","162.52","United States"
"2227","Vicor","VICR","8811464704","194.2","United States"
"2228","Applied Digital","APLD","8804558848","30.81","United States"
"2229","Aura Minerals","AUGO","8798706688","105.01","United States"
"2230","ENGIE Brasil","EGIE3.SA","8793635442","7.6977","Brazil"
"2231","Oshkosh Corporation","OSK","8784041984","140.21","United States"
"2232","Vaxcyte","PCVX","8777718784","60.45","United States"
"2233","SSAB","SSAB-B.ST","8764308671","8.78479","Sweden"
"2234","A. O. Smith","AOS","8763431936","63.37","United States"
"2235","Gaztransport & Technigaz","GTT.PA","8761738435","236.392","France"
"2236","West Japan Railway","9021.T","8759881061","19.2489","Japan"
"2237","Games Workshop Group","GAW.L","8753041225","264.89","United Kingdom"
"2238","Realtek","2379.TW","8728902724","16.9325","Taiwan"
"2239","ICICI Prulife","ICICIPRULI.NS","8717536065","6.01773","India"
"2240","Public Power Corporation","PPC.AT","8716150544","23.6037","Greece"
"2241","Skyworks Solutions","SWKS","8713017344","57.93","United States"
"2242","NHPC Limited","NHPC.NS","8678713788","0.86398","India"
"2243","Yokogawa Electric Corporation","6841.T","8678386441","34.0825","Japan"
"2244","Kikkoman","2801.T","8675100601","9.35992","Japan"
"2245","Kinden Corporation","1944.T","8674861181","43.814","Japan"
"2246","Unicaja Banco","UNI.MC","8673578188","3.37702","Spain"
"2247","Semtech","SMTC","8669554688","93.27","United States"
"2248","Liberty Live Group","LLYVA","8667545600","92.44","United States"
"2249","Pearson","PSO","8663606272","14.2","United Kingdom"
"2250","National Silicon Industry Group","688126.SS","8658264943","2.61973","China"
"2251","Yaskawa","6506.T","8655292268","33.3707","Japan"
"2252","Primerica","PRI","8652651520","273.3","United States"
"2253","Founder Securities","601901.SS","8645668429","1.05024","China"
"2254","Havells India","HAVELLS.NS","8643562302","13.7799","India"
"2255","Xanadu Quantum Technologies Limited","XNDU","8643192832","25.18","Canada"
"2256","Western Alliance Bancorporation","WAL","8640313344","78.51","United States"
"2257","Arrow Electronics","ARW","8632540160","168.98","United States"
"2258","Sunny Optical","2382.HK","8620608756","8.03285","China"
"2259","The Magnum Ice Cream Company","MICC","8616489984","14.06","Netherlands"
"2260","Columbia Banking System","COLB","8600524800","29.1","United States"
"2261","GDS Holdings","GDS","8596200448","42.9","China"
"2262","Mitsubishi Chemical Holdings","4188.T","8595687289","6.32708","Japan"
"2263","Qiagen","QGEN","8580952576","41.64","Netherlands"
"2264","IDBI Bank","IDBI.NS","8577068551","0.797611","India"
"2265","Levi Strauss &amp; Co.","LEVI","8564958720","22.27","United States"
"2266","FactSet","FDS","8560654336","230.75","United States"
"2267","Aurobindo Pharma","AUROPHARMA.NS","8555779504","14.731","India"
"2268","Acciona Energías Renovables","ANE.MC","8555179773","26.3786","Spain"
"2269","Wharf Holdings","0004.HK","8554933404","2.79936","Hong Kong"
"2270","Acuity Brands","AYI","8538927104","278.48","United States"
"2271","Choice Properties REIT","CHP-UN.TO","8536885678","11.7944","Canada"
"2272","Quiñenco","QUINENCO.SN","8536786413","5.13411","Chile"
"2273","Konecranes","KCR.HE","8524723359","35.872","Finland"
"2274","Dutch Bros","BROS","8522597888","51.72","United States"
"2275","Dundee Precious Metals","DPM.TO","8516094632","38.3674","Canada"
"2276","Vicinity Centres","VCX.AX","8514531656","1.8349","Australia"
"2277","Finning","FTT.TO","8509447022","64.7925","Canada"
"2278","National Fuel Gas","NFG","8503914496","89.49","United States"
"2279","First International Bank of Israel","FIBI.TA","8498060376","84.7288","Israel"
"2280","Voestalpine","VAS.F","8482443609","49.4746","Austria"
"2281","Gerdau","GGB","8479816704","4.31","Brazil"
"2282","Rexford Industrial","REXR","8476023808","35.69","United States"
"2283","Zensho Holdings","7550.T","8475458557","54.1691","Japan"
"2284","Jyske Bank","JYSK.CO","8474841745","147.131","Denmark"
"2285","Affiliated Managers Group","AMG","8471020544","301.15","United States"
"2286","Pharmaron Beijing","300759.SZ","8467539445","4.60873","China"
"2287","Argan","AGX","8457249792","606.43","United States"
"2288","Babcock International Group","BAB.L","8455829279","17.1459","United Kingdom"
"2289","Cemig","CIG","8451489280","2.67","Brazil"
"2290","NextVision Stabilized Systems","NXSN.TA","8447990167","91.7811","Israel"
"2291","Bid Corp","BID.JO","8446371500","25.1392","South Africa"
"2292","RaiaDrogasil","RADL3.SA","8431155283","4.82184","Brazil"
"2293","NNN REIT","NNN","8426411520","44.29","United States"
"2294","Sanmina","SANM","8426080256","154.31","United States"
"2295","Türkiye Is Bankasi","ISCTR.IS","8425001478","0.325089","Turkey"
"2296","Thai Beverage","Y92.SI","8409349316","0.334611","Thailand"
"2297","Posco International","047050.KS","8402551160","49.2979","South Korea"
"2298","Allegro.eu","ALE.WA","8396167907","8.28664","Poland"
"2299","First Industrial Realty Trust","FR","8380925440","61.33","United States"
"2300","Ternium","TX","8378412032","42.68","Luxembourg"
"2301","Ford Otosan","FROTO.IS","8373483582","2.38622","Turkey"
"2302","Mineral Resources","MIN.AX","8369670714","42.3498","Australia"
"2303","Qingdao Port International","601298.SS","8369163350","1.28933","China"
"2304","Powell Industries","POWL","8368339456","229.73","United States"
"2305","Hindustan Petroleum","HINDPETRO.NS","8364957356","3.93123","India"
"2306","Ryder","R","8360538624","212.05","United States"
"2307","Camtek","CAMT","8357802496","179.55","Israel"
"2308","National Aluminum &amp; Alloy","NATIONALUM.NS","8356906067","4.54506","India"
"2309","Svenska Cellulosa Aktiebolaget (SCA)","SCA-B.ST","8347916624","11.8858","Sweden"
"2310","AptarGroup","ATR","8346832384","129.65","United States"
"2311","AGCO","AGCO","8345987584","115.27","United States"
"2312","Molson Coors","TAP","8342922240","44.31","United States"
"2313","kyowa Kirin","4151.T","8342205348","15.9358","Japan"
"2314","TeraWulf","WULF","8341420032","19.67","United States"
"2315","ANA Holdings","9202.T","8338777507","18.2128","Japan"
"2316","POOLCORP","POOL","8335752192","226.59","United States"
"2317","Eastman Chemical","EMN","8318956032","72.75","United States"
"2318","China Merchants Port","0144.HK","8315225062","1.98075","Hong Kong"
"2319","Mengniu Dairy","2319.HK","8313670954","2.14678","China"
"2320","Technip Energies","TE.PA","8303992049","47.3255","France"
"2321","Sinopharm","1099.HK","8289494649","2.65633","China"
"2322","Leapmotor","9863.HK","8289213208","7.10058","China"
"2323","Kinsale Capital Group","KNSL","8288797696","358","United States"
"2324","KakaoBank","323410.KS","8282401534","17.3833","South Korea"
"2325","Aker ASA","AKER.OL","8282209077","111.486","Norway"
"2326","Galicia Financial Group","GGAL","8281189888","49.38","Argentina"
"2327","Shanghai Zhangjiang Hi-Tech Park Development","600895.SS","8280122590","5.34653","China"
"2328","Fraport","FRA.DE","8276216849","89.5029","Germany"
"2329","Canadian Tire","CTC.TO","8274729466","156.991","Canada"
"2330","ASX","ASX.AX","8272764844","42.3355","Australia"
"2331","Clearway Energy","CWEN","8264165888","40.27","United States"
"2332","Bharti Hexacom","BHARTIHEXA.NS","8260244928","16.5205","India"
"2333","Tetra Tech","TTEK","8257167360","31.66","United States"
"2334","Alexandria Real Estate Equities","ARE","8250830848","47.61","United States"
"2335","NGK Insulators","5333.T","8240522625","28.6593","Japan"
"2336","Dabur","DABUR.NS","8239350084","4.64532","India"
"2337","Nuvalent","NUVL","8235130880","104.75","United States"
"2338","eMemory Technology","3529.TWO","8229613362","110.188","Taiwan"
"2339","Swissquote","SQN.SW","8226650125","548.871","Switzerland"
"2340","Kunlun Energy Company","0135.HK","8221137922","0.950149","Hong Kong"
"2341","VPBank (Vietnam Prosperity Joint Stock Commercial Bank)","VPB.VN","8219885416","1.03604","Vietnam"
"2342","Nissan","7201.T","8217393776","2.35069","Japan"
"2343","National Mineral Development Corporation","NMDC.NS","8217171446","0.934639","India"
"2344","Hoa Phat Group","HPG.VN","8214749937","1.07026","Vietnam"
"2345","Auckland Airport","AIA.AX","8205087227","4.84039","New Zealand"
"2346","BOK Financial","BOKF","8201527808","134.98","United States"
"2347","Dai Nippon Printing","7912.T","8199122688","18.9592","Japan"
"2348","Sanrio Company","8136.T","8186787577","6.75225","Japan"
"2349","Keyera","KEY.TO","8174533836","35.6526","Canada"
"2350","Autoliv","ALV","8171958272","109.16","Sweden"
"2351","Sojitz Corporation","2768.T","8156747732","39.2033","Japan"
"2352","Match Group","MTCH","8149143040","34.52","United States"
"2353","Sirius XM","SIRI","8147883520","24.21","United States"
"2354","Sasol","SSL","8147730944","12.78","South Africa"
"2355","Vanguard International Semiconductor","5347.TWO","8146232482","4.23312","Taiwan"
"2356","Procore","PCOR","8145065472","52.39","United States"
"2357","Torrent Power","TORNTPOWER.NS","8140495885","16.1549","India"
"2358","Zain (Mobile Telecommunications Company)","ZAIN.KW","8139108915","1880.98","Kuwait"
"2359","ViaSat","VSAT","8139017728","59.92","United States"
"2360","Investec","INVR.L","8138018135","9.22771","United Kingdom"
"2361","ALS Global","ALQ.AX","8130085081","16.0185","Australia"
"2362","Hyundai Autoever Corporation","307950.KS","8128167565","296.398","South Korea"
"2363","NexGen Energy","NXE","8124545024","12.29","Canada"
"2364","Idacorp","IDA","8117860352","146.51","United States"
"2365","Kiwoom Securities","039490.KS","8096659305","312.695","South Korea"
"2366","Cinda Securities","601059.SS","8096202430","2.49652","China"
"2367","Oil India","OIL.NS","8079322112","4.96698","India"
"2368","DigitalOcean","DOCN","8077499392","77.71","United States"
"2369","Wuhan Guide Infrared","002414.SZ","8074776460","1.89072","China"
"2370","MBME GROUP","MBME.AE","8073257081","2.94","United Arab Emirates"
"2371","YTL Power International","6742.KL","8071712308","0.934177","Malaysia"
"2372","VZ Holding","VZN.SW","8066536416","204.803","Switzerland"
"2373","Halozyme Therapeutics","HALO","8062176768","68.05","United States"
"2374","Toppan","7911.T","8059931024","28.5711","Japan"
"2375","Madison Square Garden Sports","MSGS","8058412032","334.8","United States"
"2376","Hanwha Corporation","000880.KS","8056973509","90.5492","South Korea"
"2377","Siam Cement","SCC.BK","8052681181","6.71057","Thailand"
"2378","Valmont Industries","VMI","8051301376","411.89","United States"
"2379","Cytokinetics","CYTK","8051152896","65.37","United States"
"2380","StoneX Group","SNEX","8050496512","102.3","United States"
"2381","Cirrus Logic","CRUS","8048003072","157.71","United States"
"2382","Nykaa","NYKAA.NS","8044185383","2.80831","India"
"2383","American Airlines","AAL","8035906560","12.17","United States"
"2384","ImmunityBio","IBRX","8034546688","7.78","United States"
"2385","Mebuki Financial Group","7167.T","8022174407","8.54739","Japan"
"2386","GlobalWafers","6488.TWO","8019854838","16.7739","Taiwan"
"2387","Pilgrim's Pride","PPC","8003693568","33.64","United States"
"2388","Bank Negara Indonesia","BBNI.JK","8000993217","0.214753","Indonesia"
"2389","Bio-Rad Laboratories","BIO","7991626752","295.96","United States"
"2390","Empire Company","EMP-A.TO","7973213830","34.6473","Canada"
"2391","Nemetschek","NEM.F","7971914490","69.0755","Germany"
"2392","UGI Corporation","UGI","7969316864","37.1","United States"
"2393","ESCO Technologies","ESE","7968126464","307.7","United States"
"2394","Cochlear","COH.AX","7958965408","121.699","Australia"
"2395","Daewoo Engineering &amp; Construction","047040.KS","7951654525","19.3525","South Korea"
"2396","Janus Henderson","JHG","7950301696","51.6","United Kingdom"
"2397","NKT A/S","NKT.CO","7948659578","148.711","Denmark"
"2398","Bajaj Housing Finance Limited (BHFL)","BAJAJHFL.NS","7947707643","0.95426","India"
"2399","SRF Limited","SRF.NS","7947272685","26.8104","India"
"2400","Chang Hwa Commercial Bank","2801.TW","7946754156","0.675397","Taiwan"
"2401","Zurn Elkay Water Solutions","ZWS","7939829760","47.39","United States"
"2402","Huadian Power International","600027.SS","7937053532","0.683535","China"
"2403","Beijer Ref","BEIJ-B.ST","7920528148","15.6253","Sweden"
"2404","Krystal Biotech","KRYS","7904675328","268.54","United States"
"2405","Frontline","FRO","7900887040","35.49","Bermuda"
"2406","Cencosud","CENCOSUD.SN","7893194083","2.86607","Chile"
"2407","Galaxy Digital Holdings","7LX.F","7887111260","22.3715","United States"
"2408","Shiseido","4911.T","7886943089","19.7402","Japan"
"2409","Hut 8","HUT","7882976256","71.09","Canada"
"2410","Novatek Microelectronics","3034.TW","7882079516","12.953","Taiwan"
"2411","Krafton","259960.KS","7881493609","176.549","South Korea"
"2412","Brookfield Renewable","BEPC","7869279744","43.66","United States"
"2413","AU Small Finance Bank","AUBANK.NS","7859874252","10.5194","India"
"2414","Andritz","AZ2.F","7857029160","80.1748","Austria"
"2415","Fukuoka Financial Group","8354.T","7852024019","41.5528","Japan"
"2416","SalMar ASA","SALM.OL","7851443123","57.9279","Norway"
"2417","Richter Gedeon","RIG2.F","7837988612","42.8622","Hungary"
"2418","Copenhagen Airport","KBHL.CO","7834335328","998.25","Denmark"
"2419","Storebrand","STB.OL","7833413013","18.5668","Norway"
"2420","Paytm","PAYTM.NS","7825990398","12.2242","India"
"2421","CPI Property Group","O5G.DE","7814169034","0.873775","Luxembourg"
"2422","Fastighets AB Balder","BALD-B.ST","7809533396","6.58477","Sweden"
"2423","Elisa","ELISA.HE","7784884859","48.4827","Finland"
"2424","Toho Co.","9602.T","7782256877","9.27174","Japan"
"2425","Multi Commodity Exchange","MCX.NS","7780382356","30.5696","India"
"2426","AirTAC International","1590.TW","7768652386","38.8433","Taiwan"
"2427","Hess Midstream","HESM","7762245632","37.25","United States"
"2428","PharmaEssentia","6446.TW","7744031448","20.8644","Taiwan"
"2429","LKQ Corporation","LKQ","7743044608","30.34","United States"
"2430","Capital Power","CPX.TO","7741382473","49.4868","Canada"
"2431","China National Chemical Engineering (CNCEC)","601117.SS","7730183756","1.26586","China"
"2432","Commercial International Bank","CIN.F","7713508950","2.33794","Egypt"
"2433","Manhattan Associates","MANH","7713152512","128.88","United States"
"2434","INWIT","INW.MI","7707775324","8.53702","Italy"
"2435","Nedbank","NED.JO","7702572200","16.5517","South Africa"
"2436","AGC","5201.T","7702051001","36.2681","Japan"
"2437","D-Wave Quantum","QBTS","7697903616","20.81","Canada"
"2438","Oracle Corp Japan","4716.T","7684574954","59.964","Japan"
"2439","VF Corporation","VFC","7684411392","19.64","United States"
"2440","Covivio","COV.PA","7664884970","69.1935","France"
"2441","President Chain Store (PSCS)","2912.TW","7664399921","7.37229","Taiwan"
"2442","Installed Building Products","IBP","7654204928","283.75","United States"
"2443","Kandenko","1942.T","7654093418","38.4601","Japan"
"2444","Industrial Securities","601377.SS","7651097763","0.885955","China"
"2445","Molina Healthcare","MOH","7646969344","146.8","United States"
"2446","Kirby Corporation","KEX","7644018688","142.49","United States"
"2447","Bezeq","BEZQ.TA","7641325679","2.75076","Israel"
"2448","Commercial Bank of Dubai","CBD.AE","7639750158","2.55922","United Arab Emirates"
"2449","Armstrong World Industries","AWI","7604767232","176.33","United States"
"2450","AL Sydbank A/S","ALSYDB.CO","7584922421","88.7684","Denmark"
"2451","Swiggy","SWIGGY.NS","7579323589","2.91907","India"
"2452","Aaon","AAON","7578727424","92.6","United States"
"2453","Federal Bank","FEDERALBNK.NS","7578152926","3.07561","India"
"2454","OR Royalties","OR","7577997824","40.13","Canada"
"2455","Pirelli","PIRC.MI","7577136427","6.9843","Italy"
"2456","MinebeaMitsumi","6479.T","7570929460","18.8521","Japan"
"2457","Jackson Financial","JXN","7565762560","107.49","United States"
"2458","Nippon Building Fund","8951.T","7562282251","857.888","Japan"
"2459","Noble Corporation","NE","7562230272","47.42","United Kingdom"
"2460","Indoritel","DNET.JK","7553046151","0.532505","Indonesia"
"2461","CD Projekt","CDR.WA","7548088322","75.5485","Poland"
"2462","The Mosaic Company","MOS","7534399488","23.73","United States"
"2463","Qorvo","QRVO","7526774272","81.19","United States"
"2464","Axfood","AXFO.ST","7512702344","34.7936","Sweden"
"2465","Lottomatica Group","LTMC.MI","7511766800","31.881","Italy"
"2466","General Insurance Corporation of India","GICRE.NS","7508296156","4.27969","India"
"2467","STAG Industrial","STAG","7504268288","38.45","United States"
"2468","Novolipetsk Steel","NLMK.ME","7500406982","1.23","Russia"
"2469","99 Speed Mart Retail","5326.KL","7485569530","0.891139","Malaysia"
"2470","ALK-Abelló","ALK-B.CO","7482150414","33.7699","Denmark"
"2471","Hitachi Construction Machinery","6305.T","7470348897","35.1155","Japan"
"2472","Commerce Bancshares","CBSH","7469533184","50.69","United States"
"2473","AXIS Capital","AXS","7464906240","100.74","Bermuda"
"2474","HYBE","352820.KS","7460248288","179.605","South Korea"
"2475","BOC Aviation","2588.HK","7458283383","10.7466","Singapore"
"2476","Compagnie du Cambodge","CBDG.PA","7455046582","122.801","France"
"2477","OceanaGold","OGC.TO","7453821894","33.1102","Canada"
"2478","Banca Generali","BGN.MI","7444742499","65.356","Italy"
"2479","Vipshop","VIPS","7444300288","15.1","China"
"2480","Repligen","RGEN","7440755712","131.93","United States"
"2481","Bupa Arabia for Cooperative Insurance Company","8210.SR","7437025474","49.5802","Saudi Arabia"
"2482","Stockland","SGP.AX","7421801671","3.05217","Australia"
"2483","37 Interactive Entertainment","002555.SZ","7417931878","3.35314","China"
"2484","Smoore International Holdings","6969.HK","7413010743","1.1979","China"
"2485","Spirax-Sarco Engineering","SPX.L","7408519000","100.392","United Kingdom"
"2486","Liberty Broadband","LBRDA","7397345792","51.42","United States"
"2487","Steel Authority of India","SAIL.NS","7393810878","1.79004","India"
"2488","Chord Energy","CHRD","7383844352","129.9","United States"
"2489","Ono Pharmaceutical","4528.T","7380322651","15.7059","Japan"
"2490","Volvo Car","VOLCAR-B.ST","7371869747","2.48658","Sweden"
"2491","Triple Flag Precious Metals","TFPM","7365429248","35.65","Canada"
"2492","Rakuten Bank","5838.T","7358610512","42.17","Japan"
"2493","PB Fintech","POLICYBZR.NS","7353238931","15.875","India"
"2494","Aedifica","AED.BR","7352507532","88.086","Belgium"
"2495","A1 Telekom Austria","TA1.F","7339513771","11.0521","Austria"
"2496","Sulzer","SUN.SW","7319798520","216.963","Switzerland"
"2497","Kimberly-Clark de México","KIMBERA.MX","7319185744","2.43904","Mexico"
"2498","JFE Holdings","5411.T","7318615726","11.5046","Japan"
"2499","Valley Bank","VLY","7298300928","13.14","United States"
"2500","Cipher Mining","CIFR","7292149248","18","United States"
"2501","Powerchip Semiconductor Manufacturing","6770.TW","7289787824","1.72179","Taiwan"
"2502","Air Lease Corporation","AL","7282301440","65","United States"
"2503","Beijing Wantai Biological Pharmacy Enterprise","603392.SS","7273852414","5.75284","China"
"2504","Kymera Therapeutics","KYMR","7266172928","89","United States"
"2505","Uranium Energy","UEC","7265071616","14.82","United States"
"2506","Pegasystems","PEGA","7255648768","42.75","United States"
"2507","Celanese","CE","7244760576","64.73","United States"
"2508","HK Electric Investments","2638.HK","7244683651","0.819887","Hong Kong"
"2509","Indian Overseas Bank","IOB.NS","7242952858","0.376129","India"
"2510","Timken Company","TKR","7238076928","103.73","United States"
"2511","Longfor Group","0960.HK","7234922216","1.05232","China"
"2512","Sonic Healthcare","SHL.AX","7231927969","14.6325","Australia"
"2513","Otsuka","4768.T","7229954177","19.0663","Japan"
"2514","Suzlon","SUZLON.NS","7224946023","0.526773","India"
"2515","Maxis Berhad","6012.KL","7220179323","0.921519","Malaysia"
"2516","Petrovietnam Gas","GAS.VN","7219950713","2.99217","Vietnam"
"2517","New Gold","NGD","7213915648","9.08","Canada"
"2518","Bank of India","BANKINDIA.NS","7209797682","1.58364","India"
"2519","Dixon Technologies","DIXON.NS","7204928824","118.677","India"
"2520","Commercial Metals Company","CMC","7199000576","64.91","United States"
"2521","Hera Group","HER.MI","7198976449","4.86952","Italy"
"2522","KION Group","KGX.DE","7190263562","54.8353","Germany"
"2523","Hankyu Hanshin Holdings","9042.T","7185137131","30.2843","Japan"
"2524","Permata Bank","BNLI.JK","7178831797","0.198413","Indonesia"
"2525","Infratil","IFT.NZ","7178411196","7.1986","New Zealand"
"2526","Primo Brands","PRMB","7175747072","19.75","United States"
"2527","TAL Education Group","TAL","7174471168","11.79","China"
"2528","Greatland Resources","GGP.L","7169219372","10.639","Australia"
"2529","KBC Ancora","KBCA.BR","7165584303","93.0452","Belgium"
"2530","EnerSys","ENS","7160372224","194","United States"
"2531","Clearwater Analytics","CWAN","7159735296","24.04","United States"
"2532","Weatherford International","WFRD","7157939712","99.79","United States"
"2533","Zabka Group","ZAB.WA","7156006316","7.16177","Poland"
"2534","Daito Trust Construction","1878.T","7154777783","22.0582","Japan"
"2535","Capstone Copper","CS.TO","7148729281","9.36118","Canada"
"2536","HealthEquity","HQY","7148453888","83.67","United States"
"2537","Shandong Hi-Speed","600350.SS","7148143818","1.47855","China"
"2538","Alkem Laboratories","ALKEM.NS","7147671077","59.7806","India"
"2539","Simpson Manufacturing Company","SSD","7145577472","172.59","United States"
"2540","Technology One","TNE.AX","7143590916","21.8212","Australia"
"2541","Xinjiang Daqo New Energy Co.,Ltd.","688303.SS","7142819469","3.32967","China"
"2542","Grifols","GRFS","7137305600","8.69","Spain"
"2543","Info Edge","NAUKRI.NS","7137250357","11.0228","India"
"2544","Innolux","3481.TW","7123906127","0.892602","Taiwan"
"2545","Fluor Corporation","FLR","7117180928","48.56","United States"
"2546","PT Bumi Resources Minerals Tbk","BRMS.JK","7115678836","0.0501867","Indonesia"
"2547","Demant","DEMANT.CO","7108702282","33.7067","Denmark"
"2548","Charter Hall Group","CHC.AX","7107950758","15.0275","Australia"
"2549","Ingredion","INGR","7106204672","112.7","United States"
"2550","Morningstar","MORN","7104097280","179.47","United States"
"2551","UBTECH Robotics","9880.HK","7103878043","14.1118","China"
"2552","Fortis Healthcare","FORTIS.NS","7103483850","9.40911","India"
"2553","Zhongtai Securities","600918.SS","7096599406","0.896223","China"
"2554","Yapı Kredi","YKBNK.IS","7092528051","0.839645","Turkey"
"2555","Matador Resources","MTDR","7092127232","57.07","United States"
"2556","Sprouts Farmers Market","SFM","7086608896","74.93","United States"
"2557","TMBThanachart Bank (ttb)","TTB.BK","7081276937","0.0746315","Thailand"
"2558","Amdocs","DOX","7067456000","65.47","United States"
"2559","Arabian Internet and Communications Services","7202.SR","7044400688","59.1763","Saudi Arabia"
"2560","Shimadzu","7701.T","7037785356","24.3572","Japan"
"2561","Sangfor Technologies","300454.SZ","7034080058","16.2992","China"
"2562","Light &amp; Wonder","LNW","7028988928","86.22","United States"
"2563","Isetan Mitsukoshi Holdings","3099.T","7027701624","20.0111","Japan"
"2564","Glaukos","GKOS","7027536384","121","United States"
"2565","Prosperity Bancshares","PB","7021315072","69.12","United States"
"2566","SG Micro","300661.SZ","7018687990","11.3106","China"
"2567","IndusInd Bank","INDUSINDBK.NS","7017852653","9.00757","India"
"2568","Fertiglobe","FERTIGLB.AE","7006285866","0.84","United Arab Emirates"
"2569","Bachem","BANB.SW","7002066089","93.4412","Switzerland"
"2570","Japan Airlines","9201.T","6998555890","16.2822","Japan"
"2571","Elis","ELIS.PA","6996624300","30.96","France"
"2572","CSPC Innovation Pharmaceutical","300765.SZ","6994635894","4.97983","China"
"2573","Ormat Technologies","ORA","6993102336","113.81","United States"
"2574","Brinker International","EAT","6985920000","157.23","United States"
"2575","Silicon Labs","SLAB","6985348096","211.88","United States"
"2576","Terreno Realty","TRNO","6985298432","65.74","United States"
"2577","SBI Card","SBICARD.NS","6984006744","7.33922","India"
"2578","Avanza Bank","AZA.ST","6975623337","44.1973","Sweden"
"2579","RTL Group","RRTL.F","6961507351","44.9876","Luxembourg"
"2580","Hiscox","HSX.L","6954616826","21.563","Bermuda"
"2581","Sodexo","SW.PA","6953536861","47.6798","France"
"2582","Birkenstock","BIRK","6953487872","37.81","Germany"
"2583","EPAM Systems","EPAM","6952654336","128.42","United States"
"2584","GATX","GATX","6950554112","195.66","United States"
"2585","Intermediate Capital Group (ICG)","ICG.L","6949471196","24.1685","United Kingdom"
"2586","Nexans","NEX.PA","6946213248","158.815","France"
"2587","Melisron","MLSR.TA","6945241144","145.627","Israel"
"2588","Samyang Foods","003230.KS","6943187298","930.956","South Korea"
"2589","Yamaha Motor","7272.T","6937663820","7.15536","Japan"
"2590","Ramsay Health Care","RHC.AX","6935918461","30.0478","Australia"
"2591","Scor","SCR.PA","6931121066","38.8239","France"
"2592","Porto Seguro","PSSA3.SA","6923152024","10.778","Brazil"
"2593","PGE Polska","PGE.WA","6917974491","3.08327","Poland"
"2594","EFG International","EFGN.SW","6915016781","23.0659","Switzerland"
"2595","Li Ning Company","2331.HK","6912463725","2.68443","China"
"2596","Adani Total Gas","ATGL.NS","6911400394","6.28418","India"
"2597","Kingfisher","KGF.L","6910043129","4.12261","United Kingdom"
"2598","CAR Group (Carsales)","CAR.AX","6906685796","18.2484","Australia"
"2599","Spring Airlines","601021.SS","6905376440","7.05831","China"
"2600","ASMPT
 (ASM Pacific Technology)","0522.HK","6904623610","16.5254","Hong Kong"
"2601","Jindal Stainless","JSL.NS","6904007515","8.38033","India"
"2602","Allegro MicroSystems","ALGM","6902084608","37.25","United States"
"2603","Starwood Property Trust","STWD","6902075904","18.15","United States"
"2604","Shin Kong Financial Holding","2888.TW","6901126407","0.389619","Taiwan"
"2605","Fonterra","FCG.NZ","6900306170","2.86762","New Zealand"
"2606","DB Insurance","005830.KS","6893361641","113.67","South Korea"
"2607","Federal Signal","FSS","6889947136","113.15","United States"
"2608","Essential Properties Realty Trust","EPRT","6889490432","32.67","United States"
"2609","Eldorado Gold","EGO","6883572224","34.74","Canada"
"2610","CLEAR Secure","YOU","6881718784","51.1","United States"
"2611","Zalando","ZAL.DE","6879856378","26.6501","Germany"
"2612","ICL Group","ICL","6879285760","5.33","Israel"
"2613","Janus Living","JAN","6878499328","26.14","United States"
"2614","FirstService","FSV","6863251456","149.25","Canada"
"2615","AAK","AAK.ST","6863235106","26.3303","Sweden"
"2616","NOV","NOV","6859200000","19.02","United States"
"2617","McDonald's Japan","2702.T","6858897769","51.5867","Japan"
"2618","Wan Hai Lines","2615.TW","6851421151","2.44158","Taiwan"
"2619","Lincoln National Corporation","LNC","6845154816","36.01","United States"
"2620","Glenmark Pharmaceuticals","GLENMARK.NS","6835733176","24.2146","India"
"2621","Empyrean Technology","301269.SZ","6834871770","12.531","China"
"2622","Phoenix Mills","PHOENIXLTD.NS","6833580170","19.1077","India"
"2623","Telekom Malaysia","4863.KL","6830203316","1.77975","Malaysia"
"2624","StepStone Group","STEP","6822318592","54.58","United States"
"2625","UNO Minda","UNOMINDA.NS","6820688832","11.7953","India"
"2626","IG Group","IGG.L","6817895621","20.5588","United Kingdom"
"2627","International Games System","3293.TWO","6817851538","24.1938","Taiwan"
"2628","Compagnie de l'Odet","ODET.PA","6817325150","1617.66","France"
"2629","OUTsurance Group","OUT.JO","6813565700","4.40261","South Africa"
"2630","Vista Energy","VIST","6812634112","64.18","Mexico"
"2631","Voya Financial","VOYA","6812519424","73.44","United States"
"2632","UOL Group","U14.SI","6812060771","8.04642","Singapore"
"2633","Transocean","RIG","6806516224","6.15","Switzerland"
"2634","AutoNation","AN","6796669952","195.81","United States"
"2635","Brunello Cucinelli","BC.MI","6794379763","99.9173","Italy"
"2636","Orica","ORI.AX","6793421076","14.6612","Australia"
"2637","OneMain Financial","OMF","6788422144","57.66","United States"
"2638","Luzerner Kantonalbank","LUKN.SW","6782253561","136.962","Switzerland"
"2639","SOLV Energy","MWH","6781404672","33.49","United States"
"2640","M3, Inc","2413.T","6780520983","10.1","Japan"
"2641","South Bow","SOBO","6777231360","32.4","Canada"
"2642","Pure Health Holding","PUREHEALTH.AE","6776174307","0.61","United Arab Emirates"
"2643","JBT Marel Corporation","JBTM","6774321152","130.15","United States"
"2644","Pegatron","4938.TW","6769836241","2.52402","Taiwan"
"2645","Vanke","2202.HK","6764250599","0.385679","China"
"2646","IOI Corporation Berhad","1961.KL","6762555544","1.07595","Malaysia"
"2647","Genting Singapore","G13.SI","6757206596","0.558998","Singapore"
"2648","Tokyu","9005.T","6754519501","11.8448","Japan"
"2649","Belite Bio","BLTE","6744545792","168.76","United States"
"2650","Remgro Limited","REM.JO","6743802900","12.1271","South Africa"
"2651","Conagra Brands","CAG","6741179392","14.09","United States"
"2652","Qatar Gas Transport Company","QGTS.QA","6735072861","1.21566","Qatar"
"2653","Food &amp; Life Companies","3563.T","6734837482","59.4664","Japan"
"2654","Open House Group","3288.T","6732530377","60.2726","Japan"
"2655","Protagonist Therapeutics","PTGX","6727991296","105.44","United States"
"2656","Amentum","AMTM","6727731712","27.58","United States"
"2657","Arcellx","ACLX","6725178368","115","United States"
"2658","Warehouses De Pauw","WDP.BR","6724619837","28.5984","Belgium"
"2659","Paycom","PAYC","6710573056","123.64","United States"
"2660","Want Want China","0151.HK","6706907592","0.568302","Hong Kong"
"2661","Sailun Group","601058.SS","6694364703","2.03594","China"
"2662","Toyo Suisan","2875.T","6689291443","68.7192","Japan"
"2663","Migdal Insurance and Financial Holdings","MGDL.TA","6686653333","6.3204","Israel"
"2664","Oberbank","OBS.VI","6685943856","94.6983","Austria"
"2665","Samsung E&A","028050.KS","6681152247","34.0875","South Korea"
"2666","Linde India","LINDEINDIA.NS","6676632037","78.2868","India"
"2667","Sekisui Chemical","4204.T","6676221971","16.5373","Japan"
"2668","OHB SE","OHB.DE","6671521525","348.329","Germany"
"2669","Terex","TEX","6669641728","58.66","United States"
"2670","Apogee Therapeutics","APGE","6663062528","89.32","United States"
"2671","Temenos","TEMN.SW","6662297551","96.5772","Switzerland"
"2672","Oberoi Realty","OBEROIRLTY.NS","6650753096","18.2886","India"
"2673","United Tractors","UNTR.JK","6640489354","1.85866","Indonesia"
"2674","SailPoint","SAIL","6630328832","11.76","United States"
"2675","Yealink Network Technology","300628.SZ","6629550273","5.23359","China"
"2676","Meiji Holdings","2269.T","6616997589","24.4076","Japan"
"2677","B2Gold","BTG","6614625792","4.92","Canada"
"2678","Schaeffler India","SCHAEFFLER.NS","6607703505","42.2748","India"
"2679","Capital Securities Corporation","601136.SS","6607310210","2.41731","China"
"2680","Riot Platforms","RIOT","6604372480","17.42","United States"
"2681","Coromandel","COROMANDEL.NS","6603086908","22.4047","India"
"2682","Southwest Gas","SWX","6588076032","91.04","United States"
"2683","Shanghai Allist Pharmaceuticals","688578.SS","6579537918","14.6212","China"
"2684","Wyndham Hotels &amp; Resorts","WH","6578530304","87.54","United States"
"2685","Middleby","MIDD","6576090112","139.38","United States"
"2686","Yancoal","YAL.AX","6566873988","4.97325","Australia"
"2687","Delivery Hero","DHER.F","6559396607","21.8562","Germany"
"2688","Seatrium","5E2.SI","6559071192","1.93681","Singapore"
"2689","SM Energy","SM","6552145920","27.33","United States"
"2690","Umm Al Qura for development and construction","4325.SR","6549940376","4.55285","Saudi Arabia"
"2691","Zhuzhou CRRC Times Electric","3898.HK","6547013803","4.82226","Hong Kong"
"2692","Tokyo Century","8439.T","6546606303","13.3943","Japan"
"2693","Lion Finance Group PLC","BGEO.L","6545960909","151.443","United Kingdom"
"2694","Kanzhun","BZ","6543771648","14.23","China"
"2695","WIN Semiconductors","3105.TWO","6539842021","15.4263","Taiwan"
"2696","SDIC Capital","600061.SS","6537011616","1.02237","China"
"2697","Silan Microelectronics","600460.SS","6531802021","3.92519","China"
"2698","First American Financial Corporation","FAF","6525934592","63.79","United States"
"2699","Zheshang Securities","601878.SS","6521057193","1.42574","China"
"2700","Yes Bank","YESBANK.NS","6517294095","0.207578","India"
"2701","Lundbeck","HLUN-B.CO","6516039077","6.5676","Denmark"
"2702","Ultrapar Participacoes","UGP","6508792832","6.09","Brazil"
"2703","Mobileye","MBLY","6495464960","7.72","Israel"
"2704","Boyd Gaming","BYD","6490820096","85.98","United States"
"2705","Seibu Holdings","9024.T","6488962096","25.5477","Japan"
"2706","PJT Partners","PJT","6481496576","163.1","United States"
"2707","Ezdan Holding Group","ERES.QA","6478212596","0.244231","Qatar"
"2708","Laurus Labs","LAURUSLABS.NS","6470622901","11.9829","India"
"2709","NEXTDC","NXT.AX","6468048003","10.0794","Australia"
"2710","IMCD","IMCD.AS","6467193681","109.552","Netherlands"
"2711","Thyssenkrupp","TKA.F","6453924242","10.3672","Germany"
"2712","BIG Shopping Centers","BIG.TA","6447242206","257.228","Israel"
"2713","CTS Eventim","EVD.F","6437956661","67.0681","Germany"
"2714","Gates Industrial Corp","GTES","6433764352","24.91","United States"
"2715","MSA Safety","MSA","6432338944","165.89","United States"
"2716","Halkbank","HALKB.IS","6430777108","0.895056","Turkey"
"2717","TXNM Energy","TXNM","6429627904","59.03","United States"
"2718","TKMS","TKMS.DE","6420621571","101.075","Germany"
"2719","Beijing New Building Materials","000786.SZ","6416936785","3.76971","China"
"2720","Lithia Motors","LAD","6415946240","274.48","United States"
"2721","Churchill Downs","CHDN","6411369472","91.99","United States"
"2722","Tokyo Electric Power Company","9501.T","6410747538","4.00096","Japan"
"2723","Vallourec","VK.PA","6409201474","27.9136","France"
"2724","Bank Millennium","MIL.WA","6404896570","5.28421","Poland"
"2725","Convatec Group","CTEC.L","6402473123","3.27584","United Kingdom"
"2726","GXO Logistics","GXO","6396428800","55.76","United States"
"2727","F.N.B. Corporation","FNB","6393689600","17.89","United States"
"2728","Sinotrans Limited","601598.SS","6386676553","0.890356","China"
"2729","Mohawk Industries","MHK","6384502272","103.88","United States"
"2730","Petro Rabigh","2380.SR","6384453892","2.9055","Saudi Arabia"
"2731","SSR Mining","SSRM","6381023744","31.16","Canada"
"2732","Gamuda Berhad","5398.KL","6378055733","1.07089","Malaysia"
"2733","Ryman Hospitality Properties","RHP","6376561152","101.04","United States"
"2734","GPT Group","GPT.AX","6376316369","3.32867","Australia"
"2735","MarketAxess","MKTX","6372311552","171.43","United States"
"2736","Tokyu Fudosan Holdings","3289.T","6369204775","8.91586","Japan"
"2737","Castellum","CAST.ST","6364598799","13.444","Sweden"
"2738","Qube Holdings","QUB.AX","6363541096","3.59438","Australia"
"2739","Archrock","AROC","6363248128","36.31","United States"
"2740","Gecina","GFC.PA","6361724340","85.8425","France"
"2741","Rigetti Computing","RGTI","6347397632","19.11","United States"
"2742","Valaris","VAL","6346399232","91.67","United Kingdom"
"2743","Century Aluminum","CENX","6343246336","64.09","United States"
"2744","Rayonier","RYN","6328888832","20.82","United States"
"2745","Chailease Holding","5871.TW","6322115669","3.69407","Taiwan"
"2746","Eagle Materials","EXP","6319790080","197.1","United States"
"2747","Hexcel","HXL","6319246848","83.29","United States"
"2748","The Yokohama Rubber Company","5101.T","6318560316","40.0663","Japan"
"2749","LS Corp.","006260.KS","6318453390","227.816","South Korea"
"2750","Piper Sandler","PIPR","6314845696","88.58","United States"
"2751","Construction Partners","ROAD","6312767488","111.7","United States"
"2752","Rumo","RAIL3.SA","6307788725","3.39893","Brazil"
"2753","Syensqo","SYENS.BR","6305490791","61.8137","Belgium"
"2754","RENK Group","R3NK.DE","6305349324","63.0535","Germany"
"2755","VSE Corporation","VSEC","6302363136","224.64","United States"
"2756","Fomento de Construcciones y Contratas","FCC.MC","6299235431","13.3192","Spain"
"2757","Rockwool","ROCK-B.CO","6296041820","29.7264","Denmark"
"2758","Max Financial Services","MFSL.NS","6292656956","18.2221","India"
"2759","Healthcare Realty Trust","HR","6291891200","17.82","United States"
"2760","Grupo Catalana Occidente","GCO.MC","6280031254","53.2104","Spain"
"2761","Madras Rubber Factory","MRF.NS","6270812793","1478.57","India"
"2762","Bullish","BLSH","6263092736","41.67","Cayman Islands"
"2763","Descartes Systems Group","DSGX","6245363712","72.6","Canada"
"2764","Credito Emiliano","CE.MI","6244226111","18.3847","Italy"
"2765","LB Group (LomonBillions)","002601.SZ","6242585674","2.61826","China"
"2766","ChinaLin Securities","002945.SZ","6237623611","2.31023","China"
"2767","Hanover Insurance Group","THG","6233695744","177.15","United States"
"2768","Hebei Changshan Biochemical Pharmaceutical Co., Ltd.","300255.SZ","6222786688","6.77081","China"
"2769","Amorepacific","090430.KS","6220852691","90.1757","South Korea"
"2770","YTL Corporation Berhad","1773.T","6216096174","0.4976","Malaysia"
"2771","Sichuan Changhong Electric","600839.SS","6215932685","1.34653","China"
"2772","Glacier Bancorp","GBCI","6212633088","47.75","United States"
"2773","Sealed Air","SEE","6211799552","42.15","United States"
"2774","Enel Chile","ENIC","6211156992","4.49","Chile"
"2775","NICE","NICE","6203893248","102","Israel"
"2776","Prestige Group","PRESTIGE.NS","6199604070","14.3932","India"
"2777","Nitto Boseki","3110.T","6191378894","170.066","Japan"
"2778","Yonyou","600588.SS","6189940584","1.81151","China"
"2779","Delek Group","DLEKG.TA","6188959004","338.414","Israel"
"2780","Life Time Group","LTH","6182223360","27.76","United States"
"2781","ESAB","ESAB","6173995008","101.41","United States"
"2782","IDFC FIRST Bank","IDFCFIRSTB.NS","6171312833","0.71741","India"
"2783","Dottikon ES","DESN.SW","6164773319","446.086","Switzerland"
"2784","National Storage Affiliates Trust","NSA","6158659072","41.9","United States"
"2785","Genpact","G","6155864064","36.24","Bermuda"
"2786","Abu Dhabi Ports","ADPORTS.AE","6152899374","1.21","United Arab Emirates"
"2787","OPAP (Organization of Football Prognostics)","OPAP.AT","6152448795","17.1567","Greece"
"2788","Solaris Energy Infrastructure","SEI","6152176128","66.05","United States"
"2789","LG Innotek","011070.KS","6146395452","259.731","South Korea"
"2790","Loar Holdings","LOAR","6132402688","65.5","United States"
"2791","ZOZO","3092.T","6129928726","6.93176","Japan"
"2792","Centessa Pharmaceuticals","CNTA","6126165504","39.61","United Kingdom"
"2793","SiteOne Landscape Supply","SITE","6122936832","137.72","United States"
"2794","Taiwan Cement","1101.TW","6122930870","0.795891","Taiwan"
"2795","Ringkjøbing Landbobank","RILBA.CO","6121486880","254.617","Denmark"
"2796","Shanghai BOCHU Electronic Technology","688188.SS","6121031656","21.1999","China"
"2797","Uniqa Insurance Group","UN9.F","6120762711","19.7662","Austria"
"2798","Urban Outfitters","URBN","6116103168","68.2","United States"
"2799","SOL S.p.A.","SOL.MI","6115208639","67.4224","Italy"
"2800","Soochow Securities","601555.SS","6114766443","1.23066","China"
"2801","ISS A/S","ISS.CO","6114365067","38.4768","Denmark"
"2802","Omron","6645.T","6112110473","31.0843","Japan"
"2803","Campbell's","CPB","6109021696","20.49","United States"
"2804","UWM Holdings","UWMC","6106067968","3.81","United States"
"2805","Korean Air Lines","003495.KS","6101487710","16.0252","South Korea"
"2806","Bosideng","3998.HK","6100450490","0.524881","Hong Kong"
"2807","PTC Therapeutics","PTCT","6089736704","73.57","United States"
"2808","Terns Pharmaceuticals","TERN","6083439616","52.71","United States"
"2809","Biocon","BIOCON.NS","6082953839","3.75646","India"
"2810","Shanghai Commercial and Savings Bank","5876.TW","6082592473","1.25408","Taiwan"
"2811","APL Apollo","APLAPOLLO.NS","6077666184","21.889","India"
"2812","LondonMetric Property","LMP.L","6076729536","2.60276","United Kingdom"
"2813","Iveco Group","IVG.MI","6076065939","22.8126","Italy"
"2814","United Bankshares","UBSI","6075668480","43.5","United States"
"2815","Portland General Electric","POR","6074512384","52.49","United States"
"2816","Gruma (Maseca)","GRUMAB.MX","6072463526","17.643","Mexico"
"2817","Land Securities Group","LAND.L","6071258742","8.14888","United Kingdom"
"2818","ISU Petasys","007660.KS","6066423628","82.6384","South Korea"
"2819","Parsons","PSN","6053640192","56.57","United States"
"2820","Topicus","TOI.V","6051452063","72.6126","Canada"
"2821","TPG Telecom","TPG.AX","6047898394","3.0809","Australia"
"2822","MatsukiyoCocokara","3088.T","6046784170","15.1957","Japan"
"2823","Howden Joinery","HWDN.L","6045163043","11.1954","United Kingdom"
"2824","Discovery Silver Corp.","DSV.TO","6039109337","7.45252","Canada"
"2825","Azimut Holding","AZM.MI","6037498778","42.4725","Italy"
"2826","Metlen Energy &amp; Metals","MTLN.AT","6036293894","41.8231","Greece"
"2827","Hang Lung Properties","0101.HK","6031541377","1.19279","Hong Kong"
"2828","SFS Group","SFSN.SW","6031057849","155.138","Switzerland"
"2829","Australian Foundation Investment Company","AFI.AX","6029100241","4.81166","Australia"
"2830","NewMarket Corp","NEU","6027657728","641.42","United States"
"2831","Lear Corporation","LEA","6025914368","118.79","United States"
"2832","Core Scientific","CORZ","6021549056","19.08","United States"
"2833","Resideo Technologies","REZI","6021147648","39.81","United States"
"2834","Dolby","DLB","6019963392","63.01","United States"
"2835","EVA Air","2618.TW","6019140256","1.11456","Taiwan"
"2836","Firefly Aerospace","FLY","6017408512","37.62","United States"
"2837","Bausch + Lomb","BLCO","6015738368","16.88","Canada"
"2838","iSoftStone Information Technology","301236.SZ","6011461931","5.80711","China"
"2839","Square Enix","9684.T","6010428988","16.6696","Japan"
"2840","Bruker","BRKR","6009769472","39.48","United States"
"2841","The Fertilisers And Chemicals Travancore Limited","FACT.NS","6009279417","9.28688","India"
"2842","Asahi Intecc","7747.T","6006321688","22.6377","Japan"
"2843","EVN Group","EVN.F","6000381951","33.6521","Austria"
"2844","Rhythm Pharmaceuticals","RYTM","5996109312","87.81","United States"
"2845","Lamb Weston","LW","5995444736","43.17","United States"
"2846","Changjiang Securities","000783.SZ","5994460902","1.08398","China"
"2847","Axalta","AXTA","5993673728","28.09","United States"
"2848","Central Bancompany","CBC","5992910336","24.94","United States"
"2849","JB Hi-Fi","JBH.AX","5985514882","54.7452","Australia"
"2850","UPL","UPL.NS","5979869517","7.07439","India"
"2851","Nexstar Media Group","NXST","5962180608","196.59","United States"
"2852","Kuala Lumpur Kepong","2445.KL","5960192187","5.3519","Malaysia"
"2853","Ayala Land","AYAAF","5949203968","0.386","Philippines"
"2854","Berger Paints","BERGEPAINT.NS","5947783114","5.08867","India"
"2855","Maire Tecnimont","MAIRE.MI","5941187882","18.243","Italy"
"2856","Bank of Ayudhya","BAY.BK","5939506832","0.807463","Thailand"
"2857","De' Longhi","DLG.MI","5939262366","39.7213","Italy"
"2858","Enact Holdings","ACT","5937922048","41.96","United States"
"2859","PCCW","0008.HK","5936717722","0.766249","Hong Kong"
"2860","Versant Media Group","VSNT","5925639680","41","United States"
"2861","Vornado Realty Trust","VNO","5924293120","28.57","United States"
"2862","Caris Life Sciences","CAI","5920049152","20.95","United States"
"2863","Abbott India","ABBOTINDIA.NS","5918026091","278.504","India"
"2864","DCC plc","DCC.L","5912017238","69.2078","Ireland"
"2865","City Developments","C09.SI","5908508362","6.6135","Singapore"
"2866","Plexus","PLXS","5906147840","220.49","United States"
"2867","Getinge","GETI-B.ST","5904650482","21.6788","Sweden"
"2868","Mapletree Commercial Trust","N2IU.SI","5904309989","1.118","Singapore"
"2869","OneStream","OS","5900146688","24","United States"
"2870","ServiceTitan","TTAN","5899527680","61.93","United States"
"2871","New Hope Liuhe","000876.SZ","5898024812","1.30986","China"
"2872","MGIC Investment","MTG","5897675776","27.22","United States"
"2873","Cogent Biosciences","COGT","5895056384","36.32","United States"
"2874","Nippon Express","9147.T","5891022954","24.2942","Japan"
"2875","Bank of Maharashtra","MAHABANK.NS","5887462744","0.765445","India"
"2876","WEX","WEX","5882554880","171.45","United States"
"2877","OpenText","OTEX","5882190848","23.12","Canada"
"2878","Vishal Mega Mart Limited","VMM.NS","5879991516","1.25823","India"
"2879","Flagstar Bank","FLG","5877982208","14.13","United States"
"2880","Nestle Malaysia","4707.KL","5877341515","25.0633","Malaysia"
"2881","Mobile TeleSystems","MTSS.ME","5872333442","2.87","Russia"
"2882","Corporación Financiera Alba","ALB.MC","5871019284","97.9515","Spain"
"2883","China State Construction International","3311.HK","5868866826","1.11106","Hong Kong"
"2884","Hamilton Lane","HLNE","5866088960","105.12","United States"
"2885","LEENO Industrial","058470.KQ","5859609201","77.2062","South Korea"
"2886","Pandora","PNDORA.CO","5858593121","78.5648","Denmark"
"2887","Tokyo Metro","9023.T","5843944210","10.0654","Japan"
"2888","Vopak","VPK.AS","5843409725","50.9859","Netherlands"
"2889","Ollie's Bargain Outlet","OLLI","5840698880","95.23","United States"
"2890","Lyft","LYFT","5836257792","14.66","United States"
"2891","TOTO","5332.T","5830418189","35.4619","Japan"
"2892","Fincantieri","FCT.MI","5824951366","16.2711","Italy"
"2893","Tsuruha Holdings","3391.T","5823358586","12.8557","Japan"
"2894","Black Hills","BKH","5822749696","76.56","United States"
"2895","Red Rock Resorts","RRR","5817946112","56.58","United States"
"2896","Mirum Pharmaceuticals","MIRM","5816931840","96.4","United States"
"2897","Colliers International","CIGI","5816005632","113.76","Canada"
"2898","Monotaro","3064.T","5815121694","11.7377","Japan"
"2899","Blue Owl Capital Corporation","OBDC","5808586240","11.63","United States"
"2900","Shanghai Lujiazui Finance & Trade Zone Development Co.,Ltd.","600663.SS","5797720127","1.15145","China"
"2901","Macerich","MAC","5797715456","21.52","United States"
"2902","Strathcona Resources","SCR.TO","5783951542","26.9981","Canada"
"2903","Planet Fitness","PLNT","5778612224","72.22","United States"
"2904","California Resources Corporation","CRC","5761686528","64.93","United States"
"2905","Sweco","SWEC-A.ST","5759884860","15.9644","Sweden"
"2906","Floor &amp; Decor","FND","5749527552","53.19","United States"
"2907","Essent Group","ESNT","5749150720","60.81","Bermuda"
"2908","Avnet","AVT","5748417536","70.22","United States"
"2909","CarMax","KMX","5744280064","40.51","United States"
"2910","Grupo Aval","AVAL","5741690368","4.81","Colombia"
"2911","Kingnet Network","002517.SZ","5737920631","2.68574","China"
"2912","Definity Financial","DFY.TO","5734481082","47.8209","Canada"
"2913","ADT","ADT","5724450816","6.98","United States"
"2914","SG Holdings","9143.T","5718788369","9.58353","Japan"
"2915","Harbour Energy","HBR.L","5718438757","3.64495","United Kingdom"
"2916","Trina Solar","688599.SS","5717686061","2.44078","China"
"2917","Tube Investments of India","TIINDIA.NS","5717390687","29.5392","India"
"2918","Etsy","ETSY","5717051904","57.92","United States"
"2919","CG Oncology","CGON","5714574336","67.68","United States"
"2920","TBS Holdings","9401.T","5712839181","36.4382","Japan"
"2921","SIG Combibloc","SIGN.SW","5712578953","14.9506","Switzerland"
"2922","Avantor","AVTR","5708808192","8.37","United States"
"2923","Perfect World Entertainment","002624.SZ","5708216145","2.94243","China"
"2924","ACEA","ACE.MI","5707095844","26.8509","Italy"
"2925","Galenica","GALE.SW","5698388261","114.369","Switzerland"
"2926","Reece Group","REH.AX","5698363568","9.26425","Australia"
"2927","Mercury NZ","MCY.AX","5695731959","3.97142","New Zealand"
"2928","Hindustan Copper","HINDCOPPER.NS","5688772003","5.88049","India"
"2929","Ampol","ALD.AX","5686939215","23.8644","Australia"
"2930","Whitbread","WTB.L","5686212559","34.0611","United Kingdom"
"2931","DFI Retail Group","D01.SI","5685332480","4.2","Hong Kong"
"2932","Rithm Capital","RITM","5683561472","10.18","United States"
"2933","HORIBA","6856.T","5683241025","135.328","Japan"
"2934","Masraf Al Rayan","MARK.QA","5679642843","0.610714","Qatar"
"2935","Sysmex","6869.T","5677869750","9.11112","Japan"
"2936","Colgate-Palmolive India","COLPAL.NS","5677035869","20.8726","India"
"2937","White Mountains Insurance Group","WTM","5675190272","2291.46","Bermuda"
"2938","Onex","ONEX.TO","5675021971","82.6552","Canada"
"2939","UiPath","PATH","5673694208","10.61","United States"
"2940","Super Group","SGHC","5673253888","11.22","Guernsey"
"2941","Landstar System","LSTR","5671118848","166.51","United States"
"2942","Scholar Rock Holding","SRRK","5666034176","49.32","United States"
"2943","Yang Ming","2609.TW","5658322368","1.62032","Taiwan"
"2944","Erasca","ERAS","5656551936","18.2","United States"
"2945","Dropbox","DBX","5653347328","23.69","United States"
"2946","Acushnet Holdings","GOLF","5653192192","96.37","United States"
"2947","ATCO","ACO-X.TO","5651933873","50.2444","Canada"
"2948","Balchem","BCPC","5651402240","174.5","United States"
"2949","Sensata Technologies","ST","5648274944","38.74","United States"
"2950","EnPro Industries","NPO","5646019072","265.72","United States"
"2951","United Internet","UTDI.F","5644917073","32.6603","Germany"
"2952","Ameris Bancorp","ABCB","5643799552","82.67","United States"
"2953","Française des Jeux","FDJ.VI","5642582876","30.5703","France"
"2954","New Jersey Resources","NJR","5640271360","55.93","United States"
"2955","Bank of Suzhou","002966.SZ","5639559556","1.26146","China"
"2956","SK Biopharmaceuticals","326030.KS","5631483336","71.9097","South Korea"
"2957","Godrej Properties","GODREJPROP.NS","5619104253","18.6552","India"
"2958","Xenon Pharmaceuticals","XENE","5618751488","58.88","Canada"
"2959","Nomura Real Estate Holdings","3231.T","5616946307","6.55069","Japan"
"2960","Tong Ren Tang","600085.SS","5616640582","4.09534","China"
"2961","Bank of Changsha","601577.SS","5615723150","1.39641","China"
"2962","Contact Energy","CEN.NZ","5615059354","5.64654","New Zealand"
"2963","Holmen","HOLM-B.ST","5612512441","36.5432","Sweden"
"2964","Klarna","KLAR","5609767424","14.86","Sweden"
"2965","Shanghai RAAS Blood Products","002252.SZ","5608330223","0.844884","China"
"2966","Turkcell","TKC","5606517248","6.44","Turkey"
"2967","Kingboard Holdings","0148.HK","5605003627","5.05725","Hong Kong"
"2968","ADES Holding Company","2382.SR","5603893730","5.0753","Saudi Arabia"
"2969","Tritax Big Box REIT","BBOX.L","5602905586","2.07352","United Kingdom"
"2970","CNX Resources","CNX","5602187264","39.35","United States"
"2971","Sumitomo Forestry","1911.T","5599733210","9.15836","Japan"
"2972","Klaviyo","KVYO","5598700544","18.37","United States"
"2973","Global-e","GLBE","5593313792","33.3","Israel"
"2974","Teleflex","TFX","5592488448","126.34","United States"
"2975","Home BancShares","HOMB","5590285824","27.67","United States"
"2976","Danieli &amp; C. Officine Meccaniche","DAN.MI","5586206651","78.0494","Italy"
"2977","Immunovant","IMVT","5582887424","27.43","United States"
"2978","SmartSens Technology","688213.SS","5581250662","13.8731","China"
"2979","AppFolio","APPF","5573400064","154.86","United States"
"2980","Caesars Entertainment","CZR","5570105856","27.29","United States"
"2981","Taylor Morrison","TMHC","5562306048","57.74","United States"
"2982","Ramelius Resources","RMS.AX","5561587920","2.93009","Australia"
"2983","ONE Gas","OGS","5561339904","88.61","United States"
"2984","Burberry","BRBY.L","5558833529","15.5188","United Kingdom"
"2985","HUB24 Limited","HUB.AX","5554062628","67.9199","Australia"
"2986","Croda International","CRDA.L","5550210116","39.7606","United Kingdom"
"2987","FTI Consulting","FCN","5541946368","179.49","United States"
"2988","Scout24 (ImmoScout24)","G24.F","5540172597","78.3446","Germany"
"2989","Hims &amp; Hers Health","HIMS","5536632832","24.29","United States"
"2990","Alkermes","ALKS","5536111104","33.22","Ireland"
"2991","BGC Group","BGC","5534638080","11.67","United States"
"2992","Hangzhou Greatstar Industrial","002444.SZ","5533057550","4.6322","China"
"2993","DEME Group","DEME.BR","5529097098","219.152","Belgium"
"2994","TG Therapeutics","TGTX","5525213184","34.6","United States"
"2995","Auto Trader Group","AUTO.L","5525057249","6.7213","United Kingdom"
"2996","Sumitomo Chemical","4005.T","5518756234","3.37045","Japan"
"2997","Emmi AG","EMMN.SW","5512514642","1030.41","Switzerland"
"2998","Cleveland-Cliffs","CLF","5510030336","9.66","United States"
"2999","Zhifei Biological Products","300122.SZ","5509139434","2.30143","China"
"3000","HD Hyundai Marine Solution","443060.KS","5506959067","122.837","South Korea"
"3001","Marfrig Global Foods","MBRF3.SA","5506744415","3.92801","Brazil"
"3002","Wallenius Wilhelmsen","WAWI.OL","5506668819","13.0245","Norway"
"3003","China Resources Gas Group","1193.HK","5500971968","2.40858","Hong Kong"
"3004","Orla Mining","ORLA","5493204992","16.15","Canada"
"3005","Grupo Aeroportuario Centro Norte","OMAB","5492294144","113.78","Mexico"
"3006","LEG Immobilien","LEG.DE","5492245672","72.6768","Germany"
"3007","Granite Construction","GVA","5490272768","125.78","United States"
"3008","Credit Acceptance","CACC","5486648832","497.36","United States"
"3009","Navitas Petroleum","NVPT.TA","5485413942","46.2917","Israel"
"3010","Xinyi Glass Holdings","0868.HK","5480452082","1.23877","Hong Kong"
"3011","Golar LNG","GLNG","5478804992","53.83","Bermuda"
"3012","Murphy Oil","MUR","5478788096","38.22","United States"
"3013","Rush Enterprises","RUSHA","5477352448","69.96","United States"
"3014","PACS Group","PACS","5475629568","34.84","United States"
"3015","China Great Wall Securities","002939.SZ","5473919542","1.3568","China"
"3016","Hancock Whitney","HWC","5473867264","67.03","United States"
"3017","Valmet","VALMT.HE","5473394350","29.7083","Finland"
"3018","Guangzhou Baiyunshan Pharmaceutical Holdings","600332.SS","5470574851","3.36487","China"
"3019","Paylocity","PCTY","5466439168","100.52","United States"
"3020","Zegona Communications","ZEG.L","5465800508","23.9378","United Kingdom"
"3021","Lantheus Holdings","LNTH","5464712192","83.94","United States"
"3022","Arcosa","ACA","5462708224","111.26","United States"
"3023","Japan Real Estate Investment","8952.T","5458007816","767.186","Japan"
"3024","Nissan Chemical","4021.T","5457703587","40.6961","Japan"
"3025","CSN Mineração","CMIN3.SA","5454035237","1.00405","Brazil"
"3026","Kite Realty","KRG","5454012928","25.77","United States"
"3027","Caliway Biopharmaceuticals","6919.TW","5453230663","3.50382","Taiwan"
"3028","Nissin Foods","2897.T","5449605807","18.9844","Japan"
"3029","MGM China Holdings","2282.HK","5448378645","1.43544","Macau"
"3030","CRISPR Therapeutics","CRSP","5448125952","56.76","Switzerland"
"3031","Sonoco","SON","5442615296","55.18","United States"
"3032","Atlantic Union Bankshares","AUB","5440420352","38.03","United States"
"3033","Kodiak Gas Services","KGS","5439903232","61.61","United States"
"3034","Spire Inc.","SR","5439841280","92.05","United States"
"3035","Sumitomo Pharma","4506.T","5439009798","13.6903","Japan"
"3036","Ithaca Energy","ITH.L","5438454183","3.29483","United Kingdom"
"3037","Spyre Therapeutics","SYRE","5435332608","68.99","United States"
"3038","Perseus Mining","PRU.AX","5434047355","4.03605","Australia"
"3039","Plains GP","PAGP","5433569792","23.32","United States"
"3040","Compass","COMP","5431938560","7.28","United States"
"3041","Patanjali Foods","PATANJALI.NS","5428242403","4.98252","India"
"3042","Japan Metropolitan Fund Investment","8953.T","5409490072","752.069","Japan"
"3043","Electrical Industries Company (EIC)","1303.SR","5409036474","4.86206","Saudi Arabia"
"3044","Choice Hotels International","CHH","5390760448","116.5","United States"
"3045","Magnolia Oil &amp; Gas","MGY","5389347840","28.19","United States"
"3046","Hong Leong Financial Group","1082.KL","5387008324","4.74937","Malaysia"
"3047","Phillips Edison &amp; Company","PECO","5383962624","38.82","United States"
"3048","LandBridge","LB","5381020672","67.61","United States"
"3049","Sumco Corporation","3436.T","5374701444","15.3689","Japan"
"3050","Hanjin Kal","180640.KS","5373608967","79.8544","South Korea"
"3051","Axos Financial","AX","5371397120","94.77","United States"
"3052","Zhejiang Supor","002032.SZ","5369302266","6.69894","China"
"3053","RLI Corp.","RLI","5364344320","58.35","United States"
"3054","APT Medical","688617.SS","5360517871","38.0066","China"
"3055","Sectra AB","SECT-B.ST","5359511164","27.8174","Sweden"
"3056","Bank OZK","OZK","5356711424","47.88","United States"
"3057","Seaboard Corporation","SEB","5355443712","5591.43","United States"
"3058","Edenred","EDEN.PA","5353983905","22.8835","France"
"3059","Mycronic","MYCR.ST","5343215445","27.3632","Sweden"
"3060","COSCO SHIPPING Development","601866.SS","5342945476","0.40484","China"
"3061","Budimex","BDX.WA","5337897771","209.083","Poland"
"3062","PrairieSky Royalty","PSK.TO","5336801481","22.9331","Canada"
"3063","Bharat Dynamics","BDL.NS","5329867080","14.5401","India"
"3064","Balfour Beatty","BBY.L","5325734921","11.0325","United Kingdom"
"3065","EquipmentShare.com","EQPT","5323603456","20.01","United States"
"3066","Crocs","CROX","5322393088","102.52","United States"
"3067","Beijing Yanjing Brewery","000729.SZ","5320806949","1.88779","China"
"3068","Aixtron","AIXA.F","5316343532","47.1366","Germany"
"3069","Matson","MATX","5316196352","170.5","United States"
"3070","British Land","BLND.L","5314889910","5.31543","United Kingdom"
"3071","Rush Street Interactive","RSI","5307487744","22.8","United States"
"3072","Shenzhen New Industries Biomedical Engineering","300832.SZ","5306122632","6.75321","China"
"3073","MSC Industrial Direct","MSM","5288067584","94.71","United States"
"3074","Maruwa","5344.T","5287963516","428.566","Japan"
"3075","Banco Macro","BMA","5285391360","82.66","Argentina"
"3076","Arkema","AKE.PA","5284724554","69.843","France"
"3077","UFP Industries","UFPI","5283526144","93.02","United States"
"3078","Axiata Group","6888.KL","5280273824","0.574684","Malaysia"
"3079","Yanbu National Petrochemical","2290.SR","5277888588","9.38291","Saudi Arabia"
"3080","The Company for Cooperative Insurance","8010.SR","5266863289","35.1593","Saudi Arabia"
"3081","Enagás","ENG.MC","5263923533","20.2503","Spain"
"3082","Wingstop Restaurants","WING","5260547072","191.4","United States"
"3083","Strauss Group","STRS.TA","5240570847","44.7542","Israel"
"3084","Dar Al Arkan Real Estate Development Company","4300.SR","5239504760","4.85139","Saudi Arabia"
"3085","Apellis Pharmaceuticals","APLS","5221691392","40.845","United States"
"3086","Supreme Industries","SUPREMEIND.NS","5219201912","41.0696","India"
"3087","Riyadh Cables Group Company","4142.SR","5216067538","34.8394","Saudi Arabia"
"3088","Orange Polska","OPL.WA","5213430002","3.97257","Poland"
"3089","Main Street Capital","MAIN","5210762752","57.83","United States"
"3090","Associated Banc-Corp","ASB","5199210496","27.61","United States"
"3091","Chemed","CHE","5197852672","377.61","United States"
"3092","Wacker Chemie","WCH.F","5197153751","104.617","Germany"
"3093","JFrog","FROG","5194013696","42.87","United States"
"3094","OSI Systems","OSIS","5193531392","305.9","United States"
"3095","Sampoerna","HMSP.JK","5192771089","0.0446429","Indonesia"
"3096","Changchun High-Tech Industry","000661.SZ","5188450426","12.7187","China"
"3097","Post Holdings","POST","5183665664","99.39","United States"
"3098","Baycurrent","6532.T","5182530146","34.1266","Japan"
"3099","Mercury General","MCY","5181052416","93.54","United States"
"3100","Casella Waste Systems","CWST","5178994176","81.54","United States"
"3101","Ralliant Corporation","RAL","5166506496","45.8","United States"
"3102","Sabra Health Care REIT","SBRA","5166465536","20.49","United States"
"3103","CP Axtra","CPAXT.BK","5166417322","0.495453","Thailand"
"3104","HASI (HA Sustainable Infrastructure Capita)","HASI","5165718528","40.42","United States"
"3105","AUTO1","AG1.F","5165332850","23.462","Germany"
"3106","Altius Telecom Infrastructure Trust","ALTIUSINVIT.BO","5162537226","1.69408","India"
"3107","PTT Global Chemical","PTTGC.BK","5160645674","1.14456","Thailand"
"3108","Pepkor","PPH.JO","5159570200","1.39455","South Africa"
"3109","Louisiana-Pacific","LPX","5155513344","73.81","United States"
"3110","Vontier","VNT","5154240000","36.4","United States"
"3111","Ypsomed","YPSN.SW","5150713274","377.349","Switzerland"
"3112","IPG Photonics","IPGP","5149231104","121.32","United States"
"3113","Hanwha Solutions","009830.KS","5147402349","29.9454","South Korea"
"3114","MISUMI Group","9962.T","5145166096","19.3119","Japan"
"3115","LG Uplus Corp.","032640.KS","5144711274","11.8322","South Korea"
"3116","Mondi","MNDI.L","5139474338","11.6595","United Kingdom"
"3117","Dentsu","4324.T","5139022070","19.7969","Japan"
"3118","Imeik Technology Development","300896.SZ","5135298857","16.971","China"
"3119","Mercury Systems","MRCY","5131851264","85.51","United States"
"3120","West Fraser Timber","WFG","5121524736","65.37","Canada"
"3121","China Resources Pharmaceutical Group","3320.HK","5118853693","0.814778","Hong Kong"
"3122","Outfront Media","OUT","5117778432","29.07","United States"
"3123","Atour Lifestyle","ATAT","5114262016","37.01","China"
"3124","China Gas","0384.HK","5113937666","0.938655","China"
"3125","Telecom Argentina","TEO","5112855040","11.87","Argentina"
"3126","Motilal Oswal Financial Services","MOTILALOFS.NS","5111187950","8.48219","India"
"3127","Laboratorios Farmaceuticos Rovi","ROVI.MC","5109514028","99.8937","Spain"
"3128","Cenergy Holdings","CENER.BR","5109137993","24.0642","Belgium"
"3129","Vontobel","VONN.SW","5108680238","91.6492","Switzerland"
"3130","Ricoh Company","7752.T","5107467270","8.97255","Japan"
"3131","Sportradar","SRAD","5102206464","17.24","Switzerland"
"3132","Barratt Redrow","BTRW.L","5099802052","3.6273","United Kingdom"
"3133","Macy's","M","5091661312","19.15","United States"
"3134","FAW Car","000800.SZ","5089113641","1.0341","China"
"3135","Intercorp Financial Services","IFS","5087587840","45.8","Peru"
"3136","Telephone and Data Systems","TDS","5086546944","44.68","United States"
"3137","Logista (Compañía de Distribución Integral Logista)","LOG.MC","5085715005","38.4933","Spain"
"3138","TIS","3626.T","5082319034","22.6943","Japan"
"3139","VakıfBank","VAKBN.IS","5080570059","0.762339","Turkey"
"3140","Entain","ENT.L","5079936207","7.93854","Isle of Man"
"3141","Atmus Filtration Technologies","ATMU","5079208448","62.19","United States"
"3142","Nexi","NEXI.MI","5075386135","4.32873","Italy"
"3143","Energy Fuels","UUUU","5073725952","21","United States"
"3144","Alliance Laundry Holdings","ALH","5070672896","25","United States"
"3145","Mapletree Logistics Trust","M44U.SI","5070144214","0.992024","Singapore"
"3146","Kakao Pay","377300.KS","5068567263","37.4827","South Korea"
"3147","York Space Systems","YSS","5063533568","39.68","United States"
"3148","China Power International Development","2380.HK","5055263911","0.408666","Hong Kong"
"3149","1&1","1U1.DE","5054330596","28.6338","Germany"
"3150","Beijing Enterprises Holdings","0392.HK","5054280497","4.0177","Hong Kong"
"3151","Hankook Tire","161390.KS","5052906052","41.4211","South Korea"
"3152","St. Galler Kantonalbank","SGKN.SW","5052795009","844.811","Switzerland"
"3153","Millrose Properties","MRP","5051486720","30.43","United States"
"3154","Galaxycore","688728.SS","5046682867","1.94059","China"
"3155","Tauron Polska","TPE.WA","5042042246","2.87698","Poland"
"3156","First National of Nebraska","FINN","5039353856","18600","United States"
"3157","Flughafen Wien (Vienna Airport)","FLU.VI","5031094416","59.9835","Austria"
"3158","Lemonade","LMND","5030613504","65.86","United States"
"3159","Brunswick Corporation","BC","5028671488","77.23","United States"
"3160","Dukhan Bank","DUBK.QA","5018408928","0.958791","Qatar"
"3161","Trend Micro","4704.T","5011886881","38.4097","Japan"
"3162","Persimmon","PSN.L","5010849199","15.6125","United Kingdom"
"3163","JCDecaux","DEC.PA","5010556681","23.5447","France"
"3164","Taiwan Business Bank","2834.TW","5007404250","0.515268","Taiwan"
"3165","Elastic NV","ESTC","5006261760","47.51","United States"
"3166","Metropolitan Bank (Metrobank)","MTPOY","5003375104","22.25","Philippines"
"3167","MINISO Group","MNSO","4997033472","16.04","China"
"3168","Kingsoft Cloud","KC","4993417216","16.88","China"
"3169","Icahn Enterprises","IEP","4989349888","7.83","United States"
"3170","Luberef (Saudi Aramco Base Oil Company)","2223.SR","4987494572","29.6415","Saudi Arabia"
"3171","HD Bank (Ho Chi Minh City Development Joint Stock Commercial Bank)","HDB.VN","4985865579","0.996122","Vietnam"
"3172","Jabal Omar Development","4250.SR","4985570222","4.22498","Saudi Arabia"
"3173","Yuhan","000100.KS","4980280838","66.6132","South Korea"
"3174","MYR Group","MYRG","4979505664","320.43","United States"
"3175","Charoen Pokphand Foods","CPF.BK","4977817904","0.652242","Thailand"
"3176","JD Sports Fashion","JD.L","4974964920","1.0259","United Kingdom"
"3177","The Bidvest Group","BVT.JO","4974808600","14.6366","South Africa"
"3178","Voltas","VOLTAS.NS","4974659299","15.0344","India"
"3179","Yadea Group","1585.HK","4970188092","1.63467","China"
"3180","Aurizon Holdings","AZJ.AX","4968503685","2.95163","Australia"
"3181","Indofood CBP","ICBP.JK","4968016509","0.426004","Indonesia"
"3182","Whitehaven Coal","WHC.AX","4966311474","6.02176","Australia"
"3183","abrdn","ABDN.L","4965054404","2.7751","United Kingdom"
"3184","Copa Holdings","CPA","4964600320","120.68","Panama"
"3185","Presight AI","PRESIGHT.AE","4962757832","0.88","United Arab Emirates"
"3186","EXL Service","EXLS","4960989696","31.26","United States"
"3187","Mirion Technologies","MIR","4960702464","19.76","United States"
"3188","Berner Kantonalbank","BEKN.SW","4958621846","535.687","Switzerland"
"3189","Belden","BDC","4957001728","127.32","United States"
"3190","MONETA Money Bank","MONET.PR","4955723176","9.69809","Czech Republic"
"3191","Mirvac Group","MGR.AX","4950567414","1.25462","Australia"
"3192","PI Industries","PIIND.NS","4948174298","32.6175","India"
"3193","Taiyo Yuden","6976.T","4948085026","39.5687","Japan"
"3194","NOBA Bank Group AB","NOBA.ST","4942402065","9.8848","Sweden"
"3195","Liberty Global","LBTYB","4941673472","14.75","United Kingdom"
"3196","Thermax","THERMAX.NS","4933940493","43.7995","India"
"3197","Mphasis","MPHASIS.NS","4925394168","25.8326","India"
"3198","Chartwell Retirement Residences","CSH-UN.TO","4923245162","15.466","Canada"
"3199","Moelis &amp; Company","MC","4923134976","66.53","United States"
"3200","Türk Telekom","TTKOM.IS","4922694992","1.40648","Turkey"
"3201","Algonquin Power & Utilities","AQN","4920224768","6.37","Canada"
"3202","Nelnet","NNI","4910385152","136.43","United States"
"3203","Nippon Television Holdings","9404.T","4908881153","19.8473","Japan"
"3204","Graham Holdings","GHC","4908285952","1125.28","United States"
"3205","Shift4 Payments","FOUR","4904876544","48.01","United States"
"3206","CJ Group","001040.KS","4900951967","146.162","South Korea"
"3207","Brother Industries","6448.T","4900323108","19.6458","Japan"
"3208","Kalyan Jewellers India","KALYANKJIL.NS","4899830026","4.74449","India"
"3209","DKSH Holding","DKSH.SW","4899394238","75.393","Switzerland"
"3210","Travel + Leisure","TNL","4896975360","78.45","United States"
"3211","Yakult","2267.T","4894424694","16.7294","Japan"
"3212","AAR","AIR","4881063936","122.75","United States"
"3213","Vinamilk (Vietnam Dairy Products)","VNM.VN","4878840502","2.33442","Vietnam"
"3214","Huber+Suhner","HUBN.SW","4878751444","264.323","Switzerland"
"3215","Alaska Airlines","ALK","4876847104","42.54","United States"
"3216","Amada Co., Ltd.","6113.T","4876317072","15.6807","Japan"
"3217","Umicore","UMI.VI","4862935755","20.2149","Belgium"
"3218","Westports","5246.KL","4854553217","1.41266","Malaysia"
"3219","Selective Insurance","SIGI","4843807744","80.62","United States"
"3220","Pony AI","PONY","4842659328","11.17","China"
"3221","Jiangsu Yuyue Medical Equipment &amp; Supply Co., Ltd.","002223.SZ","4840709795","4.82875","China"
"3222","Kobe Steel","5406.T","4838807719","12.292","Japan"
"3223","FPT Corporation","FPT.VN","4838110368","2.84009","Vietnam"
"3224","The Commercial Bank (P.S.Q.C.)","CBQK.QA","4836690568","1.19505","Qatar"
"3225","Fuchs Petrolub","FPE.F","4833805741","36.8993","Germany"
"3226","Ondas Holdings","ONDS","4833290240","10.03","United States"
"3227","Sanwa Holdings","5929.T","4833175970","22.9904","Japan"
"3228","Apar Industries","APARINDS.NS","4826692802","120.162","India"
"3229","Glanbia plc","GL9.IR","4823829933","19.9551","Ireland"
"3230","Merdeka Copper Gold","MDKA.JK","4816125233","0.197246","Indonesia"
"3231","Boot Barn Holdings","BOOT","4814889984","157.95","United States"
"3232","Nomura Real Estate Master Fund","3462.T","4814293947","1036.14","Japan"
"3233","Knife River Corporation","KNF","4813861888","84.82","United States"
"3234","Balkrishna Industries","BALKRISIND.NS","4813134974","24.8976","India"
"3235","Transportadora de Gas del Sur","TGS","4803772928","31","Argentina"
"3236","Argo Investments","ARG.AX","4801058411","6.32698","Australia"
"3237","PriceSmart","PSMT","4800910848","155.39","United States"
"3238","Allreal Holding","ALLN.SW","4798515346","290.564","Switzerland"
"3239","Mitsui Chemicals","4183.T","4798321295","12.799","Japan"
"3240","Motor Oil (Hellas) Corinth Refineries","MOH.AT","4796939504","44.2791","Greece"
"3241","Schneider National","SNDR","4793700352","27.34","United States"
"3242","Taiwan High Speed Rail","2633.TW","4791821424","0.851381","Taiwan"
"3243","PennyMac Financial Services","PFSI","4785870848","91.74","United States"
"3244","Shapir Civil and Marine Engineering","SPEN.TA","4785525900","13.3728","Israel"
"3245","Comstock Resources","CRK","4783733760","16.27","United States"
"3246","Eagers Automotive Limited","APE.AX","4775525515","16.9126","Australia"
"3247","Tata Communications","TATACOMM.NS","4771594034","16.7424","India"
"3248","Coca-Cola İçecek","CCOLA.IS","4770057660","1.70476","Turkey"
"3249","Capstone Infrastructure","CSE-PA.TO","4768773106","15.6554","Canada"
"3250","Grupo Simec","SIMECB.MX","4768700580","10.3561","Mexico"
"3251","GPGI, Inc.","GPGI","4767516672","16.46","United States"
"3252","CSW Industrials","CSW","4761552384","285.35","United States"
"3253","PBF Energy","PBF","4760397824","40.53","United States"
"3254","Bicecorp","BICE.SN","4759942427","0.467723","Chile"
"3255","Oji Holdings","3861.T","4759572734","5.36778","Japan"
"3256","Grand Canyon Education","LOPE","4754081280","169.98","United States"
"3257","Erdemir","EREGL.IS","4751886889","0.706929","Turkey"
"3258","LG Display","LPL","4750000128","4.75","South Korea"
"3259","Indian Railway Catering & Tourism","IRCTC.NS","4748139684","5.93517","India"
"3260","Bright Horizons","BFAM","4746572288","83.93","United States"
"3261","Bilfinger","GBF.F","4736868524","128.232","Germany"
"3262","Gek Terna","GEKTERNA.AT","4733948510","46.8296","Greece"
"3263","Acom","8572.T","4731556405","3.02024","Japan"
"3264","Waystar","WAY","4730701824","24.68","United States"
"3265","Nippon Prologis REIT","3283.T","4729249299","563.737","Japan"
"3266","MDA Space","MDA","4727622144","34.66","Canada"
"3267","Silicon Motion","SIMO","4724749824","139.03","Hong Kong"
"3268","Mitsubishi Materials","5711.T","4723038813","36.1422","Japan"
"3269","CTF Services Limited","0659.HK","4722365534","1.03444","Hong Kong"
"3270","Randstad","RAND.AS","4719638929","26.9335","Netherlands"
"3271","Skylark Holdings","3197.T","4715106150","20.7354","Japan"
"3272","KEI Industries","KEI.NS","4713607610","49.3052","India"
"3273","Freddie Mac","FMCC","4712931840","7.25","United States"
"3274","Laureate Education","LAUR","4711967232","33.01","United States"
"3275","Hoshizaki Corporation","6465.T","4710188948","33.3329","Japan"
"3276","Offshore Oil Engineering Co.,Ltd","600583.SS","4708329841","1.06491","China"
"3277","Radian Group","RDN","4705486336","34.53","United States"
"3278","UniFirst","UNF","4698133504","259.81","United States"
"3279","Astral Poly Technik","ASTRAL.NS","4698051365","17.4876","India"
"3280","flatexDEGIRO AG","FTK.DE","4697363392","43.9013","Germany"
"3281","Azbil Corporation","6845.T","4693861707","9.25284","Japan"
"3282","Oil &amp; Gas Development Company","OGDC.PK","4693380938","1.09125","Pakistan"
"3283","GS Holdings Corp.","078930.KS","4692999733","49.5695","South Korea"
"3284","Warrior Met Coal","HCC","4689117184","88.81","United States"
"3285","Universal Display Corporation","OLED","4687665664","98.6","United States"
"3286","Krones","KRN.F","4685429118","148.306","Germany"
"3287","Victory Capital","VCTR","4685231104","73.15","United States"
"3288","Siegfried Holding","SFZN.SW","4682306077","106.881","Switzerland"
"3289","Gentex","GNTX","4672077312","21.69","United States"
"3290","Lazard","LAZ","4669886464","49.22","Bermuda"
"3291","Corcept Therapeutics","CORT","4669819392","43.9","United States"
"3292","Dexus","DXS.AX","4667956058","4.35204","Australia"
"3293","Aboitiz Power","ABZPY","4665790464","12.95","Philippines"
"3294","HASEKO Corporation","1808.T","4658264002","17.6018","Japan"
"3295","OFILM Group","002456.SZ","4655117590","1.38467","China"
"3296","K92 Mining","KNT.TO","4654512013","18.9919","Canada"
"3297","KBR","KBR","4653172736","36.7","United States"
"3298","Eastern Bankshares","EBC","4651961856","20.68","United States"
"3299","Qatar International Islamic Bank","QIIK.QA","4649183233","3.07143","Qatar"
"3300","Paladin Energy","PDN.AX","4648646805","10.3451","Australia"
"3301","Sapporo","2501.T","4648288835","11.9235","Japan"
"3302","Asia Commercial Joint Stock Bank","ACB.VN","4648027484","0.904874","Vietnam"
"3303","Sabancı Holding","SAHOL.IS","4647859426","2.24769","Turkey"
"3304","Meiko Electronics","6787.T","4643740671","180.963","Japan"
"3305","Oscar Health","OSCR","4641891328","15.59","United States"
"3306","Saudi Tadawul Group Holding Company","1111.SR","4641343529","38.6779","Saudi Arabia"
"3307","Georg Fischer","GF.SW","4640885156","56.6279","Switzerland"
"3308","Fielmann","FIE.F","4639872967","54.67","Germany"
"3309","Duolingo","DUOL","4637749760","98.78","United States"
"3310","Fortune Brands Innovations","FBIN","4631550976","38.6","United States"
"3311","Interpump Group","IP.MI","4627499180","43.8068","Italy"
"3312","Mabanee Company","MABANEE.KW","4626273309","2951.19","Kuwait"
"3313","Jarir","4190.SR","4622151342","3.85179","Saudi Arabia"
"3314","Opendoor","OPEN","4619129344","4.82","United States"
"3315","The Tel-Aviv Stock Exchange","TASE.TA","4618594972","49.8346","Israel"
"3316","Coforge","COFORGE.NS","4618453364","13.7531","India"
"3317","TECOM Group","TECOM.AE","4614756382","0.922951","United Arab Emirates"
"3318","Fluidra","FDR.MC","4614422897","24.3004","Spain"
"3319","Mattel","MAT","4612272128","14.84","United States"
"3320","Alior Bank S.A.","ALR.WA","4607659400","35.2931","Poland"
"3321","Hochschild Mining","HOC.L","4607647053","8.95631","United Kingdom"
"3322","Mapletree Industrial Trust","ME8U.SI","4606680488","1.61401","Singapore"
"3323","IGO Limited","IGO.AX","4606311985","6.0828","Australia"
"3324","Bank of East Asia","0023.HK","4605382620","1.74194","Hong Kong"
"3325","Doosan Bobcat","241560.KS","4601499967","48.0756","South Korea"
"3326","360 One Wam","360ONE.NS","4598483948","11.3225","India"
"3327","Saudi Investment Bank","1030.SR","4598082496","3.68119","Saudi Arabia"
"3328","Dubai Investments","DIC.AE","4595839286","1.08086","United Arab Emirates"
"3329","RAKBANK (The National Bank of Ras Al Khaimah)","RAKBANK.AE","4594728701","2.28","United Arab Emirates"
"3330","Johnson Matthey","JMAT.L","4592673239","27.4117","United Kingdom"
"3331","PTT Oil and Retail Business","OR.BK","4590780961","0.382565","Thailand"
"3332","Vail Resorts","MTN","4587502080","128.23","United States"
"3333","Colruyt","COLR.BR","4583229225","38.2336","Belgium"
"3334","Makkah Construction &amp; Development","4100.SR","4582166891","22.9108","Saudi Arabia"
"3335","Badger Meter","BMI","4582094848","157.02","United States"
"3336","AGL Energy","AGL.AX","4577744851","6.80455","Australia"
"3337","Saigon Thuong Tin Commercial Bank","STB.VN","4572913371","2.42567","Vietnam"
"3338","Sotera Health","SHC","4571058176","16.03","United States"
"3339","Covivio Hotels","COVH.PA","4570293200","28.929","France"
"3340","Embassy Office Parks REIT","EMBASSY.BO","4566691967","4.81773","India"
"3341","Sonae","SON.LS","4565142367","2.34738","Portugal"
"3342","Mueller Water Products","MWA","4564887552","29.19","United States"
"3343","Texas Capital Bancshares","TCBI","4560587776","103.15","United States"
"3344","Reynolds Consumer Products","REYN","4560320512","21.64","United States"
"3345","Oppein Home Group","603833.SS","4554238835","7.47635","China"
"3346","Tutor Perini Corporation","TPC","4553262592","86.25","United States"
"3347","Core Natural Resources","CNR","4552983040","89.31","United States"
"3348","Bechtle","BC8.F","4546652571","36.0845","Germany"
"3349","Archer Aviation","ACHR","4544177152","6.06","United States"
"3350","Amicus Therapeutics","FOLD","4540450304","14.46","United States"
"3351","Liontown Resources","LTR.AX","4536531507","1.42698","Australia"
"3352","Bendigo and Adelaide Bank","BEN.AX","4521547110","7.96079","Australia"
"3353","RadNet","RDNT","4518578176","58.22","United States"
"3354","Estithmar Holding","IGRD.QA","4518018120","1.00549","Qatar"
"3355","NOF Corporation","4403.T","4514665350","19.841","Japan"
"3356","Novanta","NOVT","4512212480","126.45","United States"
"3357","SentinelOne","S","4512066048","13.26","United States"
"3358","NorthWestern Energy","NWE","4511571456","73.36","United States"
"3359","ABC-Mart","2670.T","4510571259","18.2159","Japan"
"3360","Technogym","TGYM.MI","4506352143","22.6119","Italy"
"3361","Computacenter","CCC.L","4503224652","42.9088","United Kingdom"
"3362","Liberty Energy","LBRT","4501791232","27.78","United States"
"3363","JK Cement","JKCEMENT.NS","4501087104","58.2527","India"
"3364","Doximity","DOCS","4499683328","23.9","United States"
"3365","Pampa Energía","PAM","4498721792","82.09","Argentina"
"3366","Tiantan Bio","600161.SS","4498574391","2.27503","China"
"3367","Warba Bank","WARBABANK.KW","4493110551","998.865","Kuwait"
"3368","PLDT","PHI","4491944960","20.53","Philippines"
"3369","Far Eastern New Century","1402.TW","4488788864","0.838697","Taiwan"
"3370","Ligand Pharmaceuticals","LGND","4488550912","225.09","United States"
"3371","Pepco Group","PCO.WA","4488126506","7.77229","United Kingdom"
"3372","Bank of Qingdao (BQD)","002948.SZ","4482120998","0.770077","China"
"3373","MDU Resources","MDU","4481014784","21.89","United States"
"3374","Gentera, S.A.B. de C.V.","GENTERA.MX","4480371525","2.83704","Mexico"
"3375","Brink's","BCO","4475242496","108.72","United States"
"3376","FLSmidth","FLS.CO","4469453334","82.4504","Denmark"
"3377","Rightmove","RMV.L","4467942757","5.9288","United Kingdom"
"3378","Bucher Industries","BUCN.SW","4464994108","450.566","Switzerland"
"3379","MakeMyTrip","MMYT","4463364096","46.91","India"
"3380","First Financial Bankshares","FFIN","4460139008","31.14","United States"
"3381","DMG Mori Aktiengesellschaft","GIL.F","4457884139","56.5592","Germany"
"3382","Northland Power","NPI.TO","4455873434","17.0395","Canada"
"3383","National Marine Dredging","NMDC.AE","4455234751","5.28","United Arab Emirates"
"3384","Methanex","MEOH","4453982720","57.59","Canada"
"3385","Netwealth","NWL.AX","4449829971","18.1335","Australia"
"3386","Atlas Arteria","ALX.AX","4449635827","3.06654","Australia"
"3387","Option Care Health","OPCH","4449050112","28.34","United States"
"3388","Mazda","7261.T","4447905826","7.05144","Japan"
"3389","Qatar Electricity &amp; Water Company","QEWS.QA","4445329595","4.04121","Qatar"
"3390","Organo Corporation","6368.T","4437162036","96.4967","Japan"
"3391","J-POWER (Electric Power Development)","9513.T","4433204580","25.132","Japan"
"3392","Envista","NVST","4429552128","27.03","United States"
"3393","Hisense Visual Technology","600060.SS","4429344632","3.39421","China"
"3394","Protector Forsikring","PROT.OL","4428224214","53.7179","Norway"
"3395","Franklin Electric","FELE","4427287552","100.16","United States"
"3396","International Bancshares Corp","IBOC","4425188352","71.17","United States"
"3397","Torex Gold Resources","TXG.TO","4414559166","46.2668","Canada"
"3398","Codan Limited","CDA.AX","4412186232","24.2594","Australia"
"3399","Haitian International Holdings","1882.HK","4406638725","2.76105","Hong Kong"
"3400","Mandatum","MANTA.HE","4402880260","8.74956","Finland"
"3401","Federated Hermes","FHI","4398700544","58","United States"
"3402","QuantumScape","QS","4392211968","7.17","United States"
"3403","Hirose Electric","6806.T","4383796852","133.974","Japan"
"3404","Ottobock","OBCK.F","4382369730","68.4851","Germany"
"3405","Westgold Resources Limited","WGX.AX","4379968968","4.63571","Australia"
"3406","RioCan REIT","REI-UN.TO","4379660705","14.9123","Canada"
"3407","ACI Worldwide","ACIW","4379178496","42.48","United States"
"3408","Montage Gold Corp.","MAU.TO","4379071007","12.0202","Canada"
"3409","GMO Payment Gateway","3769.T","4377441063","57.709","Japan"
"3410","Kobe Bussan","3038.T","4375349848","19.7339","Japan"
"3411","TUI","TUI1.F","4375087529","8.62203","Germany"
"3412","Page Industries","PAGEIND.NS","4371347381","391.675","India"
"3413","NovaGold Resources","NG","4370338304","9.96","Canada"
"3414","Synnex Technology International","2347.TW","4368596067","2.61915","Taiwan"
"3415","Petronet LNG","PETRONET.NS","4359305933","2.9062","India"
"3416","Sacyr","SCYR.MC","4355073945","5.44574","Spain"
"3417","BETA Technologies","BETA","4352868352","18.27","United States"
"3418","Seiko Epson Corporation","6724.T","4349416890","13.5738","Japan"
"3419","Viohalco","VIO.BR","4345843254","16.767","Belgium"
"3420","Meritage Homes","MTH","4344047104","65.03","United States"
"3421","SAIC (Science Applications International Corp)","SAIC","4341257216","96.2","United States"
"3422","Koito Manufacturing","7276.T","4340965758","16.2507","Japan"
"3423","Fosun","0656.HK","4340251966","0.53382","China"
"3424","PUMA","PUM.DE","4338569214","29.4722","Germany"
"3425","CommScope","COMM","4337923584","19.58","United States"
"3426","Exchange Income Corporation","EIF.TO","4336822772","76.9948","Canada"
"3427","Gulf Bank","GBK.KW","4327110718","1034.54","Kuwait"
"3428","Bank Handlowy w Warszawie","BHW.WA","4325707278","33.1744","Poland"
"3429","Itron","ITRI","4323397120","97.55","United States"
"3430","Shake Shack","SHAK","4319201280","101.17","United States"
"3431","Springer Nature AG","SPG.DE","4316423959","21.7027","Germany"
"3432","CyberAgent","4751.T","4316014837","8.51589","Japan"
"3433","Sunrise Communications AG","SUNN.SW","4315633355","58.4455","Switzerland"
"3434","Worley","WOR.AX","4314246397","8.35578","Australia"
"3435","EPR Properties","EPR","4314198528","56.38","United States"
"3436","Indorama Ventures","IVL.BK","4313469040","0.768266","Thailand"
"3437","GLP J-REIT","3281.T","4312343447","898.83","Japan"
"3438","Americana Restaurants International","AMR.AE","4311579039","0.51","United Arab Emirates"
"3439","CGN Mining Company","1164.HK","4309772916","0.567024","Hong Kong"
"3440","The Berkeley Group","BKG.L","4300244243","45.8943","United Kingdom"
"3441","Bumrungrad Hospital","BH.BK","4300148627","5.40922","Thailand"
"3442","Lumine Group","LMN.V","4298686926","16.7512","Canada"
"3443","Corporación América Airports","CAAP","4297653760","26.33","Luxembourg"
"3444","Parkin PJSC","PARKIN.AE","4294544370","1.43207","United Arab Emirates"
"3445","Asyad Shipping Company","ASCO.OM","4288758384","0.823377","Oman"
"3446","Frontdoor","FTDR","4286493696","60.7","United States"
"3447","Silgan Holdings","SLGN","4283052544","40.62","United States"
"3448","KDX Realty Investment","8972.T","4281862325","1060.08","Japan"
"3449","Grupo Elektra","XEKT.MC","4279840957","20.4274","Mexico"
"3450","Kenon Holdings","KEN","4278099200","82.1","Singapore"
"3451","MiniMed Group","MMED","4273979136","15.22","United States"
"3452","Alignment Healthcare","ALHC","4273882624","20.92","United States"
"3453","E-L Financial","ELF.TO","4273668806","12.348","Canada"
"3454","Zeta Global","ZETA","4271567360","17.37","United States"
"3455","Mesaieed Petrochemical Holding Company","MPHC.QA","4269408651","0.339835","Qatar"
"3456","Beijing Roborock Technology","688169.SS","4264660802","16.4591","China"
"3457","Emperador Brandy","EMI.SI","4259496585","0.271626","Philippines"
"3458","Kingsoft","3888.HK","4255288350","3.11097","China"
"3459","China Everbright Environment Group","0257.HK","4252035759","0.692178","Hong Kong"
"3460","Masan Group","MSN.VN","4249458890","2.93894","Vietnam"
"3461","Trex","TREX","4245944576","40.87","United States"
"3462","SLM Corporation (Sallie Mae)","SLM","4242490368","21.41","United States"
"3463","Cosan","CSAN","4242265856","4.33","Brazil"
"3464","Enphase Energy","ENPH","4240807424","32.18","United States"
"3465","Canadian Apartment Properties REIT","CAR-UN.TO","4240318627","26.8815","Canada"
"3466","Titan Cement International","TITC.BR","4239585871","57.0551","Belgium"
"3467","L.D.C. S.A.","LOUP.PA","4232366242","121.856","France"
"3468","Singapore Land","U06.SI","4230462707","2.95245","Singapore"
"3469","Champion Homes","SKY","4227913728","75.69","United States"
"3470","Mandarin Oriental","M04.SI","4221123840","3.34","Hong Kong"
"3471","Charoen Pokphand Indonesia","CPIN.JK","4220073416","0.257353","Indonesia"
"3472","Challenger Limited","CGF.AX","4219659226","6.10076","Australia"
"3473","Asseco","ACP.WA","4219546532","52.41","Poland"
"3474","Clicks Group","CLS.JO","4219197800","18.0423","South Africa"
"3475","Harvey Norman","HVN.AX","4219125697","3.38612","Australia"
"3476","Merit Medical","MMSI","4218923776","70.73","United States"
"3477","Adaro Energy","ADRO.JK","4218559785","0.146475","Indonesia"
"3478","Pandox AB","PNDX-B.ST","4213222420","21.6503","Sweden"
"3479","Valvoline","VVV","4212880640","33.09","United States"
"3480","Aumovio SE","AMV0.DE","4211616609","42.0947","Germany"
"3481","Royal Unibrew","RBREW.CO","4211096755","86.3202","Denmark"
"3482","Rubis","RUI.PA","4208741029","40.9493","France"
"3483","National Shipping Company of Saudi Arabia (Bahri)","4030.SR","4206192645","8.54591","Saudi Arabia"
"3484","Grenergy Renovables","GRE.MC","4203174563","149.486","Spain"
"3485","Unilever Indonesia","UNVR.JK","4200188656","0.110586","Indonesia"
"3486","ServisFirst Bancshares","SFBS","4195457792","76.75","United States"
"3487","Bestechnic","688608.SS","4194392849","24.864","China"
"3488","Abercrombie &amp; Fitch","ANF","4193673472","91.45","United States"
"3489","Endeavour Group","EDV.AX","4191251673","2.33402","Australia"
"3490","Air Canada","AC.TO","4184027681","14.1255","Canada"
"3491","Fulton Financial","FULT","4183779584","21.74","United States"
"3492","Kulicke and Soffa Industries","KLIC","4178235904","79.84","Singapore"
"3493","SATS","S58.SI","4177504350","2.81074","Singapore"
"3494","Radico Khaitan","RADICO.NS","4175834151","31.1657","India"
"3495","United Breweries","UBL.NS","4169371970","15.7689","India"
"3496","e.l.f. Beauty","ELF","4166224640","69.86","United States"
"3497","Crinetics Pharmaceuticals","CRNX","4164130816","39.77","United States"
"3498","Amneal Pharmaceuticals","AMRX","4162937088","13.05","United States"
"3499","VisEra Technologies","6789.TW","4160707544","13.064","Taiwan"
"3500","Diodes Incorporated","DIOD","4152552448","90.26","United States"
"3501","PPB Group Berhad","4065.KL","4148946712","2.91646","Malaysia"
"3502","AntarChile","ANTARCHILE.SN","4148910523","9.13645","Chile"
"3503","Tanger Inc.","SKT","4148421632","36.22","United States"
"3504","Hafnia Limited","HAFN","4147663360","8.2","Bermuda"
"3505","Tidewater","TDW","4144841984","83.61","United States"
"3506","Kerry Properties","0683.HK","4144284387","2.85556","Hong Kong"
"3507","TOTVS","TOTS3.SA","4135310062","7.07042","Brazil"
"3508","National Health Investors","NHI","4134553344","85.32","United States"
"3509","Adecco Group","ADEN.SW","4127987947","24.5635","Switzerland"
"3510","BBB Foods","TBBB","4124999680","35","Mexico"
"3511","Stride (K12 Education)","LRN","4123149824","94.01","United States"
"3512","Mercari","4385.T","4119053064","24.9808","Japan"
"3513","NH Foods (Nipponham)","2282.T","4115824602","43.4991","Japan"
"3514","KLCC Property Holdings","5235SS.KL","4113417283","2.27848","Malaysia"
"3515","Rorze Corporation","6323.T","4111796971","23.7084","Japan"
"3516","Commvault","CVLT","4110035200","93.21","United States"
"3517","Viking Therapeutics","VKTX","4108440320","35.45","United States"
"3518","Plus500","PLUS.L","4104955530","58.7859","Israel"
"3519","Sixt","SIX2.F","4104564837","87.4365","Germany"
"3520","TFS Financial","TFSL","4102865920","14.62","United States"
"3521","MIAX (Miami International Holdings)","MIAX","4098515200","44.22","United States"
"3522","IONOS Group","IOS.DE","4096933201","29.4722","Germany"
"3523","GCL Technology","3800.HK","4092761573","0.125154","Hong Kong"
"3524","G-bits Network Technology","603444.SS","4091575590","56.795","China"
"3525","NLC India","NLCINDIA.NS","4091549286","2.9507","India"
"3526","Wix.com","WIX","4091321088","70.16","Israel"
"3527","Regis Resources","RRL.AX","4089580815","5.40055","Australia"
"3528","Plug Power","PLUG","4084288512","2.93","United States"
"3529","Medacta Group","MOVE.SW","4083001167","205.059","Switzerland"
"3530","Bank AlJazira","1020.SR","4080675739","3.19872","Saudi Arabia"
"3531","Vale Indonesia","INCO.JK","4074817247","0.386613","Indonesia"
"3532","CNO Financial Group","CNO","4069968640","43.17","United States"
"3533","Newmark","NMRK","4069734144","15.89","United States"
"3534","Wendel","MF.PA","4067524789","100.897","France"
"3535","Indivior PLC","INDV","4067121664","32.52","United States"
"3536","Hudco","HUDCO.NS","4062784444","2.02946","India"
"3537","TransAlta","TAC","4060711424","13.68","Canada"
"3538","Perimeter Solutions","PRM","4057297664","27.15","United States"
"3539","Sohar International Bank","BKSB.OM","4056286126","0.612987","Oman"
"3540","Banco del Bajío","BBAJIOO.MX","4055887294","3.4085","Mexico"
"3541","Taylor Wimpey","TW.L","4054889501","1.15428","United Kingdom"
"3542","Hualan Biological Engineering","002007.SZ","4050292357","2.21635","China"
"3543","XD Inc.","2400.HK","4045119061","8.36489","China"
"3544","Constellium","CSTM","4036860672","29.65","France"
"3545","AZZ","AZZ","4027649280","134","United States"
"3546","Coway","021240.KS","4026882932","56.9031","South Korea"
"3547","Broadstone Net Lease","BNL","4025671168","20.14","United States"
"3548","Thor Industries","THO","4025249536","76.18","United States"
"3549","Stevanato Group","STVN","4024074240","14.74","Italy"
"3550","iRhythm","IRTC","4020528128","124.41","United States"
"3551","Iridium Communications","IRDM","4016754432","37.995","United States"
"3552","Ipca Laboratories","IPCALAB.NS","4015697264","15.771","India"
"3553","Qatar Fuel Company (WOQOD)","QFLS.QA","4015263392","4.03846","Qatar"
"3554","Kintetsu GHD","9041.T","4011234571","21.0945","Japan"
"3555","TransMedics Group","TMDX","4010922496","116.11","United States"
"3556","Inmobiliaria Colonial","COL.MC","4004356357","6.50608","Spain"
"3557","Kontoor Brands","KTB","4001072384","71.97","United States"
"3558","Allied Gold Corporation","AAUC.TO","4001047979","31.7843","Canada"
"3559","Nikon","NINOY","3999387136","12.15","Japan"
"3560","CIE Automotive","CIE.MC","3998685907","33.7112","Spain"
"3561","United Community Bank","UCB","3996249856","33.39","United States"
"3562","Container Corporation of India","CONCOR.NS","3994848094","5.24521","India"
"3563","Shufersal","SAE.TA","3994734627","14.9738","Israel"
"3564","PVH Corp.","PVH","3994307328","87.19","United States"
"3565","ITV plc","ITV.L","3994173349","1.06797","United Kingdom"
"3566","Zuger Kantonalbank","ZUGER.SW","3994114861","13888.2","Switzerland"
"3567","Iida Group","3291.T","3993649546","14.4525","Japan"
"3568","dLocal","DLO","3990429440","13.53","Uruguay"
"3569","Victoria's Secret &amp; Co","VSCO","3987944960","49.56","United States"
"3570","Man Group","EMG.L","3987730541","3.56352","Jersey"
"3571","easyJet","EZJ.L","3983636131","5.30593","United Kingdom"
"3572","MARA Holdings","MARA","3981056512","10.47","United States"
"3573","Tri Pointe Homes","TPH","3980938752","46.76","United States"
"3574","Gujarat Fluorochemicals","FLUOROCHEM.NS","3979951313","36.2308","India"
"3575","Blue Star","BLUESTARCO.NS","3978629575","19.3522","India"
"3576","Athens International Airport","AIA.AT","3975574267","12.8469","Greece"
"3577","Dalmia Bharat","DALBHARAT.NS","3974538230","21.1717","India"
"3578","Remitly","RELY","3972941824","18.86","United States"
"3579","Cousins Properties","CUZ","3971685120","23.64","United States"
"3580","Asia Cement","1102.TW","3969739422","1.11932","Taiwan"
"3581","Minor International","MINT.BK","3968420401","0.70555","Thailand"
"3582","Group 1 Automotive","GPI","3967871488","332.73","United States"
"3583","Drax Group","DRX.L","3967200127","11.7979","United Kingdom"
"3584","Jumbo S.A.","5JB.F","3965521075","28.2442","Greece"
"3585","Serco Group","SRP.L","3964682895","3.99234","United Kingdom"
"3586","Munters Group AB","MTRS.ST","3964061248","21.716","Sweden"
"3587","Hikma Pharmaceuticals","HIK.L","3953259817","18.2926","United Kingdom"
"3588","GÜBRETAŞ","GUBRF.IS","3951405084","11.8306","Turkey"
"3589","Credit Saison","8253.T","3948235188","27.5192","Japan"
"3590","The a2 Milk Company","A2M.AX","3946355758","5.44005","New Zealand"
"3591","Perpetua Resources","PPTA","3945911040","31.58","United States"
"3592","Academy Sports + Outdoors","ASO","3940198144","59.09","United States"
"3593","Tamarack Valley Energy","TVE.TO","3939551954","8.0936","Canada"
"3594","Bill.com","BILL","3937159168","39.31","United States"
"3595","Renishaw","RSW.L","3936246788","54.1178","United Kingdom"
"3596","Cofinimmo","COFB.BR","3935027481","103.318","Belgium"
"3597","Cavco Industries","CVCO","3926714624","503.1","United States"
"3598","Seek Limited","SEK.AX","3925073810","10.9878","Australia"
"3599","Toyo Tire","5105.T","3924538335","25.4847","Japan"
"3600","AIA Engineering","AIAENG.NS","3922485222","42.0325","India"
"3601","Samsung Card","029780.KS","3920096833","36.7357","South Korea"
"3602","Aris Mining","ARMN","3918969856","19.16","Canada"
"3603","H&amp;R Block","HRB","3916875776","30.9","United States"
"3604","Sensient Technologies","SXT","3915146752","92.01","United States"
"3605","SkyWest","SKYW","3915002368","96.89","United States"
"3606","Narayana Hrudayalaya","NH.NS","3914527038","19.2739","India"
"3607","Aalberts","AALB.AS","3911522878","36.5569","Netherlands"
"3608","Brady Corporation","BRC","3910481920","82.8","United States"
"3609","NewAmsterdam Pharma Company","NAMS","3910313984","34.01","Netherlands"
"3610","Skeena Resources","SKE","3908225536","32.05","Canada"
"3611","Asbury Automotive Group","ABG","3908154880","202.54","United States"
"3612","Enova International","ENVA","3907112192","156.22","United States"
"3613","THK Co.","6481.T","3904696978","34.8572","Japan"
"3614","L&amp;T Technology Services","LTTS.NS","3899039655","36.784","India"
"3615","Iren","IRE.MI","3893617387","3.0346","Italy"
"3616","USA Compression Partners","USAC","3891057920","26.84","United States"
"3617","Independent Bank Corp.","INDB","3890902016","79.43","United States"
"3618","Poonawalla Fincorp","POONAWALLA.NS","3889664520","4.44321","India"
"3619","Centrus Energy","LEU","3889454080","197.79","United States"
"3620","Centerra Gold","CGAU","3884434176","19.37","Canada"
"3621","Howard Hughes Holdings","HHH","3879344384","65.05","United States"
"3622","Thai Life Insurance","TLI.BK","3877704981","0.338664","Thailand"
"3623","Acerinox","ACX.MC","3877263796","15.5508","Spain"
"3624","Indosat","ISAT.JK","3877023113","0.120215","Indonesia"
"3625","JGC Holdings","1963.T","3876942772","16.0303","Japan"
"3626","Giant Biogene","2367.HK","3875895911","3.69332","China"
"3627","Tata Investment Corporation","TATAINVEST.NS","3875504497","7.65981","India"
"3628","Netskope","NTSK","3875042560","9.68","United States"
"3629","Dana Incorporated","DAN","3875013376","35.37","United States"
"3630","VietJet Aviation","VJC.VN","3873297340","6.54703","Vietnam"
"3631","Frasers Group","FRAS.L","3872792113","8.98345","United Kingdom"
"3632","Griffon Corporation","GFF","3867002624","83.02","United States"
"3633","Capricorn Metals","CMM.AX","3865854332","8.4635","Australia"
"3634","National Bank of Fujairah","NBF.AE","3864680761","1.5","United Arab Emirates"
"3635","Cembra Money Bank","CMBN.SW","3858631207","131.714","Switzerland"
"3636","Reply","REY.MI","3858115032","103.495","Italy"
"3637","Hilton Grand Vacations","HGV","3857868800","47.38","United States"
"3638","St. Joe Company","JOE","3854323456","66.98","United States"
"3639","Genscript Biotech","1548.HK","3853215129","1.76237","China"
"3640","Excelerate Energy","EE","3853179648","33.78","United States"
"3641","Nine Dragons Paper","2689.HK","3853082002","0.821164","China"
"3642","Greif","GEF","3848227584","67.45","United States"
"3643","Inchcape","INCH.L","3847133785","10.8371","United Kingdom"
"3644","Freenet","FNTN.F","3844922372","32.5894","Germany"
"3645","Structure Therapeutics","GPCR","3843168000","54.25","United States"
"3646","WPP","WPP","3841704448","17.81","United Kingdom"
"3647","Mouwasat Medical Services Company","4002.SR","3838464725","19.1923","Saudi Arabia"
"3648","LLB (Liechtensteinische Landesbank)","LLBN.SW","3837073847","126.338","Liechtenstein"
"3649","United States Lime &amp; Minerals","USLM","3836627200","133.82","United States"
"3650","Kadant","KAI","3835875840","324.86","United States"
"3651","Cranswick","CWK.L","3834749809","71.6504","United Kingdom"
"3652","Magnit","MGNT.ME","3834248877","37.25","Russia"
"3653","Sime Darby","4197.KL","3830538453","0.562025","Malaysia"
"3654","Cabot Corporation","CBT","3828888064","73.32","United States"
"3655","C&amp;D International Investment Group","1908.HK","3826982023","1.8224","Hong Kong"
"3656","Athabasca Oil Corporation","ATH.TO","3823090218","7.96975","Canada"
"3657","AutoStore Holdings","AUTO.OL","3821053500","1.13618","Norway"
"3658","Tomra","TOM.OL","3815885887","12.9179","Norway"
"3659","Daiwa House REIT Investment Corporation","8984.T","3813784463","830.803","Japan"
"3660","INFICON","IFCN.SW","3811491541","155.906","Switzerland"
"3661","Escorts Kubota","ESCORTS.NS","3811343287","34.6407","India"
"3662","Independence Realty Trust","IRT","3811287552","15.67","United States"
"3663","Hesai Group","HSAI","3805984256","24.22","China"
"3664","Intuitive Machines","LUNR","3805816576","23.88","United States"
"3665","Wynn Macau","1128.HK","3805604264","0.72666","Macau"
"3666","CMB.TECH","CMBT","3804125440","13.11","Belgium"
"3667","3M India","3MINDIA.NS","3797459065","337.1","India"
"3668","Bank Mega","MEGA.JK","3795793230","0.161648","Indonesia"
"3669","Legend Biotech","LEGN","3795289856","20.52","United States"
"3670","BancFirst","BANF","3792070912","112.94","United States"
"3671","Maximus","MMS","3786761984","69.42","United States"
"3672","Nahdi Medical Company","4164.SR","3784086407","29.1084","Saudi Arabia"
"3673","Travere Therapeutics","TVTX","3782543616","40.95","United States"
"3674","Digital China Group Co., Ltd.","000034.SZ","3777292084","5.21012","China"
"3675","Tikehau Capital","TKO.PA","3776454689","21.8208","France"
"3676","Hagerty","HGTY","3775657984","11.02","United States"
"3677","Signet Jewelers","SIG","3771041280","92.69","Bermuda"
"3678","Patterson-UTI Energy","PTEN","3765786880","9.92","United States"
"3679","DiaSorin","DIA.MI","3761713756","74.7432","Italy"
"3680","ERG","ERG.MI","3758731170","25.859","Italy"
"3681","The Marzetti Company","MZTI","3754312704","136.59","United States"
"3682","ALSOK","2331.T","3752898172","7.72225","Japan"
"3683","Assured Guaranty","AGO","3750075648","83.43","Bermuda"
"3684","Central Retail Corporation","CRC.BK","3744552996","0.620884","Thailand"
"3685","BRP (Bombardier Recreational Products)","DOO","3744121344","50.93","Canada"
"3686","COPT Defense Properties","CDP","3741968640","32.4","United States"
"3687","Fattal Holdings (Leonardo Hotels)","FTAL.TA","3741541478","226.846","Israel"
"3688","Marex Group","MRX","3740724736","52.03","United Kingdom"
"3689","Espressif Systems (Shanghai)","688018.SS","3732676476","22.3322","China"
"3690","NuScale Power","SMR","3730842624","11.71","United States"
"3691","Sprott Inc","SII","3730497792","144.67","Canada"
"3692","Peyto Exploration &amp; Development","PEY.TO","3730040336","18.3435","Canada"
"3693","Yamato Holdings","9064.T","3730021541","11.7786","Japan"
"3694","Nisshin Seifun Group","2002.T","3729450234","13.2022","Japan"
"3695","Scorpio Tankers","STNG","3728913664","73.96","Monaco"
"3696","Neptune Insurance Holdings","NP","3724619264","26.96","United States"
"3697","Silergy","6415.TW","3722283465","9.59191","China"
"3698","Takasago Thermal Engineering","1969.T","3720819950","28.4325","Japan"
"3699","Mr D.I.Y. Group","5296.KL","3719009559","0.392405","Malaysia"
"3700","Teleperformance","TEP.PA","3718946429","63.9745","France"
"3701","RS Group","RS1.L","3718754602","7.85034","United Kingdom"
"3702","XTB S.A.","XTB.WA","3715048619","31.6244","Poland"
"3703","Renasant Corp","RNST","3714855168","39.46","United States"
"3704","Nishi-Nippon Financial Holdings","7189.T","3714535574","26.6689","Japan"
"3705","StoneCo","STNE","3713657600","14.92","Brazil"
"3706","Energix Renewable Energies","ENRG.TA","3711662746","6.42067","Israel"
"3707","ACADIA Pharmaceuticals","ACAD","3709962752","21.76","United States"
"3708","Tohoku Electric Power","9506.T","3709174618","7.41361","Japan"
"3709","Jason Furniture (Kuka Home)","603816.SS","3707526706","4.51338","China"
"3710","nLIGHT","LASR","3705659392","66.42","United States"
"3711","BillionToOne","BLLN","3705304064","80.61","United States"
"3712","Société Foncière Lyonnaise","FLY.PA","3702190127","86.0641","France"
"3713","GitLab","GTLB","3702072320","21.76","United States"
"3714","F.I.B.I. Holdings","FIBIH.TA","3699426701","104.348","Israel"
"3715","Inter &amp; Co","INTR","3698680832","8.38","Brazil"
"3716","Cactus Inc","WHD","3697760000","53.27","United States"
"3717","Alfamart","AMRT.JK","3697281668","0.0898693","Indonesia"
"3718","Delhivery","DELHIVERY.NS","3692255816","4.92999","India"
"3719","Venture Corporation","V03.SI","3688596023","12.8176","Singapore"
"3720","Mobimo Holding","MOBN.SW","3682462283","494.726","Switzerland"
"3721","International Seaways","INSW","3681857536","74.49","United States"
"3722","Enea","ENA.WA","3680103416","6.94712","Poland"
"3723","Keisei Electric Railway Co., Ltd.","9009.T","3679863354","7.63092","Japan"
"3724","Nordic Semiconductor","NOD.OL","3676047324","18.6094","Norway"
"3725","Bath &amp; Body Works","BBWI","3672705536","17.94","United States"
"3726","Hycroft Mining","HYMC","3671970304","40.33","United States"
"3727","Fermi Inc.","FRMI","3671965952","5.83","United States"
"3728","Andersen Group","ANDG","3669199104","33.07","United States"
"3729","Valiant Holding","VATN.SW","3663999572","232.451","Switzerland"
"3730","ORION","271560.KS","3661166540","92.6203","South Korea"
"3731","Telix Pharmaceuticals","TLX.AX","3660383281","10.8047","Australia"
"3732","SAL Saudi Logistics Services","4263.SR","3655071411","45.6884","Saudi Arabia"
"3733","Coca-Cola Bottlers Japan","2579.T","3648301949","22.1967","Japan"
"3734","Koei Tecmo","3635.T","3647848288","10.9189","Japan"
"3735","Kalmar Oyj","KALMAR.HE","3647296354","56.819","Finland"
"3736","Kilroy Realty","KRC","3644131328","30.46","United States"
"3737","WSFS Financial","WSFS","3642211072","69.07","United States"
"3738","Odakyu Electric Railway","9007.T","3638938130","10.5409","Japan"
"3739","Endurance Technologies","ENDURANCE.NS","3638357574","25.8658","India"
"3740","Vend Marketplaces","VENDA.OL","3638040042","35.6446","Norway"
"3741","ScottsMiracle-Gro","SMG","3634449152","62.62","United States"
"3742","Tobu Railway","9001.T","3631609798","18.5592","Japan"
"3743","Cathay General Bancorp","CATY","3628392960","53.33","United States"
"3744","Keppel REIT","K71U.SI","3628156782","0.732208","Singapore"
"3745","Santen Pharmaceutical","4536.T","3625759681","11.2716","Japan"
"3746","Aspen Pharmacare","APN.JO","3622651300","8.15871","South Africa"
"3747","Axcelis Technologies","ACLS","3622448896","117.88","United States"
"3748","Sheng Siong Group","OV8.SI","3622324610","2.4092","Singapore"
"3749","Rotork","ROR.L","3619772771","4.4293","United Kingdom"
"3750","Cleanaway Waste Management","CWY.AX","3619711922","1.61586","Australia"
"3751","Navan","NAVN","3618481408","14.43","United States"
"3752","VEON","VEON","3617512960","52.605","Netherlands"
"3753","Garrett Motion","GTX","3615149312","19.03","Switzerland"
"3754","Tango Therapeutics","TNGX","3614308608","25.33","United States"
"3755","Hamamatsu","6965.T","3612176281","12.3739","Japan"
"3756","Kyushu Railway Company","9142.T","3611794860","23.5006","Japan"
"3757","Otter Tail","OTTR","3607164160","85.98","United States"
"3758","Aperam","APAM.AS","3606405877","49.8524","Luxembourg"
"3759","Elecnor","ENO.MC","3605238778","42.567","Spain"
"3760","SMG Swiss Marketplace Group Holding AG","SMG.SW","3603303611","36.7365","Switzerland"
"3761","Benefit Systems","BFT.WA","3598191981","1090.02","Poland"
"3762","Hirogin Holdings","7337.T","3596565237","12.04","Japan"
"3763","Whirlpool","WHR","3592457472","55.75","United States"
"3764","Granite REIT","GRP-UN","3590449408","59.19","Canada"
"3765","Bread Financial","BFH","3585021952","83.15","United States"
"3766","Secure Energy Services","SES.TO","3582469346","16.4495","Canada"
"3767","Adtalem Global Education","ATGE","3579815168","98.54","United States"
"3768","Brederode","BREB.BR","3577987731","122.092","Luxembourg"
"3769","AllianceBernstein","AB","3577864960","38.77","United States"
"3770","Ather Energy","ATHERENERG.NS","3573943751","9.33942","India"
"3771","Oceaneering International","OII","3567865600","35.77","United States"
"3772","Virbac SA","VIRP.PA","3566189181","425.67","France"
"3773","Gulfport Energy","GPOR","3563030272","191.99","United States"
"3774","LivaNova","LIVN","3562498560","65.14","United Kingdom"
"3775","Takashimaya Company","8233.T","3561124808","12.1534","Japan"
"3776","MITSUI E&amp;S","7003.T","3558266209","35.2666","Japan"
"3777","Cal-Maine Foods","CALM","3554191360","75.02","United States"
"3778","Brighthouse Financial","BHF","3550560768","62.09","United States"
"3779","Meitav Investment House","MTAV.TA","3550500909","42.2474","Israel"
"3780","Sumitomo Rubber Industries","5110.T","3549469156","13.5045","Japan"
"3781","Fastly","FSLY","3549083904","23.38","United States"
"3782","Indofood","INDF.JK","3548345693","0.40412","Indonesia"
"3783","Downer EDI Limited","DOW.AX","3547060097","5.36105","Australia"
"3784","Solaria Energía","SLR.MC","3546840610","28.3859","Spain"
"3785","JTEKT Corporation","6473.T","3546008704","11.1393","Japan"
"3786","Shikun &amp; Binui","SKBN.TA","3541122713","6.08309","Israel"
"3787","Eurazeo","RF.PA","3538810571","54.7881","France"
"3788","China Airlines","2610.TW","3538761316","0.581856","Taiwan"
"3789","DOF Group","DOFG.OL","3535759537","14.3567","Norway"
"3790","Golub Capital","GBDC","3535154432","13.43","United States"
"3791","Liquidia Corporation","LQDA","3535150848","40.12","United States"
"3792","Huhtamäki","HUH1V.HE","3533009537","33.6521","Finland"
"3793","Twist Bioscience","TWST","3532780288","57.62","United States"
"3794","TechCreate Group","TCGL","3531553280","172.84","Singapore"
"3795","Trigano","TRI.PA","3528205116","182.902","France"
"3796","Growthpoint Properties","GRT.JO","3526690100","1.04102","South Africa"
"3797","Aldrees Petroleum and Transport Services","4200.SR","3515926962","35.1593","Saudi Arabia"
"3798","Suntec REIT","T82U.SI","3513707877","1.18885","Singapore"
"3799","Kiniksa Pharmaceuticals","KNSA","3512208384","45.89","Bermuda"
"3800","Comgás","CGAS5.SA","3511006617","26.494","Brazil"
"3801","NCsoft","036570.KS","3509476970","180.963","South Korea"
"3802","Helmerich &amp; Payne","HP","3508498944","34.51","United States"
"3803","Denison Mines","DNN","3507581952","3.88","Canada"
"3804","Hiab Oyj","HIAB.HE","3507425859","54.363","Finland"
"3805","AXT Inc","AXTI","3497561344","62.93","United States"
"3806","BankUnited","BKU","3495802368","47.42","United States"
"3807","HELLENiQ ENERGY","ELPE.AT","3493386213","11.4299","Greece"
"3808","Dallah Healthcare","4004.SR","3493279952","34.5195","Saudi Arabia"
"3809","Cinemark Theatres","CNK","3492393984","29.9","United States"
"3810","Vicat S.A.","VCT.PA","3491916835","78.4036","France"
"3811","SmartCentres REIT","SRU-UN.TO","3486767876","20.4489","Canada"
"3812","Vault Minerals","VAU.AX","3484587602","3.36816","Australia"
"3813","QL Resources","7084.KL","3483912383","0.95443","Malaysia"
"3814","Quilter","QLT.L","3479399390","2.52541","United Kingdom"
"3815","Rohto Pharmaceutical","4527.T","3479232668","15.3973","Japan"
"3816","Carel Industries","CRL.MI","3473477218","30.8773","Italy"
"3817","Americold","COLD","3471467264","12.11","United States"
"3818","Palomar Holdings","PLMR","3470467584","130.03","United States"
"3819","Eutelsat","ETL.PA","3470238904","2.94604","France"
"3820","Mivne Real Estate (K.D)","MVNE.TA","3469456402","4.79294","Israel"
"3821","Central Bank of India","CENTRALBK.NS","3469426316","0.383098","India"
"3822","WillScot","WSC","3467884800","19.06","United States"
"3823","Unite Group (Unite Students)","UTG.L","3464540565","6.54353","United Kingdom"
"3824","Mainfreight","MFT.NZ","3461605501","34.3759","New Zealand"
"3825","WesBanco","WSBC","3460980480","36.01","United States"
"3826","UCT (Ultra Clean Holdings)","UCTT","3460882432","76.08","United States"
"3827","Chemours","CC","3457062400","23.03","United States"
"3828","Bank of Queensland","BOQ.AX","3454001076","5.25333","Australia"
"3829","Pennon Group","PNN.L","3451261349","7.31432","United Kingdom"
"3830","Amot Investment","AMOT.TA","3449272797","6.98553","Israel"
"3831","Boyd Group","BYD.TO","3446800849","123.852","Canada"
"3832","Procter &amp; Gamble India","PGHH.NS","3445642410","106.148","India"
"3833","First Interstate BancSystem","FIBK","3445100544","34.07","United States"
"3834","Marui Group","8252.T","3444827525","19.1671","Japan"
"3835","Aroundtown","AT1.F","3441257612","3.14559","Luxembourg"
"3836","Alm. Brand","ALMB.CO","3441077242","2.45298","Denmark"
"3837","Avient","AVNT","3440035072","37.51","United States"
"3838","Webull","BULL","3439692800","6.47","United States"
"3839","Denali Therapeutics","DNLI","3438263552","21.68","United States"
"3840","Gibson Energy","GEI.TO","3437546215","19.9317","Canada"
"3841","Steadfast Group","SDF.AX","3433921866","3.08808","Australia"
"3842","Clariant","CLN.SW","3432979590","10.4385","Switzerland"
"3843","QinetiQ","QQ.L","3432171587","6.58288","United Kingdom"
"3844","Advance Auto Parts","AAP","3431525376","56.88","United States"
"3845","Workman","7564.T","3428778920","42.0126","Japan"
"3846","Shaftesbury Capital","SHC.L","3423836860","1.87811","United Kingdom"
"3847","CarGurus","CARG","3422952192","35.86","United States"
"3848","Elmos Semiconductor","ELG.DE","3420987393","198.607","Germany"
"3849","Topaz Energy","TPZ.TO","3418440976","22.1115","Canada"
"3850","Avista","AVA","3417943040","41.41","United States"
"3851","Life360","LIF","3415659008","42.59","United States"
"3852","Peabody Energy","BTU","3415008000","28.03","United States"
"3853","Paymentus","PAY","3414435584","27.16","United States"
"3854","Jungheinrich","JUN3.F","3413248448","33.4632","Germany"
"3855","Chugin Financial Group","5832.T","3411799464","19.1923","Japan"
"3856","Box, Inc.","BOX","3410254336","23.81","United States"
"3857","XL Axiata","EXCL.JK","3409288214","0.187325","Indonesia"
"3858","Aluminium Bahrain (Alba)","ALBH.BH","3407849460","0","Bahrain"
"3859","Exponent","EXPO","3406798592","68.29","United States"
"3860","TAG Immobilien","TEG.F","3402866982","18.0068","Germany"
"3861","Cohen &amp; Steers","CNS","3402790656","66.21","United States"
"3862","Multiplan Empreendimentos Imobiliários","MULT3.SA","3401542375","6.93615","Brazil"
"3863","Turk Altin Isletmeleri A.S.","TRALT.IS","3397340064","1.06084","Turkey"
"3864","Softcat","SCT.L","3396272717","17.302","United Kingdom"
"3865","Blackstone Mortgage Trust","BXMT","3395021568","20.12","United States"
"3866","Hangzhou EZVIZ Network","688475.SS","3392574502","4.30803","China"
"3867","Materion","MTRN","3388953856","162.92","United States"
"3868","Apex Investment","APEX.AE","3385838226","0.95","United Arab Emirates"
"3869","Linamar","LNR.TO","3384160117","56.5823","Canada"
"3870","First Capital REIT","FCR-UN.TO","3380189263","15.9104","Canada"
"3871","Catena AB","CATE.ST","3378848135","50.8892","Sweden"
"3872","Loomis AB","LOOMIS.ST","3377816001","50.4737","Sweden"
"3873","Freshpet","FRPT","3374643200","68.79","United States"
"3874","monday.com","MNDY","3373012224","65.43","Israel"
"3875","Kemira","KEMIRA.HE","3368572533","22.8717","Finland"
"3876","Banque Cantonale de Genève","BCGE.SW","3363108143","46.9766","Switzerland"
"3877","Stella-Jones","SJ.TO","3361582643","61.2229","Canada"
"3878","Persol Holdings","2181.T","3361167802","1.50666","Japan"
"3879","Genworth Financial","GNW","3360587776","8.67","United States"
"3880","Milaha - Qatar Navigation","QNNS.QA","3358553644","2.95604","Qatar"
"3881","Korn Ferry","KFY","3357700864","64.33","United States"
"3882","Ebro Foods","EBRO.MC","3357459551","21.8208","Spain"
"3883","Yamaha","7951.T","3355706330","7.58368","Japan"
"3884","Primary Health Properties","PHP.L","3349097717","1.29052","United Kingdom"
"3885","Herc Holdings","HRI","3348705536","100.35","United States"
"3886","Nicolet Bankshares","NIC","3348185600","156.7","United States"
"3887","Seabridge Gold","SA","3348098816","31.11","Canada"
"3888","Seiko Group","8050.T","3346675429","40.9418","Japan"
"3889","Brookdale Senior Living","BKD","3346146304","14.07","United States"
"3890","SoundHound AI","SOUN","3345748736","7.85","United States"
"3891","Zealand Pharma","ZEAL.CO","3345122651","47.3695","Denmark"
"3892","H.B. Fuller","FUL","3344975104","61.39","United States"
"3893","Tofaş Türk Otomobil Fabrikası","TOASO.IS","3340260532","6.68052","Turkey"
"3894","Globe Telecom, Inc.","GTMEY","3340112384","23.12","Philippines"
"3895","Kamigumi","9364.T","3339993946","33.7108","Japan"
"3896","Centuri Holdings","CTRI","3337953280","33.1","United States"
"3897","Mechanics Bancorp","MCHB","3334111232","15.06","United States"
"3898","United Bank (Pakistan)","UBL.PK","3331299150","1.33026","Pakistan"
"3899","New Hope Corporation","NHC.AX","3331211160","3.94987","Australia"
"3900","INFRONEER Holdings","5076.T","3330781622","13.1864","Japan"
"3901","Y.H. Dimri Construction &amp; Development","DIMRI.TA","3330180559","151.208","Israel"
"3902","IAC Inc.","IAC","3325500672","43.24","United States"
"3903","Solvay","SOLB.VI","3323458313","31.8101","Belgium"
"3904","BBVA Argentina","BBAR","3322930944","16.27","Argentina"
"3905","Elang Mahkota Teknologi","EMTK.JK","3320479163","0.0542717","Indonesia"
"3906","NOS","NOS.LS","3320124782","6.48837","Portugal"
"3907","Almirall","ALM.MC","3314879336","15.4446","Spain"
"3908","RingCentral","RNG","3314556672","38.71","United States"
"3909","Alliance Resource Partners","ARLP","3309104128","25.72","United States"
"3910","Shurgard Self Storage","SHUR.BR","3308515760","32.7666","Luxembourg"
"3911","SYNLAB","SYAB.VI","3307393271","15.049","Germany"
"3912","Vidrala","VID.MC","3306701785","94.6983","Spain"
"3913","Empresas CMPC","CMPC.SN","3306139566","1.32246","Chile"
"3914","Şişecam","SISE.IS","3300226119","1.07737","Turkey"
"3915","Patrick Industries","PATK","3298877952","99.26","United States"
"3916","Old Mutual","OMU.JO","3298848700","0.822049","South Africa"
"3917","Enerjisa Enerji","ENJSA.IS","3298560154","2.79286","Turkey"
"3918","NCR Atleos Corporation","NATL","3297436928","44.71","United States"
"3919","Dyne Therapeutics","DYN","3297241856","19.98","United States"
"3920","Thai Oil","TOP.BK","3292263137","1.47382","Thailand"
"3921","GoTo","GOTO.JK","3284695405","0.0030929","Indonesia"
"3922","NH Hotel Group","NHH.MC","3280482487","7.53012","Spain"
"3923","BioArctic AB","BIOA-B.ST","3279948642","37.0024","Sweden"
"3924","ENAV","ENAV.MI","3279338894","6.06919","Italy"
"3925","Impinj","PI","3278928640","108.46","United States"
"3926","ACM Research","ACMR","3272576768","49.79","United States"
"3927","OPENLANE Corporate","OPLN","3271828992","30.78","United States"
"3928","Upstart","UPST","3271324416","33.36","United States"
"3929","Becle","CUERVO.MX","3269005328","0.910288","Mexico"
"3930","TowneBank","TOWN","3266593280","35.4","United States"
"3931","CCC Intelligent Solutions","CCC","3266338304","5.38","United States"
"3932","Hinge Health","HNGE","3266311680","41.47","United States"
"3933","Altarea","ALTA.PA","3265857255","139.804","France"
"3934","BB Biotech","BION.SW","3264877267","59.2008","Switzerland"
"3935","NHK Spring","5991.T","3261038010","16.0964","Japan"
"3936","Sega Sammy Holdings","6460.T","3257421108","15.709","Japan"
"3937","Dätwyler","DAE.SW","3255337725","191.49","Switzerland"
"3938","Community Financial System","CBU","3255175680","61.74","United States"
"3939","Cushman &amp; Wakefield","CWK","3254251520","13.89","United States"
"3940","First Hawaiian Bank","FHB","3247581184","26.43","United States"
"3941","TechnoPro Holdings","6028.T","3246446499","31.1589","Japan"
"3942","Técnicas Reunidas","TRE.MC","3245973953","41.5633","Spain"
"3943","Lisi S.A.","FII.PA","3244276959","70.9647","France"
"3944","AT&amp;S Austria Technologie &amp; Systemtechnik","ATS.VI","3243234097","83.4809","Austria"
"3945","Tegna","TGNA","3243011584","20.03","United States"
"3946","Kadokawa","9468.T","3239049505","22.1023","Japan"
"3947","10x Genomics","TXG","3238519808","25.35","United States"
"3948","Soitec","SOI.PA","3237587225","90.7073","France"
"3949","American Eagle Outfitters","AEO","3236822016","19.42","United States"
"3950","Baytex Energy","BTE","3236165632","4.21","Canada"
"3951","Standex International","SXI","3235823104","267.01","United States"
"3952","Toyo Seikan Group Holdings","5901.T","3235466246","21.5165","Japan"
"3953","CRISIL","CRISIL.NS","3234523748","44.193","India"
"3954","Vishay Intertechnology","VSH","3233860352","23.76","United States"
"3955","PotlatchDeltic","PCH","3230610432","41.73","United States"
"3956","KB Home","KBH","3228281856","51.57","United States"
"3957","Calix","CALX","3222648320","49.12","United States"
"3958","Dorman Products","DORM","3221157632","106.72","United States"
"3959","Kinetik","KNTK","3219254272","46.79","United States"
"3960","Walliser Kantonalbank","WKBN.SW","3219069310","204.803","Switzerland"
"3961","ZIM Integrated Shipping Services","ZIM","3217870592","26.7","Israel"
"3962","Port of Tauranga","POT.NZ","3217646119","4.73009","New Zealand"
"3963","Indah Kiat Pulp &amp; Paper","INKP.JK","3216629018","0.587943","Indonesia"
"3964","Wienerberger","WIB.F","3215839769","29.4486","Austria"
"3965","JOYY","JOYY","3215216128","63.07","China"
"3966","Wilh. Wilhelmsen Holding","WWI.OL","3215213216","76.6333","Norway"
"3967","Fortuna Mining","FSM","3213922560","10.44","Canada"
"3968","Van Lanschot Kempen","VLK.AS","3210916855","75.5697","Netherlands"
"3969","Saudi International Petrochemical Company (Sipchem)","2310.SR","3209738261","4.37692","Saudi Arabia"
"3970","Workiva","WK","3209452288","56.47","United States"
"3971","Groupe Lagardère","MMB.PA","3209006150","22.6473","France"
"3972","Atlanta Braves Holdings","BATRA","3207709184","50.01","United States"
"3973","Jubilant FoodWorks","JUBLFOOD.NS","3207446740","4.87691","India"
"3974","Exxaro Resources","EXX.JO","3205809400","13.2727","South Africa"
"3975","Meezan Bank","MEBL.PK","3200411728","1.77746","Pakistan"
"3976","Dubai Financial Market (DFM)","DFM.AE","3200046752","0.400218","United Arab Emirates"
"3977","Golden Agri-Resources","E5H.SI","3195054974","0.251943","Singapore"
"3978","Tootsie Roll Industries","TR","3189727488","42.43","United States"
"3979","Salzgitter","SZG.F","3189419988","58.968","Germany"
"3980","Hayward Holdings, Inc.","HAYW","3186573056","14.64","United States"
"3981","Asker Healthcare Group AB","ASKER.ST","3183123047","8.31023","Sweden"
"3982","Valeo","FR.PA","3182579114","13.1007","France"
"3983","CVR Energy","CVI","3180788224","31.64","United States"
"3984","Catalyst Pharmaceuticals","CPRX","3177285120","25.85","United States"
"3985","COSMOS Pharmaceutical","3349.T","3176540933","40.0789","Japan"
"3986","Groupe SEB","SK.PA","3172006305","57.9289","France"
"3987","Sharjah Islamic Bank","SIB.AE","3171369232","0.98","United Arab Emirates"
"3988","Dialog Group","7277.KL","3171331591","0.562025","Malaysia"
"3989","National Beverage","FIZZ","3171319296","33.87","United States"
"3990","SJVN","SJVN.NS","3171106322","0.806939","India"
"3991","Kyndryl","KD","3170307840","13.82","United States"
"3992","K+S","SDF.F","3170042399","17.6998","Germany"
"3993","PagSeguro","PAGS","3169749248","11.34","Brazil"
"3994","Air France-KLM","AF.PA","3169638856","12.0675","France"
"3995","Hexaware Technologies","HEXT.NS","3168692622","5.20018","India"
"3996","Premium Brands","PBH.TO","3167380783","60.9242","Canada"
"3997","Toyoda Gosei","7282.T","3163198812","26.9775","Japan"
"3998","Metro Brands","METROBRAND.NS","3161587841","11.576","India"
"3999","Force Motors","FORCEMOT.NS","3161336634","239.927","India"
"4000","Olin Corporation","OLN","3160671488","27.76","United States"
"4001","SL Green Realty","SLG","3160094720","41.63","United States"
"4002","Seacoast Banking","SBCF","3159169280","32.25","United States"
"4003","ICU Medical","ICUI","3154289152","126.21","United States"
"4004","Bank für Tirol und Vorarlberg","BTS.VI","3153223601","85.0159","Austria"
"4005","Viscofan","VIS.MC","3149339014","69.4297","Spain"
"4006","Jollibee","JBFCF","3149152000","2.81","Philippines"
"4007","Taesa (Transmissora Aliança de Energia Elétrica)","TAEE11.SA","3146181220","9.13263","Brazil"
"4008","Nagase &amp; Co.","8012.T","3144247645","7.70965","Japan"
"4009","SES S.A.","SESG.PA","3139748309","7.43889","Luxembourg"
"4010","Brembo","BRE.MI","3138308253","9.86539","Italy"
"4011","Global Health Limited (Medanta)","MEDANTA.NS","3136515574","11.6731","India"
"4012","EQB (Equitable Bank)","EQB.TO","3132263003","85.5401","Canada"
"4013","Arcadis","ARCAD.AS","3131002171","36.6277","Netherlands"
"4014","Q2","QTWO","3127083008","50.11","United States"
"4015","Vaudoise Assurances","VAHN.SW","3126946468","1072.65","Switzerland"
"4016","Bank of Hawaii","BOH","3125206528","78.67","United States"
"4017","Beam Therapeutics","BEAM","3124949760","30.68","United States"
"4018","LIC Housing Finance","LICHSGFIN.NS","3122877993","5.67731","India"
"4019","Columbia Sportswear","COLM","3122322432","57.94","United States"
"4020","Bridgepoint Group plc","BPT.L","3121909706","3.56624","United Kingdom"
"4021","TORM","TRMD","3121332992","30.28","United Kingdom"
"4022","Cellebrite","CLBT","3120492288","12.51","Israel"
"4023","Vera Therapeutics","VERA","3115969280","43.45","United States"
"4024","FS KKR Capital","FSK","3114338816","11.12","United States"
"4025","Rinnai Corporation","5947.T","3110078001","22.5243","Japan"
"4026","M/I Homes","MHO","3104236032","120.47","United States"
"4027","Park National Corp","PRK","3100915456","171.64","United States"
"4028","Ero Copper","ERO","3099096320","29.72","Canada"
"4029","Euronet Worldwide","EEFT","3098272512","73.69","United States"
"4030","Hamilton Insurance Group","HG","3096732160","31.14","Bermuda"
"4031","Gland Pharma","GLAND.NS","3096182539","18.7925","India"
"4032","Greencoat UK Wind","UKW.L","3094567550","1.43369","United Kingdom"
"4033","Lionsgate Studios","LION","3093395968","10.66","United States"
"4034","eToro","ETOR","3091188480","36.93","Israel"
"4035","Wesdome Gold Mines","WDO.TO","3090923000","20.0118","Canada"
"4036","Ermenegildo Zegna","ZGN","3084764928","11.5","Italy"
"4037","Astra Industrial Group Company","1212.SR","3083566663","38.5446","Saudi Arabia"
"4038","Haw Par","H02.SI","3083151295","13.9277","Singapore"
"4039","OQ Gas Network Company","OQGN.OM","3082054503","0.711688","Oman"
"4040","Bellway","BWY.L","3081149028","26.5839","United Kingdom"
"4041","Mitie Group PLC","MTO.L","3077991545","2.44263","United Kingdom"
"4042","Nickel Industries Limited","NIC.AX","3077662409","0.708823","Australia"
"4043","Par Pacific Holdings","PARR","3077081600","62.2","United States"
"4044","Vesta Real Estate","VTMX","3076115712","36.33","Mexico"
"4045","Hawkins","HWKN","3074070784","147.07","United States"
"4046","Alumis","ALMS","3073135872","24.16","United States"
"4047","Lojas Renner","LREN3.SA","3073105527","3.12638","Brazil"
"4048","Global Power Synergy","GPSC.BK","3072611954","1.08968","Thailand"
"4049","Commercial Bank of Kuwait","CBK.KW","3071740171","1556.67","Kuwait"
"4050","Chesapeake Utilities","CPK","3071582720","128.04","United States"
"4051","Megacable Holdings","MEGACPO.MX","3071304282","3.54368","Mexico"
"4052","Comet Holding","COTN.SW","3071250312","395.269","Switzerland"
"4053","NetLink Trust","CJLU.SI","3068166952","0.787321","Singapore"
"4054","Al Rajhi Company for Cooperative Insurance","8230.SR","3068106077","30.6811","Saudi Arabia"
"4055","Peab","PEAB-B.ST","3065832345","10.8744","Sweden"
"4056","The Cheesecake Factory","CAKE","3064838400","61.47","United States"
"4057","Bitdeer Technologies Group","BTDR","3064118784","12.61","Singapore"
"4058","Leroy Seafood","LSG.OL","3062949812","5.1437","Norway"
"4059","Tarsus Pharmaceuticals","TARS","3055628032","71.8","United States"
"4060","Global Business Travel Group","GBTG","3054918144","5.83","United States"
"4061","CT REIT","CRT-UN.TO","3054835818","12.8215","Canada"
"4062","Qualys","QLYS","3054052096","85.17","United States"
"4063","Invincible Investment Corporation","8963.T","3053533891","399.34","Japan"
"4064","Nichirei Corporation","2871.T","3051395824","12.1755","Japan"
"4065","Manchester United","MANU","3050363904","17.69","United Kingdom"
"4066","Dave Inc.","DAVE","3049707520","230","United States"
"4067","Financière Moncey Société anonyme","FMONC.PA","3048815258","163.538","France"
"4068","Arcutis Biotherapeutics","ARQT","3048740608","24.58","United States"
"4069","Wihlborgs Fastigheter AB","WIHL.ST","3047258850","9.91214","Sweden"
"4070","DigitalBridge Group","DBRG","3047145984","15.59","United States"
"4071","Power Integrations","POWI","3045504512","54.87","United States"
"4072","New India Assurance","NIACL.NS","3044345253","1.8473","India"
"4073","First Financial Bank","FFBC","3042409472","29.09","United States"
"4074","SWI Capital Holding","SWICH.AS","3040212400","7.06105","Singapore"
"4075","Webuild S.p.A.","WBD.MI","3039808858","3.05821","Italy"
"4076","Tata Elxsi","TATAELXSI.NS","3032877190","48.6844","India"
"4077","Toho Gas","9533.T","3030270059","8.27339","Japan"
"4078","SpareBank 1","SPOL.OL","3029697793","22.3132","Norway"
"4079","Synaptics","SYNA","3027969024","77.66","United States"
"4080","The Shiga Bank","8366.T","3027802995","13.1707","Japan"
"4081","Integer Holdings","ITGR","3025782272","87.94","United States"
"4082","Japan Airport Terminal","9706.T","3024481035","32.5834","Japan"
"4083","Star Health and Allied Insurance Company","STARHEALTH.NS","3022262531","5.13585","India"
"4084","First Pacific Company","0142.HK","3020907983","0.708781","Hong Kong"
"4085","Medical Properties Trust","MPW","3019530240","5.02","United States"
"4086","Indian Telephone Industries","ITI.NS","3015254368","3.12654","India"
"4087","Grupa Kety","KTY.WA","3012731526","306.097","Poland"
"4088","Interparfums","IPAR","3011700992","93.905","United States"
"4089","Bel Fuse","BELFB","3011630592","236.04","United States"
"4090","Hangzhou Shunwang Technology","300113.SZ","3010999440","4.40484","China"
"4091","Ventia Services Group","VNT.AX","3010553619","3.6662","Australia"
"4092","Jet2","JET2.L","3009013272","16.5149","United Kingdom"
"4093","Exide Industries","EXIDEIND.NS","3008357229","3.53827","India"
"4094","Veradermics","MANE","3005893120","80.5","United States"
"4095","CDSL","CDSL.NS","3002361274","14.3654","India"
"4096","Bandhan Bank","BANDHANBNK.NS","3001519817","1.86317","India"
"4097","Apollo Tyres","APOLLOTYRE.NS","2998680293","4.73484","India"
"4098","HUGO BOSS","BOSS.DE","2997301492","43.429","Germany"
"4099","Urban Edge Properties","UE","2996798208","21.42","United States"
"4100","Internet Initiative Japan Inc.","3774.T","2995084116","16.8964","Japan"
"4101","Acadia Realty Trust","AKR","2994526208","21.13","United States"
"4102","Asmodee Group AB","ASMDEE-B.ST","2992267734","12.8043","Sweden"
"4103","ATS Corporation","ATS","2988988416","30.83","Canada"
"4104","Verbio","VBK.F","2988285419","46.9005","Germany"
"4105","Omantel (Oman Telecom)","OTEL.OM","2984415658","3.97922","Oman"
"4106","Viva Energy","VEA.AX","2984364200","1.81694","Australia"
"4107","Diebold Nixdorf","DBD","2983377152","84.82","United States"
"4108","Simmons First National","SFNC","2980958464","20.55","United States"
"4109","Adeia","ADEA","2980144384","26.92","United States"
"4110","Estun Automation","002747.SZ","2979697709","3.07884","China"
"4111","BIPROGY","8056.T","2976411586","30.8197","Japan"
"4112","REN (Redes Energéticas Nacionais)","RENE.LS","2976239907","4.48695","Portugal"
"4113","Arcus Biosciences","RCUS","2970782464","23.7","United States"
"4114","Meliá Hotels International","MEL.MC","2969833710","13.4845","Spain"
"4115","VGP NV","VGP.BR","2964695573","108.631","Belgium"
"4116","Hudson Pacific Properties","HPP","2964691712","6.69","United States"
"4117","Rathbones Group","RAT.L","2959656973","28.7009","United Kingdom"
"4118","Atlanta Braves Holdings, Inc.","BATRK","2958401536","45.21","United States"
"4119","Cementir","CEM.MI","2956514394","19.0105","Italy"
"4120","Titan America","TTAM","2955330304","16.03","United States"
"4121","Apple Hospitality REIT","APLE","2952931584","12.51","United States"
"4122","NMI Holdings","NMIH","2951059200","38.75","United States"
"4123","American States Water","AWR","2950976000","75.28","United States"
"4124","Vodafone Qatar","VFQS.QA","2948448689","0.697527","Qatar"
"4125","International Petroleum","IPCO.TO","2945829598","26.1093","Canada"
"4126","Privia Health Group","PRVA","2944649728","23.44","United States"
"4127","Momentum Metropolitan","MTM.JO","2944407900","2.28571","South Africa"
"4128","Keio Corporation","9008.T","2944071445","5.07678","Japan"
"4129","Bakkafrost","BAKKA.OL","2943755943","49.6464","Denmark"
"4130","LXP Industrial Trust","LXP","2934947072","49.68","United States"
"4131","Kinaxis","KXS.TO","2934147170","106.113","Canada"
"4132","Sumitomo Bakelite Company","4203.T","2932238911","33.4211","Japan"
"4133","LCI Industries","LCII","2929679104","120.64","United States"
"4134","Sasa Polyester","SASA.IS","2927111420","0.0668052","Turkey"
"4135","Vector Limited","VCT.NZ","2926742455","2.92674","New Zealand"
"4136","African Rainbow Minerals","ARI.JO","2924644700","14.5669","South Africa"
"4137","AJ Bell","AJB.L","2921253725","7.38217","United Kingdom"
"4138","Isrotel","ISRO.TA","2920369724","51.606","Israel"
"4139","YETI Holdings","YETI","2920260864","38.58","United States"
"4140","Carmila","CARM.PA","2916635343","20.9706","France"
"4141","Endeavour Silver","EXK","2916188416","9.86","Canada"
"4142","Provident Financial Services","PFS","2915834112","22.31","United States"
"4143","Unibel S.A.","UNBL.PA","2915692559","1370.66","France"
"4144","Frasers Logistics &amp; Industrial Trust","BUOU.SI","2913964914","0.767638","Singapore"
"4145","HEXPOL AB","HPOL-B.ST","2911312019","8.45238","Sweden"
"4146","Jamjoom Pharmaceuticals Factory Company","4015.SR","2910835614","41.5834","Saudi Arabia"
"4147","SIA Engineering Company","S59.SI","2909814511","2.59816","Singapore"
"4148","LEW (Lechwerke)","LEC.F","2908728936","82.064","Germany"
"4149","BKV Corporation","BKV","2903069696","26.54","United States"
"4150","Kennametal","KMT","2902412032","38.09","United States"
"4151","Dermapharm","DMP.F","2902109028","53.9025","Germany"
"4152","Dream Industrial REIT","DIR-UN.TO","2900505499","9.95126","Canada"
"4153","Karur Vysya Bank","KARURVYSYA.NS","2900395792","3.00056","India"
"4154","Haemonetics","HAE","2899859200","61.95","United States"
"4155","Warby Parker","WRBY","2897114368","23.66","United States"
"4156","Guoco","0053.HK","2895354455","8.7991","Hong Kong"
"4157","Black Stone Minerals","BSM","2894109696","13.63","United States"
"4158","Zain Saudi Arabia","7030.SR","2893948552","3.22005","Saudi Arabia"
"4159","Honeywell Automation India","HONAUT.NS","2893277835","327.022","India"
"4160","TISCO Financial Group","TISCO.BK","2887280859","3.60615","Thailand"
"4161","Concentra Group","CON","2886563840","22.44","United States"
"4162","KWS","KWS.F","2883457211","87.3775","Germany"
"4163","Hang Lung Group","0010.HK","2883093681","2.1174","Hong Kong"
"4164","CIMC Enric","3899.HK","2882465708","1.3652","China"
"4165","ACC","ACC.NS","2881662386","15.3454","India"
"4166","Outokumpu","OUT1V.HE","2880363386","6.11052","Finland"
"4167","Hercules Capital","HTGC","2880344576","15.68","United States"
"4168","Timken India","TIMKEN.NS","2880161641","38.2905","India"
"4169","CleanSpark","CLSK","2879777792","11.26","United States"
"4170","Sopra Steria Group","SOP.PA","2879413626","148.66","France"
"4171","Stadler Rail","SRAIL.SW","2877362520","28.7748","Switzerland"
"4172","Paramount Resources","POU.TO","2876376385","19.8442","Canada"
"4173","Taiba Investments","4090.SR","2875689334","11.0409","Saudi Arabia"
"4174","Supernus Pharmaceuticals","SUPN","2875630592","49.94","United States"
"4175","dormakaba","DOKA.SW","2874525430","69.1209","Switzerland"
"4176","Madison Square Garden Entertainment","MSGE","2874204416","60.8","United States"
"4177","Western Union","WU","2871246080","9.16","United States"
"4178","Seadrill","SDRL","2870801152","45.97","Bermuda"
"4179","Piramal Enterprises","PEL.NS","2868636868","12.7318","India"
"4180","Banc of California","BANC","2868624896","18.57","United States"
"4181","CorVel Corporation","CRVL","2867779328","55.96","United States"
"4182","Olam","VC2.SI","2866641810","0.759765","Singapore"
"4183","Curbline Properties","CURB","2866422272","27.16","United States"
"4184","The Hyakugo Bank","8368.T","2865940478","11.8101","Japan"
"4185","Graphic Packaging","GPK","2862771968","9.68","United States"
"4186","Meshek Energy - Renewable Energies","MSKE.TA","2862277343","3.92727","Israel"
"4187","United Natural Foods","UNFI","2861967360","46.97","United States"
"4188","Breville Group","BRG.AX","2861509569","19.7565","Australia"
"4189","İsdemir","ISDMR.IS","2861318425","0.986662","Turkey"
"4190","NOK Corporation","7240.T","2861183027","18.0585","Japan"
"4191","MGE Energy","MGEE","2857862144","77.76","United States"
"4192","Green Brick Partners","GRBK","2856127744","65.56","United States"
"4193","Südzucker","SZU.F","2853842039","13.9804","Germany"
"4194","Sundrug","9989.T","2853798555","24.395","Japan"
"4195","ZF Commercial Vehicle Control Systems India","ZFCVINDIA.NS","2849225347","150.216","India"
"4196","(DIA) Distribuidora Internacional de Alimentación","DIA.MC","2848229325","49.0613","Spain"
"4197","Mari Petroleum Company","MARI.PK","2846141762","2.37056","Pakistan"
"4198","Rasan Information Technology Company","8313.SR","2844919109","36.7053","Saudi Arabia"
"4199","DHT Holdings","DHT","2843995136","17.66","Bermuda"
"4200","Inter Cars","CAR.WA","2843781867","200.717","Poland"
"4201","The Vita Coco Company","COCO","2842121472","49.79","United States"
"4202","Prime Focus","PFOCUS.NS","2840511784","3.6605","India"
"4203","Enerflex","EFXT","2840417280","23.32","Canada"
"4204","Ambu","AMBU-B.CO","2839738856","10.7091","Denmark"
"4205","The Metals Company","TMC","2839200768","5.12","Canada"
"4206","Sunrun","RUN","2837358080","12.1","United States"
"4207","National Bank of Bahrain","NBB.BH","2836349653","2.39989","Bahrain"
"4208","McGrath RentCorp","MGRC","2834032128","115.15","United States"
"4209","Amber Enterprises India","AMBER.NS","2832396200","80.4848","India"
"4210","West African Resources","WAF.AX","2830748203","2.47765","Australia"
"4211","Boise Cascade","BCC","2829421056","78.91","United States"
"4212","New World Development Company","0017.HK","2828236412","1.12383","Hong Kong"
"4213","IDEAYA Biosciences","IDYA","2825855232","32.18","United States"
"4214","Robert Half","RHI","2825084160","27.59","United States"
"4215","Coface","COFA.PA","2824557259","18.8924","France"
"4216","CA Immo","BZY.F","2822833060","30.5231","Austria"
"4217","Natura Cosméticos S.A.","NATU3.SA","2822829074","2.05419","Brazil"
"4218","Trump Media &amp; Technology Group","DJT","2822659584","10.2","United States"
"4219","The Navigator Company","NVG.LS","2819875563","3.96505","Portugal"
"4220","National Storage REIT","NSR.AX","2813262361","2.00366","Australia"
"4221","Lion Corp","4912.T","2809873351","10.1567","Japan"
"4222","Ansell","ANN.AX","2807817500","19.7206","Australia"
"4223","Sankyu","9065.T","2806275232","55.7438","Japan"
"4224","FB Financial","FBK","2805777408","54.21","United States"
"4225","Gav-Yam Lands","GVYM.TA","2805415206","12.721","Israel"
"4226","Star Bulk Carriers","SBLK","2805201152","24.64","Greece"
"4227","Mainova","MNV6.F","2803685505","420.357","Germany"
"4228","Steve Madden","SHOO","2803288064","38.38","United States"
"4229","Corem Property Group AB","CORE-PREF.ST","2802245922","26.5162","Sweden"
"4230","Fluence Energy","FLNC","2797655552","15.21","United States"
"4231","Azelis Group","AZE.BR","2794835988","11.4772","Belgium"
"4232","Citizen Watch","7762.T","2792477592","11.4448","Japan"
"4233","Clas Ohlson AB","CLAS-B.ST","2789897034","43.8912","Sweden"
"4234","Mitsubishi Motors","7211.T","2788621683","2.08362","Japan"
"4235","BIC","BB.PA","2785204475","68.4851","France"
"4236","4DMedical Limited","4DX.AX","2780795615","4.7183","Australia"
"4237","Colbún","COLBUN.SN","2778147883","0.158424","Chile"
"4238","LG Household &amp; Health Care","051905.KS","2777750299","76.1876","South Korea"
"4239","Tiger Brands","TBS.JO","2777425300","18.3371","South Africa"
"4240","KOBAYASHI Pharmaceutical","4967.T","2777133419","37.3578","Japan"
"4241","Calumet, Inc.","CLMT","2776849664","32","United States"
"4242","Sims Limited","SGM.AX","2775439001","14.3632","Australia"
"4243","Dynex Capital","DX","2775160064","13.41","United States"
"4244","IHS Towers","IHS","2771405312","8.26","United Kingdom"
"4245","Fauji Fertilizer Company","FFC.PK","2771109861","1.92569","Pakistan"
"4246","Thule Group AB","THULE.ST","2771022117","25.6961","Sweden"
"4247","OYAK Çimento","OYAKC.IS","2769896252","0.569743","Turkey"
"4248","Relay Therapeutics","RLAY","2768462848","15.49","United States"
"4249","Prestige Consumer Healthcare","PBH","2768196608","57.57","United States"
"4250","Chicony Electronics","2385.TW","2767020747","3.97945","Taiwan"
"4251","KCC Corp","002380.KS","2766528169","376.185","South Korea"
"4252","Société Industrielle et Financière de l'Artois","ARTO.PA","2766040900","10390.8","France"
"4253","Helios Towers","HTWS.L","2766025340","2.70046","United Kingdom"
"4254","Harmonic Drive Systems","6324.T","2760782029","29.1632","Japan"
"4255","Toyota Boshoku Corporation","3116.T","2759876566","15.4477","Japan"
"4256","CVB Financial","CVBF","2758104064","20.31","United States"
"4257","Österreichische Post","POST.VI","2755866796","40.7958","Austria"
"4258","CapitaLand Ascott Trust","HMN.SI","2755768476","0.716462","Singapore"
"4259","El Al Israel Airlines","ELAL.TA","2755044838","4.66927","Israel"
"4260","Boralex","BLX.TO","2753986528","26.8014","Canada"
"4261","Veidekke","VEI.OL","2753108706","20.4","Norway"
"4262","Vietnam Airlines","HVN.VN","2750449851","0.883963","Vietnam"
"4263","Four Corners Property Trust","FCPT","2750210560","25.06","United States"
"4264","ZhongAn Insurance","6060.HK","2747650036","1.63083","China"
"4265","RLX Technology","RLX","2746660096","2.16","China"
"4266","Taseko Mines","TGB","2745905152","7.51","Canada"
"4267","Netmarble","251270.KS","2741509606","35.174","South Korea"
"4268","Northern Oil and Gas","NOG","2736460288","25.87","United States"
"4269","Höegh Autoliners","HAUTO.OL","2734759249","14.3354","Norway"
"4270","Verallia","VRLA.PA","2733901398","23.2023","France"
"4271","Sendas Distribuidora (Assaí Atacadista)","ASAI3.SA","2732008946","2.03615","Brazil"
"4272","Melexis NV","MELE.BR","2731622517","69.3706","Belgium"
"4273","Compagnie Financière Tradition","CFT.SW","2731498158","358.405","Switzerland"
"4274","TODA corp","1860.T","2730373765","9.11112","Japan"
"4275","CCC S.A.","CCC.WA","2728148251","35.4186","Poland"
"4276","Varonis Systems","VRNS","2728143616","23.14","United States"
"4277","Silvercorp Metals","SVM","2727414272","12.35","Canada"
"4278","Signify","LIGHT.AS","2726304222","22.9307","Netherlands"
"4279","Astronics Corporation","ATRO","2721809152","76.26","United States"
"4280","Nifco Inc.","7988.T","2721576299","29.2324","Japan"
"4281","Acer","2353.TW","2721477571","0.905286","Taiwan"
"4282","Santam","SNT.JO","2720516300","24.9049","South Africa"
"4283","Redefine Properties","RDF.JO","2719833900","0.391452","South Africa"
"4284","Ebos Group","EBO.NZ","2719220956","13.262","New Zealand"
"4285","Soleno Therapeutics","SLNO","2718822912","52.57","United States"
"4286","Fabege AB","FABG.ST","2717401508","8.63827","Sweden"
"4287","Netcompany Group","NETC.CO","2715795823","60.0214","Denmark"
"4288","WeRide","WRD","2715577600","8.1","China"
"4289","Buckle","BKE","2715003392","52.7","United States"
"4290","Kansai Paint","4613.T","2714846312","15.4193","Japan"
"4291","Polaris","PII","2714349312","47.88","United States"
"4292","RXO","RXO","2712793600","16.47","United States"
"4293","Anritsu Corporation","6754.T","2711224664","21.1827","Japan"
"4294","Lucid Motors","LCID","2710488064","8.21","United States"
"4295","WD-40 Company","WDFC","2709514240","201.37","United States"
"4296","Ninety One Group","N91.L","2708530071","2.99629","South Africa"
"4297","Veracyte","VCYT","2704764928","34.04","United States"
"4298","Metaplanet Inc.","3350.T","2704593954","2.12267","Japan"
"4299","Photronics","PLAB","2704198656","45.86","United States"
"4300","DRDGOLD","DRD","2704135936","30.75","South Africa"
"4301","Pinnacle Investment Management Group","PNI.AX","2701696402","11.8065","Australia"
"4302","Harley-Davidson","HOG","2700723200","22.86","United States"
"4303","Alony Hetz","ALHE.TA","2699553956","11.9322","Israel"
"4304","Proximus","PROX.VI","2698905662","8.354","Belgium"
"4305","Carl Zeiss Meditec","AFXA.F","2697612815","30.7002","Germany"
"4306","Genting Malaysia Berhad","4715.KL","2697557906","0.475949","Malaysia"
"4307","Pattern Group","PTRN","2695727872","13.57","United States"
"4308","Röko AB","ROKO-B.ST","2692825106","184.137","Sweden"
"4309","SHB (Saigon - Hanoi Commercial Joint Stock Bank)","SHB.VN","2689446345","0.576002","Vietnam"
"4310","Disc Medicine","IRON","2678073344","70.18","United States"
"4311","Maple Leaf Foods","MFI.TO","2676053941","21.4979","Canada"
"4312","California Water Service Group","CWT","2673841408","44.68","United States"
"4313","Trinity Industries","TRN","2673832448","33.49","United States"
"4314","Worthington Enterprises","WOR","2665606144","53.8","United States"
"4315","SiriusPoint","SPNT","2662682112","22.76","Bermuda"
"4316","Hufvudstaden AB","HUFV-A.ST","2662189812","13.701","Sweden"
"4317","Rockpoint Gas Storage","RGSI.TO","2658663083","19.9899","Canada"
"4318","Derwent London","DLN.L","2657663988","23.6664","United Kingdom"
"4319","Celldex Therapeutics","CLDX","2657544960","33.87","United States"
"4320","Beacon Financial Corporation","BBT","2654451712","31.59","United States"
"4321","SWCC Corporation","5805.T","2654312753","89.631","Japan"
"4322","Artisan Partners","APAM","2651250944","37.59","United States"
"4323","Aktor","AKTR.AT","2649305926","12.9885","Greece"
"4324","KRUK Spólka Akcyjna","KRU.WA","2647449767","135.82","Poland"
"4325","TGS ASA","TGS.OL","2646711194","13.4721","Norway"
"4326","Immunome","IMNM","2646185472","23.39","United States"
"4327","Investis Holding","IREN.SW","2645504157","207.363","Switzerland"
"4328","Samsonite International","1SO.F","2644003651","1.90636","Luxembourg"
"4329","Uniti","UNIT","2641758976","11.05","United States"
"4330","OSB Group Plc","OSB.L","2641634090","7.51787","United Kingdom"
"4331","Crane NXT","CXT","2636933888","45.83","United States"
"4332","China Railway Materials","000927.SZ","2635797735","0.435644","China"
"4333","NBCC India","NBCC.NS","2634400584","0.975704","India"
"4334","Basic-Fit","BFIT.AS","2633864008","40.2881","Netherlands"
"4335","Exail Technologies","EXA.PA","2633230431","155.154","France"
"4336","AMP Limited","AMP.AX","2630922223","1.03918","Australia"
"4337","HUTCHMED","HCM","2630817536","15.3","Hong Kong"
"4338","Chefs' Warehouse","CHEF","2629749248","64.49","United States"
"4339","OPmobility","OPM.PA","2629040543","18.3729","France"
"4340","Enliven Therapeutics","ELVN","2628228096","43.95","United States"
"4341","Zai Lab","ZLAB","2625806336","23.25","China"
"4342","LeMaitre Vascular","LMAT","2623155712","114.81","United States"
"4343","Sun TV Network","SUNTV.NS","2622061727","6.65355","India"
"4344","Under Armour","UA","2619223552","6.15","United States"
"4345","Ingevity","NGVT","2619010560","74.21","United States"
"4346","Burgan Bank","BURG.KW","2618765664","668.072","Kuwait"
"4347","Hawaiian Electric Industries","HE","2615200256","15.15","United States"
"4348","Ahli Bank","ABQK.QA","2614224100","1.02473","Qatar"
"4349","Shawbrook Group PLC","SHAW.L","2612854582","5.02774","United Kingdom"
"4350","PHINIA","PHIN","2612733696","68.91","United States"
"4351","Migros Ticaret A.S.","MGROS.IS","2612272922","14.6681","Turkey"
"4352","Delek Logistics Partners","DKL","2611937536","48.81","United States"
"4353","SCHOTT Pharma","1SXP.DE","2610724860","17.3338","Germany"
"4354","TAV Airports Holding","TAVHL.IS","2609534933","7.18324","Turkey"
"4355","Anima Holding","ANIM.MI","2607409767","8.01748","Italy"
"4356","Al Ahli Bank of Kuwait","ABK.KW","2606321000","1002.11","Kuwait"
"4357","Taiheiyo Cement","5233.T","2604456112","23.362","Japan"
"4358","Highwoods Properties","HIW","2603187200","23.18","United States"
"4359","EMEIS","EMEIS.PA","2602989543","16.1766","France"
"4360","Trustmark","TRMK","2602725888","44.21","United States"
"4361","ALSO Holding","ALSN.SW","2601060349","204.291","Switzerland"
"4362","Customers Bancorp","CUBI","2599441152","75.98","United States"
"4363","Kodiak Sciences","KOD","2596373760","41.98","United States"
"4364","Japan Display","6740.T","2590807078","0.667666","Japan"
"4365","Teekay Tankers","TNK","2588935424","74.73","Canada"
"4366","MFE-Mediaforeurope","MFEA.MI","2587155267","3.31326","Italy"
"4367","HNI Corporation","HNI","2585265408","35.91","United States"
"4368","Braze","BRZE","2579823616","22.74","United States"
"4369","Husqvarna","HUSQ-A.ST","2578957758","4.51049","Sweden"
"4370","ID Logistics Group","IDL.PA","2577402843","394.97","France"
"4371","LOTTE Chemical","011170.KS","2576963823","61.1131","South Korea"
"4372","Veeco","VECO","2576325376","42.66","United States"
"4373","Philip Morris ČR","TABAK.PR","2574549021","937.773","Czech Republic"
"4374","Dr Lal PathLabs","LALPATHLAB.NS","2573904192","15.4151","India"
"4375","Turpaz Industries","TRPZ.TA","2572955156","23.6305","Israel"
"4376","Vivendi","VIV.PA","2571297716","2.58118","France"
"4377","First Merchants Corporation","FRME","2568674304","40.52","United States"
"4378","Bank of Bahrain and Kuwait","BBK.BH","2567601852","1.25166","Bahrain"
"4379","Emaar The Economic City","4220.SR","2565356865","2.9055","Saudi Arabia"
"4380","Morinaga Milk Industry","2264.T","2565262766","30.7","Japan"
"4381","Callaway Golf Company","CALY","2564433152","13.93","United States"
"4382","Boardwalk Real Estate Investment Trust","BEI-UN.TO","2562962359","48.4013","Canada"
"4383","FIGS","FIGS","2560544000","15.39","United States"
"4384","Home Product Center","HMPRO.BK","2559609844","0.197554","Thailand"
"4385","National Mobile Telecommunications Company","OOREDOO.KW","2558226250","5104.59","Kuwait"
"4386","Saudi Industrial Investment Group","2250.SR","2556768257","3.76383","Saudi Arabia"
"4387","Schneider Electric Infrastructure","SCHNEIDER.NS","2554833677","10.685","India"
"4388","Boston Beer Company","SAM","2554245120","244.51","United States"
"4389","Aya Gold &amp; Silver","AYA.TO","2549964394","17.8336","Canada"
"4390","Mabuchi Motor","6592.T","2549752443","10.3803","Japan"
"4391","Immofinanz","IMO1.F","2548016799","18.4674","Austria"
"4392","Ashland","ASH","2547592192","55.67","United States"
"4393","StubHub Holdings","STUB","2547010304","7.14","United States"
"4394","Cadeler A/S","CDLR","2544512768","26.25","Denmark"
"4395","Visteon","VC","2542502400","93.18","United States"
"4396","Ramco Cements","RAMCOCEM.NS","2542145941","10.7585","India"
"4397","Dexerials Corporation","4980.T","2540122372","15.1642","Japan"
"4398","ADMA Biologics","ADMA","2536395008","10.65","United States"
"4399","SmartStop Self Storage REIT","SMA","2536034048","31.8","United States"
"4400","AWL Agri Business","AWL.NS","2533842390","1.95848","India"
"4401","Barwa Real Estate Company","BRES.QA","2529310028","0.65","Qatar"
"4402","Vincom Retail Joint Stock Company","VRE.VN","2527006127","1.11208","Vietnam"
"4403","The Bancorp, Inc.","TBBK","2525300736","59.85","United States"
"4404","ComfortDelGro","C52.SI","2524788410","1.16523","Singapore"
"4405","Teradata","TDC","2521125888","26.67","United States"
"4406","CASIO","6952.T","2520054391","11.1488","Japan"
"4407","Qatar Aluminium Manufacturing Company","QAMC.QA","2518718943","0.451374","Qatar"
"4408","Kardex Holding","KARN.SW","2518028122","326.404","Switzerland"
"4409","TietoEVRY","TIETO.HE","2515498843","21.6436","Finland"
"4410","SSI Securities Corporation","SSI.VN","2508540792","1.10068","Vietnam"
"4411","Mineralys Therapeutics","MLYS","2508188416","30.42","United States"
"4412","Amprius Technologies","AMPX","2507447808","18.3","United States"
"4413","LifeStance Health Group","LFST","2507229952","6.55","United States"
"4414","HeartFlow","HTFL","2506699008","29.23","United States"
"4415","Ambarella","AMBA","2502096640","57.14","United States"
"4416","Hill &amp; Smith PLC","HILS.L","2499267525","31.7542","United Kingdom"
"4417","Indraprastha Gas","IGL.NS","2494105753","1.77986","India"
"4418","Hysan Development","0014.HK","2491990240","2.42646","Hong Kong"
"4419","Chorus","CNU.NZ","2491010273","5.74115","New Zealand"
"4420","Babcock &amp; Wilcox","BW","2490862336","18.35","United States"
"4421","Efes Beverage Group","AEFES.IS","2489761152","0.420493","Turkey"
"4422","OneSpaWorld","OSW","2489677312","24.42","Bahamas"
"4423","DroneShield","DRO.AX","2489317791","2.69669","Australia"
"4424","Bangkok Expressway and Metro (BEM)","BEM.BK","2489267818","0.166196","Thailand"
"4425","Mr Price Group","MRP.JO","2488125600","9.65418","South Africa"
"4426","National Healthcare","NHC","2483368192","159.2","United States"
"4427","WaFd Bank","WAFD","2482602496","32.48","United States"
"4428","Alpha Metallurgical Resources","AMR","2476024320","193.55","United States"
"4429","Ultragenyx Pharmaceutical","RARE","2475627776","25.18","United States"
"4430","InvenTrust Properties","IVT","2474720768","31.85","United States"
"4431","Resorttrust","4681.T","2474301129","11.6653","Japan"
"4432","North Pacific Bank","8524.T","2471228496","6.56328","Japan"
"4433","Kojamo","KOJAMO.HE","2471199114","10.2905","Finland"
"4434","Sharp Corporation","6753.T","2469400232","3.80318","Japan"
"4435","Adeka Corporation","4401.T","2469309004","25.1446","Japan"
"4436","Fuyo General Lease","8424.T","2467073312","27.3554","Japan"
"4437","Knowles","KN","2459833088","28.76","United States"
"4438","Construcciones y Auxiliar de Ferrocarriles","CAF.MC","2458876866","71.7912","Spain"
"4439","Sekisui House Reit","3309.T","2458838278","571.295","Japan"
"4440","Ardagh Metal Packaging","AMBP","2456545280","4.11","Luxembourg"
"4441","Acadia Healthcare","ACHC","2453755392","26.61","United States"
"4442","Delek US","DK","2447360512","40.92","United States"
"4443","Tradegate Exchange","T2G.F","2446795232","100.366","Germany"
"4444","Talos Energy","TALO","2442738688","14.37","United States"
"4445","Bavarian Nordic","BAVA.CO","2441711526","31.6533","Denmark"
"4446","Rémy Cointreau","RCO.PA","2441167856","46.6171","France"
"4447","Aker Solutions ASA","AKSO.OL","2441159866","5.02646","Norway"
"4448","Sinfonia Technology","6507.T","2440166366","86.4817","Japan"
"4449","Amplifon","AMP.MI","2439929420","11.0922","Italy"
"4450","Restoration Hardware","RH","2439454464","129.52","United States"
"4451","Atrium Therapeutics","RNA","2438628096","15.47","United States"
"4452","H2O America","HTO","2435898112","58.22","United States"
"4453","ArcBest","ARCB","2435467264","108.19","United States"
"4454","Sino-American Silicon Products","5483.TWO","2434329755","3.9636","Taiwan"
"4455","Doosan Fuel Cell","336260.KS","2433428649","30.8621","South Korea"
"4456","MSI (Micro-Star International)","2377.TW","2432474301","2.87916","Taiwan"
"4457","Ternium Argentina","TXAR.BA","2431513776","0.538292","Argentina"
"4458","Tekscend Photomask","429A.T","2429714835","24.4706","Japan"
"4459","Kokuyo","7984.T","2429219482","5.64619","Japan"
"4460","Mayora","MYOR.JK","2428728914","0.109419","Indonesia"
"4461","QNB Finans Finansal Kiralama (QNB Finansleasing)","QNBFK.IS","2428583148","0.971915","Turkey"
"4462","Versigent","VGNT","2425237760","34.21","Switzerland"
"4463","BlackBerry","BB","2424595712","4.11","Canada"
"4464","VNET Group","VNET","2423923200","9.01","China"
"4465","Ceconomy","CEC.DE","2420662465","4.98878","Germany"
"4466","Melco Resorts &amp; Entertainment","MLCO","2420412416","5.95","Hong Kong"
"4467","WisdomTree","WT","2420229376","17.09","United States"
"4468","Daido Steel","5471.T","2418836887","12.103","Japan"
"4469","First Bancorp","FBNC","2417294592","58.28","United States"
"4470","Electra","ELTR.TA","2416527766","31.5418","Israel"
"4471","Fairfax India Holdings","FIH-U.TO","2415938304","18","Canada"
"4472","Sezzle","SEZL","2413258496","70.66","United States"
"4473","Kumho Petrochemical","011780.KS","2408431269","92.6882","South Korea"
"4474","Dentsply Sirona","XRAY","2406979328","12.05","United States"
"4475","Offcn Education","002607.SZ","2406348741","0.390172","China"
"4476","Tuas Limited","TUA.AX","2406334593","4.38795","Australia"
"4477","Bayer Crop Science","BAYERCROP.NS","2405714962","53.4975","India"
"4478","The Andersons, Inc.","ANDE","2405195520","70.63","United States"
"4479","MVV Energie","MVV1.F","2404675840","36.486","Germany"
"4480","Doha Bank","DHBK.QA","2404565452","0.775549","Qatar"
"4481","MBC Group Co.","4072.SR","2403678684","7.22911","Saudi Arabia"
"4482","Gujarat Gas","GUJGASLTD.NS","2403600955","3.49163","India"
"4483","Eos Energy Enterprises","EOSE","2403194624","7.08","United States"
"4484","Hub Group","HUBG","2402868480","39.25","United States"
"4485","Genus","GNS.L","2400898327","36.1509","United Kingdom"
"4486","Organon","OGN","2397507072","9.21","United States"
"4487","Telesat","TSAT","2397039616","46.99","Canada"
"4488","Grindr","GRND","2395811328","12.94","United States"
"4489","Grafton Group","GFTU.L","2395624333","12.4031","Ireland"
"4490","Per Aarsleff Holding A/S B","PAAL-B.CO","2395462067","127.94","Denmark"
"4491","Marriott Vacations Worldwide","VAC","2391526656","69.71","United States"
"4492","Aktieselskabet Schouw & Co.","SCHO.CO","2390665292","105.511","Denmark"
"4493","Ströer","SAX.F","2389825180","42.7914","Germany"
"4494","KIOCL","KIOCL.NS","2388883005","3.93069","India"
"4495","Nektar Therapeutics","NKTR","2387412480","83.22","United States"
"4496","Iluka Resources","ILU.AX","2385979794","5.53341","Australia"
"4497","Burkhalter Holding","BRKN.SW","2385657468","224.771","Switzerland"
"4498","Hornbach Baumarkt","HBM.HM","2384853599","74.9793","Germany"
"4499","Xometry","XMTR","2383923456","46","United States"
"4500","NCC","NCC-B.ST","2382428057","24.3621","Sweden"
"4501","Acadian Asset Management","AAMI","2382338048","66.69","United States"
"4502","Elekta AB","EKTA-B.ST","2381400178","6.23268","Sweden"
"4503","DXP Enterprises","DXPE","2379332352","151.75","United States"
"4504","Itaú CorpBanca","ITCLY","2378989568","3.1","Chile"
"4505","Hammerson Plc","HMSO.L","2375024613","4.48087","United Kingdom"
"4506","Spark New Zealand","SPK.NZ","2374789938","1.25643","New Zealand"
"4507","Optima bank","OPTIMA.AT","2374205069","10.7274","Greece"
"4508","Mitsui Fudosan Logistics Park","3471.T","2372764328","736.952","Japan"
"4509","Juroku Financial Group","7380.T","2371648959","13.3911","Japan"
"4510","Meidensha Corporation","6508.T","2371647720","52.2795","Japan"
"4511","Central Puerto","CEPU","2370575616","15.4","Argentina"
"4512","Metcash","MTS.AX","2369333588","2.15448","Australia"
"4513","Flynas Company","4264.SR","2368200215","13.8611","Saudi Arabia"
"4514","Navitas Semiconductor","NVTS","2367933952","10.26","Ireland"
"4515","BioCryst Pharmaceuticals","BCRX","2367557888","9.44","United States"
"4516","Formosa Sumco Technology","3532.TW","2367403270","6.10394","Taiwan"
"4517","Brightstar Lottery","BRSL","2365656576","12.82","United Kingdom"
"4518","B&M European Value Retail","BME.L","2364920945","2.35307","Luxembourg"
"4519","Huntsman Corporation","HUN","2364786944","13.59","United States"
"4520","Geo Group","GEO","2364765184","17.6","United States"
"4521","NV Bekaert","BEKB.BR","2363875594","48.3528","Belgium"
"4522","DO &amp; CO Aktiengesellschaft","DOC.VI","2362954399","215.138","Austria"
"4523","Big Yellow Group","BYG.L","2359773230","12.0435","United Kingdom"
"4524","Aozora Bank","8304.T","2356005717","17.0255","Japan"
"4525","Capri Holdings","CPRI","2355830016","19.77","United Kingdom"
"4526","DMG Mori","6141.T","2350001215","16.8712","Japan"
"4527","VusionGroup","VU.PA","2348617613","140.04","France"
"4528","Freshworks","FRSH","2346956800","8.26","United States"
"4529","Krungthai Card","KTC.BK","2344675033","0.909376","Thailand"
"4530","NBT Bancorp","NBTB","2343456000","44.89","United States"
"4531","nib holdings limited","NHF.AX","2341950073","4.79012","Australia"
"4532","National Energy Services Reunited","NESR","2341514496","23.23","United States"
"4533","GN Store Nord","GN.CO","2340213185","16.0715","Denmark"
"4534","NETSCOUT","NTCT","2339939584","32.4","United States"
"4535","Central Garden &amp; Pet","CENT","2339387648","37.57","United States"
"4536","Bufab AB","BUFAB.ST","2339202021","12.3341","Sweden"
"4537","HBL","HBLENGINE.NS","2335765614","8.42644","India"
"4538","Pearl Abyss","263750.KQ","2335528902","38.0259","South Korea"
"4539","Bravida Holding","BRAV.ST","2332965322","11.4047","Sweden"
"4540","Calbee, Inc.","2229.T","2332778830","19.186","Japan"
"4541","Seino Holdings","9076.T","2332000094","15.6209","Japan"
"4542","Kitron ASA","KIT.OL","2330998733","10.6583","Norway"
"4543","Aecon Group","ARE.TO","2330808739","34.0426","Canada"
"4544","Partner Communications","PTNR.TA","2330065325","12.4336","Israel"
"4545","Extreme Networks","EXTR","2329576448","17.35","United States"
"4546","Insight Enterprises","NSIT","2329077248","75.14","United States"
"4547","ABM Industries","ABM","2328113408","39.73","United States"
"4548","Ivanhoe Electric","IE","2326706688","14.78","Canada"
"4549","Asahi India Glass","ASAHIINDIA.NS","2323881215","9.11586","India"
"4550","Tower Bersama Infrastructure","TBIG.JK","2321980010","0.102708","Indonesia"
"4551","Antin Infrastructure Partners","ANTIN.PA","2320520789","12.9885","France"
"4552","Genting Berhad","3182.KL","2320094141","0.602532","Malaysia"
"4553","iFAST Corporation","AIY.SI","2319683062","7.61339","Singapore"
"4554","CECO Environmental","CECO","2318540032","64.69","United States"
"4555","Zhongsheng Group","0881.HK","2318522715","0.979522","China"
"4556","Bet Shemesh Engines","BSEN.TA","2318434048","243.123","Israel"
"4557","Kangwon Land","035250.KS","2317481537","11.564","South Korea"
"4558","Dunelm Group","DNLM.L","2316608918","11.5075","United Kingdom"
"4559","Grupo Aeromexico","AERO","2311109888","15.84","Mexico"
"4560","Stanley Electric","6923.T","2310152145","18.7954","Japan"
"4561","Insignia Financial (IOOF)","IFL.AX","2309692914","3.44357","Australia"
"4562","NextNav","NN","2308398336","16.97","United States"
"4563","AUB Group","AUB.AX","2307987350","17.6667","Australia"
"4564","Nayax","NYAX","2305857280","61.69","Israel"
"4565","KSB SE &amp; Co. KGaA","KSB.DE","2305738141","1316.57","Germany"
"4566","Aehr Test Systems","AEHR","2303007232","73.22","United States"
"4567","ALTEN","ATE.PA","2302487585","65.8283","France"
"4568","Bank of N. T. Butterfield & Son","NTB","2301085696","55.85","Bermuda"
"4569","Mister Car Wash","MCW","2299353600","7","United States"
"4570","Forvia SE","FRVIA.PA","2296547804","12.3923","France"
"4571","Sanki Engineering","1961.T","2296323959","45.099","Japan"
"4572","Sumitomo Chemical
 India","SUMICHEM.NS","2295944129","4.59975","India"
"4573","Treasury Wine Estates","TWE.AX","2293378004","2.84032","Australia"
"4574","First Busey","BUSE","2292787968","26.59","United States"
"4575","CSG International","CSGS","2291052544","80.33","United States"
"4576","Lucky Cement","LUCK.PK","2290728208","1.56364","Pakistan"
"4577","Tecan","TECN.SW","2290645598","180.994","Switzerland"
"4578","Siltronic","WAF.F","2288345769","76.2782","Germany"
"4579","Slide Insurance","SLDE","2286233856","18.39","United States"
"4580","Alarm.com","ALRM","2284489216","45.8","United States"
"4581","Atkore","ATKR","2284231424","67.68","United States"
"4582","Park Hotels &amp; Resorts","PK","2283858176","11.34","United States"
"4583","SolarEdge","SEDG","2283656960","37.83","Israel"
"4584","Sarepta Therapeutics","SRPT","2281427712","21.73","United States"
"4585","Verra Mobility","VRRM","2275558912","14.98","United States"
"4586","Hilltop Holdings","HTH","2275288576","37.1","United States"
"4587","Toei Company","9605.T","2274954026","36.4067","Japan"
"4588","Topsports International","6110.HK","2272887834","0.366523","Hong Kong"
"4589","Yamada Holdings","9831.T","2272529480","3.42021","Japan"
"4590","Shibaura Mechatronics","6590.T","2269823203","34.5801","Japan"
"4591","Kayne Anderson Capital Advisors","KYN","2266288640","13.4","United States"
"4592","Premier Foods","PFD.L","2263759899","2.62718","United Kingdom"
"4593","Cosmo Pharmaceuticals","C43.F","2261426472","132.011","Ireland"
"4594","NW Natural","NWN","2260657664","54.39","United States"
"4595","Tenable","TENB","2259186944","18.93","United States"
"4596","Weibo","WB","2258557696","9.16","China"
"4597","Dah Sing Banking Group","2356.HK","2258438440","1.60657","Hong Kong"
"4598","G2 Goldfields","GTWO.TO","2251827863","8.7201","Canada"
"4599","Quaker Houghton","KWR","2251826176","129.9","United States"
"4600","Compañía Cervecerías Unidas","CCU","2251294208","12.16","Chile"
"4601","Aksa Energy","AKSEN.IS","2250903991","1.83547","Turkey"
"4602","Crombie Real Estate Investment Trust","CRR-UN.TO","2247459587","12.0202","Canada"
"4603","Greggs","GRG.L","2244803015","22.0176","United Kingdom"
"4604","Universal Robina Corporation","UVRBF","2243945472","1.05","Philippines"
"4605","Alleima AB","ALLEI.ST","2242985540","8.9663","Sweden"
"4606","Hatsun Agro Products","HATSUN.NS","2242146897","10.0658","India"
"4607","Burckhardt Compression","BCHN.SW","2240877086","661.769","Switzerland"
"4608","DIC Corporation","4631.T","2239349510","23.6518","Japan"
"4609","VIB (Vietnam International Commercial Joint Stock Bank)","VIB.VN","2238966582","0.657745","Vietnam"
"4610","Kaiser Aluminum","KALU","2237527552","138.03","United States"
"4611","Adaptive Biotechnologies","ADPT","2237352192","14.53","United States"
"4612","Ichor Systems","ICHR","2235127296","64.33","United States"
"4613","GOL Airlines","GOLL54.SA","2234758186","1.85711","Brazil"
"4614","Helios Technologies","HLIO","2234185728","67.44","United States"
"4615","AlzChem Group","ACT.DE","2234172401","220.687","Germany"
"4616","Sabeco Brewery (Saigon Beer)","SAB.VN","2233341858","1.74131","Vietnam"
"4617","Foran Mining","FOM.TO","2233166413","3.96302","Canada"
"4618","DNOW Inc.","DNOW","2232426752","11.98","United States"
"4619","Gelsenwasser","WWG.F","2232406488","649.427","Germany"
"4620","Phibro Animal Health","PAHC","2229814784","55.01","United States"
"4621","Asset World Corp","AWC.BK","2229505375","0.0696143","Thailand"
"4622","Metrovacesa","MVC.MC","2226875389","14.6889","Spain"
"4623","Deepak Nitrite","DEEPAKNTR.NS","2226663906","16.3253","India"
"4624","5N Plus","VNP.TO","2225632196","24.747","Canada"
"4625","National Central Cooling Company","TABREED.AE","2223230931","0.781378","United Arab Emirates"
"4626","Benchmark Electronics","BHE","2222797568","62.3","United States"
"4627","Netstreit","NTST","2222080768","20.18","United States"
"4628","Shinsegae","004170.KS","2220675807","253.28","South Korea"
"4629","alpataru Projects International","KPIL.NS","2219204448","12.9951","India"
"4630","Cenomi Centers (Arabian Centres Company)","4321.SR","2218203113","4.67013","Saudi Arabia"
"4631","Day One Biopharmaceuticals","DAWN","2217801216","21.47","United States"
"4632","Al Masane Al Kobra Mining Company","1322.SR","2215645228","24.6568","Saudi Arabia"
"4633","Minerals Technologies","MTX","2214384896","71.32","United States"
"4634","Etablissements Maurel &amp; Prom","MAU.PA","2213467052","11.0934","France"
"4635","Meitetsu","9048.T","2212524917","11.2842","Japan"
"4636","The Chugoku Electric Power","9504.T","2212396538","6.15261","Japan"
"4637","Sonic Automotive","SAH","2212313856","65.89","United States"
"4638","Definium Therapeutics","DFTX","2208313600","22.15","United States"
"4639","Baldwin Insurance Group","BWIN","2208142080","22.83","United States"
"4640","AEON Financial Service","8570.T","2207631450","10.226","Japan"
"4641","Dai-Dan","1980.T","2203601962","17.0318","Japan"
"4642","Resolute Mining","RSG.AX","2202731995","1.03056","Australia"
"4643","Perdoceo Education","PRDO","2202073344","35.12","United States"
"4644","Zeon Corporation","4205.T","2200759049","11.5015","Japan"
"4645","DXC Technology","DXC","2199311872","12.63","United States"
"4646","Nippon Shinyaku","4516.T","2198272585","32.6149","Japan"
"4647","Mitchells &amp; Butlers plc","MAB.L","2194857879","3.69787","United Kingdom"
"4648","MARAFIQ (The Power and Water Utility Company for Jubail and Yanbu)","2083.SR","2188457979","8.75383","Saudi Arabia"
"4649","Huron Consulting","HURN","2184147456","131.76","United States"
"4650","Imerys","NK.PA","2182205821","25.859","France"
"4651","Autohome","ATHM","2180093184","18.35","China"
"4652","FMC Corporation","FMC","2178284544","17.42","United States"
"4653","Coats Group","COA.L","2170647498","1.13311","United Kingdom"
"4654","Pakistan Petroleum","PPL.PK","2167186341","0.796476","Pakistan"
"4655","Türkiye Kalkınma","KLNMA.IS","2165024969","0.216502","Turkey"
"4656","Scatec ASA","SCATC.OL","2160313839","13.5147","Norway"
"4657","Banner Bank","BANR","2160099072","63.35","United States"
"4658","Ocado","OCDO.L","2159709211","2.59801","United Kingdom"
"4659","AF Gruppen","AFG.OL","2157454779","18.9931","Norway"
"4660","ARMOUR Residential REIT","ARR","2155796480","17.56","United States"
"4661","Veridis Environment","VRDS.TA","2154798545","14.0379","Israel"
"4662","Pathward Financial","CASH","2154150400","96.43","United States"
"4663","Merchants Bancorp","MBIN","2153782272","46.86","United States"
"4664","Becamex (Investment and Industrial Development Corporation)","BCM.VN","2152478955","2.07969","Vietnam"
"4665","EverCommerce","EVCM","2152408576","12","United States"
"4666","V2X","VVX","2152323328","68.83","United States"
"4667","Korea Gas","036460.KS","2151246668","24.6489","South Korea"
"4668","Saudi Kayan Petrochemical Company","2350.SR","2151139641","1.43409","Saudi Arabia"
"4669","AQ Group","AQ.ST","2150547357","23.4436","Sweden"
"4670","Globant","GLOB","2147177856","48.74","Luxembourg"
"4671","Syndax Pharmaceuticals","SNDX","2145920384","24.33","United States"
"4672","Dr. Soliman Abdel Kader Fakeeh","4017.SR","2145808371","9.3296","Saudi Arabia"
"4673","Savola Group","2050.SR","2144978854","7.19179","Saudi Arabia"
"4674","H&amp;R REIT","HR-UN.TO","2143888022","7.6565","Canada"
"4675","Bausch Health","BHC","2143680896","5.74","Canada"
"4676","Activia Properties","3279.T","2141892353","901.349","Japan"
"4677","Zhejiang Jinke Tom Culture Industry","300459.SZ","2140170929","0.608728","China"
"4678","IIFL Finance","IIFL.NS","2139452913","5.03131","India"
"4679","PENN Entertainment","PENN","2138075904","16.01","United States"
"4680","Mach Natural Resources LP","MNR","2136378368","12.7","United States"
"4681","ePlus","PLUS","2135996800","80.79","United States"
"4682","Jenoptik","JEN.F","2135700212","37.3126","Germany"
"4683","Aurinia Pharmaceuticals","AUPH","2134184064","16.05","Canada"
"4684","Austevoll Seafood","AUSS.OL","2133894926","10.573","Norway"
"4685","Enterprise Financial Services Corp","EFSC","2130518144","57.83","United States"
"4686","KPIT Technologies","KPITTECH.NS","2129734168","7.8126","India"
"4687","Blue Bird Corporation","BLBD","2129662336","62.1","United States"
"4688","SMA Solar Technology","S92.F","2128545421","61.3414","Germany"
"4689","AddLife AB","ALIF-B.ST","2126709729","17.4515","Sweden"
"4690","DAIHEN Corporation","6622.T","2123867909","89.883","Japan"
"4691","Altius Minerals","ALS.TO","2123486200","37.9765","Canada"
"4692","Keihan Holdings","9045.T","2122761621","21.0378","Japan"
"4693","Gujarat Mineral Development","GMDCLTD.NS","2121795659","6.67231","India"
"4694","Jungfraubahn Holding AG","JFN.SW","2121079511","363.525","Switzerland"
"4695","American Axle &amp; Manufacturing","AXL","2121012480","9","United States"
"4696","Diamondrock Hospitality Company","DRH","2120544768","10.3","United States"
"4697","RBL Bank","RBLBANK.NS","2119582574","3.42783","India"
"4698","Celulosa Argentina","CELU.BA","2118439714","0.209867","Argentina"
"4699","Ducommun","DCO","2118404992","141.35","United States"
"4700","Danaos","DAC","2116154112","116.25","Greece"
"4701","Genesis Energy  L.P.","GEL","2113734144","17.26","United States"
"4702","EIH Limited","EIHOTEL.NS","2112463036","3.37797","India"
"4703","Quantum Computing","QUBT","2110659584","9.4","United States"
"4704","Godawari Power &amp; Ispat","GPIL.NS","2110449336","3.25253","India"
"4705","Stock Yards Bancorp","SYBT","2110359552","71.51","United States"
"4706","Piramal Pharma","PPLPHARMA.NS","2108193387","1.59222","India"
"4707","Arabian Drilling Company","2381.SR","2106677458","23.6705","Saudi Arabia"
"4708","AvePoint","AVPT","2105597568","9.75","United States"
"4709","Nankai Electric Railway","9044.T","2104444093","19.4442","Japan"
"4710","Pegasus Airlines","PGSUS.IS","2103582116","4.20716","Turkey"
"4711","First National Financial","FN.TO","2103105189","35.0708","Canada"
"4712","Semapa","SEM.LS","2103066484","26.3313","Portugal"
"4713","Kosé","4922.T","2102792298","36.8098","Japan"
"4714","Stoke Therapeutics","STOK","2102219264","35.54","United States"
"4715","Driven Brands","DRVN","2101724928","12.78","United States"
"4716","Rogers Corporation","ROG","2101025280","117.8","United States"
"4717","MIRAIT ONE Corporation","1417.T","2098089129","23.6644","Japan"
"4718","Israel Canada (T.R) Ltd","ISCN.TA","2097726947","6.14994","Israel"
"4719","Gestamp Automoción","GEST.MC","2096229993","3.68402","Spain"
"4720","Natco Pharma","NATCOPHARM.NS","2096138237","11.7031","India"
"4721","Yellow Cake plc","YCA.L","2094890312","8.29137","Jersey"
"4722","Jetblue Airways","JBLU","2094877312","5.66","United States"
"4723","Headwater Exploration","HWX.TO","2094102399","8.80752","Canada"
"4724","Robertet","CBE.PA","2087650411","848.979","France"
"4725","SPS Commerce","SPSC","2087575552","55.36","United States"
"4726","Banco Latinoamericano de Comercio Exterior","BLX","2086380928","56.04","Panama"
"4727","Atrium Ljungberg","ATRLJ-B.ST","2085596557","3.30769","Sweden"
"4728","Graubündner Kantonalbank","GRKP.SW","2084365117","2816.04","Switzerland"
"4729","Hansol Chemical","014680.KS","2084068399","191.148","South Korea"
"4730","Grand City Properties","GYC.DE","2083810562","11.8314","Luxembourg"
"4731","MITSUI-SOKO HOLDINGS Co., Ltd.","9302.T","2080180268","26.8641","Japan"
"4732","Fuso Chemical","4368.T","2079116498","19.6521","Japan"
"4733","Costamare","CMRE","2078950144","17.24","Monaco"
"4734","Skyward Specialty Insurance Group","SKWD","2077933952","46.65","United States"
"4735","Hacksaw AB","HACK.ST","2077577752","7.18398","Sweden"
"4736","MM Group (Mayr-Melnhof AG)","MYM.F","2076400648","106.86","Austria"
"4737","Gimv NV","GIMB.BR","2076155197","56.4411","Belgium"
"4738","nCino","NCNO","2073504256","18.08","United States"
"4739","Nippon Shokubai","4114.T","2072163808","14.0241","Japan"
"4740","Socionext","6526.T","2069658148","11.8101","Japan"
"4741","Select Water Solutions","WTTR","2069588224","14.99","United States"
"4742","Tate &amp; Lyle","TATE.L","2068436273","4.68306","United Kingdom"
"4743","Peloton","PTON","2067876992","4.86","United States"
"4744","John Wiley &amp; Sons","WLY","2067803520","40.29","United States"
"4745","Atul","ATUL.NS","2067514282","70.2239","India"
"4746","GFH Financial Group","GFH.AE","2066032017","0.54","Bahrain"
"4747","Energean","ENOG.L","2065459089","11.1818","United Kingdom"
"4748","First Advantage","FA","2063938432","11.84","United States"
"4749","Entra","ENTRA.OL","2063145299","11.3831","Norway"
"4750","Qatar Insurance Company","QATI.QA","2062847941","0.631593","Qatar"
"4751","Oxford Instruments","OXIG.L","2061927286","37.2365","United Kingdom"
"4752","Mesoblast","MESO","2061296512","15.75","Australia"
"4753","Neuland Laboratories","NEULANDLAB.NS","2060958996","160.637","India"
"4754","Zymeworks","ZYME","2060416384","27.73","Canada"
"4755","OEM International","OEM-B.ST","2060161573","14.8491","Sweden"
"4756","Douglas Emmett","DEI","2060066304","10.15","United States"
"4757","Monadelphous Group","MND.AX","2057999747","20.5609","Australia"
"4758","Patria Investments","PAX","2057144192","12.9","Cayman Islands"
"4759","Super Retail Group","SUL.AX","2054811076","9.09907","Australia"
"4760","Maruichi Steel Tube","5463.T","2054681775","9.29064","Japan"
"4761","Alamo Group","ALG","2053460224","168.75","United States"
"4762","Batelco (Bahrain Telecommunication Company)","BEYON.BH","2050883105","1.41342","Bahrain"
"4763","Neogen","NEOG","2050480000","9.42","United States"
"4764","Arion banki","ARION.IC","2049477063","1.50107","Iceland"
"4765","Hertz","HTZ","2049085952","6.56","United States"
"4766","Tecnoglass","TGLS","2047658624","43.97","Colombia"
"4767","Bao Viet Holdings","BVH.VN","2046171321","2.75644","Vietnam"
"4768","Ratch Group","RATCH.BK","2046096022","0.940734","Thailand"
"4769","Safestore","SAFE.L","2045204854","9.36341","United Kingdom"
"4770","Gallantt Ispat","GALLANTT.NS","2044133362","8.47201","India"
"4771","Vaisala","VAIAS.HE","2043530688","56.3231","Finland"
"4772","GRAIL","GRAL","2042398592","49.79","United States"
"4773","Kuwait Telecommunications Company","STC.KW","2040545635","2043.13","Kuwait"
"4774","Landis+Gyr","LAND.SW","2039074082","70.6569","Switzerland"
"4775","Extendicare","EXE.TO","2036155004","21.5562","Canada"
"4776","Getty Realty","GTY","2034360192","34.01","United States"
"4777","Digi International","DGII","2032883200","54.05","United States"
"4778","BillerudKorsnäs","BILL.ST","2032802730","8.17355","Sweden"
"4779","Global Net Lease","GNL","2032625152","9.49","United States"
"4780","Select Medical Holdings","SEM","2031419776","16.38","United States"
"4781","SSP Group","SSPG.L","2030246326","2.60547","United Kingdom"
"4782","Sigma Lithium","SGML","2029762176","18.22","Canada"
"4783","Sionna Therapeutics","SION","2028963072","45.09","United States"
"4784","Shangri-La","0069.HK","2027724549","0.569579","Hong Kong"
"4785","Muangthai Capital","MTC.BK","2027594920","0.956413","Thailand"
"4786","Capricor Therapeutics","CAPR","2026717312","35.04","United States"
"4787","Coty","COTY","2024014592","2.3","United States"
"4788","Curaleaf","CURLF","2022592128","2.61","United States"
"4789","Fagron","FAGR.BR","2022253125","27.5711","Belgium"
"4790","JEOL Ltd.","6951.T","2020942263","39.6254","Japan"
"4791","Freehold Royalties","FRU.TO","2019807400","12.3189","Canada"
"4792","Agios Pharmaceuticals","AGIO","2018500352","34.45","United States"
"4793","Bure Equity AB","BURE.ST","2017787401","26.9208","Sweden"
"4794","L1 Group","L1G.AX","2017485211","0.809365","Australia"
"4795","HCI Group","HCI","2017390720","155.28","United States"
"4796","City Union Bank","CUB.NS","2008191012","2.70249","India"
"4797","O.Y. Nofar Energy","NOFR.TA","2007772966","52.475","Israel"
"4798","Snowline Gold Corp.","SGD.TO","2007460303","11.4155","Canada"
"4799","WHA Corporation","WHA.BK","2006034984","0.134211","Thailand"
"4800","Pan Ocean","028670.KS","2005524884","3.75166","South Korea"
"4801","Perella Weinberg Partners","PWP","2005481984","21.63","United States"
"4802","Navios Maritime Partners","NMM","2005366784","69.47","Monaco"
"4803","BWP Trust","BWP.AX","2003821214","2.76491","Australia"
"4804","AVI Limited","AVI.JO","2003399600","6.00389","South Africa"
"4805","Embracer Group","EMBRAC-B.ST","2002962041","6.16541","Sweden"
"4806","Ora Banda Mining","OBM.AX","2002724006","1.03918","Australia"
"4807","Retal Urban Development Company","4322.SR","2002006858","4.01173","Saudi Arabia"
"4808","Keller Group","KLR.L","2001706521","28.9044","United Kingdom"
"4809","Six Flags","FUN","2000995712","19.62","United States"
"4810","Imax Corp","IMAX","2000981248","37.06","Canada"
"4811","United Parks &amp; Resorts","PRKS","2000370816","36.67","United States"
"4812","National Vision Holdings","EYE","1999433984","25.17","United States"
"4813","Beach Energy","BPT.AX","1998798654","0.876154","Australia"
"4814","Intershop Holding","ISN.SW","1998674552","216.835","Switzerland"
"4815","Kinnevik","KINV-A.ST","1996608824","7.07463","Sweden"
"4816","Íslandsbanki","ISB.IC","1996465026","1.15315","Iceland"
"4817","Rakus Co., Ltd.","3923.T","1992899515","5.62792","Japan"
"4818","Aluar Aluminio Argentino","ALUA.BA","1991752546","0.71134","Argentina"
"4819","Stewart Information Services","STC","1991523712","65.29","United States"
"4820","Vtech","0303.HK","1990629813","7.86683","Hong Kong"
"4821","Paragon Banking Group","PAG.L","1989868305","10.7679","United Kingdom"
"4822","Americas Gold and Silver Corp","USAS","1987948032","6.1","Canada"
"4823","Emami","EMAMILTD.NS","1986916722","4.5515","India"
"4824","CoreCivic","CXW","1985646592","20.08","United States"
"4825","SigmaRoc plc","SRC.L","1985457417","1.7899","United Kingdom"
"4826","Clarkson PLC","CKN.L","1981697375","64.5397","United Kingdom"
"4827","Kajaria Ceramics","KAJARIACER.NS","1981126828","12.4386","India"
"4828","Recursion Pharmaceuticals","RXRX","1980758656","3.75","United States"
"4829","Rengo Co., Ltd.","3941.T","1979516733","7.9805","Japan"
"4830","CIE Automotive India","CIEINDIA.NS","1978828718","5.20822","India"
"4831","National Industries Group Holding","NIND.KW","1978374621","794.552","Kuwait"
"4832","HBX Group International plc","HBX.MC","1978262627","8.06471","United Kingdom"
"4833","Ourpalm","300315.SZ","1977836703","0.730473","China"
"4834","GeneDx Holdings","WGS","1975818368","67.46","United States"
"4835","Sinch","SINCH.ST","1975247514","2.69536","Sweden"
"4836","Russel Metals","RUS.TO","1973525275","35.842","Canada"
"4837","Redwire","RDW","1971284480","9.91","United States"
"4838","MaxLinear","MXL","1970538112","22.01","United States"
"4839","Formula Systems","FORTY","1969940992","128.48","Israel"
"4840","Montana Aerospace","AERO.SW","1969690885","31.4244","Switzerland"
"4841","Tata Chemicals","TATACHEM.NS","1964769354","7.71235","India"
"4842","Ashmore Group","ASHM.L","1963968710","3.01258","United Kingdom"
"4843","Hamburger Hafen","HHFA.F","1962864238","26.0952","Germany"
"4844","LTC Properties","LTC","1960490368","39.6","United States"
"4845","Pharma Mar","PHM.MC","1959635748","113.237","Spain"
"4846","Galapagos NV","GLPG","1958365056","29.16","Belgium"
"4847","Chambal Fertilisers","CHAMBLFERT.NS","1958026628","4.8871","India"
"4848","Shanghai Industrial Holdings Limited","0363.HK","1957726619","1.80069","Hong Kong"
"4849","Montea Comm","MONT.BR","1957352786","84.0713","Belgium"
"4850","Establishment Labs","ESTA","1957325056","66.61","Costa Rica"
"4851","HBM Healthcare Investments","HBMN.SW","1957232823","297.604","Switzerland"
"4852","Avio S.p.A.","AVIO.MI","1955679824","42.6969","Italy"
"4853","NRW Holdings Limited","NWH.AX","1955073203","4.25509","Australia"
"4854","PFISTERER Holding SE","PFSE.DE","1955029320","108.041","Germany"
"4855","Fresh Del Monte Produce","FDP","1954943744","40.92","Cayman Islands"
"4856","SUNeVision","1686.HK","1953685858","0.827549","Hong Kong"
"4857","DCM Shriram","DCMSHRIRAM.NS","1952720879","12.5941","India"
"4858","Electrolux","ELUX-A.ST","1952113055","7.21678","Sweden"
"4859","AnaptysBio","ANAB","1951719040","67.89","United States"
"4860","Vertex","VERX","1951474048","12.2","United States"
"4861","Stolt-Nielsen Limited","0OHK.L","1949856182","32.428","United Kingdom"
"4862","Cimpress","CMPR","1948330752","78.97","Ireland"
"4863","Universal Technical Institute","UTI","1947175552","35.39","United States"
"4864","Électricite de Strasbourg","ELEC.PA","1947052482","271.579","France"
"4865","Advanced Petrochemical","2330.SR","1946101616","7.48501","Saudi Arabia"
"4866","Fuji Oil Holdings","2607.T","1944819333","22.6188","Japan"
"4867","Northwest Bancshares","NWBI","1943819904","13.29","United States"
"4868","Anant Raj","ANANTRAJ.NS","1943294976","5.39693","India"
"4869","Chagee","CHA","1942971136","10.46","China"
"4870","Ipsos","IPS.PA","1942923050","45.6252","France"
"4871","Elkem","ELK.OL","1942739964","3.0632","Norway"
"4872","Champion Iron","CIA.AX","1941601328","3.64106","Australia"
"4873","ARYZTA AG","ARYN.SW","1941510863","78.209","Switzerland"
"4874","Boursa Kuwait Securities Company","BOURSA.KW","1940365449","9664.34","Kuwait"
"4875","Nexa Resources","NEXA","1940225536","14.65","Luxembourg"
"4876","BlackLine","BL","1939921024","32.57","United States"
"4877","Ocular Therapeutix","OCUL","1939633664","8.91","United States"
"4878","EMSTEEL Building Materials PJSC","EMSTEEL.AE","1939558892","0.28","United Arab Emirates"
"4879","Neinor Homes","HOME.MC","1938046989","19.6717","Spain"
"4880","Aura Investments","AURA.TA","1937560565","6.78164","Israel"
"4881","Pluxee","PLX.PA","1937495481","13.8387","France"
"4882","Pfeiffer Vacuum","PFV.F","1936479975","196.245","Germany"
"4883","Veris Residential","VRE","1934568064","18.9","United States"
"4884","SJM Holdings","0880.HK","1931822538","0.272018","Hong Kong"
"4885","TKH Group","TWEKA.AS","1930868923","48.4119","Netherlands"
"4886","Dis-Chem Pharmacies","DCP.JO","1928382200","2.25024","South Africa"
"4887","Goodyear","GT","1928261120","6.73","United States"
"4888","Yuexiu Property","0123.HK","1927784000","0.478906","Hong Kong"
"4889","Polestar","PSNY","1925322496","21.04","Sweden"
"4890","Konica Minolta","4902.T","1922921849","3.89136","Japan"
"4891","Cellcom Israel","CEL.TA","1922049630","11.4175","Israel"
"4892","Sammaan Capital","SAMMAANCAP.NS","1921934432","1.67735","India"
"4893","Vietnam National Petroleum Group","PLX.VN","1920235836","1.51129","Vietnam"
"4894","Pacific Basin Shipping","2343.HK","1919107459","0.371631","Hong Kong"
"4895","Cogeco","CCA.TO","1915361919","45.5893","Canada"
"4896","Magnite","MGNI","1912827904","13.25","United States"
"4897","DNO ASA","DNO.OL","1912100783","1.96113","Norway"
"4898","Gränges","GRNG.ST","1911997307","17.9545","Sweden"
"4899","Rai Way","RWAY.MI","1911774418","7.12008","Italy"
"4900","Kemper","KMPR","1910848640","32.5","United States"
"4901","Caisse Régionale de Crédit Agricole Mutuel du Languedoc","CRLA.PA","1909957117","96.7292","France"
"4902","Chiyoda Corporation","6366.T","1909763214","7.36952","Japan"
"4903","Hotel Properties Limited","H15.SI","1909758370","3.59806","Singapore"
"4904","LendingClub","LC","1909391744","16.56","United States"
"4905","First Commonwealth Financial Corp","FCF","1909210752","18.68","United States"
"4906","Castrol India","CASTROLIND.NS","1909076296","1.93007","India"
"4907","Stellar Bancorp","STEL","1908019968","37.58","United States"
"4908","Hammond Power Solutions","HPS-A.TO","1906345438","160.131","Canada"
"4909","Pharvaris","PHVS","1905984000","29.14","Netherlands"
"4910","Intapp","INTA","1905609984","23.26","United States"
"4911","Peugeot Invest Société anonyme","PEUG.PA","1904721193","76.7505","France"
"4912","DeNA","2432.T","1904472433","17.079","Japan"
"4913","Sable Offshore","SOC","1903865984","12.93","United States"
"4914","Alef Education","ALEFEDT.AE","1901987426","0.27","United Arab Emirates"
"4915","Craftsman Automation","CRAFTSMAN.NS","1901341212","79.7021","India"
"4916","Berli Jucker (BJC)","BJC.BK","1897702525","0.473503","Thailand"
"4917","Adecoagro","AGRO","1897697024","13.31","Luxembourg"
"4918","Primaris Real Estate Investment Trust","PMZ-UN.TO","1897497550","13.7832","Canada"
"4919","NextDecade Corp","NEXT","1896899200","7.16","United States"
"4920","Punjab &amp; Sind Bank","PSB.NS","1894818249","0.266657","India"
"4921","Union Tool","6278.T","1894228950","108.779","Japan"
"4922","Rumble","RUM","1894072320","5.58","United States"
"4923","Fletcher Building","FBU.NZ","1893924379","1.76196","New Zealand"
"4924","Champion REIT","2778.HK","1893721633","0.307777","Hong Kong"
"4925","Amylyx Pharmaceuticals","AMLX","1892392576","17.12","United States"
"4926","Agilysys","AGYS","1889717632","67.23","United States"
"4927","Embla Medical","EMBLA.CO","1889352860","4.42263","Iceland"
"4928","BellRing Brands","BRBR","1888885248","15.95","United States"
"4929","Kraken Robotics","PNG.V","1888515768","6.15423","Canada"
"4930","Region Group","RGN.AX","1885865230","1.64099","Australia"
"4931","Argan SA","ARG.PA","1885584822","73.2082","France"
"4932","Redington India","REDINGTON.NS","1884067446","2.40999","India"
"4933","Tyra Biosciences","TYRA","1883733120","34.97","United States"
"4934","Vermilion Energy","VET","1881864192","12.28","Canada"
"4935","China Lesso Group","2128.HK","1879821879","0.610445","China"
"4936","Qifu Technology","QFIN","1878123648","14.26","China"
"4937","ZoomInfo","GTM","1877562112","6.15","United States"
"4938","Currys plc","CURY.L","1875101316","1.80483","United Kingdom"
"4939","National Bank Holdings","NBHC","1872566656","41.6","United States"
"4940","Prodea Real Estate Investment Company","PRODEA.AT","1870428709","7.32082","Greece"
"4941","Evertec","EVTC","1869436032","30.27","United States"
"4942","Welspun India","WELSPUNIND.NS","1867418314","1.91","India"
"4943","Enerpac Tool Group","EPAC","1862475776","35.29","United States"
"4944","Bonesupport Holding AB","BONEX.ST","1862278385","28.2767","Sweden"
"4945","Lovisa Holdings","LOV.AX","1860155472","16.7977","Australia"
"4946","PORR","ABS2.F","1859791817","47.3492","Austria"
"4947","National Industrialization Company (Saudi Arabia)","2060.SR","1859728994","2.78022","Saudi Arabia"
"4948","Innospec","IOSP","1858322432","74.66","United States"
"4949","Borregaard","BRG.OL","1855640564","18.5668","Norway"
"4950","Winpak","WPK.TO","1855145064","31.624","Canada"
"4951","Icade","ICAD.PA","1855137931","24.4657","France"
"4952","Grindwell Norton","GRINDWELL.NS","1852297951","16.7296","India"
"4953","Bellevue Gold","BGL.AX","1852012081","1.24241","Australia"
"4954","Syrma SGS Technology","SYRMA.NS","1849312622","9.59674","India"
"4955","Métropole Télévision (Groupe M6)","MMT.PA","1848553087","14.7125","France"
"4956","Dom Development","DOM.WA","1848343964","71.6456","Poland"
"4957","Werner Enterprises","WERN","1848262016","30.83","United States"
"4958","Saudia Dairy &amp; Foodstuff Company","2270.SR","1848030173","57.7636","Saudi Arabia"
"4959","Realia Business","RLIA.MC","1844874050","1.2221","Spain"
"4960","Hanmi Pharmaceutical","008930.KS","1843794602","27.2293","South Korea"
"4961","Pediatrix Medical Group","MD","1843369984","22.19","United States"
"4962","Spectrum Brands","SPB","1842766080","79.16","United States"
"4963","Solvac","SOLV.BR","1842457633","86.1967","Belgium"
"4964","Palvella Therapeutics","PVLA","1841166080","128.63","United States"
"4965","Electricity Generating Public Company","EGCO.BK","1840728949","3.49639","Thailand"
"4966","The Bank of Nagoya","8522.T","1840701744","37.4145","Japan"
"4967","Lufax","LU","1840013440","1.94","China"
"4968","TriNet","TNET","1839562752","38.3","United States"
"4969","Expro Group","XPRO","1838451456","16.16","United States"
"4970","Banpu Public Company","BANPU.BK","1837898483","0.183443","Thailand"
"4971","AB Ignitis grupe","IGN1L.VS","1837717144","25.3867","Lithuania"
"4972","Cohu","COHU","1837126656","38.95","United States"
"4973","Metsä Board","METSA.HE","1836775999","5.1718","Finland"
"4974","OFG Bancorp","OFG","1835834112","42.44","United States"
"4975","Dalrymple Bay Infrastructure","DBI.AX","1835363302","3.70211","Australia"
"4976","HomeCo Daily Needs REIT","HDN.AX","1833547797","0.87759","Australia"
"4977","Trevi Therapeutics","TRVI","1832229120","14.27","United States"
"4978","A10 Networks","ATEN","1829704320","25.51","United States"
"4979","Saudi Chemical Holding Company","2230.SR","1829574425","2.1698","Saudi Arabia"
"4980","Payoneer","PAYO","1828538880","5.13","United States"
"4981","Strategic Education","STRA","1827978112","80.42","United States"
"4982","ARE Holdings","5857.T","1826895229","23.8407","Japan"
"4983","The North West Company","NWC.TO","1825332698","38.4792","Canada"
"4984","Sixth Street Specialty Lending","TSLX","1824376448","19.2","United States"
"4985","SeABank (Southeast Asia Commercial Joint Stock Bank)","SSB.VN","1822608475","0.640636","Vietnam"
"4986","DEUTZ","DEZ.DE","1822141014","11.9377","Germany"
"4987","Companhia Siderúrgica Nacional","SID","1821769856","1.37","Brazil"
"4988","Lightwave Logic","LWLG","1820883456","12.09","United States"
"4989","HIAG Immobilien","HIAG.SW","1820347336","179.97","Switzerland"
"4990","Bird Construction","BDT.TO","1819210435","32.8479","Canada"
"4991","Chalet Hotels","CHALET.NS","1818219983","8.3026","India"
"4992","Eurocommercial Properties","ECMPA.AS","1817484106","33.2389","Netherlands"
"4993","Artivion","AORT","1817144832","37.47","United States"
"4994","Blackbaud","BLKB","1815785472","37.96","United States"
"4995","Carborundum Universal","CARBORUNIV.NS","1814134962","9.52276","India"
"4996","Sunstone Hotel Investors","SHO","1813701504","9.57","United States"
"4997","Marqeta","MQ","1813208960","4.12","United States"
"4998","Friedrich Vorwerk Group","VH2.DE","1810131171","90.5066","Germany"
"4999","ReNew Power","RNW","1810062208","4.97","India"
"5000","Semrush","SEMR","1809898752","11.95","United States"
"5001","EZCorp","EZPW","1808962560","29.32","United States"
"5002","Faes Farma","FAE.MC","1806410420","5.80352","Spain"
"5003","TF1","TFI.PA","1805602580","8.58425","France"
"5004","Zip Co","ZIP.AX","1805302583","1.43632","Australia"
"5005","City Holding Company","CHCO","1804565632","125.75","United States"
"5006","BigBear.ai","BBAI","1804254464","3.79","United States"
"5007","STEF SA","STF.PA","1804240964","142.638","France"
"5008","Axogen","AXGN","1803963264","34.76","United States"
"5009","Arcos Dorados Holdings","ARCO","1803275904","8.56","Uruguay"
"5010","1st Source","SRCE","1803036800","73.79","United States"
"5011","Storskogen Group","STOR-B.ST","1802494417","1.07377","Sweden"
"5012","Flowers Foods","FLO","1802442880","8.52","United States"
"5013","Alkane Resources","ALK.AX","1802375896","1.31926","Australia"
"5014","Alkami Technology","ALKT","1802165888","16.84","United States"
"5015","SPACE42","SPACE42.AE","1802082369","0.38","United Arab Emirates"
"5016","Vericel","VCEL","1801450624","35.37","United States"
"5017","Horace Mann Educators","HMN","1801218560","44.53","United States"
"5018","Elgi Equipments","ELGIEQUIP.NS","1797925050","5.69339","India"
"5019","Federal Agricultural Mortgage Corporation","AGM","1794007552","165.24","United States"
"5020","Gorman-Rupp","GRC","1792430848","68.12","United States"
"5021","SoftwareONE","SWON.SW","1791102013","8.33931","Switzerland"
"5022","Fortress REIT","FFB.JO","1789768700","1.46183","South Africa"
"5023","Parex Resources","PXT.TO","1789171850","18.6422","Canada"
"5024","Collective Mining","CNL","1788558592","19.32","Canada"
"5025","Elvalhalcor Hellenic Copper and Aluminium Industry","ELHA.AT","1788345477","4.77034","Greece"
"5026","Revolve Group","RVLV","1787889536","25.03","United States"
"5027","Syngene International","SYNGENE.NS","1787650311","4.44964","India"
"5028","HPH Trust (Hutchison Port)","NS8U.SI","1785775744","0.205","Singapore"
"5029","Innoviva","INVA","1785293184","23.92","United States"
"5030","Cyfrowy Polsat","CPS.WA","1784708721","3.24078","Poland"
"5031","Lanxess","LXS.F","1784225264","20.6636","Germany"
"5032","Innovex International","INVX","1783341568","26.01","United States"
"5033","Gulf Navigation Holding","GULFNAV.AE","1783231831","0.563572","United Arab Emirates"
"5034","Nisshinbo Holdings","3105.T","1782252176","11.4102","Japan"
"5035","Telkom SA","TKG.JO","1780713200","3.61726","South Africa"
"5036","Deutsche EuroShop","DEQ.F","1780576456","23.7336","Germany"
"5037","NP3 Fastigheter AB","NP3.ST","1777660597","28.8671","Sweden"
"5038","ProPetro","PUMP","1776720000","14.49","United States"
"5039","Pitney Bowes","PBI","1776102272","11.88","United States"
"5040","Interroll","INRN.SW","1775923680","2127.39","Switzerland"
"5041","Himax Technologies","HIMX","1775655936","10.18","Taiwan"
"5042","Ziff Davis","ZD","1775314816","46.92","United States"
"5043","Sotetsu Holdings","9003.T","1775078023","18.4962","Japan"
"5044","ISE Chemicals","4107.T","1774961615","34.832","Japan"
"5045","Thermon Group","THR","1773468288","53.96","United States"
"5046","Dürr","DUE.F","1773155358","25.6229","Germany"
"5047","Eramet","ERA.PA","1772351598","61.8137","France"
"5048","RHI Magnesita","RHF.F","1772178997","36.486","Austria"
"5049","Danya Cebus","DNYA.TA","1771094936","53.9791","Israel"
"5050","Flight Centre Travel Group Limited","FLT.AX","1770800632","8.48864","Australia"
"5051","Predictive Discovery Limited","PDI.AX","1768694830","0.669324","Australia"
"5052","Concentrix","CNXC","1767982336","28.81","United States"
"5053","Voyager Technologies","VOYG","1767310976","29.91","United States"
"5054","Fluxys Belgium","FLUX.BR","1767165701","25.1505","Belgium"
"5055","Heineken Malaysia","3255.KL","1765170012","5.84304","Malaysia"
"5056","Intellia Therapeutics","NTLA","1764915072","14.94","United States"
"5057","CenturyPly","CENTURYPLY.NS","1762428725","7.93269","India"
"5058","Sanoma","SANOMA.HE","1761067829","10.8395","Finland"
"5059","Great Portland Estates","GPE.L","1760546066","4.36416","United Kingdom"
"5060","Lapidoth Capital","LAPD.TA","1759513971","29.3793","Israel"
"5061","Soho House & Co","SHCO","1758889344","8.99","United States"
"5062","Jeudan","JDAN.CO","1758436979","31.7481","Denmark"
"5063","SHO-BOND Holdings","1414.T","1757292380","8.69541","Japan"
"5064","Saudi Research and Media Group","4210.SR","1757163852","21.9645","Saudi Arabia"
"5065","Oki Electric Industry Co., Ltd.","6703.T","1756659773","20.2504","Japan"
"5066","KSB ltd","KSB.NS","1756608089","10.0932","India"
"5067","Encore Capital Group","ECPG","1755076352","78.69","United States"
"5068","Ratnamani Metals &amp; Tubes","RATNAMANI.NS","1754967862","25.0381","India"
"5069","Nurix Therapeutics","NRIX","1754796672","16.97","United States"
"5070","Rapport Therapeutics","RAPP","1754478976","36.71","United States"
"5071","Monarch Casino &amp; Resort","MCRI","1752124288","97.96","United States"
"5072","Al Salam Bank","SALAM.BH","1751442066","1.23309","Bahrain"
"5073","Esentia Energy Systems","ESENTIAII.MX","1746771536","3.271","Mexico"
"5074","Ariston Holding","ARIS.MI","1746686759","4.75381","Italy"
"5075","Herbalife","HLF","1746592640","16.89","United States"
"5076","Proeduca Altus","PRO.MC","1746356315","38.6676","Spain"
"5077","M.Yochananof and Sons","YHNF.TA","1745671198","120.492","Israel"
"5078","Zydus Wellness","ZYDUSWELL.NS","1745657549","5.46448","India"
"5079","Newell Brands","NWL","1742203904","4.1","United States"
"5080","Fidelis Insurance","FIHL","1741710080","20.14","Bermuda"
"5081","LiveRamp","RAMP","1741432448","27.36","United States"
"5082","MCB Bank Pakistan","MCB.PK","1740914323","1.46905","Pakistan"
"5083","Grainger plc","GRI.L","1740537962","2.35442","United Kingdom"
"5084","Vimian Group","VIMIAN.ST","1739953312","3.30222","Sweden"
"5085","ANI Pharmaceuticals","ANIP","1739935232","76.48","United States"
"5086","Addus HomeCare","ADUS","1739822208","93.32","United States"
"5087","Dana Gas","DANA.AE","1738844465","0.25","United Arab Emirates"
"5088","Caisse Régionale de Crédit Agricole Mutuel Nord de France","CNDF.PA","1738767807","29.6847","France"
"5089","Arçelik","ARCLK.IS","1738724945","2.64987","Turkey"
"5090","Crompton Greaves Consumer Electricals","CROMPTON.NS","1737606261","2.65853","India"
"5091","Ola Electric Mobility","OLAELEC.NS","1736973850","0.413763","India"
"5092","Minera Valparaíso","MINERA.SN","1735723250","13.8858","Chile"
"5093","Granules India","GRANULES.NS","1734015398","6.99773","India"
"5094","I.B.I. Investment House","IBI.TA","1733223980","123.166","Israel"
"5095","Sarana Menara Nusantara","TOWR.JK","1732487545","0.0297619","Indonesia"
"5096","Inox Wind","INOXWIND.NS","1731887161","1.00154","India"
"5097","Sun Art Retail Group Limited","6808.HK","1730129054","0.181346","China"
"5098","Bora Pharmaceuticals","6472.TW","1729754778","13.5872","Taiwan"
"5099","OdontoPrev","ODPV3.SA","1729292783","3.17247","Brazil"
"5100","OVH Groupe","OVH.PA","1728871649","11.5657","France"
"5101","Mitra Keluarga","MIKA.JK","1728696125","0.1243","Indonesia"
"5102","The Keiyo Bank","8544.T","1727139222","14.3674","Japan"
"5103","GigaCloud Technology","GCT","1725732608","46.57","China"
"5104","KFin Technologies","KFINTECH.NS","1725082424","9.99775","India"
"5105","Systemair AB","SYSR.ST","1724584943","8.31023","Sweden"
"5106","Taysha Gene Therapies","TSHA","1723619328","6","United States"
"5107","Usiminas","USIM5.SA","1721908811","1.39885","Brazil"
"5108","Shriram Pistons &amp; Rings","SHRIPISTON.NS","1721544965","39.0818","India"
"5109","Bank Dhofar","BKDB.OM","1721236614","0.566234","Oman"
"5110","AdaptHealth","AHCO","1719322368","12.65","United States"
"5111","TPBank (Tien Phong Commercial Joint Stock Bank)","TPB.VN","1713876303","0.617824","Vietnam"
"5112","Ingles Markets","IMKTA","1712722816","90.17","United States"
"5113","Surgery Partners","SGRY","1710930304","13.22","United States"
"5114","NFI Group","NFI.TO","1709248987","14.3514","Canada"
"5115","Ratio Energies","RATI.TA","1709152501","1.52077","Israel"
"5116","DoubleVerify","DV","1708973056","10.55","United States"
"5117","Century Communities","CCS","1708751360","58.82","United States"
"5118","Makino Milling Machine","6135.T","1707659473","73.0024","Japan"
"5119","Omnicell","OMCL","1706763008","37.53","United States"
"5120","Money Forward","3994.T","1706730170","30.7693","Japan"
"5121","Solaris Resources","SLSR","1705303808","10.17","Canada"
"5122","TX Group","TXGN.SW","1704222118","165.89","Switzerland"
"5123","BASF India","BASF.NS","1703235627","39.3487","India"
"5124","Marcopolo","POMO4.SA","1703067379","1.3728","Brazil"
"5125","Arabian Contracting Services Company","4071.SR","1702119244","30.9476","Saudi Arabia"
"5126","Nerolac Paints","KANSAINER.NS","1702009628","2.10473","India"
"5127","Great Eagle","0041.HK","1701584793","2.27193","Hong Kong"
"5128","Prosegur","PSG.MC","1701329658","3.194","Spain"
"5129","Weis Markets","WMK","1700943488","68.74","United States"
"5130","Saudi Ground Services Company","4031.SR","1700844942","9.04705","Saudi Arabia"
"5131","Vossloh AG","VOS.DE","1700732657","88.0269","Germany"
"5132","PicPay","PICS","1700188544","13.12","Brazil"
"5133","Atea ASA","ATEA.OL","1698695989","15.2627","Norway"
"5134","Dah Sing Financial","0440.HK","1696978176","5.31011","Hong Kong"
"5135","AEON REIT Investment","3292.T","1696495975","806.868","Japan"
"5136","Almoosa Health Company","4018.SR","1695853505","38.278","Saudi Arabia"
"5137","Borr Drilling","BORR","1695106048","5.5","Bermuda"
"5138","Amano Corporation","6436.T","1691361540","24.4202","Japan"
"5139","The Kiyo Bank","8370.T","1691214275","26.3917","Japan"
"5140","United Electronics Company (eXtra Saudi)","4003.SR","1691130658","21.8579","Saudi Arabia"
"5141","Harmony Biosciences","HRMY","1690884992","29.22","United States"
"5142","Ferretti","F3T1.F","1689890971","4.90731","Italy"
"5143","Live Oak Bank","LOB","1689605760","36.54","United States"
"5144","Gasco (National Gas and Industrialization Company)","2080.SR","1689324362","22.5243","Saudi Arabia"
"5145","Corporate Travel Management","CTD.AX","1688717557","11.5408","Australia"
"5146","Stagwell","STGW","1687993984","6.66","United States"
"5147","Nextage Co Ltd","3186.T","1687863007","21.5732","Japan"
"5148","F&amp;F Co","383220.KS","1687360316","44.9521","South Korea"
"5149","Seera Holding Group","1810.SR","1685913758","6.10422","Saudi Arabia"
"5150","Rusta AB","RUSTA.ST","1684063274","11.0104","Sweden"
"5151","Nipro Corporation","8086.T","1683738060","10.3236","Japan"
"5152","Bangchak Corporation","BCP.BK","1682548978","1.14456","Thailand"
"5153","Sylvamo","SLVM","1681203840","42.31","United States"
"5154","Walker &amp; Dunlop","WD","1680899328","48.99","United States"
"5155","Aarti Industries","AARTIIND.NS","1680515400","4.6287","India"
"5156","RAPT Therapeutics","RAPT","1680292864","58.02","United States"
"5157","Volution Group","FAN.L","1679606251","8.48135","United Kingdom"
"5158","Arbor Realty Trust","ABR","1678124416","7.92","United States"
"5159","Aether Industries","AETHER.NS","1677392170","12.6316","India"
"5160","Nuvation Bio","NUVB","1675845760","4.82","United States"
"5161","Sonos","SONO","1675294976","13.86","United States"
"5162","Hillman Solutions","HLMN","1674988928","8.49","United States"
"5163","Diagnostyka S.A.","DIA.WA","1674132651","49.5944","Poland"
"5164","Derichebourg","DBG.PA","1673455613","10.562","France"
"5165","Sundaram Finance","SUNDARMHLD.NS","1673186158","7.58155","India"
"5166","Televisa","TV","1672406656","3.12","Mexico"
"5167","Aditya Birla Real Estate","ABREL.NS","1671794459","15.1213","India"
"5168","Vir Biotechnology","VIR","1671627136","10.46","United States"
"5169","CBIZ","CBZ","1671473664","30.35","United States"
"5170","Sienna Senior Living","SIA.TO","1671083504","16.8137","Canada"
"5171","PDF Solutions","PDFS","1670622848","41.88","United States"
"5172","ASGN","ASGN","1667435008","39.05","United States"
"5173","Wüstenrot &amp; Württembergische","WUW.F","1667104582","17.7825","Germany"
"5174","Flex LNG","FLNG","1666045184","30.8","Bermuda"
"5175","Sano Bruno's Enterprises","SANO1.TA","1665030555","148.133","Israel"
"5176","Worthington Steel","WS","1664923648","32.77","United States"
"5177","Bradespar","BRAP3.SA","1664622026","4.23464","Brazil"
"5178","Drägerwerk","DRW8.F","1661353273","88.5583","Germany"
"5179","Goodman Property Trust","GMT.NZ","1660228806","1.07891","New Zealand"
"5180","Sonida Senior Living","SNDA","1659055232","35.01","United States"
"5181","Wealthfront Corporation","WLTH","1657095808","11","United States"
"5182","Liberty Latin America","LILA","1656810496","8.28","United States"
"5183","Bittium","BITTI.HE","1656491570","46.6407","Finland"
"5184","Yelp","YELP","1655979392","26.93","United States"
"5185","East India Distilleries Parry","EIDPARRY.NS","1653190697","9.28795","India"
"5186","Travis Perkins","TPK.L","1652955586","7.80284","United Kingdom"
"5187","National Bank of Oman","NBOB.OM","1651285820","1.01558","Oman"
"5188","Isracard","ISCD.TA","1648364672","5.06367","Israel"
"5189","Befesa","BFSA.DE","1647207829","40.973","Luxembourg"
"5190","Spadel","SPA.BR","1646614305","396.741","Belgium"
"5191","Empire State Realty Trust","ESRT","1644596224","5.46","United States"
"5192","Atlas Energy Solutions","AESI","1644500352","13.17","United States"
"5193","Com7 Public Company","COM7.BK","1641295617","0.696143","Thailand"
"5194","Gudang Garam","GGRM.JK","1636530358","0.850549","Indonesia"
"5195","German American Bancorp","GABC","1636415488","43.55","United States"
"5196","Cloetta","CLA-B.ST","1636331842","5.70782","Sweden"
"5197","BinDawood","4161.SR","1636121671","1.43143","Saudi Arabia"
"5198","Saizeriya","7581.T","1633885753","33.2573","Japan"
"5199","Palfinger","PFI.F","1633524419","43.4526","Austria"
"5200","Lendlease","LLC.AX","1632397556","2.36274","Australia"
"5201","TriCo Bancshares","TCBK","1632084736","50.2","United States"
"5202","Raspberry Pi","RPI.L","1631964525","8.43385","United Kingdom"
"5203","NGL Energy Partners","NGL","1631664000","13.13","United States"
"5204","Nürnberger Versicherung","NBG6.F","1631551142","141.693","Germany"
"5205","Inspire Medical Systems","INSP","1631079552","56.64","United States"
"5206","Allegiant Air","ALGT","1628230528","88.24","United States"
"5207","Country Garden","2007.HK","1625455822","0.0376739","China"
"5208","Astrana Health","ASTH","1625293184","29.23","United States"
"5209","Custom Truck One Source","CTOS","1624907904","7.17","United States"
"5210","O-I Glass","OI","1623282560","10.59","United States"
"5211","Adient","ADNT","1621814144","20.49","Ireland"
"5212","Enviri Corporation","NVRI","1616873344","19.55","United States"
"5213","Europris","EPR.OL","1615151860","9.8696","Norway"
"5214","KEC International","KEC.NS","1613623054","6.06169","India"
"5215","Senior plc","SNR.L","1612847144","3.90142","United Kingdom"
"5216","Reit 1 Ltd","RIT1.TA","1612632825","7.97487","Israel"
"5217","Nanobiotix","NBTX","1610051072","33.2","France"
"5218","Eximbank (Vietnam Export Import Commercial Joint Stock Bank)","EIB.VN","1607625279","0.863052","Vietnam"
"5219","Karooooo","KARO","1607069440","52.02","Singapore"
"5220","Bodycote","BOY.L","1606992131","9.38377","United Kingdom"
"5221","Trisura Group","TSU.TO","1606833505","33.7804","Canada"
"5222","Albany International","AIN","1606025088","56.64","United States"
"5223","Green Thumb Industries","GTII.CN","1605752766","6.928","United States"
"5224","East Pipes Integrated Company for Industry","1321.SR","1605437837","50.9663","Saudi Arabia"
"5225","Kohl's","KSS","1605220096","14.3","United States"
"5226","Immunocore","IMCR","1603992320","31.64","United Kingdom"
"5227","Mori Hills REIT Investment","3234.T","1603921139","850.329","Japan"
"5228","Habib Bank","HBL.PK","1603805748","1.09337","Pakistan"
"5229","Playtech","PTEC.L","1603088962","5.70218","Isle of Man"
"5230","National Medical Care Company","4005.SR","1602240550","35.8523","Saudi Arabia"
"5231","Burjeel Holdings","BURJEEL.AE","1601361683","0.31","United Arab Emirates"
"5232","Ecovyst","ECVT","1600832640","14.04","United States"
"5233","S&amp;T Bancorp","STBA","1600287616","43.67","United States"
"5234","Bank First","BFC","1597919360","142.65","United States"
"5235","Nationwide Building Society","NBS.L","1596912780","175.055","United Kingdom"
"5236","Oculis Holding AG","OCS","1596891520","27.54","Switzerland"
"5237","Ellington Financial","EFC","1596754048","12.81","United States"
"5238","Abu Dhabi Aviation","ADAVIATION.AE","1594566701","1.45","United Arab Emirates"
"5239","Bell Food Group","BELL.SW","1593869712","254.467","Switzerland"
"5240","JBM Auto","JBMA.NS","1593432645","6.73504","India"
"5241","Generate Biomedicines","GENB","1593127552","12.5","United States"
"5242","Pebblebrook Hotel Trust","PEB","1592756864","14","United States"
"5243","Clarivate","CLVT","1592605184","2.48","United Kingdom"
"5244","Norwegian Air Shuttle","NAS.OL","1592211928","1.51508","Norway"
"5245","Watches of Switzerland Group","WOSG.L","1592131742","6.88007","United Kingdom"
"5246","Cham Swiss Properties AG","CHAM.SW","1591894923","33.5364","Switzerland"
"5247","PC Connection","CNXN","1591644032","63.12","United States"
"5248","The Greenbrier Companies","GBX","1590553088","51.41","United States"
"5249","National Bank of Umm Al Qaiwain","NBQ.AE","1589980900","0.79","United Arab Emirates"
"5250","Afry AB","AFRY.ST","1588807298","14.029","Sweden"
"5251","Westshore Terminals Investment","WTE.TO","1587567066","25.7014","Canada"
"5252","Dime Community Bancshares","DCOM","1586319744","36.13","United States"
"5253","Flywire","FLYW","1585207552","12.98","United States"
"5254","Interface, Inc.","TILE","1585179520","27.13","United States"
"5255","Lithium Americas","LAC","1584005376","4.56","Canada"
"5256","Deterra Royalties","DRR.AX","1583673628","2.99113","Australia"
"5257","Appian","APPN","1583478144","21.41","United States"
"5258","PEXA Group","PXA.AX","1583166758","8.99853","Australia"
"5259","Romande Energie","REHN.SW","1583008619","61.6968","Switzerland"
"5260","Clariane","CLARI.PA","1582761816","4.43972","France"
"5261","Wacker Neuson","WAC.F","1582125821","23.2613","Germany"
"5262","Norbit ASA","NORBT.OL","1579888261","24.7273","Norway"
"5263","Kagome Co., Ltd.","2811.T","1579681668","17.4727","Japan"
"5264","Red Cat Holdings","RCAT","1578438144","13.03","United States"
"5265","Vitrolife AB","VITR.ST","1577317888","11.6453","Sweden"
"5266","NAPCO Security Technologies","NSSC","1576719744","44.21","United States"
"5267","Guaranty Trust Bank","9JO.F","1576660743","2.67857","Nigeria"
"5268","Implenia AG","IMPN.SW","1576441664","85.3771","Switzerland"
"5269","Nohmi Bosai Ltd.","6744.T","1575741652","26.7696","Japan"
"5270","EVT Limited","EVT.AX","1574510613","9.68796","Australia"
"5271","JSW Holdings","JSWHL.NS","1574094936","141.616","India"
"5272","PolyPeptide Group","PPGN.SW","1573773167","47.6806","Switzerland"
"5273","Iovance Biotherapeutics","IOVA","1573693312","3.82","United States"
"5274","Nongshim","004370.KS","1571587293","258.372","South Korea"
"5275","Perrigo","PRGO","1570579200","11.41","Ireland"
"5276","Comer Industries","COM.MI","1568277971","54.7881","Italy"
"5277","CEAT","CEATLTD.NS","1568096874","38.8705","India"
"5278","SkyWater Technology","SKYT","1567692288","32.24","United States"
"5279","Turning Point Brands","TPB","1566404992","80.99","United States"
"5280","Apollo Commercial Real Estate Finance","ARI","1566300544","11.22","United States"
"5281","MBX Biosciences","MBX","1565937536","32.96","United States"
"5282","American Assets Trust","AAT","1565412480","20.18","United States"
"5283","CTS Corporation","CTS","1565064192","54.54","United States"
"5284","PetroVietnam Power","POW.VN","1562966036","0.509467","Vietnam"
"5285","Kuwait International Bank","KIB.KW","1562636449","895.087","Kuwait"
"5286","Lakeland Financial Corp","LKFN","1562160128","59.94","United States"
"5287","Hope Bancorp","HOPE","1561521664","12.18","United States"
"5288","Xior Student Housing","XIOR.BR","1560362798","33.416","Belgium"
"5289","Xenia Hotels &amp; Resorts","XHR","1560090624","15.96","United States"
"5290","Biohaven","BHVN","1559861376","10.37","United States"
"5291","Central Securities","CET","1558428288","52.74","United States"
"5292","Toho Titanium","5727.T","1558129073","21.8881","Japan"
"5293","Hornbach Holding","HBH.DE","1554531384","97.1779","Germany"
"5294","Kimbell Royalty Partners","KRP","1553655424","14.24","United States"
"5295","BGF Retail","282330.KS","1553095094","89.9041","South Korea"
"5296","Bicara Therapeutics","BCAX","1552881664","23.72","United States"
"5297","KATITAS CO., Ltd.","8919.T","1552266367","19.841","Japan"
"5298","CATRION Catering Holding Company","6004.SR","1551912647","18.9258","Saudi Arabia"
"5299","Savills","SVS.L","1550754957","11.2904","United Kingdom"
"5300","Chennai Petroleum","CHENNPETRO.NS","1550488457","10.4122","India"
"5301","Arlo Technologies","ARLO","1550472064","14.51","United States"
"5302","Richelieu Hardware","RCH.TO","1549874348","28.1855","Canada"
"5303","RPC, Inc.","RES","1549258368","6.99","United States"
"5304","Moltiply Group (Gruppo Mutuionline)","MOL.MI","1549058776","41.091","Italy"
"5305","Alembic Pharmaceuticals","APLLTD.NS","1548630575","7.87854","India"
"5306","Leggett &amp; Platt","LEG","1548172416","11.35","United States"
"5307","Zug Estates Holding","ZUGN.SW","1547155871","3033.64","Switzerland"
"5308","Killam Apartment REIT","KMP-UN.TO","1546981995","12.3844","Canada"
"5309","Nokian Tyres","TYRES.HE","1545785246","11.2115","Finland"
"5310","Ardelyx","ARDX","1545058816","6.3","United States"
"5311","TOMY Company","7867.T","1543073238","17.3467","Japan"
"5312","Jubilant Pharmova","JUBLPHARMA.NS","1540846128","9.72219","India"
"5313","Misto Holdings (Fila)","081660.KS","1539384993","28.9948","South Korea"
"5314","ARKO Petroleum","APC","1539108864","18.64","United States"
"5315","Bob's Discount Furniture","BOBS","1538331264","11.8","United States"
"5316","Global Partners LP","GLP","1537046144","45.44","United States"
"5317","OSG Corporation","6136.T","1536258112","18.7009","Japan"
"5318","Ouster","OUST","1534929536","24.44","United States"
"5319","Badger Infrastructure Solutions","BDGI.TO","1534753322","45.4873","Canada"
"5320","Tabcorp","TAH.AX","1534521517","0.669324","Australia"
"5321","United States Antimony Corporation","UAMY","1534079744","10.7","United States"
"5322","Preformed Line Products","PLPC","1533548416","313.17","United States"
"5323","Kerry Logistics Network","0636.HK","1532668568","0.847983","Hong Kong"
"5324","Kosmos Energy","KOS","1530326656","2.58","United States"
"5325","WEBTOON Entertainment","WBTN","1529713024","11.46","United States"
"5326","Nolato AB","NOLA-B.ST","1528740831","5.67501","Sweden"
"5327","BEML","BEML.NS","1528503934","18.3518","India"
"5328","Exzeo Group","XZO","1526438400","16.79","United States"
"5329","Fine Organics","FINEORG.NS","1525930902","49.7695","India"
"5330","Genesis Energy","GNE.NZ","1524825152","1.35399","New Zealand"
"5331","QCR Holdings","QCRH","1523640448","91","United States"
"5332","Allied Properties REIT","AP-UN.TO","1523120129","7.78034","Canada"
"5333","Dorian LPG","LPG","1522544896","35.62","United States"
"5334","Sparebanken Vest","SVEG.OL","1522353635","13.8817","Norway"
"5335","Viridian Therapeutics","VRDN","1520833792","14.88","United States"
"5336","Compagnie des Alpes","CDA.PA","1520781945","29.9917","France"
"5337","momo.com Inc.","8454.TW","1520770075","5.73929","Taiwan"
"5338","Kontron AG","KTN.F","1520422082","24.2295","Austria"
"5339","Starts Corporation","8850.T","1520150373","31.5567","Japan"
"5340","Byline Bancorp","BY","1519365632","33.16","United States"
"5341","Alexander &amp; Baldwin","ALEX","1518725120","20.84","United States"
"5342","Top Glove","BVA.SI","1515051119","0.188957","Malaysia"
"5343","UFP Technologies","UFPT","1513503744","196.22","United States"
"5344","Is Yatirim Menkul Degerler Anonim Sirketi","ISMEN.IS","1512836303","1.00856","Turkey"
"5345","One Software Technologies","ONE.TA","1512802150","20.4586","Israel"
"5346","J&amp;J Snack Foods","JJSF","1510876032","79.47","United States"
"5347","Sildarvinnslan","SVN.IC","1510612459","0.818391","Iceland"
"5348","Kennedy Wilson","KW","1509263104","10.9","United States"
"5349","V-Guard Industries","VGUARD.NS","1507957619","3.44499","India"
"5350","ChipMOS Technologies","IMOS","1507763712","43.08","Taiwan"
"5351","Goosehead Insurance","GSHD","1507457792","41.2","United States"
"5352","Savaria Corporation","SIS.TO","1507038467","20.9661","Canada"
"5353","Vietnam Maritime Commercial Joint Stock Bank","MSB.VN","1506501442","0.482853","Vietnam"
"5354","Salvatore Ferragamo","SFER.MI","1506329688","9.09198","Italy"
"5355","Protolabs","PRLB","1504636928","63.24","United States"
"5356","Abdullah Al-Othaim Markets Company","4001.SR","1504198313","1.67133","Saudi Arabia"
"5357","Nishi-Nippon Railroad","9031.T","1500512524","19.8725","Japan"
"5358","Bossard Holding","BOSN.SW","1499549747","194.562","Switzerland"
"5359","Breedon Group","BREE.L","1498839043","4.32345","United Kingdom"
"5360","SM Entertainment","041510.KQ","1498660895","65.4589","South Korea"
"5361","Vistry Group","VTY.L","1498401150","4.70885","United Kingdom"
"5362","IntegraFin","IHP.L","1496375657","4.52565","United Kingdom"
"5363","Nakanishi","7716.T","1495477779","18.0081","Japan"
"5364","The Musashino Bank","8336.T","1495019577","15.0792","Japan"
"5365","Delta Galil Industries","DELG.TA","1493034901","56.9204","Israel"
"5366","Tuya Inc.","TUYA","1490776064","2.44","China"
"5367","SeSa S.p.A.","SES.MI","1490194947","98.713","Italy"
"5368","T1 Energy","TE","1490056192","5.34","United States"
"5369","eClerx Services","ECLERX.NS","1487888597","15.9662","India"
"5370","Sihanoukville Autonomous Port","PAS.KH","1487878780","3.3","Cambodia"
"5371","H&amp;K AG (Heckler &amp; Koch)","MLHK.PA","1487352467","41.9176","Germany"
"5372","Target Hospitality","TH","1487275008","14.85","United States"
"5373","AtriCure","ATRC","1487144320","29.37","United States"
"5374","Tessenderlo Group","TESB.BR","1485860721","24.7963","Belgium"
"5375","Aevis Victoria","AEVS.SW","1485785208","17.6002","Switzerland"
"5376","Gabriel India","GABRIEL.NS","1485323821","10.3403","India"
"5377","BlueNord ASA","BNOR.OL","1485142326","58.0878","Norway"
"5378","Triumph Financial","TFIN","1484743552","62.4","United States"
"5379","Amara Raja Energy &amp; Mobility","ARE&M.NS","1484523998","8.11014","India"
"5380","Aamal Company","AHCS.QA","1483269302","0.23544","Qatar"
"5381","Alerion Clean Power","ARN.MI","1480708830","27.6302","Italy"
"5382","Tronox","TROX","1480280576","9.28","United States"
"5383","Virgin Australia","VGN.AX","1478407610","1.88517","Australia"
"5384","Derayah Financial Company","4084.SR","1478053626","6.06424","Saudi Arabia"
"5385","Upwork","UPWK","1476400128","11.3","United States"
"5386","New Wave Group","NEWA-B.ST","1475534061","11.1204","Sweden"
"5387","Immatics","IMTX","1475062272","11","Germany"
"5388","Braskem","BAK","1474391552","3.7","Brazil"
"5389","Telia Lietuva","ZWS.F","1473834403","2.45602","Lithuania"
"5390","Central Plaza Hotel","CENTEL.BK","1471072456","1.08968","Thailand"
"5391","McEwen Mining","MUX","1468484224","24.7","Canada"
"5392","Atoss","AOF.F","1463099119","91.9825","Germany"
"5393","Opera","OPRA","1462355968","16.27","Norway"
"5394","Aveanna Healthcare","AVAH","1461667456","6.72","United States"
"5395","Altus Group","AIF.TO","1461026946","36.8328","Canada"
"5396","Telecom Plus PLC","TEP.L","1460653438","18.2383","United Kingdom"
"5397","Innovative Industrial Properties","IIPR","1460251520","51.9","United States"
"5398","atai Life Sciences","ATAI","1458983936","4","Germany"
"5399","Monte Rosa Therapeutics","GLUE","1458685568","18.23","United States"
"5400","Magazine Luíza","MGLU3.SA","1458200079","1.88184","Brazil"
"5401","Enovis","ENOV","1457463936","25.33","United States"
"5402","Guzman y Gomez","GYG.AX","1456270031","14.3847","Australia"
"5403","Klöckner &amp; Co","KCO.DE","1455791678","14.5944","Germany"
"5404","Keystone Infra","KSTN.TA","1455118767","7.11922","Israel"
"5405","Daqo New Energy","DQ","1454460160","21.69","China"
"5406","Betsson AB","BETS-B.ST","1452081049","10.7158","Sweden"
"5407","Paradox Interactive","PDX.ST","1451755553","13.7447","Sweden"
"5408","Cembre S.p.A.","CMB.MI","1451379766","86.3148","Italy"
"5409","National Bank of Pakistan","NBP.PK","1451066207","0.682048","Pakistan"
"5410","Italmobiliare","ITM.MI","1449559291","34.4787","Italy"
"5411","Finolex Cables","FINCABLES.NS","1448943878","9.47398","India"
"5412","Cymbria","CYB.TO","1448311782","66.5239","Canada"
"5413","Asana","ASAN","1447575424","6.08","United States"
"5414","PROCEPT BioRobotics","PRCT","1447536384","25.67","United States"
"5415","Wolverine World Wide","WWW","1446964608","17.65","United States"
"5416","Banco di Desio e della Brianza","BDB.MI","1446859336","11.0048","Italy"
"5417","SFL Corp","SFL","1446385664","10.89","Bermuda"
"5418","Harrow, Inc.","HROW","1444140288","38.79","United States"
"5419","Republic Bank","RBCAA","1440110208","73.44","United States"
"5420","Orchid Island Capital","ORC","1438961920","7.36","United States"
"5421","Bristow Group","VTOL","1438532480","49.28","United States"
"5422","Olema Pharmaceuticals","OLMA","1437218304","16.49","United States"
"5423","Deep Yellow","DYL.AX","1436201943","1.47223","Australia"
"5424","Vesuvius plc","VSVS.L","1435272245","5.82974","United Kingdom"
"5425","Robex Resources","RBX.V","1431819570","5.17961","Canada"
"5426","secunet","YSN.F","1430028145","221.041","Germany"
"5427","Innodata","INOD","1429289088","43.84","United States"
"5428","Willis Lease Finance Corporation","WLFC","1428928256","209.7","United States"
"5429","Wave Life Sciences","WVE","1428855168","7.59","Singapore"
"5430","ManpowerGroup","MAN","1428626816","30.73","United States"
"5431","Saudi Cement Company","3030.SR","1428244752","9.33493","Saudi Arabia"
"5432","ConnectOne Bancorp","CNOB","1428193280","28.4","United States"
"5433","Progyny","PGNY","1424279808","17.39","United States"
"5434","Land and Houses","LH.BK","1423923243","0.11916","Thailand"
"5435","Aica Kogyo Company","4206.T","1422796931","22.7258","Japan"
"5436","Osotspa","OSP.BK","1422283687","0.473503","Thailand"
"5437","Hokuriku Electric Power Company","9505.T","1421789920","6.80578","Japan"
"5438","Dole PLC","DOLE","1420808192","14.93","Ireland"
"5439","Devyani International","DEVYANI.NS","1420182287","1.15187","India"
"5440","Bank Danamon","BDMN.JK","1420176624","0.145308","Indonesia"
"5441","REX American Resources","REX","1419945088","43.11","United States"
"5442","Al Moammar Information Systems","7200.SR","1419432319","47.3144","Saudi Arabia"
"5443","TriMas","TRS","1417620480","37.65","United States"
"5444","Donnelley Financial Solutions","DFIN","1416519680","49.65","United States"
"5445","Novavax","NVAX","1415913344","8.69","United States"
"5446","Tandem Diabetes Care","TNDM","1415297408","20.66","United States"
"5447","Cadre Holdings, Inc.","CDRE","1413821952","33.09","United States"
"5448","SÜSS MicroTec","SMHN.DE","1412956339","73.9166","Germany"
"5449","Unipar Carbocloro","UNIP6.SA","1412893343","12.6578","Brazil"
"5450","Austal Limited","ASB.AX","1412441348","3.34662","Australia"
"5451","OVS S.p.A.","OVS.MI","1412381707","5.8047","Italy"
"5452","La-Z-Boy","LZB","1411539840","34.22","United States"
"5453","Phu Nhuan Jewelry (PNJ)","PNJ.VN","1409889408","4.13277","Vietnam"
"5454","JYP Entertainment","035900.KQ","1408404759","42.5075","South Korea"
"5455","Okumura Corporation","1833.T","1407610136","39.2411","Japan"
"5456","Adtran Networks","ADV.DE","1407542826","27.0398","Germany"
"5457","naturenergie holding","NEAG.SW","1407414125","42.4965","Switzerland"
"5458","Trident","TRIDENT.NS","1407279091","0.275878","India"
"5459","Noritsu Koki","7744.T","1406389814","13.1014","Japan"
"5460","Mercialys","MERY.PA","1406273103","15.0431","France"
"5461","Tennant Company","TNC","1405479552","78.05","United States"
"5462","Nomad Foods","NOMD","1404869760","9.58","United Kingdom"
"5463","Newag","NWG.WA","1402525724","31.1672","Poland"
"5464","National Company for Learning and Education","4291.SR","1401812640","32.6003","Saudi Arabia"
"5465","LOTTE Corporation","004990.KS","1401313140","19.5901","South Korea"
"5466","4imprint Group","FOUR.L","1401279017","49.9653","United Kingdom"
"5467","OC Oerlikon","OERL.SW","1399725179","4.28805","Switzerland"
"5468","Hino Motors","7205.T","1399297496","2.43761","Japan"
"5469","Ahlibank","ABOB.OM","1399099422","0.516883","Oman"
"5470","Wizz Air","WIZZ.L","1399070881","13.5227","Jersey"
"5471","Global Ship Lease","GSL","1397578880","38.91","United Kingdom"
"5472","Nittetsu Mining","1515.T","1397092041","17.7561","Japan"
"5473","Graphite India","GRAPHITE.NS","1396754199","7.14462","India"
"5474","Cardinal Energy","CJ.TO","1396151630","8.06446","Canada"
"5475","China Everbright Limited","0165.HK","1394630382","0.827549","Hong Kong"
"5476","YOOZOO Interactive","002174.SZ","1394083715","1.42281","China"
"5477","Jasa Marga","JSMR.JK","1393463881","0.191993","Indonesia"
"5478","Imdex Limited","IMD.AX","1393141932","2.72182","Australia"
"5479","Afya","AFYA","1392948992","15.5","Brazil"
"5480","Penguin Solutions","PENG","1392844160","26.5","United States"
"5481","Wavestone SA","WAVE.PA","1391664569","56.6773","France"
"5482","Industrie De Nora","DNR.MI","1391642653","7.00201","Italy"
"5483","Aegean Airlines","AEGN.AT","1391236844","15.5036","Greece"
"5484","Tianyu Digital Technology (Dalian)","002354.SZ","1390652959","0.840484","China"
"5485","Sanlorenzo","SL.MI","1390252775","39.2963","Italy"
"5486","Origin Bancorp","OBK","1389619584","44.85","United States"
"5487","GELEX Group Joint Stock Company","GEX.VN","1389520195","1.53981","Vietnam"
"5488","Glory Ltd.","6457.T","1389453288","26.3728","Japan"
"5489","Gilat Satellite Networks","GILT","1389420032","18.41","Israel"
"5490","Abu Dhabi National Hotels","ADNH.AE","1389327488","0.11","United Arab Emirates"
"5491","Sila Realty Trust","SILA","1388894208","25.14","United States"
"5492","Helix Energy Solutions","HLX","1387529216","9.42","United States"
"5493","The Foschini Group","TFG.JO","1387356600","4.31514","South Africa"
"5494","Tokai Carbon","5301.T","1386510686","6.494","Japan"
"5495","Saudi Real Estate Company (Al Akaria)","4020.SR","1385445836","3.69452","Saudi Arabia"
"5496","Novocure","NVCR","1384877824","12.17","Jersey"
"5497","Labrador Iron Ore Royalty Corp.","LIF.TO","1383327665","21.6145","Canada"
"5498","C3 AI","AI","1383172480","9.52","United States"
"5499","The National Agricultural Development Company","6010.SR","1382969020","4.58483","Saudi Arabia"
"5500","Taikisha","1979.T","1382910400","21.9511","Japan"
"5501","China Resources Building Materials Technology","1313.HK","1382256621","0.197948","Hong Kong"
"5502","Ingersoll Rand India","INGERRAND.NS","1382000676","43.5711","India"
"5503","Al Yah Satellite Communications Company","YAHSAT.AE","1381741539","0.57","United Arab Emirates"
"5504","InterRent Real Estate Investment Trust","IIP-UN.TO","1381174951","9.72543","Canada"
"5505","Precigen","PGEN","1380321792","3.9","United States"
"5506","Econergy Renewable Energy","ECNR.TA","1379511020","23.0957","Israel"
"5507","Cibus Nordic Real Estate","CIBUS.ST","1378220839","16.79","Sweden"
"5508","Thai Union Group","TU.BK","1378114447","0.357479","Thailand"
"5509","Sensirion Holding","SENS.SW","1375711498","88.4491","Switzerland"
"5510","Inabata &amp; Co.,Ltd.","8098.T","1375231399","25.7618","Japan"
"5511","Barloworld","BAW.JO","1372922800","7.36393","South Africa"
"5512","NexPoint Residential Trust","NXRT","1372654720","26.63","United States"
"5513","Prospect Capital","PSEC","1371887616","2.82","United States"
"5514","SKAN Group","SKAN.SW","1371332736","60.9928","Switzerland"
"5515","Enovix","ENVX","1370686208","6.31","United States"
"5516","i-80 Gold","IAUX","1370435712","1.61","United States"
"5517","Olaplex","OLPX","1370291712","2.04","United States"
"5518","Izumi Co., Ltd.","8273.T","1369671477","6.51919","Japan"
"5519","Zensar","ZENSARTECH.NS","1369656023","6.04025","India"
"5520","Loma Negra","LOMA","1369587968","11.4","Argentina"
"5521","Douglas Group","DOU.DE","1368756664","12.5871","Germany"
"5522","Serica Energy","SQZ.L","1367371248","3.5011","United Kingdom"
"5523","Bank Islam Malaysia","5258.KL","1365621938","0.602532","Malaysia"
"5524","IndiaMART","INDIAMART.NS","1365491599","22.7318","India"
"5525","Forbo Holding","FORN.SW","1364051675","961.292","Switzerland"
"5526","AMS-Osram","AMS.SW","1362716280","13.7858","Austria"
"5527","Ngern Tid Lor","TIDLOR.BK","1362149423","0.470367","Thailand"
"5528","iQIYI","IQ","1360684800","1.41","China"
"5529","Astec Industries","ASTE","1360283904","59.35","United States"
"5530","B.F. S.p.A.","BFG.MI","1359724117","5.19542","Italy"
"5531","Towa Pharmaceutical","4553.T","1359672574","27.62","Japan"
"5532","Healthcare Services Group","HCSG","1356973184","19.26","United States"
"5533","Winmark","WINA","1356593792","379.21","United States"
"5534","Sally Beauty Holdings","SBH","1355095040","13.79","United States"
"5535","Ameresco","AMRC","1354787456","25.62","United States"
"5536","Wacoal Holdings","3591.T","1352683146","27.3617","Japan"
"5537","Fox-Wizel","FOX.TA","1352323544","97.2626","Israel"
"5538","Ardent Health","ARDT","1350823040","9.44","United States"
"5539","Leon's Furniture","LNF.TO","1350261145","19.6038","Canada"
"5540","Shikoku Kasei Holdings Corp","4099.T","1348456444","31.1787","Japan"
"5541","Norconsult","NORCO.OL","1347715782","4.34326","Norway"
"5542","NCAB Group AB","NCAB.ST","1347286251","7.20585","Sweden"
"5543","ICF International","ICFI","1346929152","73.06","United States"
"5544","Sprinklr","CXM","1346356096","5.41","United States"
"5545","AS LHV Group","LHV1T.TL","1346260010","4.13272","Estonia"
"5546","Volex plc","VLX.L","1345815928","7.32789","United Kingdom"
"5547","Intercos","ICOS.MI","1343828327","14.2638","Italy"
"5548","Isras Investment Company","ISRS.TA","1342798349","272.803","Israel"
"5549","TripAdvisor","TRIP","1342107648","11.48","United States"
"5550","Forestar Group","FOR","1342024192","26.37","United States"
"5551","Dar Global","DAR.L","1341160960","7.45","United Kingdom"
"5552","VIEL &amp; Cie","VIL.PA","1339985456","21.2776","France"
"5553","Lindab International","LIAB.ST","1338495416","17.3749","Sweden"
"5554","Atresmedia Corporación de Medios de Comunicación, S.A.","A3M.MC","1337404145","5.93931","Spain"
"5555","Terveystalo","TTALO.HE","1336990174","10.5561","Finland"
"5556","Perpetual Limited","PPT.AX","1336785069","11.5588","Australia"
"5557","Dorchester Minerals","DMLP","1336676096","27.7","United States"
"5558","Carter's","CRI","1336069888","36.23","United States"
"5559","SHIFT UP","462870.KS","1335724186","23.0193","South Korea"
"5560","Pulse Biosciences","PLSE","1335645568","19.645","United States"
"5561","Maze Therapeutics","MAZE","1334677376","26.85","United States"
"5562","u-blox","UBXN.SW","1334168760","172.802","Switzerland"
"5563","Sterlite Technologies","STLTECH.NS","1334139672","2.73315","India"
"5564","Gulf Cable and Electrical Industries Company - KPSC","CABLE.KW","1333897831","6418.03","Kuwait"
"5565","Afcons Infrastructure","AFCONS.NS","1330698568","3.61815","India"
"5566","Ali Al-Ghanim Sons Automotive Company","ALG.KW","1330684132","3697.1","Kuwait"
"5567","REE (Refrigeration Electrical Engineering Corporation)","REE.VN","1330377352","2.45609","Vietnam"
"5568","Ramsay Générale de Santé","GDS.PA","1329280702","12.0439","France"
"5569","Centuria Industrial REIT","CIP.AX","1327292781","2.12575","Australia"
"5570","Engineers India","ENGINERSIN.NS","1326161286","2.35767","India"
"5571","World Kinect","WKC","1325632384","23.86","United States"
"5572","Deluxe Corporation","DLX","1322379008","28.94","United States"
"5573","Spin Master","TOY.TO","1322364736","13.1931","Canada"
"5574","Energizer Holdings","ENR","1321355776","19.27","United States"
"5575","Macmahon Holdings","MAH.AX","1318573669","0.611871","Australia"
"5576","Takuma Co., Ltd.","6013.T","1317978521","17.5987","Japan"
"5577","Ladder Capital","LADR","1317776512","10.35","United States"
"5578","Develia","DVL.WA","1317507119","2.84352","Poland"
"5579","Phoenix Group","PHX.AE","1317467654","0.22","United Arab Emirates"
"5580","Blue Dart Express","BLUEDART.NS","1315230684","55.4296","India"
"5581","Koh Young Technology","098460.KQ","1315226409","19.9297","South Korea"
"5582","Freightways","FRW.NZ","1315065601","7.34938","New Zealand"
"5583","Navigator Holdings","NVGS","1314796416","20.15","United Kingdom"
"5584","IRSA Inversiones y Representaciones","IRS","1314636800","16.02","Argentina"
"5585","Wendy’s","WEN","1314217088","6.9","United States"
"5586","NTN Corporation","6472.T","1313994027","2.21023","Japan"
"5587","NTT UD REIT Investment Corporation","8956.T","1313219625","894.421","Japan"
"5588","Zenas BioPharma","ZBIO","1312704512","21.05","United States"
"5589","Playtika","PLTK","1312496768","3.46","Israel"
"5590","Yamama Saudi Cement Company","3020.SR","1311135616","6.47474","Saudi Arabia"
"5591","CBL Properties","CBL","1310899584","42.32","United States"
"5592","Develop Global Limited","DVP.AX","1309325164","3.96783","Australia"
"5593","Laurentian Bank of Canada","LB.TO","1309025485","29.2783","Canada"
"5594","Lindblad Expeditions","LIND","1308302336","20.05","United States"
"5595","Kainos Group","KNOS.L","1308288118","11.1886","United Kingdom"
"5596","Modern Times Group (MTG)","MTG-B.ST","1308228502","10.8798","Sweden"
"5597","CVR Partners","UAN","1307886976","123.74","United States"
"5598","Abacus Storage King","ASK.AX","1307072099","0.99465","Australia"
"5599","Regis Healthcare","REG.AX","1306118293","4.31972","Australia"
"5600","UMH Properties","UMH","1304029312","15.3","United States"
"5601","Trinity Capital","TRIN","1303350912","15.67","United States"
"5602","Electrica","ECEA.F","1303043195","15.3501","Romania"
"5603","SRG Global Limited","SRG.AX","1302728584","2.07907","Australia"
"5604","Puuilo","PUUILO.HE","1302727011","15.5154","Finland"
"5605","ArriVent BioPharma","AVBP","1299969792","29.41","United States"
"5606","EPIC Suisse","EPIC.SW","1299446851","115.969","Switzerland"
"5607","Siam City Cement (INSEE)","SCCC.BK","1298902506","4.35873","Thailand"
"5608","Lightspeed Commerce","LSPD","1298866944","9.46","Canada"
"5609","Vivara","VIVA3.SA","1298835589","5.52527","Brazil"
"5610","TOWA Corporation","6315.T","1298157907","17.3026","Japan"
"5611","FirstGroup","FGP.L","1297919127","2.38971","United Kingdom"
"5612","Westamerica Bancorporation","WABC","1297855744","53.3","United States"
"5613","Kuwait Real Estate Company (AQARAT)","KRE.KW","1297790810","1066.97","Kuwait"
"5614","TS TECH","7313.T","1296916945","11.0984","Japan"
"5615","Trulieve Cannabis","TRUL.CN","1295879163","6.73859","United States"
"5616","BLS International","BLS.NS","1295865044","3.14766","India"
"5617","Yodogawa Steel Works","5451.T","1294383835","8.85602","Japan"
"5618","edenor","EDN","1294095488","27.56","Argentina"
"5619","Metro Bank Holdings","MTRO.L","1293893761","1.92153","United Kingdom"
"5620","Savers Value Village","SVV","1293563264","8.28","United States"
"5621","Kuros Biosciences","KURN.SW","1293297119","32.9476","Switzerland"
"5622","Planisware","PLNW.PA","1292855187","18.6563","France"
"5623","MoonLake Immunotherapeutics","MLTX","1292536320","18.02","Switzerland"
"5624","Fever-Tree Drinks","FEVR.L","1291608069","11.2157","United Kingdom"
"5625","UP Fintech (Tiger Brokers)","TIGR","1290708096","7.23","China"
"5626","Specialized Medical Company","4019.SR","1288151503","5.15261","Saudi Arabia"
"5627","Maravai LifeSciences","MRVI","1287129600","3.5","United States"
"5628","Musashi Seimitsu Industry","7220.T","1285999266","19.6206","Japan"
"5629","D/S Norden (Dampskibsselskabet Norden)","DNORD.CO","1285944018","45.5846","Denmark"
"5630","Simplex Holdings","4373.T","1284996383","5.74445","Japan"
"5631","Reliance Power","RPOWER.NS","1283310202","0.310295","India"
"5632","Corbion","CRBN.AS","1281955161","22.2458","Netherlands"
"5633","NPK International","NPKI","1281443456","15.16","United States"
"5634","Generation Development Group","GDG.AX","1279494807","3.1994","Australia"
"5635","Lincoln Educational Services","LINC","1279302912","40.13","United States"
"5636","Resolute Holdings Management","RHLD","1276974208","150.22","United States"
"5637","Suburban Propane Partners","SPH","1276881024","19.25","United States"
"5638","Magellan Financial Group","MFG.AX","1276751694","6.87278","Australia"
"5639","XPEL","XPEL","1275589376","46.21","United States"
"5640","Orora Limited","ORA.AX","1273346358","1.03918","Australia"
"5641","Ryman Healthcare","RYM.NZ","1273189554","1.25347","New Zealand"
"5642","Hongkong and Shanghai Hotels","0045.HK","1273033920","0.763695","Hong Kong"
"5643","IDT Corporation","IDT","1272869376","50.76","United States"
"5644","ProAssurance","PRA","1272646528","24.66","United States"
"5645","Universal Corporation","UVV","1271347456","51.01","United States"
"5646","Kier Group","KIE.L","1270275343","2.90401","United Kingdom"
"5647","Pigeon","7956.T","1269678010","10.6134","Japan"
"5648","ADTRAN","ADTN","1269382784","15.73","United States"
"5649","Corvus Pharmaceuticals","CRVS","1269125248","15.11","United States"
"5650","Trustpilot Group","TRST.L","1266930006","3.27584","Denmark"
"5651","Fortune REIT","0778.HK","1266554369","0.614277","Hong Kong"
"5652","Indian Energy Exchange","IEX.NS","1266356154","1.42399","India"
"5653","ASA Gold and Precious Metals","ASA","1265368832","67.35","United States"
"5654","NANO Nuclear Energy","NNE","1265100928","24.29","United States"
"5655","Zigup","ZIG.L","1264516645","5.55698","United Kingdom"
"5656","Bilia AB","BILI-A.ST","1264029115","13.6572","Sweden"
"5657","Frequentis","FQT.VI","1262921792","95.1706","Austria"
"5658","Global Industrial Company","GIC","1262217600","32.79","United States"
"5659","Société de la Tour Eiffel","EIFF.PA","1261422262","9.49345","France"
"5660","Kelt Exploration","KEL.TO","1258870603","6.27236","Canada"
"5661","Macquarie Technology Group","MAQ.AX","1257914381","48.8061","Australia"
"5662","DBV Technologies","DBVT","1257636096","21.25","France"
"5663","Pharming Group","PHAR","1257129088","17.8","Netherlands"
"5664","Medartis Holding","MED.SW","1255638177","100.993","Switzerland"
"5665","TF Bank AB","TFBANK.ST","1255483942","19.4197","Sweden"
"5666","Amalgamated Financial","AMAL","1254009344","42.01","United States"
"5667","G-III Apparel Group","GIII","1253865600","29.72","United States"
"5668","CAMGSM Plc. (Cellcard)","CGSM.KH","1253620095","0.64","Cambodia"
"5669","Qassim Cement Company","3040.SR","1253404287","11.4194","Saudi Arabia"
"5670","Kissei Pharmaceutical","4547.T","1251969560","30.2024","Japan"
"5671","Superloop Limited","SLC.AX","1251252534","2.43097","Australia"
"5672","Jinko Solar","JKS","1251022080","24.22","China"
"5673","Dream Finders Homes","DFH","1249406080","13.47","United States"
"5674","Eastman Kodak Company","KODK","1249389696","12.8","United States"
"5675","The RealReal","REAL","1249319424","10.5","United States"
"5676","EL.En. S.p.A. (Elen Group)","ELN.MI","1249125707","15.5863","Italy"
"5677","AGI Inc (Agibank)","AGBK","1249053824","7.81","Brazil"
"5678","Caisse Régionale de Crédit Agricole Mutuel Alpes Provence","CRAP.PA","1248262701","168.025","France"
"5679","Alexander's, Inc.","ALX","1247251584","244.21","United States"
"5680","Nordic American Tankers","NAT","1247211392","5.89","Bermuda"
"5681","Redox Limited","RDX.AX","1246288346","2.37351","Australia"
"5682","WaterBridge Infrastructure","WBI","1245925632","26.5","United States"
"5683","Princes Group plc","PRN.L","1244582710","5.0861","United Kingdom"
"5684","Progress Software","PRGS","1244264448","29.57","United States"
"5685","Retail Estates NV","RET.BR","1243769703","82.7725","Belgium"
"5686","Melco International Development","0200.HK","1243447135","0.546591","Hong Kong"
"5687","Frey SA","FREY.PA","1243078542","38.9656","France"
"5688","Sinarmas Land","A26.SI","1242348621","0.291963","Singapore"
"5689","Summerset Holdings","SUM.NZ","1240865638","5.11441","New Zealand"
"5690","Leejam Sports Company","1830.SR","1239362945","23.6972","Saudi Arabia"
"5691","Daiseki","9793.T","1237543441","26.1712","Japan"
"5692","Butterfly Network","BFLY","1237515776","4.86","United States"
"5693","Genius Sports","GENI","1237373312","4.81","United Kingdom"
"5694","thyssenkrupp nucera","NCH2.DE","1235706413","9.78274","Germany"
"5695","Distribution Solutions Group","DSGR","1235648256","26.75","United States"
"5696","Spinneys","SPINNEYS.AE","1234957767","0.343044","United Arab Emirates"
"5697","Srisawad Corporation","SAWAD.BK","1234798243","0.74318","Thailand"
"5698","ARB Corporation Limited","ARB.AX","1234645765","14.7941","Australia"
"5699","Judo Capital Holdings","JDO.AX","1232047892","1.09878","Australia"
"5700","Domino's Pizza Enterprises (Australia)","DMP.AX","1231786183","13.0202","Australia"
"5701","Mullen Group","MTL.TO","1231680824","12.8507","Canada"
"5702","IperionX","IPX","1230904576","33.72","United States"
"5703","Alma Media","ALMA.HE","1230539182","14.9368","Finland"
"5704","Saudi Reinsurance Company","8200.SR","1228480129","7.23444","Saudi Arabia"
"5705","Altareit","AREIT.PA","1228382422","702.562","France"
"5706","Norion Bank","NORION.ST","1228199159","6.47161","Sweden"
"5707","RLJ Lodging Trust","RLJ","1227622528","8.04","United States"
"5708","Brim hf.","BRIM.IC","1227428717","0.637493","Iceland"
"5709","Plejd AB","PLEJD.ST","1224783818","109.564","Sweden"
"5710","STAAR Surgical","STAA","1224450176","24.73","United States"
"5711","Versamet Royalties Corporation","VMET","1224429312","11.59","Canada"
"5712","BlackSky Technology","BKSY","1223788544","33.08","United States"
"5713","Guardian Capital Group","GCG.TO","1223493688","49.5159","Canada"
"5714","Easterly Government Properties","DEA","1223448704","23.24","United States"
"5715","HEG","HEG.NS","1222326239","6.33403","India"
"5716","Oppenheimer Holdings","OPY","1221697792","114.1","United States"
"5717","LuxExperience","LUXE","1221628160","8.9","Germany"
"5718","Mainstreet Equity","MEQ.TO","1221456042","131.202","Canada"
"5719","Inhibrx Biosciences","INBX","1221075200","83.595","United States"
"5720","EyePoint Pharmaceuticals","EYPT","1220609408","14.63","United States"
"5721","MapLight Therapeutics","MPLT","1220534528","26.9","United States"
"5722","Vestis","VSTS","1220527616","9.25","United States"
"5723","Iino Kaiun Kaisha","9119.T","1220224049","11.533","Japan"
"5724","Sipef","SIP.BR","1218981699","117.015","Belgium"
"5725","KITZ Corporation","6498.T","1218776174","14.021","Japan"
"5726","ARCS Company Limited","9948.T","1218224062","22.8644","Japan"
"5727","Pakistan Tobacco Company","PAKT.PK","1217769083","4.76634","Pakistan"
"5728","CONMED","CNMD","1216074624","39.44","United States"
"5729","Allied Group Limited","0373.HK","1216048447","0.346089","Hong Kong"
"5730","Peoples Bancorp","PEBO","1215441152","33.84","United States"
"5731","Papa John's Pizza","PZZA","1214996864","36.94","United States"
"5732","Advantage Energy","AAV.TO","1214870432","7.24126","Canada"
"5733","Tokai Tokyo Financial Holdings","8616.T","1214216967","4.82483","Japan"
"5734","Birchcliff Energy","BIR.TO","1213787548","4.4074","Canada"
"5735","Dor Alon Energy In Israel","DRAL.TA","1213489042","76.6737","Israel"
"5736","Fnac Darty","FNAC.PA","1213256461","41.6814","France"
"5737","Shoals Technologies","SHLS","1212990336","7.23","United States"
"5738","Kuwait Projects Company Holding","KPROJ.KW","1212252271","266.256","Kuwait"
"5739","Fiskars","FSKRS.HE","1211058893","15.0195","Finland"
"5740","Nestle Pakistan","NESTLE.PK","1210991236","26.7035","Pakistan"
"5741","Vietcap Securities","VCI.VN","1210815528","1.05505","Vietnam"
"5742","MAAS Group Holdings","MGH.AX","1210542384","3.35021","Australia"
"5743","PureCycle Technologies","PCT","1209052160","6.69","United States"
"5744","BitGo","BTGO","1207998976","10.45","United States"
"5745","Tompkins Financial","TMP","1207357056","83.76","United States"
"5746","Avino Silver &amp; Gold Mines","ASM","1206970624","7.16","Canada"
"5747","PROG Holdings","PRG","1206558080","30.12","United States"
"5748","Saga","SAGA.L","1205308887","8.37279","United Kingdom"
"5749","Toagosei","4045.T","1204573790","11.3283","Japan"
"5750","GemLife Communities Group","GLF.AX","1204403770","3.16708","Australia"
"5751","Hapvida","HAPV3.SA","1204358978","2.53517","Brazil"
"5752","Merlin, Inc.","MRLN","1204116608","14.29","United States"
"5753","Mezzan Holding Company","MEZZAN.KW","1201464011","3859.25","Kuwait"
"5754","Clear Channel Outdoor","CCO","1201356160","2.41","United States"
"5755","Savara","SVRA","1201339520","5.87","United States"
"5756","Community Trust Bancorp","CTBI","1200673536","66.15","United States"
"5757","Allient","ALNT","1200116096","70.52","United States"
"5758","Ingenia Communities Group","INA.AX","1200108699","2.94445","Australia"
"5759","Cobram Estate Olives","CBO.AX","1200029644","2.50637","Australia"
"5760","Ricoh Leasing Company","8566.T","1199878051","38.9262","Japan"
"5761","Bitfarms","BITF","1199686528","1.98","Canada"
"5762","AMAG Austria Metall","AM8.F","1199200870","34.0064","Austria"
"5763","DFDS A/S","DFDS.CO","1198735126","22.1921","Denmark"
"5764","Elementis","ELM.L","1197418480","2.10337","United Kingdom"
"5765","Al-Dawaa Medical Services Company","4163.SR","1196321506","14.0744","Saudi Arabia"
"5766","Vizsla Silver","VZLA","1195286144","3.42","Canada"
"5767","Kumho Tire","073240.KS","1193764354","4.15569","South Korea"
"5768","BMV (Bolsa Mexicana de Valores)","BOLSAA.MX","1193700662","2.15359","Mexico"
"5769","Zeal Network","TIMA.F","1193396812","56.5592","Germany"
"5770","Edelweiss Financial Services","EDELWEISS.NS","1193294116","1.25973","India"
"5771","Al-Babtain Power and Telecommunications","2320.SR","1193199555","18.6592","Saudi Arabia"
"5772","R&S Group","RSGN.SW","1192696268","32.1028","Switzerland"
"5773","Idorsia","IDIA.SW","1192477784","4.6951","Switzerland"
"5774","Inventiva Pharma","IVA","1191899008","5.74","France"
"5775","Carabao Group","CBG.BK","1191596167","1.1916","Thailand"
"5776","Silex Systems Limited","SLX.AX","1191198568","4.28023","Australia"
"5777","Mitani Corporation","8066.T","1190963249","14.2414","Japan"
"5778","QuidelOrtho","QDEL","1190750080","17.49","United States"
"5779","IRadimed","IRMD","1189417856","93.05","United States"
"5780","StorageVault Canada","SVI.TO","1188032850","3.24909","Canada"
"5781","GasLog","GLOP-PA","1187164032","25.87","Greece"
"5782","Nabors Industries","NBR","1186180352","80.84","Bermuda"
"5783","Trainline","TRN.L","1184874876","3.22427","United Kingdom"
"5784","Dicker Data","DDR.AX","1183145355","6.53524","Australia"
"5785","MBB SE","MBB.DE","1182622308","222.458","Germany"
"5786","Zad Holding Company","ZHCD.QA","1182047474","4.11264","Qatar"
"5787","PCBL Limited","PCBL.NS","1181957191","3.00399","India"
"5788","Trupanion","TRUP","1181300608","27.2","United States"
"5789","Cogent Communications","CCOI","1178908672","23.53","United States"
"5790","Kestra Medical Technologies","KMTS","1178557952","20.19","United States"
"5791","Lucky Strike Entertainment","LUCK","1178532736","8.44","United States"
"5792","Vulcan Energy Resources","VUL.AX","1177211733","2.46328","Australia"
"5793","Five9","FIVN","1176022784","15.36","United States"
"5794","Altri","ALTR.LS","1175952675","5.73267","Portugal"
"5795","Plazza AG","PLAN.SW","1173787824","567.047","Switzerland"
"5796","Aedas Homes","AEDAS.MC","1173059412","27.0398","Spain"
"5797","Compañía de Acero del Pacífico","CAP.SN","1172003231","7.84221","Chile"
"5798","Pagaya Technologies","PGY","1171875328","14.2","Israel"
"5799","Bonheur ASA","BONHR.OL","1171827368","27.5517","Norway"
"5800","Arriyadh Development Company","4150.SR","1171057243","5.006","Saudi Arabia"
"5801","Yurtec Corporation","1934.T","1170302289","17.0381","Japan"
"5802","AbCellera","ABCL","1170199424","3.86","Canada"
"5803","Growthpoint Properties Australia","GOZ.AX","1170091644","1.55122","Australia"
"5804","Tsakos Energy Navigation","TEN","1169553536","38.82","Greece"
"5805","Gr. Sarantis S.A.","SAR.AT","1168848743","18.3493","Greece"
"5806","Array Technologies","ARRY","1167727872","7.63","United States"
"5807","Two Harbors Investment","TWO","1167029888","11.11","United States"
"5808","Rosetti Marino","YRM.MI","1166607647","307.002","Italy"
"5809","Pursuit Attractions and Hospitality","PRSU","1166401792","41.24","United States"
"5810","U.S. Physical Therapy, Inc.","USPH","1165699712","76.67","United States"
"5811","American Bitcoin Corp","ABTC","1165033216","1.1","United States"
"5812","Willdan Group","WLDN","1164749824","78.72","United States"
"5813","Energy Resources of Australia","ERA.AX","1164555318","0.00287263","Australia"
"5814","Septerna","SEPN","1164422400","25.93","United States"
"5815","OCB (Orient Commercial Joint Stock Bank)","OCB.VN","1164363954","0.437229","Vietnam"
"5816","Caisse régionale de Crédit Agricole Mutuel Atlantique Vendée","CRAV.PA","1164126315","157.728","France"
"5817","Japan Securities Finance","8511.T","1163499960","14.3296","Japan"
"5818","Sinclair, Inc.","SBGI","1163093120","16.24","United States"
"5819","Action Construction Equipment","ACE.NS","1163032570","9.77151","India"
"5820","Dan Hotels","DANH.TA","1162984508","10.0605","Israel"
"5821","Elco Ltd.","ELCO.TA","1161979298","44.2528","Israel"
"5822","Precision Drilling Corporation","PDS","1161568768","89.33","Canada"
"5823","Jazeera Airways","JAZEERA.KW","1161339736","5295.93","Kuwait"
"5824","Al Hammadi Holding Company","4007.SR","1160069339","7.25043","Saudi Arabia"
"5825","Youdao","DAO","1159821696","9.7","China"
"5826","JVCKENWOOD Corporation","6632.T","1159457675","8.12537","Japan"
"5827","First Mid-Illinois Bancshares","FMBH","1158018176","43.47","United States"
"5828","Saul Centers","BFS","1156697472","33.52","United States"
"5829","Eckert &amp; Ziegler","EUZ.F","1155575374","18.4674","Germany"
"5830","Wolfspeed","WOLF","1155293440","23.9","United States"
"5831","Avanos Medical","AVNS","1153785472","24.72","United States"
"5832","Diversified Energy","DEC.L","1153044882","15.6871","United States"
"5833","Tetra Technologies","TTI","1152707712","8.52","United States"
"5834","ORIC Pharmaceuticals","ORIC","1151435904","10.28","United States"
"5835","Waypoint REIT","WPR.AX","1151420530","1.76308","Australia"
"5836","CVS Group","CVSG.L","1151013831","16.4063","United Kingdom"
"5837","Whirlpool India","WHIRLPOOL.NS","1150524368","9.06493","India"
"5838","Precinct Properties","PCT.NZ","1150293739","0.620824","New Zealand"
"5839","Jefferson Capital","JCAP","1150292480","20.79","United States"
"5840","Lifenet Insurance Company","7157.T","1150234618","14.317","Japan"
"5841","Celesc (Centrais Elétricas de Santa Catarina)","CLSC4.SA","1149850545","29.8108","Brazil"
"5842","Azenta","AZTA","1149235200","24.95","United States"
"5843","ProSiebenSat.1 Media","PSM.F","1149076755","4.93565","Germany"
"5844","Preferred Bank","PFBC","1149061120","94.34","United States"
"5845","Evotec","EVO","1148986368","3.21","Germany"
"5846","Bank Jago","ARTO.JK","1148639743","0.0828665","Indonesia"
"5847","Lassonde Industries","LAS-A.TO","1146817798","168.115","Canada"
"5848","Rupert Resources","RUP.TO","1145699200","4.86636","Canada"
"5849","Finolex Industries","FINPIPE.NS","1143469038","1.84933","India"
"5850","Elders Limited","ELD.AX","1142900801","5.32874","Australia"
"5851","BrightView","BV","1142646016","12.13","United States"
"5852","Alvotech","ALVO","1142096768","3.66","Iceland"
"5853","Kingsgate Consolidated Limited","KCN.AX","1141920888","4.27304","Australia"
"5854","Old Second Bancorp","OSBC","1141809792","21.67","United States"
"5855","Chimera Investment Corporation","CIM","1140946560","13.68","United States"
"5856","Mahanagar Gas","MGL.NS","1140753801","11.5487","India"
"5857","Evolv Technologies","EVLV","1140670720","6.36","United States"
"5858","Cyient","CYIENT.NS","1139590780","10.321","India"
"5859","Stepan Company","SCL","1139283968","50.21","United States"
"5860","Gulf International Services","GISS.QA","1138530569","0.612637","Qatar"
"5861","Chow Sang Sang Holdings","0116.HK","1138342352","1.69469","Hong Kong"
"5862","Hemnet Group AB","HEM.ST","1138291549","12.3232","Sweden"
"5863","GL Events SA","GLO.PA","1137762002","38.7885","France"
"5864","H.U. Group Holdings","4544.T","1137376291","20.093","Japan"
"5865","Aichi Steel","5482.T","1135925630","17.7435","Japan"
"5866","Budget Saudi (United International Transportation Company)","4260.SR","1135849957","10.865","Saudi Arabia"
"5867","Mader Group Limited","MAD.AX","1135335339","5.58009","Australia"
"5868","Great Lakes Dredge &amp; Dock Corp.","GLDD","1135273600","17","United States"
"5869","I.D.I. Insurance Company","IDIN.TA","1134678706","76.7405","Israel"
"5870","Ominvest","OMVS.OM","1134519958","1.01039","Oman"
"5871","Noritake","5331.T","1134472801","20.6284","Japan"
"5872","Infortar","INF1T.TL","1133979586","54.9061","Estonia"
"5873","Sakata Seed","1377.T","1133938336","26.8326","Japan"
"5874","BKS Bank","BKS.VI","1133526017","24.7963","Austria"
"5875","Pets at Home","PETS.L","1133295328","2.5634","United Kingdom"
"5876","engcon AB","ENGCON-B.ST","1132896972","7.43547","Sweden"
"5877","Abu Dhabi National Insurance Company","ADNIC.AE","1132861391","1.99","United Arab Emirates"
"5878","Collegium Pharmaceutical","COLL","1131975424","34.93","United States"
"5879","Scandi Standard AB","SCST.ST","1131848154","17.3421","Sweden"
"5880","Vedant Fashions","MANYAVAR.NS","1131552403","4.65711","India"
"5881","Neuren Pharmaceuticals","NEU.AX","1131489685","8.94467","Australia"
"5882","ARIAKE JAPAN","2815.T","1131453316","35.5249","Japan"
"5883","M.P. Evans Group PLC","MPE.L","1131448918","21.6851","United Kingdom"
"5884","United Real Estate Company","URC.KW","1130621500","826.982","Kuwait"
"5885","NeoGenomics","NEO","1129648512","8.68","United States"
"5886","Gibraltar Industries","ROCK","1129191552","38.07","United States"
"5887","Beijing Airport","0694.HK","1128661603","0.246477","China"
"5888","KDH (Khang Dien House Trading and Investment)","KDH.VN","1128529541","1.00563","Vietnam"
"5889","Clover Health Investments","CLOV","1128034688","2.15","United States"
"5890","TOMONY Holdings","8600.T","1127818665","5.87042","Japan"
"5891","Electra Real Estate","ELCRE.TA","1127805664","17.4972","Israel"
"5892","Nine Entertainment Co. Holdings","NEC.AX","1127440511","0.710977","Australia"
"5893","Tadano","6395.T","1124594950","8.90011","Japan"
"5894","Monex Group","8698.T","1124124262","4.4721","Japan"
"5895","ProFrac","ACDC","1123517824","6.21","United States"
"5896","International General Insurance Holdings Ltd.","IGIC","1123496320","26.02","Jordan"
"5897","Commercial Real Estate Company (Kuwait)","ALTIJARIA.KW","1123214644","625.912","Kuwait"
"5898","Marten Transport","MRTN","1121850624","13.75","United States"
"5899","Nikkiso Co., Ltd.","6376.T","1119796220","17.1578","Japan"
"5900","Canfor","CFP.TO","1118966801","9.53602","Canada"
"5901","Lindsay Corporation","LNN","1118754304","107.01","United States"
"5902","Bombay Burmah","BBTC.NS","1118104018","16.0251","India"
"5903","Vetoquinol","VETO.PA","1117724463","94.4622","France"
"5904","Union Coop","UNIONCOOP.AE","1116822657","0.639804","United Arab Emirates"
"5905","Canada Goose","GOOS","1116005888","11.49","Canada"
"5906","NS United Kaiun Kaisha","9110.T","1114736397","47.3035","Japan"
"5907","Heritage Financial","HFWA","1113830144","27.08","United States"
"5908","Sedlmayr Grund und Immobilien AG","SPB.F","1109776190","1511.39","Germany"
"5909","Oakley Capital Investments","OCI.L","1109515544","6.67652","Bermuda"
"5910","Makhazen","MKHZN.KW","1109174287","434.571","Kuwait"
"5911","Harmonic Inc.","HLIT","1108862848","9.88","United States"
"5912","Metropolitan Bank Holding","MCB","1108836736","89.21","United States"
"5913","MillerKnoll","MLKN","1107670784","16.2","United States"
"5914","LegalZoom","LZ","1106166400","6.24","United States"
"5915","InnovAge","INNV","1105950592","8.15","United States"
"5916","Lenzing","LEN.F","1105786864","28.6338","Austria"
"5917","Centerspace","CSR","1105556352","62.44","United States"
"5918","Safehold","SAFE","1104675072","15.38","United States"
"5919","HSC (Ho Chi Minh City Securities Corporation)","HCM.VN","1104510445","1.02274","Vietnam"
"5920","Deyaar Development","DEYAAR.AE","1104383692","0.252382","United Arab Emirates"
"5921","HTC Corporation","2498.TW","1104186609","1.32067","Taiwan"
"5922","Alkhorayef Water and Power Technologies Company","2081.SR","1101825943","31.4807","Saudi Arabia"
"5923","Takara Standard","7981.T","1101233802","17.416","Japan"
"5924","Jupiter Fund Management","JUP.L","1100809972","2.19294","United Kingdom"
"5925","Safety Insurance","SAFT","1100264064","74.93","United States"
"5926","Aavas Financiers","AAVAS.NS","1099586071","13.8636","India"
"5927","Upbound Group","UPBD","1099585024","18.92","United States"
"5928","Yalla Group","YALA","1099371136","6.92","United Arab Emirates"
"5929","Mani, Inc.","7730.T","1098802652","11.1551","Japan"
"5930","Life Healthcare Group","LHC.JO","1098475600","0.767612","South Africa"
"5931","Polenergia","PEP.WA","1097868598","14.2176","Poland"
"5932","RITES","RITES.NS","1097031484","2.28261","India"
"5933","Viridien","VIRI.PA","1096737918","152.556","France"
"5934","Prosegur Cash","CASH.MC","1096675044","0.749793","Spain"
"5935","Hagar hf.","HAGA.IC","1096403505","1.00345","Iceland"
"5936","Pacific Industrial","7250.T","1095252313","18.9907","Japan"
"5937","OceanFirst Financial","OCFC","1094656384","19.07","United States"
"5938","Pacific Century Regional Developments","P15.SI","1093933420","0.413344","Singapore"
"5939","MasterBrand","MBC","1092995200","8.57","United States"
"5940","Arvind","ARVIND.NS","1092261439","4.16711","India"
"5941","Teekay","TK","1091673856","12.58","Canada"
"5942","USA TODAY Co.","TDAY","1090075776","7.41","United States"
"5943","Voltalia","VLTSA.PA","1089849133","8.32448","France"
"5944","Aussie Broadband Limited","ABB.AX","1089336599","3.71288","Australia"
"5945","Gamma Communications","GAMA.L","1088025883","11.9526","United Kingdom"
"5946","MPC Container Ships","MPCC.OL","1087219004","2.45035","Norway"
"5947","South Indian Bank","SOUTHBANK.NS","1086420074","0.415049","India"
"5948","Simply Good Foods","SMPL","1084982016","11.72","United States"
"5949","TOCALO Co.,Ltd.","3433.T","1083278604","18.2159","Japan"
"5950","Geron","GERN","1083121664","1.69","United States"
"5951","Ituran","ITRN","1082210816","54.4","Israel"
"5952","Radware","RDWR","1081949952","24.91","Israel"
"5953","Vitec Software Group","VIT-B.ST","1081084782","27.3144","Sweden"
"5954","ATRenew","RERE","1080875392","4.88","China"
"5955","Eurowag (W.A.G payment solutions)","EWG.L","1080581445","1.56057","United Kingdom"
"5956","BTS Group","BTS.BK","1079985623","0.0671057","Thailand"
"5957","Al Majed for Oud Company","4165.SR","1079568170","43.1827","Saudi Arabia"
"5958","Olectra Greentech","OLECTRA.NS","1079407520","13.1506","India"
"5959","Dexco","DXCO3.SA","1078670355","1.18842","Brazil"
"5960","uniQure","QURE","1078632320","17.25","Netherlands"
"5961","Caisse Régionale de Crédit Agricole Mutuel Sud Rhône Alpes","CRSU.PA","1078059651","237.336","France"
"5962","Creades AB","CRED-A.ST","1077744396","7.93846","Sweden"
"5963","Knowledge Economic City Company","4310.SR","1077185933","3.17473","Saudi Arabia"
"5964","Redcare Pharmacy","RDC.DE","1076855599","52.7807","Netherlands"
"5965","Montepino Logística","MLMTP.PA","1076246658","12.5162","Spain"
"5966","Green Plains","GPRE","1076216576","15.41","United States"
"5967","Orient Corporation","8585.T","1076100529","6.28614","Japan"
"5968","Arafura Rare Earths","ARU.AX","1075525523","0.229811","Australia"
"5969","Fatima Fertilizer","FATIMA.PK","1075205416","0.512003","Pakistan"
"5970","Seneca Foods","SENEA","1073512448","156.01","United States"
"5971","Pilot Corporation","7846.T","1073205811","30.593","Japan"
"5972","Pantoro Limited","PNR.AX","1072939784","2.729","Australia"
"5973","Siam Global House","GLOBAL.BK","1071564162","0.191283","Thailand"
"5974","Pet Valu","PET.TO","1071422943","15.5534","Canada"
"5975","Sun Hung Kai &amp; Co.","0086.HK","1070342178","0.545314","Hong Kong"
"5976","United Arab Bank","UAB.AE","1069741052","0.35","United Arab Emirates"
"5977","Northern Dynasty Minerals","NAK","1069579328","1.91","Canada"
"5978","Mixi","2121.T","1069100368","16.4208","Japan"
"5979","Xeris Pharmaceuticals","XERS","1069073984","6.2","United States"
"5980","KalVista Pharmaceuticals","KALV","1068501120","20.86","United States"
"5981","Toyo Construction","1890.T","1067163763","11.3574","Japan"
"5982","Major Drilling Group International","MDI.TO","1066850083","12.9891","Canada"
"5983","Megaport Limited","MP1.AX","1066430716","5.79913","Australia"
"5984","Tosei Corporation","8923.T","1065210713","10.985","Japan"
"5985","POET Technologies","POET","1064396928","6.97","Canada"
"5986","American Public Education","APEI","1064164672","57.8","United States"
"5987","Ceres Power","CWR.L","1061664252","5.44978","United Kingdom"
"5988","Komeri Co.,Ltd.","8218.T","1061326115","22.6125","Japan"
"5989","Vesuvius India","VESUVIUS.NS","1060884918","5.2227","India"
"5990","The Pennant Group","PNTG","1059940544","30.54","United States"
"5991","Sun Corp","6736.T","1059888870","49.2561","Japan"
"5992","Insperity","NSP","1058813184","27.74","United States"
"5993","Prashkovsky Investments and Construction","PRSK.TA","1058459859","49.634","Israel"
"5994","Pierre et Vacances","VAC.PA","1058042894","2.29071","France"
"5995","Helia Group","HLI.AX","1057329566","3.85651","Australia"
"5996","SBS Holdings","2384.T","1056965050","26.6122","Japan"
"5997","Northeast Bank","NBN","1056155456","123.34","United States"
"5998","Boubyan Petrochemical Company","BPCC.KW","1055649137","1978.27","Kuwait"
"5999","PennyMac Mortgage Investment Trust","PMT","1055511488","12.13","United States"
"6000","CRA International","CRAI","1055448320","160.74","United States"
"6001","GH Research","GHRS","1054499712","17","Ireland"
"6002","Compass Therapeutics","CMPX","1053514304","5.85","United States"
"6003","Biglari","BH","1053500544","335.36","United States"
"6004","Dometic Group","DOM.ST","1052265857","3.29348","Sweden"
"6005","Astra Microwave","ASTRAMICRO.NS","1051087473","11.0705","India"
"6006","Al Seer Marine Supplies &amp; Equipment Company","ASM.AE","1050977872","1.05","United Arab Emirates"
"6007","Jamieson Wellness","JWEL.TO","1049652061","25.0676","Canada"
"6008","Raito Kogyo","1926.T","1049428154","24.5336","Japan"
"6009","Heiwa Real Estate","8803.T","1049211953","15.7531","Japan"
"6010","Trican Well Service","TCW.TO","1047308563","4.97563","Canada"
"6011","Genuit Group","GEN.L","1047291259","4.16875","United Kingdom"
"6012","UroGen Pharma","URGN","1047155840","21.51","United States"
"6013","Genco Shipping &amp; Trading","GNK","1046991488","24.17","United States"
"6014","NCC Limited","NCC.NS","1046455857","1.66674","India"
"6015","Cronos Group","CRON","1046163456","2.72","Canada"
"6016","Univest Financial Corporation","UVSP","1045058752","36.7","United States"
"6017","Dynavox Group","DYVOX.ST","1044518018","9.89574","Sweden"
"6018","Humansoft Holding Company","HUMANSOFT.KW","1044365543","7786.61","Kuwait"
"6019","WH Smith","SMWH.L","1044043453","8.37279","United Kingdom"
"6020","Liquidity Services","LQDT","1043927168","33.66","United States"
"6021","Ramkrishna Forgings","RKFORGE.NS","1043761173","5.75236","India"
"6022","Neurones","NRO.PA","1043692354","43.4526","France"
"6023","National Corporation for Tourism &amp; Hotels","NCTH.AE","1043126234","0.48","United Arab Emirates"
"6024","Sopharma","3JR.F","1042502659","1.98371","Bulgaria"
"6025","Coursera","COUR","1041278656","6.15","United States"
"6026","Zehnder Group","ZEHN.SW","1040549790","93.5692","Switzerland"
"6027","Edgewell Personal Care","EPC","1039911616","22.26","United States"
"6028","CTT - Correios De Portugal","CTT.LS","1039826660","7.84036","Portugal"
"6029","Inwido AB","INWI.ST","1038964780","17.9217","Sweden"
"6030","Compass Minerals","CMP","1038627776","24.81","United States"
"6031","Douglas Dynamics","PLOW","1038124096","44.97","United States"
"6032","Corticeira Amorim","COR.LS","1038056515","7.80494","Portugal"
"6033","Itoki Corporation","7972.T","1037875494","21.0063","Japan"
"6034","NorthWest Healthcare Properties REIT","NWH-UN.TO","1037843282","4.12329","Canada"
"6035","GenusPlus Group Limited","GNP.AX","1037699038","5.71654","Australia"
"6036","Taboola.com","TBLA","1037604096","3.6","United States"
"6037","Limbach Holdings","LMB","1037129984","88.8","United States"
"6038","GrainCorp","GNC.AX","1036908305","4.66444","Australia"
"6039","MATSUDA SANGYO","7456.T","1036853932","40.123","Japan"
"6040","Aktia Bank","AKTIA.HE","1035886908","14.0985","Finland"
"6041","Marcus &amp; Millichap","MMI","1035771712","27.09","United States"
"6042","Burford Capital","BUR","1035384896","4.73","Guernsey"
"6043","MFA Financial","MFA","1035242496","10.13","United States"
"6044","Superior Plus","SPB.TO","1034696457","4.64052","Canada"
"6045","Arzan Financial Group for Financing and Investment","ARZAN.KW","1034623575","1141.56","Kuwait"
"6046","HBT Financial","HBT","1034105472","28.4","United States"
"6047","Arendals Fossekompani","AFK.OL","1033916236","18.8119","Norway"
"6048","Voltamp Transformers","VOLTAMP.NS","1033776026","102.181","India"
"6049","ITOCHU-SHOKUHIN","2692.T","1032456541","81.3797","Japan"
"6050","Mitsubishi Logisnext","7105.T","1031341068","9.64337","Japan"
"6051","PM Capital Global Opportunities Fund","PGF.AX","1030538870","2.14729","Australia"
"6052","The Hub Power Company","HUBC.PK","1029987781","0.794036","Pakistan"
"6053","Elopak ASA","ELO.OL","1029708301","3.83166","Norway"
"6054","Africa Israel Residences","AFRE.TA","1027717184","81.119","Israel"
"6055","Villar International","VILR.TA","1026526898","57.9899","Israel"
"6056","2CRSI","AL2SI.PA","1025614866","45.4835","France"
"6057","Saudi Automotive Services Company","4050.SR","1024390291","14.6341","Saudi Arabia"
"6058","Riken Keiki","7734.T","1023572594","22.518","Japan"
"6059","Biolife Solutions","BLFS","1023477056","21.19","United States"
"6060","NB Bancorp","NBBK","1023371200","22.44","United States"
"6061","MA Financial Group","MAF.AX","1023360409","5.22101","Australia"
"6062","National Presto Industries","NPK","1022209664","142.68","United States"
"6063","Osisko Development","ODV","1020399168","3.35","Canada"
"6064","Bata India","BATAINDIA.NS","1020395624","7.93912","India"
"6065","Nazara Technologies","NAZARA.NS","1020163037","2.75374","India"
"6066","JOST Werke SE","JST.DE","1019899679","62.2269","Germany"
"6067","Atlanticus","ATLC","1019891328","68.36","United States"
"6068","Annexon","ANNX","1019012032","6.35","United States"
"6069","Oxford Biomedica","OXB.L","1018828924","8.42707","United Kingdom"
"6070","Graham Corporation","GHM","1018363584","91.97","United States"
"6071","Genomma Lab Internacional","LABB.MX","1017504075","1.04489","Mexico"
"6072","MidWestOne Financial Group","MOFG","1017475776","49.31","United States"
"6073","SPIMACO (Saudi Pharmaceutical Industries and Medical Appliances Corporation)","2070.SR","1017452462","8.52459","Saudi Arabia"
"6074","Konoike Transport","9025.T","1016759945","19.1482","Japan"
"6075","LSB Industries","LXU","1016632768","14.15","United States"
"6076","Phathom Pharmaceuticals","PHAT","1015911232","12.79","United States"
"6077","Black Box","BBOX.NS","1014325537","5.71108","India"
"6078","Time Technoplast","TIMETECHNO.NS","1013512362","2.05316","India"
"6079","Asiana Airlines","020560.KS","1012287653","4.91621","South Korea"
"6080","Amerant Bancorp","AMTB","1012143744","23.9","United States"
"6081","Phoenix Education Partners","PXED","1011660096","28.25","United States"
"6082","Engro Fertilizers","EFERT.PK","1011404581","0.757437","Pakistan"
"6083","Arhaus","ARHS","1010790528","7.12","United States"
"6084","Oil-Dri Corporation Of America","ODC","1010704512","69.8","United States"
"6085","Arena REIT","ARF.AX","1009566247","2.49201","Australia"
"6086","Oman Arab Bank","OAB.OM","1009174588","0.503896","Oman"
"6087","BKI Investment Company","BKI.AX","1008591758","1.2496","Australia"
"6088","Pacira Biosciences","PCRX","1007988480","23.43","United States"
"6089","Supply Network Limited","SNL.AX","1007395915","23.0242","Australia"
"6090","Sun Frontier Fudousan","8934.T","1007095405","17.6113","Japan"
"6091","eXp World Holdings","EXPI","1006562432","6.25","United States"
"6092","Juventus Turin","JUVE.MI","1006514845","2.41351","Italy"
"6093","Scholastic","SCHL","1005201216","39.51","United States"
"6094","Bank of Sharjah","BOS.AE","1004628343","0.33","United Arab Emirates"
"6095","United Fire Group","UFCS","1004592064","39.22","United States"
"6096","Ventyx Biosciences","VTYX","1004502016","14","United States"
"6097","Totech Corporation","9960.T","1003446203","24.4706","Japan"
"6098","United Gulf Holding Company","UGH.BH","1001381340","0.551578","Bahrain"
"6099","Oxford Lane Capital","OXLC","1001376000","10.26","United States"
"6100","Aktis Oncology","AKTS","999942848","18.09","United States"
"6101","Teladoc Health","TDOC","999588288","5.54","United States"
"6102","Renew Holdings plc","RNWH.L","997989067","12.6067","United Kingdom"
"6103","Shin Nippon Air Technologies","1952.T","997052437","21.9511","Japan"
"6104","Capitol Federal Savings Bank","CFFN","996302336","7.58","United States"
"6105","Xvivo Perfusion AB","XVIVO.ST","996096038","31.6226","Sweden"
"6106","Yanlord","Z25.SI","996083508","0.515695","Singapore"
"6107","Kurabo Industries","3106.T","995854612","62.0426","Japan"
"6108","Bytes Technology","BYIT.L","994991299","4.20946","United Kingdom"
"6109","Ohsho Food Service","9936.T","994129236","18.9907","Japan"
"6110","PVR INOX","PVRINOX.NS","992781330","10.1098","India"
"6111","Bestway Cement","BWCL.PK","992185675","1.66404","Pakistan"
"6112","AS ONE Corporation","7476.T","992059900","13.9202","Japan"
"6113","Hartalega","5168.KL","992045809","0.291139","Malaysia"
"6114","Criteo","CRTO","990811712","19.37","France"
"6115","Satellogic","SATL","989965824","6.92","United States"
"6116","Strides Pharma","STAR.NS","989908430","10.7397","India"
"6117","Hello Group Inc.","MOMO","986938880","6.19","China"
"6118","SIMPAR","SIMH3.SA","986220688","2.26662","Brazil"
"6119","CytomX Therapeutics","CTMX","985768512","4.56","United States"
"6120","Ategrity Specialty Insurance Company","ASIC","984886080","20.49","United States"
"6121","Waha Capital Company","WAHA.AE","984575563","0.52","United Arab Emirates"
"6122","Whitestone REIT","WSR","984388224","18.92","United States"
"6123","JCU Corporation","4975.T","984146226","39.934","Japan"
"6124","Pakuwon Jati Tbk","PWON.JK","983651975","0.0204248","Indonesia"
"6125","Amphastar Pharmaceuticals","AMPH","983625344","21.68","United States"
"6126","Karnataka Bank","KTKBANK.NS","983280065","2.6003","India"
"6127","PeptiDream","4587.T","982358931","7.60258","Japan"
"6128","SIG (Semen Indonesia)","SMGR.JK","981053666","0.145308","Indonesia"
"6129","Manitou Group","MTU.PA","980525131","25.6229","France"
"6130","Einhell Germany","EIN.DE","980289487","86.3148","Germany"
"6131","Rhön-Klinikum","RHK.DE","980088640","14.6416","Germany"
"6132","Global Medical REIT","GMRE","979776256","35.98","United States"
"6133","Synsam","SYNSAM.ST","979495893","6.89968","Sweden"
"6134","Bank ABC (Arab Banking Corporation)","ABC.BH","979390239","0.86","Bahrain"
"6135","Certara","CERT","978708352","6.15","United States"
"6136","Hanza AB","HANZA.ST","977813104","15.5708","Sweden"
"6137","2G Energy AG","2GB.DE","977390045","54.481","Germany"
"6138","Lotus Technology","LOT","977335744","1.44","China"
"6139","MMTC","MMTC.NS","974374758","0.649004","India"
"6140","Mission Produce","AVO","974137536","13.75","United States"
"6141","Southside Bancshares","SBSI","974102400","32.75","United States"
"6142","AMC Entertainment","AMC","973271360","1.67","United States"
"6143","XPLR Infrastructure","XIFR","973120960","10.32","United States"
"6144","B.Grimm Power","BGRIM.BK","972784863","0.373158","Thailand"
"6145","Aker BioMarine","AKBM.OL","972384012","11.0846","Norway"
"6146","Kanamoto","9678.T","971345174","28.1239","Japan"
"6147","Colgate-Palmolive (Pakistan)","COLG.PK","970936341","3.99935","Pakistan"
"6148","AG Barr","BAG.L","970880360","8.75275","United Kingdom"
"6149","New Pacific Metals","NEWP","970396800","5.27","Canada"
"6150","Evommune","EVMN","970334976","26.94","United States"
"6151","MLP SE","MLP.DE","968791571","8.86763","Germany"
"6152","Thurgauer Kantonalbank","TKBP.SW","967692403","241.923","Switzerland"
"6153","Rockhopper Exploration","RKH.L","966764846","1.12632","United Kingdom"
"6154","Star Asia Investment Corporation","3468.T","966400727","359.658","Japan"
"6155","Universal Insurance Holdings","UVE","965442496","34.42","United States"
"6156","Australian United Investment Company","AUI.AX","965173977","7.79202","Australia"
"6157","Nick Scali Limited","NCK.AX","964980660","11.2823","Australia"
"6158","Eve Holding, Inc.","EVEX","964803648","2.77","United States"
"6159","Y.D. More Investments","MRIN.TA","963771260","13.1689","Israel"
"6160","Sun Country Airlines","SNCY","962985408","17.77","United States"
"6161","BayWa","BYW.F","961946238","14.9959","Germany"
"6162","Accel Entertainment","ACEL","961748608","11.79","United States"
"6163","Unitil Corporation","UTL","961355328","53.45","United States"
"6164","Chesnara plc","CSN.L","960614979","4.16604","United Kingdom"
"6165","NCR Voyix Corporation","VYX","960568448","6.91","United States"
"6166","Virtus Investment Partners","VRTS","960471616","143.45","United States"
"6167","Miramar Hotel and Investment","0071.HK","960064530","1.38947","Hong Kong"
"6168","Equity Bancshares","EQBK","959620544","45.34","United States"
"6169","Noevir Holdings","4928.T","959528739","28.0924","Japan"
"6170","Barco NV","BAR.BR","957066626","11.4181","Belgium"
"6171","Caisse Régionale de Crédit Agricole Mutuel Loire Haute-Loire","CRLO.PA","956897198","118.078","France"
"6172","Piedmont Realty Trust","PDM","956395392","7.65","United States"
"6173","Hunting PLC","HTG.L","954761095","6.51368","United Kingdom"
"6174","Kempower","KEMPOWR.HE","954257472","17.263","Finland"
"6175","Exmar","EXM.BR","952992586","11.9849","Belgium"
"6176","Ramaco Resources","METC","951904576","14.1","United States"
"6177","Sify Technologies","SIFY","950684288","13.14","India"
"6178","Future Corporation","4722.T","948970500","10.7016","Japan"
"6179","Kvutzat Acro","ACRO.TA","948549959","15.0406","Israel"
"6180","Sichuan Xunyou Network Technology","300467.SZ","947544397","4.663","China"
"6181","Crédit Agricole Mutuel de la Touraine et du Poitou","CRTO.PA","945070309","151.163","France"
"6182","Bukalapak.com","BUKA.JK","945048273","0.009162","Indonesia"
"6183","Delta Israel Brands","DLTI.TA","941077367","37.6015","Israel"
"6184","Middlesex Water Company","MSEX","940038720","50.59","United States"
"6185","Aeva Technologies","AEVA","939809024","14.93","United States"
"6186","Fortrea","FTRE","939675008","10.05","United States"
"6187","Iress Limited","IRE.AX","939011308","5.02711","Australia"
"6188","JBG SMITH","JBGS","936999680","15.26","United States"
"6189","Allergy Therapeutics","AGY.L","936674438","0.147915","United Kingdom"
"6190","Canon Electronics Inc.","7739.T","936492872","22.8959","Japan"
"6191","Strive Asset Management, LLC","ASST","936399360","13.53","United States"
"6192","N-Able","NABL","936240064","4.97","United States"
"6193","Scanfil","SCANFL.HE","935044700","14.2638","Finland"
"6194","Engro Corporation","ENGRO.PK","934614635","1.74165","Pakistan"
"6195","GAG Immobilien","GWK3.HM","934198924","57.8581","Germany"
"6196","BML, Inc.","4694.T","931411894","24.8485","Japan"
"6197","Sequent Scientific","SEQUENT.NS","931273369","2.13731","India"
"6198","Nippon Seiki","7287.T","931132536","16.2004","Japan"
"6199","Daktronics","DAKT","930108352","19.08","United States"
"6200","Standard Lithium","SLI","929982912","3.65","Canada"
"6201","Alpha &amp; Omega Semiconductor","AOSL","928835264","31.21","United States"
"6202","Ethos Technologies","LIFE","928584768","14.77","United States"
"6203","Kinepolis Group","KIN.BR","928573967","34.7148","Belgium"
"6204","Adastria","2685.T","928305103","20.1245","Japan"
"6205","Renta 4 Banco","R4.MC","927357219","22.789","Spain"
"6206","Gielda Papierów Wartosciowych w Warszawie","GPW.WA","926704649","22.0791","Poland"
"6207","Movida Participações","MOVI3.SA","925276702","2.69149","Brazil"
"6208","Canadian Solar","CSIQ","925020096","13.64","Canada"
"6209","Ballard Power Systems","BLDP","923804352","3.07","Canada"
"6210","Shochiku","9601.T","923679024","67.2075","Japan"
"6211","Barings BDC","BBDC","923514624","8.82","United States"
"6212","Yulon Motor Company","2201.TW","923100280","0.868821","Taiwan"
"6213","Arteris","AIP","922985344","20.3","United States"
"6214","NewPrinces S.p.A.","NWL.MI","922314905","21.8444","Italy"
"6215","Grupo Supervielle","SUPV","921455040","9.75","Argentina"
"6216","Vamos Locação de Caminhões, Máquinas e Equipamentos S.A.","VAMO3.SA","920316977","0.859754","Brazil"
"6217","Abraj Energy Services","ABRJ.OM","920238984","1.19481","Oman"
"6218","Sri Trang Gloves","STGT.BK","919065545","0.332393","Thailand"
"6219","Frontier Airlines","ULCC","918928512","4","United States"
"6220","Morguard","MRC.TO","918694711","86.0354","Canada"
"6221","Sana Biotechnology","SANA","918022144","3.44","United States"
"6222","VA Tech Wabag","WABAG.NS","917547665","14.7256","India"
"6223","Xencor","XNCR","917466432","12.51","United States"
"6224","GVS S.p.A.","GVS.MI","917232689","4.91203","Italy"
"6225","MeiraGTx","MGTX","916268928","11.25","United States"
"6226","Evertz Technologies","ET.TO","916124808","12.1295","Canada"
"6227","Mercantile Bank","MBWM","915985024","53.03","United States"
"6228","Lumexa Imaging","LMRI","915927616","9.53","United States"
"6229","Kuwait Cement Company","KCEM.KW","915639925","1284.25","Kuwait"
"6230","Schrödinger","SDGR","915431232","12.4","United States"
"6231","Emirates Driving Company","DRIVE.AE","915219909","0.85","United Arab Emirates"
"6232","Janux Therapeutics","JANX","914908096","15.04","United States"
"6233","San-Ai Obbli","8097.T","914323770","14.7516","Japan"
"6234","OCI","OCI.AS","914226299","4.33345","Netherlands"
"6235","Close Brothers Group","CBG.L","913604993","6.06858","United Kingdom"
"6236","Middle East Healthcare Company","4009.SR","913162501","9.92137","Saudi Arabia"
"6237","Astra Agro Lestari","AALI.JK","912587148","0.474148","Indonesia"
"6238","IDOM Inc.","7599.T","911344223","9.07648","Japan"
"6239","Cricut","CRCT","910659520","4.3","United States"
"6240","Pharmanutra","PHN.MI","909367241","94.8164","Italy"
"6241","Horizon Bancorp","HBNC","909260608","17.75","United States"
"6242","LGI Homes","LGIH","908898944","39.29","United States"
"6243","ChemoMetec","CHEMM.CO","908732802","52.2186","Denmark"
"6244","Volaris","VLRS","908229184","7.9","Mexico"
"6245","Cathay Real Estate Development","2501.TW","908176317","0.783207","Taiwan"
"6246","Central Pacific Financial","CPF","907682432","33.86","United States"
"6247","Mediterranean Towers","MDTR.TA","907191657","5.96611","Israel"
"6248","Ryerson","RYI","907088320","28.16","United States"
"6249","J D Wetherspoon","JDW.L","906855521","8.60348","United Kingdom"
"6250","Service Properties Trust","SVC","906109760","1.4","United States"
"6251","OPKO Health","OPK","905887488","1.18","United States"
"6252","Hogy Medical","3593.T","905779037","42.0126","Japan"
"6253","Canaccord Genuity Group","CF.TO","905637813","9.01879","Canada"
"6254","Cullinan Therapeutics","CGEM","904865600","14.95","United States"
"6255","Tata Teleservices","TTML.NS","904822424","0.462655","India"
"6256","Riverstone Holdings","AP4.SI","904379991","0.610174","Singapore"
"6257","CNB Financial Corp","CCNE","903874304","30.5","United States"
"6258","MilDef Group","MILDEF.ST","903754765","19.1901","Sweden"
"6259","CareDx","CDNA","903671488","17.57","United States"
"6260","Jumia","JMIA","902885568","7.29","Germany"
"6261","InMode","INMD","902862208","14.25","Israel"
"6262","Union Properties","UPP.AE","902753692","0.210455","United Arab Emirates"
"6263","ESAB India","ESABINDIA.NS","901735997","58.5808","India"
"6264","Cargojet","CJT.TO","901293969","59.7367","Canada"
"6265","Formosa Taffeta","1434.TW","898933076","0.534293","Taiwan"
"6266","MetroCity Bankshares","MCBS","898265856","31.17","United States"
"6267","Cancom","COK.F","897685748","29.4604","Germany"
"6268","Moonpig Group","MOON.L","896882301","2.93115","United Kingdom"
"6269","Kri-Kri Milk Industry","KRI.AT","896371440","27.1579","Greece"
"6270","Vital Healthcare Property Trust","VHP.NZ","895960703","1.11748","New Zealand"
"6271","KOMEDA Holdings","3543.T","895802528","19.6836","Japan"
"6272","Indus Holding","INH.F","895102322","33.2979","Germany"
"6273","Polar Capital Holdings","POLR.L","895081573","9.44483","United Kingdom"
"6274","Amplitude","AMPL","894631552","6.69","United States"
"6275","Winnebago Industries","WGO","894612160","31.65","United States"
"6276","Royal holdings","8179.T","894051662","9.07648","Japan"
"6277","Premium Water Holdings","2588.T","893689539","22.6125","Japan"
"6278","Ålandsbanken","ALBAV.HE","893450897","57.9761","Finland"
"6279","Alto Neuroscience","ANRO","892793088","25.47","United States"
"6280","EuroTeleSites","ETS.VI","892512396","5.37254","Austria"
"6281","Basilea Pharmaceutica","BSLN.SW","892350515","72.7049","Switzerland"
"6282","ITM Power","ITM.L","892289898","1.29663","United Kingdom"
"6283","NEUCA","NEU.WA","891887907","197.931","Poland"
"6284","freee K.K.","4478.T","891732276","15.054","Japan"
"6285","Newegg","NEGG","890236736","42.46","United States"
"6286","Bank Nizwa","BKNZ.OM","888970967","0.397403","Oman"
"6287","Emerald Holding","EEX","888612416","4.49","United States"
"6288","Kiwi Property","KPG.NZ","887125805","0.538048","New Zealand"
"6289","BASSAC","BASS.PA","886950615","55.2604","France"
"6290","Better Collective A/S","BETCO-DKK.CO","886728483","15.0369","Denmark"
"6291","Krosaki Harima","5352.T","886644074","26.3287","Japan"
"6292","Placoplatre","MLPLC.PA","886480421","678.947","France"
"6293","Agrana","AGR.VI","885426525","14.1693","Austria"
"6294","Bangkok Airways","BA.BK","884618429","0.426466","Thailand"
"6295","Varroc","VARROC.NS","883954281","5.78507","India"
"6296","Savencia Fromage &amp; Dairy","SAVE.PA","883918229","68.4851","France"
"6297","Pick n Pay Stores","PIK.JO","882924900","1.20555","South Africa"
"6298","Omeros Corporation","OMER","881953088","12.25","United States"
"6299","SELLAS Life Sciences","SLS","881750400","4.91","United States"
"6300","Paul Hartmann","PHH2.F","880701150","247.963","Germany"
"6301","SLR Investment","SLRC","879966144","16.13","United States"
"6302","Quanex Building Products","NX","879720320","19.15","United States"
"6303","Standard Chartered Bank (Pakistan)","SCBPL.PK","878952177","0.227026","Pakistan"
"6304","Asseco South Eastern Europe","ASE.WA","878141440","16.9217","Poland"
"6305","Emirates Stallions Group (ESG)","ESG.AE","878028836","3.51","United Arab Emirates"
"6306","SKF India","SKFINDIA.NS","877804001","17.7557","India"
"6307","Bright Minds Biosciences","DRUG","877125376","89.62","United States"
"6308","Investcorp Capital","ICAP.AE","877078098","0.4","United Arab Emirates"
"6309","Gentherm","THRM","876868800","28.61","United States"
"6310","Heiwado","8276.T","876573654","17.7246","Japan"
"6311","Arbutus Biopharma","ABUS","875741760","4.48","United States"
"6312","Almunajem Foods Company","4162.SR","875649748","14.5942","Saudi Arabia"
"6313","Jastrzebska Spólka Weglowa","JSW.WA","875570877","7.45728","Poland"
"6314","Air New Zealand","AIR.NZ","874684989","0.270502","New Zealand"
"6315","Shenzhen Bingchuan Network","300533.SZ","873880234","3.72717","China"
"6316","XPS Pensions Group","XPS.L","872620592","4.26782","United Kingdom"
"6317","Ascopiave","ASC.MI","871476127","4.02645","Italy"
"6318","Five Star Bancorp","FSBC","870650752","40.73","United States"
"6319","Sanofi India Limited","SANOFI.NS","870142874","37.7404","India"
"6320","GungHo Online Entertainment","3765.T","869973491","16.1248","Japan"
"6321","SAKURA Internet","3778.T","869707445","21.7306","Japan"
"6322","Marksans Pharma","MARKSANS.NS","869342085","1.91838","India"
"6323","Festi hf.","FESTI.IC","869341994","2.81296","Iceland"
"6324","ODDITY Tech","ODD","867901312","15.11","Israel"
"6325","Newsmax","NMAX","867810368","6.72","United States"
"6326","HSBC Oman","HBMO.OM","867668167","0.433766","Oman"
"6327","Takara Bio","4974.T","866926039","7.19946","Japan"
"6328","Fujibo Holdings","3104.T","866719745","25.6674","Japan"
"6329","Spire Healthcare Group","SPI.L","866526396","2.16308","United Kingdom"
"6330","Bergman &amp; Beving","BERG-B.ST","866463502","32.5302","Sweden"
"6331","Amanat Holdings","AMANAT.AE","865671470","0.348489","United Arab Emirates"
"6332","Grendene","GRND3.SA","864228053","0.957954","Brazil"
"6333","PennantPark Floating Rate","PFLT","864187904","8.71","United States"
"6334","United Development Company","UDCD.QA","863814797","0.243956","Qatar"
"6335","Talkspace","TALK","863783040","5.17","United States"
"6336","Autoneum Holding","AUTN.SW","863385771","148.738","Switzerland"
"6337","Bain Capital Specialty Finance","BCSF","862751168","13.3","United States"
"6338","Fujita Kanko","9722.T","862007857","14.3863","Japan"
"6339","Ottogi","007310.KS","861770155","250.564","South Korea"
"6340","Service Stream Limited","SSM.AX","861579694","1.39323","Australia"
"6341","Abacus Global Management","ABX","860225152","8.8","United States"
"6342","TeamViewer","TMV.DE","859986959","5.4788","Germany"
"6343","Integra LifeSciences","IART","859647360","11.03","United States"
"6344","RFA Financial Inc.","RFA.TO","858984004","18.431","Canada"
"6345","PHC Holdings Corporation","6523.T","858209894","6.78374","Japan"
"6346","TCG BDC","CGBD","858068160","11.77","United States"
"6347","Shentel","SHEN","858005056","15.515","United States"
"6348","Theravance Biopharma","TBPH","856842240","16.64","Cayman Islands"
"6349","Gold Royalty Corp","GROY","856239040","3.71","Canada"
"6350","Tejas Networks","TEJASNET.NS","855574595","4.8233","India"
"6351","Mid Penn Bancorp","MPB","855467136","33.83","United States"
"6352","MannKind Corp","MNKD","855364288","2.77","United States"
"6353","Camden National Corporation","CAC","855258752","50.38","United States"
"6354","NHN Corp","181710.KS","855013007","27.3651","South Korea"
"6355","Marimaca Copper","MARI.TO","854752970","6.38729","Canada"
"6356","ACV Auctions","ACVA","854691456","4.91","United States"
"6357","Prima Meat Packers","2281.T","853530203","16.9814","Japan"
"6358","Magic Software","MGIC","853345856","17.38","Israel"
"6359","GO (Etihad Atheeb Telecommunication Company)","7040.SR","852829683","25.0833","Saudi Arabia"
"6360","Black Diamond Group","BDI.TO","852544886","12.5739","Canada"
"6361","Zee Entertainment","ZEEL.NS","851909249","0.886926","India"
"6362","Super Hi International","9658.HK","850575444","1.44566","Singapore"
"6363","B Communications","BCOM.TA","850162312","8.08819","Israel"
"6364","Grupa Pracuj","GPP.WA","848958825","12.3219","Poland"
"6365","Elecom","6750.T","847285868","10.3866","Japan"
"6366","Ridgepost Capital","RPC","847116160","7.7","United States"
"6367","Grieg Seafood","GSF.OL","846990929","7.54608","Norway"
"6368","United International Holding Company","4083.SR","844995394","33.7998","Saudi Arabia"
"6369","Ferroglobe","GSM","844609536","4.52","United Kingdom"
"6370","Scandinavian Tobacco Group","STG.CO","844551247","10.7249","Denmark"
"6371","JM AB","JM.ST","844279216","13.0886","Sweden"
"6372","Sto SE &amp; Co. KGaA","STO3.DE","843749217","131.302","Germany"
"6373","NioCorp Developments","NB","843519744","5.91","United States"
"6374","Ibotta","IBTA","843418496","35.37","United States"
"6375","Ackerstein Group","ACKR.TA","842810895","2.92155","Israel"
"6376","PSI Software","PSAN.DE","841597747","53.9615","Germany"
"6377","Bunka Shutter","5930.T","840898706","11.955","Japan"
"6378","X-FAB","XFAB.PA","840647004","6.43523","Belgium"
"6379","Stingray Group","RAY-A.TO","840598381","12.3553","Canada"
"6380","Sparebanken Sør","SOR.OL","840479500","20.1631","Norway"
"6381","Agthia Group","AGTHIA.AE","839528575","1.01","United Arab Emirates"
"6382","ASBISc Enterprises","ASB.WA","838571333","15.1094","Cyprus"
"6383","ScanSource","SCSC","837984192","38.19","United States"
"6384","Yellow Hat","9882.T","837735414","9.78824","Japan"
"6385","MedCap","MCAP.ST","835915769","55.6567","Sweden"
"6386","Smartgroup Corporation","SIQ.AX","835768544","6.0828","Australia"
"6387","Iguatemi","IGTI3.SA","834032541","0.69141","Brazil"
"6388","loanDepot","LDI","833917248","1.55","United States"
"6389","innoscripta SE","1INN.DE","833628541","83.3629","Germany"
"6390","Eagle Bancorp","EGBN","832841856","27.31","United States"
"6391","Heartland Express","HTLD","832640384","10.75","United States"
"6392","Aditya Birla Fashion and Retail","ABFRL.NS","832348967","0.684279","India"
"6393","The Metals Royalty Company","TMCR","831422784","15.1","Canada"
"6394","Matthews International Corporation","MATW","830755072","26.69","United States"
"6395","Admie Holding","ADMIE.AT","830634620","3.58366","Greece"
"6396","Hanmi Financial","HAFC","827964672","27.64","United States"
"6397","Sumitomo Osaka Cement","5232.T","827665407","26.1146","Japan"
"6398","HiteJinro","000080.KS","826864675","11.8491","South Korea"
"6399","SpyGlass Pharma","SGP","826638720","24.73","United States"
"6400","GlobalData","DATA.L","826556999","1.17382","United Kingdom"
"6401","RAK Properties","RAKPROP.AE","824938720","0.27","United Arab Emirates"
"6402","Heritage Insurance","HRTG","824717120","26.68","United States"
"6403","PVA TePla AG","TPE.DE","824716754","40.3826","Germany"
"6404","Petco","WOOF","824631424","2.9","United States"
"6405","RaySearch Laboratories AB","RAY-B.ST","823954575","24.0341","Sweden"
"6406","Safari Industries India","SAFARI.NS","822561448","16.7896","India"
"6407","Sky Harbour Group","SKYH","821780224","10.79","United States"
"6408","Kirloskar Ferrous Industries","KIRLFER.NS","820899086","4.93267","India"
"6409","Transport Corporation of India","TCI.NS","819927546","10.684","India"
"6410","Indian Metals &amp; Ferro Alloys","IMFA.NS","819730269","15.1931","India"
"6411","Solid Biosciences","SLDB","818615680","8.32","United States"
"6412","Data#3 Limited","DTL.AX","818573091","5.27847","Australia"
"6413","Trustco Bank","TRST","818048512","46.19","United States"
"6414","EHang Holdings","EH","817028160","11.35","China"
"6415","BCI Minerals Limited","BCI.AX","816433920","0.277927","Australia"
"6416","Wiit S.p.A.","WIIT.MI","816244028","33.2389","Italy"
"6417","Tamboran Resources","TBN","815342400","35.97","Australia"
"6418","Vitasoy","0345.HK","815071563","0.802008","Hong Kong"
"6419","Basellandschaftliche Kantonalbank","BLKB.SW","814711150","1446.42","Switzerland"
"6420","Relaxo Footwear","RELAXO.NS","814296545","3.27107","India"
"6421","Campus Activewear","CAMPUS.NS","814163826","2.66421","India"
"6422","ACLEDA Bank","ABC.KH","814142964","1.88","Cambodia"
"6423","Diagnosticos da America (DASA)","DASA3.SA","814032598","0.651329","Brazil"
"6424","First Milling Company","2283.SR","813674545","14.6608","Saudi Arabia"
"6425","Tinexta","TNXT.MI","812818906","17.7117","Italy"
"6426","RAIZNEXT Corporation","6379.T","812793161","15.0477","Japan"
"6427","Tian An China Investments Company","0028.HK","812574383","0.554254","Hong Kong"
"6428","Standard Motor Products","SMP","812534528","36.69","United States"
"6429","Heritage Commerce","HTBK","812415360","13.19","United States"
"6430","Employers Holdings","EIG","812399232","41.7","United States"
"6431","Atos","ATO.PA","812349466","41.8467","France"
"6432","Systems Limited (Pakistan)","SYS.PK","812014013","0.551114","Pakistan"
"6433","CrossAmerica Partners","CAPL","811895872","21.29","United States"
"6434","Mochida Pharmaceutical","4534.T","811664634","22.8959","Japan"
"6435","Caisse régionale de Crédit Agricole Mutuel d'Ille-et-Vilaine","CIV.PA","811271313","134.278","France"
"6436","Menicon Co., Ltd.","7780.T","810994205","10.9409","Japan"
"6437","DigiCo Infrastructure REIT","DGT.AX","810907707","1.46504","Australia"
"6438","Yuasa Trading","8074.T","810299421","38.4853","Japan"
"6439","Tilray Brands","TLRY","810013184","6.95","Canada"
"6440","LightPath Technologies","LPTH","809074624","14.02","United States"
"6441","Southern Province Cement Company","3050.SR","808689864","5.77636","Saudi Arabia"
"6442","discoverIE Group plc","DSCV.L","807903045","8.31851","United Kingdom"
"6443","Warteck Invest","WARN.SW","807850344","2611.23","Switzerland"
"6444","FRoSTA AG","NLM.F","807847098","118.668","Germany"
"6445","Hibiya Engineering","1982.T","807603825","18.7513","Japan"
"6446","BJ's Restaurants","BJRI","806976960","38.07","United States"
"6447","Logistea AB","LOGI-A.ST","806703943","1.58004","Sweden"
"6448","Morgan Advanced Materials","MGAM.L","806463436","2.91758","United Kingdom"
"6449","IFA Hotels and Resorts","IFAHR.KW","806025940","2769.58","Kuwait"
"6450","Egypt Kuwait Holding Company","EKHOLDING.KW","805906644","685.921","Egypt"
"6451","Northwest Pipe Company","NWPX","805673088","83.84","United States"
"6452","Olvi plc","OLVAS.HE","804977489","39.0247","Finland"
"6453","Minto Apartment Real Estate Investment Trust","MI-UN.TO","804456556","12.8944","Canada"
"6454","Root Insurance","ROOT","804175104","51.7","United States"
"6455","Kura Oncology","KURA","803302464","9.05","United States"
"6456","Navient","NAVI","802556736","8.44","United States"
"6457","Myers Industries","MYE","802399808","21.45","United States"
"6458","Safilo Group","SFL.MI","802202493","2.04392","Italy"
"6459","Ferrari Group PLC","046.F","802046592","8.60786","United Kingdom"
"6460","Al Meera Consumer Goods Company","MERS.QA","800796671","3.88736","Qatar"
"6461","Mitsui High-tec","6966.T","800008931","4.37762","Japan"
"6462","Cantaloupe","CTLP","799126912","10.84","United States"
"6463","PRA Group","PRAA","799036288","20.48","United States"
"6464","RVRC Holding","RVRC.ST","798938453","7.48688","Sweden"
"6465","Hexatronic Group AB","HTRO.ST","798907677","3.88503","Sweden"
"6466","Mitani Sekisan","5273.T","798711777","11.3692","Japan"
"6467","HMH Holding","HMH","798600000","18.15","United States"
"6468","Aspen Group","APZ.AX","797879550","3.50461","Australia"
"6469","Capital City Bank Group","CCBG","796379456","46.43","United States"
"6470","ARS Pharmaceuticals","SPRY","796364416","8.02","United States"
"6471","Bowhead Specialty Holdings","BOW","795993984","24.24","United States"
"6472","GoodRx","GDRX","794772800","2.32","United States"
"6473","Saudi Ceramic Company","2040.SR","794464070","7.97015","Saudi Arabia"
"6474","REVO Insurance S.p.A.","REVO.MI","794003782","27.6302","Italy"
"6475","Cardinal Infrastructure Group","CDNL","793552960","51.89","United States"
"6476","Salhia Real Estate Company","SRE.KW","793413415","1319.93","Kuwait"
"6477","Ghitha","GHITHA.AE","791958596","3.28","United Arab Emirates"
"6478","Arjo AB","ARJO-B.ST","791613538","2.90639","Sweden"
"6479","Spire Global","SPIR","790873408","20.54","United States"
"6480","Séché Environnement","SCHP.PA","790367896","101.783","France"
"6481","First Financial","THFF","789859712","66.42","United States"
"6482","Fundamenta Real Estate AG","FREN.SW","789764388","23.1043","Switzerland"
"6483","Porch Group","PRCH","789753664","7.44","United States"
"6484","Obrascón Huarte Lain","OHLA.MC","789737115","0.57126","Spain"
"6485","Religare","RELIGARE.NS","789484269","2.3716","India"
"6486","Lexicon Pharmaceuticals","LXRX","788045952","1.86","United States"
"6487","Harvia Oyj","HARVIA.HE","787737843","42.1537","Finland"
"6488","Autobacs Seven","9832.T","786478214","10.015","Japan"
"6489","Design Therapeutics","DSGN","786321600","12.75","United States"
"6490","Japan Pulp and Paper Company","8032.T","786069858","6.89082","Japan"
"6491","Nitta Corporation","5186.T","786030074","29.0372","Japan"
"6492","Westlake Chemical Partners","WLKP","785983104","22.3","United States"
"6493","Duc Giang Chemicals Group","DGC.VN","785489470","2.06828","Vietnam"
"6494","mobilezone Holding","MOZN.SW","784127401","18.1762","Switzerland"
"6495","Mahindra Lifespaces","MAHLIFE.NS","783352258","3.67229","India"
"6496","Sweetgreen","SG","782865536","6.59","United States"
"6497","Burelle","BUR.PA","782431412","446.334","France"
"6498","Viña Concha y Toro","CONCHATORO.SN","782180012","1.05842","Chile"
"6499","Samhällsbyggnadsbolaget i Norden","SBB-B.ST","781830542","0.400531","Sweden"
"6500","SF Urban Properties (SFP)","SFPN.SW","781361828","133.762","Switzerland"
"6501","Power Mech Projects","POWERMECH.NS","781203731","24.7089","India"
"6502","Sveafastigheter AB","SVEAF.ST","781168746","3.9583","Sweden"
"6503","Compass Diversified Holdings","CODI","780949376","10.38","United States"
"6504","RPMGlobal Holdings Limited","RUL.AX","779611325","3.51956","Australia"
"6505","Auto Partner","APR.WA","779255615","5.96582","Poland"
"6506","Phnom Penh Water Supply Authority","PWSA.KH","779065984","1.63","Cambodia"
"6507","Phoenix Power Company","PHPC.OM","778787810","0.532468","Oman"
"6508","WA1 Resources","WA1.AX","778346922","10.4779","Australia"
"6509","Peakstone Realty Trust","PKST","778331456","20.93","United States"
"6510","Archicom","ARH.WA","777859894","13.2977","Poland"
"6511","BrightSpire Capital","BRSP","777760000","5.97","United States"
"6512","ATOM Corporation","7412.T","777352783","4.02489","Japan"
"6513","Karnov Group","KAR.ST","777154977","7.91659","Sweden"
"6514","Webjet Limited","WEB.AX","777123317","2.14729","Australia"
"6515","Navigator Global Investments","NGI.AX","775941539","1.57995","Australia"
"6516","Nanosonics Limited","NAN.AX","775672017","2.55664","Australia"
"6517","Südwestdeutsche Salzwerke","SSH.F","775438341","73.7986","Germany"
"6518","THG (The Hut Group)","THG.L","773249590","0.496396","United Kingdom"
"6519","CeriBell","CBLL","772774464","20.53","United States"
"6520","The Japan Wool Textile Co., Ltd. (Nikke Group)","3201.T","772746363","11.533","Japan"
"6521","Gyre Therapeutics","GYRE","772592000","8.02","United States"
"6522","Elior Group","ELIOR.PA","771075247","3.04404","France"
"6523","SunOpta","STKL","770973184","6.5","Canada"
"6524","Nutex Health","NUTX","770838976","109","United States"
"6525","Doshisha Co.","7483.T","770699524","21.7306","Japan"
"6526","Synergie SE","SDG.PA","770534923","33.8883","France"
"6527","K-Electric","KEL.PK","769923777","0.0278804","Pakistan"
"6528","Thermador Groupe","THEP.PA","769911171","83.9532","France"
"6529","Northern Data AG","NB2.DE","769109376","11.3886","Germany"
"6530","Solstad Offshore","SOFF.OL","768610429","7.07712","Norway"
"6531","COMPASS Pathways","CMPS","768382848","5.96","United Kingdom"
"6532","McMillan Shakespeare","MMS.AX","768226377","11.0309","Australia"
"6533","Jensen-Group","JEN.BR","767594127","83.599","Belgium"
"6534","Velocity Financial","VEL","767442048","19.56","United States"
"6535","Mavi Giyim Sanayi ve Ticaret","MAVI.IS","767199748","0.979065","Turkey"
"6536","Happinet","7552.T","767033913","17.4664","Japan"
"6537","CEWE","CWC.F","766671723","112.764","Germany"
"6538","Core Laboratories","CLB","766433344","16.46","Netherlands"
"6539","Cicor Technologies","CICN.SW","766270906","175.618","Switzerland"
"6540","Volati AB","VOLO.ST","766169663","9.45768","Sweden"
"6541","PNE AG","PNE3.DE","766123843","10.0012","Germany"
"6542","FACC AG","FACC.VI","765599691","16.7198","Austria"
"6543","Mitsuuroko Group Holdings","8131.T","765441715","13.9832","Japan"
"6544","Montrose Environmental","MEG","765352512","21.16","United States"
"6545","Avalon Technologies","AVALON.NS","763867251","11.4409","India"
"6546","Riyadh Cement Company","3092.SR","763854480","6.36545","Saudi Arabia"
"6547","Greenfire Resources","GFR","763854464","6.09","Canada"
"6548","Integral Corporation","5842.T","763253494","22.4235","Japan"
"6549","Mersen","MRN.PA","763248641","31.5031","France"
"6550","Nissin Corporation","9066.T","762935226","51.9081","Japan"
"6551","Alok Industries","ALOKINDS.NS","762892109","0.153647","India"
"6552","NerdWallet","NRDS","762761792","10.49","United States"
"6553","Aeon Hokkaido Corporation","7512.T","762399320","5.4799","Japan"
"6554","Dakota Gold","DC","762383104","5.71","United States"
"6555","ME Group International","MEGP.L","762271787","2.02467","United Kingdom"
"6556","Vor Biopharma","VOR","762021056","15.6","United States"
"6557","HomeTrust Bancshares","HTB","761949696","45.01","United States"
"6558","Kelsian Group","KLS.AX","761663350","2.80441","Australia"
"6559","Kohnan Shoji","7516.T","761082249","27.0216","Japan"
"6560","Ponsse","PON1V.HE","760274670","27.1579","Finland"
"6561","Rashtriya Chemicals and Fertilizers","RCF.NS","760045559","1.37767","India"
"6562","Amerigo Resources","ARG.TO","760016304","4.68423","Canada"
"6563","APG|SGA","APGN.SW","759761295","253.443","Switzerland"
"6564","Clairvest Group","CVG.TO","759408936","54.7829","Canada"
"6565","Arclands Corporation","9842.T","759359144","12.0873","Japan"
"6566","Baladna","BLDN.QA","759229868","0.354121","Qatar"
"6567","Citycon","CTY1S.HE","758639190","4.13272","Finland"
"6568","Redwood Trust","RWT","757469248","6.06","United States"
"6569","Contango Ore","CTGO","757198592","24.82","United States"
"6570","Great Southern Bancorp","GSBC","756170368","67.58","United States"
"6571","Orrstown Financial Services","ORRF","754381248","38.45","United States"
"6572","Vitesse Energy","VTS","753743488","18.07","United States"
"6573","Aoyama Trading","8219.T","753345974","5.26574","Japan"
"6574","Mips AB","MIPS.ST","753135903","28.4297","Sweden"
"6575","BioAge Labs","BIOA","753124352","16.97","United States"
"6576","Relmada Therapeutics","RLMD","753111808","7.18","United States"
"6577","YIT","YIT.HE","753024435","3.26485","Finland"
"6578","World Co., Ltd.","3612.T","752702686","9.87642","Japan"
"6579","WELL Health Technologies","WELL.TO","751865208","2.94313","Canada"
"6580","Apogee Enterprises","APOG","751807104","34.95","United States"
"6581","IDP Education","IEL.AX","751584768","2.70028","Australia"
"6582","Lectra SA","LSS.PA","751521807","19.7662","France"
"6583","Barrett Business Services","BBSI","751313984","29.32","United States"
"6584","Liberty Financial Group","LFG.AX","751123538","2.47406","Australia"
"6585","ASTA Energy Solutions AG","1AST.F","749773350","52.6627","Austria"
"6586","Trilogy Metals","TMQ","749055936","4.31","Canada"
"6587","CSB Bank","CSBBANK.NS","748887729","4.42015","India"
"6588","Riley Exploration Permian","REPX","748810944","34.51","United States"
"6589","AMN Healthcare Services","AMN","748771456","19.37","United States"
"6590","Takasago International Corporation","4914.T","748590999","7.67816","Japan"
"6591","Miahona Company","2084.SR","747682841","4.64614","Saudi Arabia"
"6592","Kornit Digital","KRNT","747008512","16.12","Israel"
"6593","Cromwell Property Group","CMW.AX","746662452","0.285109","Australia"
"6594","Daily Journal","DJCO","746256832","541.66","United States"
"6595","Zignago Vetro","ZV.MI","746226787","8.45436","Italy"
"6596","Allied Bank (Pakistan)","ABL.PK","745865480","0.651369","Pakistan"
"6597","OppFi","OPFI","745308864","8.63","United States"
"6598","Kronos Worldwide","KRO","744393664","6.47","United States"
"6599","Saudi Steel Pipes","1320.SR","744359037","14.7274","Saudi Arabia"
"6600","Transport International Holdings","0062.HK","744237338","1.39074","Hong Kong"
"6601","Hallador Energy Company","HNRG","743911680","15.82","United States"
"6602","DATAGROUP SE","D6H.DE","743379396","89.621","Germany"
"6603","Maharah for Human Resources Company","1831.SR","742502995","1.65001","Saudi Arabia"
"6604","Carriage Services","CSV","741818112","46.77","United States"
"6605","Janus International Group","JBI","741502656","5.34","United States"
"6606","RS Technologies","3445.T","741224897","27.9034","Japan"
"6607","Waga Energy","WAGA.PA","740447064","27.6892","France"
"6608","Audax Renovables","ADX.MC","740176071","1.65781","Spain"
"6609","Southern Missouri Bancorp","SMBC","739811456","66.6","United States"
"6610","Golden Entertainment","GDEN","738902720","27.99","United States"
"6611","Koppers Holdings","KOP","737261440","37.54","United States"
"6612","Unusual Machines","UMAC","736881984","15.42","United States"
"6613","Worldline","WLN.PA","736347406","0.326013","France"
"6614","Viant Technology","DSP","736086400","11.59","United States"
"6615","Pason Systems","PSI.TO","734820998","9.46317","Canada"
"6616","Ubisoft","UBI.PA","734235005","5.4481","France"
"6617","Stratasys","SSYS","734190016","8.52","Israel"
"6618","Patrizia Immobilien","P1Z.VI","732980095","8.47798","Germany"
"6619","Collins Foods Limited","CKF.AX","732596332","6.2013","Australia"
"6620","Cera Sanitaryware","CERA.NS","732516904","56.816","India"
"6621","Solid Power","SLDP","731933312","3.26","United States"
"6622","Transcat","TRNS","731550208","78.39","United States"
"6623","Metallus","MTUS","731116992","17.52","United States"
"6624","Catapult Group International","CAT.AX","731116167","2.3807","Australia"
"6625","Victrex","VCT.L","730650666","8.38636","United Kingdom"
"6626","Asseco Business Solutions","ABS.WA","730483801","22.1349","Poland"
"6627","Patriot Battery Metals","PMET.TO","730392811","3.97759","Canada"
"6628","Finnair","FIA1S.HE","729986243","3.56352","Finland"
"6629","Franklin BSP Realty Trust","FBRT","729563072","8.94","United States"
"6630","HighPeak Energy","HPK","729086272","5.77","United States"
"6631","Gulf Insurance Group","GINS.KW","729081428","2562.02","Kuwait"
"6632","Kura Sushi USA","KRUS","728872896","60","United States"
"6633","Equasens","EQS.PA","728585413","48.4709","France"
"6634","Bawan Company","1302.SR","727389065","12.1232","Saudi Arabia"
"6635","Avon Protection","AVON.L","727170712","24.5348","United Kingdom"
"6636","Pexip","PEXIP.OL","726487476","6.95988","Norway"
"6637","Huya","HUYA","726483200","3.25","China"
"6638","Hansen Technologies","HSN.AX","726381054","3.55489","Australia"
"6639","Hutchison Telecommunications Hong Kong Holdings","0215.HK","726216986","0.150696","Hong Kong"
"6640","JK Paper","JKPAPER.NS","726129557","3.99878","India"
"6641","Sanyo Chemical Industries","4471.T","725950486","32.8164","Japan"
"6642","Borosil","BORORENEW.NS","725458763","5.16801","India"
"6643","GOLDCREST Co.,Ltd.","8871.T","725359314","21.8251","Japan"
"6644","Channel Infrastructure NZ Limited","CHI.NZ","725236118","1.75013","New Zealand"
"6645","Serve Robotics","SERV","723598144","9.56","United States"
"6646","First Watch Restaurant","FWRG","722863040","11.73","United States"
"6647","Fenix Outdoor","FOI-B.ST","722696388","53.7432","Switzerland"
"6648","LINK Mobility Group","LINK.OL","722125488","2.50044","Norway"
"6649","Strawberry Fields REIT","STRW","721539136","12.94","United States"
"6650","ADS-TEC Energy","ADSE","721470464","12","Ireland"
"6651","New Found Gold","NFGC","721332608","2.06","Canada"
"6652","Gerresheimer","GXI.F","720246067","20.8525","Germany"
"6653","Bumble","BMBL","719944064","4.09","United States"
"6654","Hypoport","HYQ.F","719771867","108.159","Germany"
"6655","IsoEnergy","ISO.TO","719515016","11.8818","Canada"
"6656","WashTec AG","WSU.DE","718764598","53.8434","Germany"
"6657","Hippo Holdings","HIPO","718616960","27.67","United States"
"6658","Mensch und Maschine","MUM.F","718400201","43.6297","Germany"
"6659","Maxvalu Tokai","8198.T","718009361","22.518","Japan"
"6660","IQE plc","IQE.L","717501159","0.732789","United Kingdom"
"6661","Groupe CRIT","CEN.PA","716561287","68.0128","France"
"6662","Udemy","UDMY","716543360","4.91","United States"
"6663","Core Lithium Ltd","CXO.AX","716310884","0.24561","Australia"
"6664","Ridley Corporation","RIC.AX","716082636","1.9103","Australia"
"6665","Roland Corporation","7944.T","715943276","27.1476","Japan"
"6666","South Plains Financial","SPFI","715293504","43.77","United States"
"6667","Synektik Spólka Akcyjna","SNT.WA","715219005","83.856","Poland"
"6668","Troax Group AB","TROAX.ST","714582801","11.9405","Sweden"
"6669","SmartFinancial (SmartBank)","SMBK","714545152","41.79","United States"
"6670","MNTN, Inc.","MNTN","713610368","9.66","United States"
"6671","Voyageurs du Monde","ALVDM.PA","713103367","161.766","France"
"6672","Evli","EVLI.HE","713018880","26.9217","Finland"
"6673","Ironwood Pharmaceuticals","IRWD","712564864","4.37","United States"
"6674","Caisse Régionale de Crédit Agricole du Morbihan","CMO.PA","711821780","135.766","France"
"6675","MCAN Mortgage Corporation","MKP.TO","711633825","17.5349","Canada"
"6676","Bioventus","BVS","711406592","10.56","United States"
"6677","The Shikoku Bank","8387.T","711287682","17.0318","Japan"
"6678","Insteel Industries","IIIN","709907456","36.6","United States"
"6679","Grocery Outlet","GO","709646848","7.23","United States"
"6680","Pollen Street Group","POLN.L","709619003","11.901","United Kingdom"
"6681","Covenant Logistics","CVLG","709355840","28.27","United States"
"6682","Kossan Rubber Industries","7153.KL","708726853","0.281013","Malaysia"
"6683","Oeneo","SBT.PA","707756960","11.1702","France"
"6684","LSI Industries","LYTS","707706560","19.31","United States"
"6685","Independent Bank Corporation","IBCP","707330496","34.36","United States"
"6686","Noor Financial Investment Company","NOOR.KW","706817896","1388.03","Kuwait"
"6687","QuinStreet","QNST","706724864","12.4","United States"
"6688","Regal Partners Limited","RPL.AX","706457241","1.92107","Australia"
"6689","Ethos Watches","ETHOSLTD.NS","706281924","26.3955","India"
"6690","Cognyte Software","CGNT","706278400","9.67","Israel"
"6691","Granite Ridge Resources","GRNT","705697792","5.35","United States"
"6692","Anterix","ATEX","705667840","37.67","United States"
"6693","Latham Group","SWIM","705265536","6.03","United States"
"6694","Glass House Brands","GLASF","705102080","8.39","United States"
"6695","Autohellas","OTOEL.AT","705098040","14.6653","Greece"
"6696","NETGEAR","NTGR","704672384","24.81","United States"
"6697","Arvinas","ARVN","704540544","10.97","United States"
"6698","Frontera Energy","FEC.TO","704046643","10.1042","Canada"
"6699","Vinci Partners","VINP","703941760","10.76","Brazil"
"6700","Adlai Nortye","ANL","703272768","13.25","Cayman Islands"
"6701","Guardian Metal Resources","GMTL","703084928","18.12","United Kingdom"
"6702","Johnson Service Group PLC","JSG.L","702684195","1.85165","United Kingdom"
"6703","Latitude Group Holdings","LFS.AX","701891591","0.675069","Australia"
"6704","Mishra Dhatu Nigam","MIDHANI.NS","701747848","3.73823","India"
"6705","Bank Alfalah","BAFL.PK","701685390","0.444903","Pakistan"
"6706","Sustained Infrastructure Holding Company (sisco)","2190.SR","701590488","8.62588","Saudi Arabia"
"6707","Slate Grocery REIT","SGR-UN.TO","701564066","11.8381","Canada"
"6708","VP Bank","VPBN.SW","700447588","112.129","Liechtenstein"
"6709","Fox Factory Holding","FOXF","700274304","16.7","United States"
"6710","SmarTone Telecommunications","0315.HK","700190763","0.635987","Hong Kong"
"6711","Artea Bankas","ROE1L.VS","700170213","1.08395","Lithuania"
"6712","CIR S.p.A. - Compagnie Industriali Riunite","CIR.MI","700134847","0.814736","Italy"
"6713","IP Group","IPO.L","700114072","0.792497","United Kingdom"
"6714","Atal S.A.","1AT.WA","699482045","16.1691","Poland"
"6715","VTEX","VTEX","699029376","4.04","United Kingdom"
"6716","Sligro Food","SLIGR.AS","698989134","15.846","Netherlands"
"6717","Anan Investment Holding","ANAN.AE","698918911","0.3","United Arab Emirates"
"6718","SNP Schneider-Neureither &amp; Partner","SHF.DE","698893312","95.8791","Germany"
"6719","Craneware","CRW.L","698236743","19.9481","United Kingdom"
"6720","BellSystem24","6183.T","698207839","9.39142","Japan"
"6721","Neo Performance Materials","NEO.TO","697915569","16.7773","Canada"
"6722","Hays plc","HAS.L","697339810","0.436145","United Kingdom"
"6723","Aubay","AUB.PA","697163596","54.729","France"
"6724","Costain Group","COST.L","697128116","2.62175","United Kingdom"
"6725","Kakao Games","293490.KQ","696672379","8.49472","South Korea"
"6726","NIPPON KANZAI Holdings","9347.T","696623175","19.1797","Japan"
"6727","Musti Group","MUSTI.HE","695827372","20.8407","Finland"
"6728","Sabre","SABR","695504768","1.76","United States"
"6729","Enhabit","EHAB","695415680","13.71","United States"
"6730","Praj Industries","PRAJIND.NS","694625324","3.77898","India"
"6731","Boozt","BOOZT.ST","694615678","11.7109","Sweden"
"6732","Personalis","PSNL","694014528","6.63","United States"
"6733","Enghouse Systems","ENGH.TO","693991898","12.7341","Canada"
"6734","YG Entertainment","122870.KQ","693927369","37.4148","South Korea"
"6735","International Financial Advisors Holding","IFA.KW","693900782","1342.63","Kuwait"
"6736","Peapack-Gladstone Financial","PGC","693608000","39.17","United States"
"6737","Afcon Holdings","AFHL.TA","693520171","124.536","Israel"
"6738","Alpha Tau Medical","DRTS","693516736","7.88","Israel"
"6739","SD BioSensor","137310.KS","692853778","5.79216","South Korea"
"6740","TV TOKYO Holdings","9413.T","692642241","26.0138","Japan"
"6741","Aisan Industry","7283.T","692543015","12.144","Japan"
"6742","Nufarm","NUF.AX","692467465","1.80258","Australia"
"6743","Ecclesiastical Insurance Office plc","ELLA.L","692399100","1.97446","United Kingdom"
"6744","Nichiha Corporation","7943.T","692261490","20.8488","Japan"
"6745","Bank AL Habib","BAHL.PK","692003793","0.622627","Pakistan"
"6746","Galliford Try","GFRD.L","691896287","7.04291","United Kingdom"
"6747","Onward Holdings Co., Ltd.","8016.T","691375737","5.08308","Japan"
"6748","DoubleUGames","192080.KS","691138391","35.3098","South Korea"
"6749","Momentum Group AB","MMGR-B.ST","690329093","13.9639","Sweden"
"6750","HelloFresh","HFG.DE","690221988","4.81521","Germany"
"6751","AmRest","EAT.MC","690184581","3.16448","Spain"
"6752","Kyokuto Kaihatsu Kogyo","7226.T","689630908","17.9388","Japan"
"6753","ES-CON JAPAN","8892.T","688798096","7.19946","Japan"
"6754","J.S.B.Co.","3480.T","688768736","32.6904","Japan"
"6755","Sudarshan Chemical","SUDARSCHEM.NS","687325550","8.74327","India"
"6756","Eiken Chemical","4549.T","686309723","20.8173","Japan"
"6757","Property For Industry","PFI.NZ","686155970","1.36581","New Zealand"
"6758","SP Group A/S","SPG.CO","685715261","58.3629","Denmark"
"6759","Utz Brands","UTZ","684470656","7.74","United States"
"6760","Prime Medicine","PRME","684292736","3.79","United States"
"6761","Weebit Nano","WBT.AX","684209582","2.94086","Australia"
"6762","Kingfa Science & Technology","KINGFA.NS","683584446","50.4439","India"
"6763","Galaxy Surfactants","GALAXYSURF.NS","683427573","19.276","India"
"6764","Betterware de Mexico","BWMX","683265920","18.31","Mexico"
"6765","Mitek Systems","MITK","682916416","15.07","United States"
"6766","Schoeller-Bleckmann Oilfield Equipment","SBO.VI","681998415","43.2755","Austria"
"6767","SiteMinder","SDR.AX","681602517","2.41301","Australia"
"6768","Zojirushi","7965.T","681498144","10.733","Japan"
"6769","ARKO Corp.","ARKO","680842048","6.11","United States"
"6770","TANLA","TANLA.NS","680807505","5.15086","India"
"6771","International Tower Hill Mines","THM","680510720","2.56","Canada"
"6772","Digital Garage","4819.T","680502898","14.8272","Japan"
"6773","Third Coast Bancshares","TCBX","679873664","41.24","United States"
"6774","Postal Realty Trust","PSTL","679657216","19.67","United States"
"6775","Grenke","GLJ.F","679178228","15.3737","Germany"
"6776","Daiichi Jitsugyo","8059.T","678847336","21.2582","Japan"
"6777","AO World","AO.L","678560316","1.22131","United Kingdom"
"6778","Washington Trust Bancorp","WASH","678012544","35.61","United States"
"6779","World Acceptance Corporation","WRLD","677873408","134.55","United States"
"6780","The Rank Group","RNK.L","677620305","1.44658","United Kingdom"
"6781","ASP Isotopes","ASPI","677360576","5.38","United States"
"6782","Senshu Electric","9824.T","677292341","39.6191","Japan"
"6783","TINC NV","TINC.BR","676692513","13.9568","Belgium"
"6784","Galiano Gold","GAU","676052416","2.59","Canada"
"6785","Rayonier Advanced Materials","RYAM","675957440","10.03","United States"
"6786","Recticel","RECT.BR","675594409","11.9731","Belgium"
"6787","Vishay Precision Group","VPG","675508352","50.8","United States"
"6788","Sturm, Ruger &amp; Co","RGR","675241088","42.35","United States"
"6789","Financial Institutions","FISI","674794112","34.28","United States"
"6790","India Glycols","INDIAGLYCO.NS","674503778","10.0342","India"
"6791","MOIL","MOIL.NS","674167766","3.3131","India"
"6792","Cannae Holdings","CNNE","674151872","13.04","United States"
"6793","Bajaj Mobility AG","BMAG.VI","673616145","19.9315","Austria"
"6794","Bravura Solutions","BVS.AX","672876510","1.50095","Australia"
"6795","Kaufman &amp; Broad","KOF.PA","671648234","34.2425","France"
"6796","Piaggio","PIA.MI","671493845","1.90577","Italy"
"6797","Axial Retailing","8255.T","670703116","7.57108","Japan"
"6798","Fiera Milano","FM.MI","669919576","9.44622","Italy"
"6799","Green Dot","GDOT","669033728","12.04","United States"
"6800","Basler Kantonalbank","BSKP.SW","668438535","131.074","Switzerland"
"6801","Bénéteau","BEN.PA","668350900","8.34809","France"
"6802","Nachi-Fujikoshi","6474.T","668047767","30.6748","Japan"
"6803","Pakistan Oilfields Limited","POL.PK","667404262","2.35121","Pakistan"
"6804","Forum Energy Technologies","FET","667031360","58.88","United States"
"6805","Perfect Presentation for Commercial Services CompanyPerfect Presentation for Commercial Services","7204.SR","666773327","2.02053","Saudi Arabia"
"6806","Funai Soken Holdings Incorporated","9757.T","666439418","7.33173","Japan"
"6807","Safe Bulkers","SB","666157824","6.51","Monaco"
"6808","Hyster-Yale Materials Handling","HY","665883264","37.2","United States"
"6809","Sappi","SAP.JO","665773000","1.09668","South Africa"
"6810","PostNL","PNL.AS","665507362","1.3083","Netherlands"
"6811","Jahez International Company for Information Systems Technology","6017.SR","664714955","3.27869","Saudi Arabia"
"6812","ENCE Energía y Celulosa","ENC.MC","664667632","2.74176","Spain"
"6813","Oman Cables Industry","OCAI.OM","664013003","7.4026","Oman"
"6814","TomTom","TOM2.AS","662381269","5.32058","Netherlands"
"6815","Oxford Industries","OXM","661747328","44.45","United States"
"6816","National Investments Company (Kuwait)","NINV.KW","661707547","830.225","Kuwait"
"6817","Grosvenor Capital Management","GCMG","661623232","10.88","United States"
"6818","Bloomsbury Publishing","BMY.L","660864610","8.11496","United Kingdom"
"6819","Amotiv Limited","AOV.AX","660862877","4.93734","Australia"
"6820","Rosenbauer International","ROS.VI","660007095","64.7066","Austria"
"6821","Smith &amp; Wesson","SWBI","659397248","14.82","United States"
"6822","Reitir fasteignafélag","REITIR.IC","659195568","0.962329","Iceland"
"6823","Showa Sangyo","2004.T","659121406","20.2819","Japan"
"6824","Once Upon A Farm","OFRM","658794368","15.73","United States"
"6825","Bannerman Energy","BMN.AX","657905304","3.16708","Australia"
"6826","SML MAHINDRA LIMITED","SMLMAH.NS","657745689","45.4506","India"
"6827","TXO Partners, L.P.","TXO","657385856","11.9","United States"
"6828","Ricegrowers Limited","SGLLV.AX","657236463","9.61614","Australia"
"6829","Corsair Gaming","CRSR","657040000","6.16","United States"
"6830","Grupo Empresarial San José","GSJ.MC","656480181","10.0956","Spain"
"6831","Wickes Group","WIX.L","656459280","2.95151","United Kingdom"
"6832","Mutares","MUX.DE","655744736","29.8146","Germany"
"6833","Ur-Energy","URG","655597504","1.65","United States"
"6834","Cracker Barrel","CBRL","655555520","29.33","United States"
"6835","Energiekontor","EKT.DE","655454548","47.113","Germany"
"6836","Hankyu Hanshin REIT","8977.T","655080720","942.291","Japan"
"6837","Community West Bancshares","CWBC","654299392","24.12","United States"
"6838","i3 Verticals","IIIV","654224704","21.11","United States"
"6839","Alpha HPA Limited","A4N.AX","653767837","0.450285","Australia"
"6840","Himalaya Shipping","HSHP","652883008","13.9","Bermuda"
"6841","Reservoir Media","RSVR","652722176","9.95","United States"
"6842","Skellerup Holdings","SKL.NZ","652683135","3.3288","New Zealand"
"6843","NTG Nordic Transport Group A/S","NTG.CO","652667538","29.5684","Denmark"
"6844","Tiptree","TIPT","652621632","17.23","United States"
"6845","RAK Ceramics","RAKCEC.AE","652008297","0.66","United Arab Emirates"
"6846","GB Group (GBG)","GBG.L","651027439","2.79817","United Kingdom"
"6847","Earth Corporation","4985.T","650902987","29.793","Japan"
"6848","Arabi Group Holding","AGHC.KW","650721123","1254.07","Kuwait"
"6849","Oil States International","OIS","650157952","10.8","United States"
"6850","Shore Bancshares","SHBI","649944064","19.43","United States"
"6851","Park Aerospace","PKE","649780288","32.61","United States"
"6852","TPG Real Estate Finance Trust","TRTX","649555136","8.29","United States"
"6853","Abacus Group","ABG.AX","649489404","0.726777","Australia"
"6854","Northpointe Bancshares","NPB","648834304","18.81","United States"
"6855","Hingham Institution for Savings","HIFS","648329088","296.82","United States"
"6856","Gray Media","GTN","648271616","5.69","United States"
"6857","Fujimori Kogyo","7917.T","648206255","9.05128","Japan"
"6858","OTC Markets Group","OTCM","648109696","53.85","United States"
"6859","Armada Hoffler Properties","AHH","647902656","6.25","United States"
"6860","Zephyrus Wing Energies","ZPRS.TA","647120074","9.85327","Israel"
"6861","IPH Limited","IPH.AX","646594294","2.47047","Australia"
"6862","Hangzhou Electronic Soul Network Technology","603258.SS","646455958","2.65053","China"
"6863","Basler Aktiengesellschaft","BSL.DE","646248493","21.0178","Germany"
"6864","Nagarro","NA9.DE","646181463","54.8353","Germany"
"6865","EVgo","EVGO","645974784","2.06","United States"
"6866","Alerus Financial","ALRS","645651456","25.26","United States"
"6867","Filtronic","FTC.L","644686114","2.93115","United Kingdom"
"6868","Beazer Homes USA","BZH","643865152","21.82","United States"
"6869","Okamoto Industries","5122.T","643685800","37.6664","Japan"
"6870","MTY Food Group","MTY.TO","643629539","28.1782","Canada"
"6871","Harworth Group","HWG.L","643494111","1.98124","United Kingdom"
"6872","Mannai Corporation","MCCS.QA","643055243","1.40962","Qatar"
"6873","TaskUs","TASK","642658944","7.02","United States"
"6874","Algoma Central Corporation","ALC.TO","642625154","15.8408","Canada"
"6875","Obsidian Energy","OBE","642607232","9.51","Canada"
"6876","Southern Cross Electrical Engineering","SXE.AX","641798235","2.41301","Australia"
"6877","Ataa Educational Company","4292.SR","641713646","15.2472","Saudi Arabia"
"6878","Arabian Cement Company","3010.SR","641343447","6.41344","Saudi Arabia"
"6879","Japan Lifeline","7575.T","641190718","9.13947","Japan"
"6880","Peet Limited","PPC.AX","641157017","1.36953","Australia"
"6881","Cybozu","4776.T","641105940","13.8635","Japan"
"6882","Duniec Bros.","DUNI.TA","640532907","82.9834","Israel"
"6883","G City","GCT.TA","640491959","3.64317","Israel"
"6884","CTO Realty Growth","CTO","640447104","19.67","United States"
"6885","Arnoldo Mondadori Editore","MN.MI","640093415","2.46192","Italy"
"6886","NRJ Group","NRG.PA","640014293","8.26544","France"
"6887","SI-BONE","SIBN","639955008","14.49","United States"
"6888","Uchida Yoko Co., Ltd.","8057.T","639953265","12.9754","Japan"
"6889","ARGO GRAPHICS","7595.T","639662606","9.30953","Japan"
"6890","Zeria Pharmaceutical","4559.T","639416581","14.506","Japan"
"6891","Ocugen","OCGN","639399680","1.95","United States"
"6892","Al-Saif Stores for Development &amp; Investment","4192.SR","639077695","1.82594","Saudi Arabia"
"6893","Mama's Creations","MAMA","638257344","15.7","United States"
"6894","Kyoei Steel","5440.T","638079438","14.6824","Japan"
"6895","Italtile","ITE.JO","637916100","0.535188","South Africa"
"6896","Microvast","MVST","637503296","1.92","United States"
"6897","Metalla Royalty & Streaming","MTA","637462400","6.8","Canada"
"6898","Advanced Medical Solutions Group","AMS.L","637250708","2.94472","United Kingdom"
"6899","Gogo Inflight Internet","GOGO","637045440","4.73","United States"
"6900","Donegal Group","DGICA","636451008","17.2","United States"
"6901","Kimball Electronics","KE","635961408","26.13","United States"
"6902","Care Property Invest NV","CPINV.BR","634917871","15.0195","Belgium"
"6903","Carlton Investments","CIN.AX","634309115","24.0583","Australia"
"6904","Surge Energy","SGY.TO","633646688","6.41077","Canada"
"6905","Western Copper and Gold","WRN","633185216","2.8","Canada"
"6906","BrainsWay","BWAY","632922176","15.81","Israel"
"6907","AMERISAFE","AMSF","632831936","33.44","United States"
"6908","Pareto Bank","PARB.OL","632600754","8.23887","Norway"
"6909","Shutterstock","SSTK","632376832","17.79","United States"
"6910","Amper, S.A.","AMP.MC","632290311","0.220333","Spain"
"6911","Shibaura Machine","6104.T","632278186","26.7381","Japan"
"6912","Kvika banki","KVIKA.IC","632141687","0.143116","Iceland"
"6913","Bahnhof AB","3B7.F","631876869","5.87437","Sweden"
"6914","Ardmore Shipping","ASC","631216512","15.47","Bermuda"
"6915","Waterdrop Inc.","WDH","630888192","1.71","China"
"6916","LendingTree","TREE","630161408","45.48","United States"
"6917","ECN Capital","ECN.TO","630092510","2.23648","Canada"
"6918","Riskified","RSKD","629871744","4.25","Israel"
"6919","Heidelberger Druckmaschinen","HDD.DE","629586993","2.06872","Germany"
"6920","Hektaş","HEKTS.IS","629090559","0.0746252","Turkey"
"6921","Sukoon Insurance","SUKOON.AE","628739608","1.36128","United Arab Emirates"
"6922","Integra Resources","ITRG","628713920","3.11","Canada"
"6923","Hovnanian Enterprises","HOV","628023424","105.76","United States"
"6924","GDI Integrated Facility Services","GDI.TO","627233213","26.6411","Canada"
"6925","Alfa Financial Software","ALFA.L","626845674","2.11694","United Kingdom"
"6926","Red River Bancshares","RRBI","626411200","95.24","United States"
"6927","Propel Holdings","PRL.TO","626285538","15.9104","Canada"
"6928","Credit Agricole Mutuel Toulouse 31","CAT31.PA","626159151","138.741","France"
"6929","Miquel y Costas &amp; Miquel","MCM.MC","625749298","16.708","Spain"
"6930","HIVE Digital Technologies","HIVE","625544256","2.47","Canada"
"6931","Sheela Foam","SFL.NS","625518839","5.75397","India"
"6932","EPC Groupe","EXPL.PA","624717545","292.833","France"
"6933","MarineMax","HZO","624697472","28.36","United States"
"6934","Doman Building Materials Group","DBM.TO","624487299","7.1156","Canada"
"6935","Idaho Strategic Resources","IDR","623400512","39.44","United States"
"6936","FDC India","FDC.NS","623023584","3.82669","India"
"6937","Forge Global","FRGE","623007296","45","United States"
"6938","Sparebanken Møre","MORG.OL","622958847","12.5683","Norway"
"6939","Metals Exploration","MTL.L","622776537","0.20898","United Kingdom"
"6940","Uxin Limited","UXIN","622710720","2.97","China"
"6941","MARR S.p.A.","MARR.MI","622700664","9.78864","Italy"
"6942","Tri Chemical Laboratories","4369.T","622253690","19.1482","Japan"
"6943","SMASCO (Saudi Manpower Solutions Company)","1834.SR","620551797","1.55138","Saudi Arabia"
"6944","Information Services Corporation","ISC.TO","620538411","33.183","Canada"
"6945","Energy Absolute","EA.BK","619482314","0.0834117","Thailand"
"6946","AdvanSix","ASIX","618614464","23.02","United States"
"6947","HealthStream","HSTM","617657664","21.04","United States"
"6948","Modern Mills for Food Products","2284.SR","617617300","7.62362","Saudi Arabia"
"6949","Addiko Bank","ZYE1.F","617170358","31.9991","Austria"
"6950","Ooredoo Oman","ORDS.OM","617128961","0.948052","Oman"
"6951","Meeza QSTP LLC (Public)","MEZA.QA","616709257","0.950275","Qatar"
"6952","Mühlbauer Holding","MUB.DE","616672278","43.4526","Germany"
"6953","RENOVA, Inc.","9519.T","616595316","6.81523","Japan"
"6954","Chrysos Corporation Limited","C79.AX","615718757","5.28565","Australia"
"6955","Hollywood Bowl Group","BOWL.L","615336094","3.67073","United Kingdom"
"6956","Aston Martin","AML.L","615278904","0.607943","United Kingdom"
"6957","indie Semiconductor","INDI","615222272","2.97","United States"
"6958","Calian Group","CGY.TO","615083255","53.8877","Canada"
"6959","Pakistan State Oil Company","PSO.PK","614868682","1.3097","Pakistan"
"6960","Foresight Group","FSG.L","614820081","5.4552","United Kingdom"
"6961","CEVA","CEVA","614754112","22.15","United States"
"6962","Greenlight Re","GLRE","614083712","18.07","Cayman Islands"
"6963","Cass Information Systems","CASS","614045248","46.93","United States"
"6964","Solowin Holdings","SWIN","614008064","3.28","Hong Kong"
"6965","Happiest Minds Technologies","HAPPSTMNDS.NS","613546561","4.08402","India"
"6966","WhiteFiber","WYFI","613462080","15.99","United States"
"6967","NetDragon Websoft","0777.HK","612748406","1.1647","China"
"6968","Auction Technology Group","ATG.L","612255864","5.05624","United Kingdom"
"6969","Integral Diagnostics Limited","IDX.AX","612199389","1.64099","Australia"
"6970","Arata Corporation","2733.T","611935594","18.2789","Japan"
"6971","Gladstone Investment","GAIN","611665408","15.36","United States"
"6972","Suprajit Engineering","SUPRAJIT.NS","611465140","4.45768","India"
"6973","DRI Healthcare Trust","DHT-UN.TO","611007437","11.8599","Canada"
"6974","Malam - Team","MLTM.TA","610335357","27.8753","Israel"
"6975","IDEC Corporation","6652.T","610052376","20.6599","Japan"
"6976","COVER Corporation","5253.T","609930447","9.29064","Japan"
"6977","Cars.com","CARS","608899072","10.18","United States"
"6978","Yanbu Cement Company","3060.SR","608756485","3.86512","Saudi Arabia"
"6979","Eslead Corporation","8877.T","608381231","39.4301","Japan"
"6980","Village Super Market","VLGEA","608076288","41.22","United States"
"6981","Gladstone Commercial","GOOD","607973248","12.45","United States"
"6982","CI&amp;T","CINT","606753344","4.7","Brazil"
"6983","Shen Zhen Shengxunda Technology (gamexun)","300518.SZ","606644100","3.04217","China"
"6984","SEALSQ","LAES","606545920","2.8","Switzerland"
"6985","Bystronic AG","BYS.SW","606432697","293.764","Switzerland"
"6986","AS Merko Ehitus","MRK1T.TL","606092819","34.2425","Estonia"
"6987","Zevra Therapeutics","ZVRA","605903552","10.32","United States"
"6988","Forward Air","FWRD","605525952","19.19","United States"
"6989","ProKidney","PROK","605475968","2.01","United States"
"6990","Energy Vault","NRGV","605412608","3.5","United States"
"6991","Greenlam Industries","GREENLAM.NS","604494307","2.36238","India"
"6992","Viaplay Group","VPLAY-B.ST","603631810","0.132745","Sweden"
"6993","Cytek Biosciences","CTKB","602900160","4.69","United States"
"6994","Bandwidth","BAND","602315072","19.19","United States"
"6995","Qt Group","QTCOM.HE","602025656","23.71","Finland"
"6996","American Woodmark","AMWD","601724288","41.3","United States"
"6997","Senvest Capital","SEC.TO","601369695","247.689","Canada"
"6998","E7 Group PJSC","E7.AE","600112290","0.29","United Arab Emirates"
"6999","California BanCorp","BCAL","599663360","18.55","United States"
"7000","Unilever Pakistan Foods","UPFL.PK","599500217","94.1141","Pakistan"
"7001","Laurent-Perrier","LPE.PA","598744570","102.019","France"
"7002","Rogers Sugar (Lantic)","RSI.TO","598724401","4.66966","Canada"
"7003","Rieter Holding","RIEN.SW","598683048","4.40326","Switzerland"
"7004","Coor Service Management Holding AB","COOR.ST","598394494","6.30375","Sweden"
"7005","General Oceans ASA","GENO.OL","598311021","3.11223","Norway"
"7006","Al-Ahleia Insurance","AINS.KW","597981728","2578.24","Kuwait"
"7007","Saudi Paper Manufacturing Company","2300.SR","597926351","16.1802","Saudi Arabia"
"7008","KYORIN Pharmaceutical","4569.T","597452200","10.3992","Japan"
"7009","Arrow Financial","AROW","596895936","36.15","United States"
"7010","Total Energy Services","TOT.TO","596399553","16.2455","Canada"
"7011","RCS MediaGroup","RCS.MI","596255152","1.15244","Italy"
"7012","Nxera Pharma","4565.T","596222744","6.58848","Japan"
"7013","Nextdoor","NXDR","596005056","1.52","United States"
"7014","Krispy Kreme","DNUT","595812032","3.46","United States"
"7015","Armah Sports","9590.SR","595607986","18.1261","Saudi Arabia"
"7016","Nilfisk Holding","NLFSK.CO","595564287","21.9552","Denmark"
"7017","Movado Group","MOV","595289600","26.89","United States"
"7018","Anteris Technologies","AVR.AX","594973096","5.94635","Australia"
"7019","Kameda Seika","2220.T","594795922","9.40401","Japan"
"7020","Zuken Inc.","6947.T","594059394","28.1868","Japan"
"7021","Singapore Post","S08.SI","593777514","0.263753","Singapore"
"7022","Global Dominion Access","DOM.MC","593537627","3.9556","Spain"
"7023","Vaalco Energy","EGY","593229504","5.69","United States"
"7024","ProCredit","PCZ.DE","593227224","10.072","Germany"
"7025","Shinagawa Refractories","5351.T","592682726","12.988","Japan"
"7026","Rigel Pharmaceuticals","RIGL","592469440","32.06","United States"
"7027","Universal Health Realty Income Trust","UHT","592447296","42.7","United States"
"7028","Flotek Industries","FTK","592173888","16.37","United States"
"7029","Aimco","AIV","592150464","4.11","United States"
"7030","iHeartMedia","IHRT","592024384","3.93","United States"
"7031","India Tourism Development Corp","ITDC.NS","591776311","6.89962","India"
"7032","Puravankara","PURVA.NS","591666430","2.49491","India"
"7033","Zamil Industrial Investment Company","2240.SR","591443406","9.85739","Saudi Arabia"
"7034","Lumibird","LBIRD.PA","591439093","26.8036","France"
"7035","IDI","IDIP.PA","591372365","82.8905","France"
"7036","Geopark","GPRK","591163968","9.14","Chile"
"7037","Saibu Gas Holdings","9536.T","590103073","16.3956","Japan"
"7038","Daiwa Industries","6459.T","589933260","12.0117","Japan"
"7039","Civista Bancshares","CIVB","589594816","23.91","United States"
"7040","Gemini Space Station","GEMI","587928448","4.9","United States"
"7041","Merida Industry","9914.TW","587785988","1.96594","Taiwan"
"7042","Klaveness Combination Carriers","KCC.OL","587697540","9.91223","Norway"
"7043","Eikon Therapeutics","EIKN","586861952","10.84","United States"
"7044","The Westaim Corporation","WED.V","586653923","17.6005","Canada"
"7045","Northfield Bancorp","NFBK","586366528","14.04","United States"
"7046","Weathernews Inc.","4825.T","586079157","13.1959","Japan"
"7047","Plus Alpha Consulting","4071.T","585741337","13.8194","Japan"
"7048","Marcus Corporation","MCS","585674880","19.03","United States"
"7049","Funding Circle","FCH.L","583944993","2.03552","United Kingdom"
"7050","Symphony Limited","SYMPHONY.NS","583809256","8.50149","India"
"7051","Opthea","OPT","583100736","3.41","Australia"
"7052","Prothena","PRTA","582472896","10.82","Ireland"
"7053","Argosy Property","ARG.NZ","581785039","0.67256","New Zealand"
"7054","NEC Capital Solutions","8793.T","581496886","26.9901","Japan"
"7055","Keihanshin Building","8818.T","581400963","12.1881","Japan"
"7056","Beta Bionics","BBNX","580193280","13.02","United States"
"7057","PagerDuty","PD","580029440","6.32","United States"
"7058","Vetropack","VETN.SW","579819784","29.2484","Switzerland"
"7059","Pepper Money Limited","PPM.AX","579730069","1.29053","Australia"
"7060","Wellneo Sugar","2117.T","579446383","17.6932","Japan"
"7061","Dingdong Maicai","DDL","579352448","2.67","China"
"7062","Ibstock plc","IBST.L","579283372","1.46693","United Kingdom"
"7063","Network18","NETWORK18.NS","579269822","0.375056","India"
"7064","Samty Residential Investment Corporation","3459.T","579004229","679.004","Japan"
"7065","Lesha Bank","QFBQ.QA","578461522","0.516483","Qatar"
"7066","Bar Harbor Bankshares","BHB","578439680","34.55","United States"
"7067","PageGroup","PAGE.L","578264676","1.84554","United Kingdom"
"7068","S Foods Inc.","2292.T","577558986","18.2348","Japan"
"7069","KG Mobility (SsangYong Motor)","003620.KS","577161791","2.85194","South Korea"
"7070","Nexity","NXI.PA","577107597","10.3613","France"
"7071","Tactile Medical","TCMD","576722880","25.35","United States"
"7072","MiMedx Group","MDXG","576438400","3.88","United States"
"7073","F.I.L.A. - Fabbrica Italiana Lapis ed Affini","FILA.MI","576001067","11.3355","Italy"
"7074","Tsuburaya Fields Holdings","2767.T","575420351","9.24655","Japan"
"7075","Karat Packaging","KRT","574644864","28.59","United States"
"7076","West Holdings","1407.T","574545899","14.4871","Japan"
"7077","National Real Estate Company - K.P.S.C.","NRE.KW","574230277","273.715","Kuwait"
"7078","Uranium Royalty","UROY","574191808","3.92","Canada"
"7079","Vastned Belgium NV","VASTB.BR","574047212","35.5414","Belgium"
"7080","Heimar","HEIMAR.IC","573779353","0.2879","Iceland"
"7081","Australian Agricultural Company","AAC.AX","573568842","0.95156","Australia"
"7082","Peoples Financial Services","PFIS","573225856","57.29","United States"
"7083","Qatar National Cement Company","QNCD.QA","572196907","0.875549","Qatar"
"7084","Villeroy &amp; Boch","VIB3.DE","572039400","21.3721","Germany"
"7085","Kid ASA","KID.OL","571835519","14.069","Norway"
"7086","CorMedix","CRMD","571534336","7.23","United States"
"7087","American Coastal Insurance Corporation","ACIC","570737280","11.73","United States"
"7088","Gulf Investment House Company","GIH.KW","569565759","1420.46","Kuwait"
"7089","Embecta","EMBC","569102784","9.61","United States"
"7090","Kyverna Therapeutics","KYTX","568984704","9.4","United States"
"7091","AlTi Global","ALTI","568037760","3.77","United States"
"7092","Ethan Allen","ETD","566944448","22.28","United States"
"7093","Bally's Corporation","BALY","566882688","11.63","United States"
"7094","Arabian Mills for Food Products","2285.SR","566838301","11.0462","Saudi Arabia"
"7095","Novavest Real Estate AG","NREN.SW","566323823","55.6807","Switzerland"
"7096","AvenuesAI Limited","CCAVENUE.NS","566198511","0.162653","India"
"7097","Fourth Milling","2286.SR","565693756","1.04758","Saudi Arabia"
"7098","Avalon Pharma (Middle East Pharmaceutical)","4016.SR","565640427","28.282","Saudi Arabia"
"7099","Acast AB","ACAST.ST","565630605","3.09994","Sweden"
"7100","MyState Limited","MYS.AX","565431978","3.31789","Australia"
"7101","Wild Bunch","WBAH.F","565419794","23.6155","Germany"
"7102","Tamdeen Real Estate Company","TAM.KW","565104750","1407.49","Kuwait"
"7103","Blackline Safety","BLN.TO","564856092","6.49091","Canada"
"7104","Kforce","KFRC","563327936","30.82","United States"
"7105","Norma Group","NOEJ.F","562830927","17.6644","Germany"
"7106","Energy Recovery","ERII","562563648","10.62","United States"
"7107","Hayat Communications Company","DIGITUS.KW","562468473","5237.55","Kuwait"
"7108","Jadwa Investment - Jadwa Reit Saudi Fund","4342.SR","562288645","3.01479","Saudi Arabia"
"7109","Immobiliare Grande Distribuzione SIIQ","IGD.MI","562197803","5.09505","Italy"
"7110","Revenio","REG1V.HE","561698174","21.1123","Finland"
"7111","GFT Technologies","GFT.DE","561465873","21.9625","Germany"
"7112","Bouvet","BOUV.OL","560782854","5.47837","Norway"
"7113","Electrosteel Castings","ELECTCAST.NS","560756518","0.906231","India"
"7114","Frequency Electronics","FEIM","558923072","56.79","United States"
"7115","Bloomin' Brands","BLMN","558326912","6.55","United States"
"7116","GPI S.p.A.","GPI.MI","558054466","19.3175","Italy"
"7117","Gulf Keystone Petroleum","GKP.L","557690099","2.56476","Bermuda"
"7118","Tectonic Therapeutic","TECX","557478016","29.69","United States"
"7119","EverQuote","EVER","557379200","15.47","United States"
"7120","Esperion Therapeutics","ESPR","557278784","2.17","United States"
"7121","PTC India","PTC.NS","556590614","1.88032","India"
"7122","Electra Consumer Products","ECP.TA","556327306","24.0951","Israel"
"7123","AMTD Digital","HKD","556274432","1.77","Hong Kong"
"7124","Lyell Immunopharma","LYEL","556148800","23.84","United States"
"7125","Verastem Oncology","VSTM","556045504","6.33","United States"
"7126","ADC Therapeutics","ADCT","555183808","4.37","Switzerland"
"7127","Nextensa","NEXTA.BR","554888473","54.9061","Belgium"
"7128","TOKAI Corp.","9729.T","554426061","17.9514","Japan"
"7129","NIPPON PARKING DEVELOPMENT","2353.T","554212904","1.74475","Japan"
"7130","Tele Columbus","TC1.HM","554131529","0.944622","Germany"
"7131","Real Brokerage Inc.","REAX","554102976","2.61","Canada"
"7132","Asia Financial Holdings","0662.HK","553516249","0.598952","Hong Kong"
"7133","Avax S.A.","AVAX.AT","553425443","3.73126","Greece"
"7134","TAT Technologies","TATT","553081600","42.6","Israel"
"7135","Grupo Casas Bahia S.A.","BHIA3.SA","552482818","0.581186","Brazil"
"7136","Shoei Co., Ltd.","7839.T","552473081","10.7897","Japan"
"7137","Shui On Land","0272.HK","552358449","0.0689624","China"
"7138","Creotech Instruments","CRI.WA","552233695","193.471","Poland"
"7139","Litgrid AB","LGD1L.VS","551435692","1.0934","Lithuania"
"7140","BILDCO (Abu Dhabi National Building Materials Co.)","BILDCO.AE","551320432","0.37","United Arab Emirates"
"7141","Phreesia","PHR","550513408","9.06","United States"
"7142","RattanIndia Power","RTNPOWER.NS","550449425","0.102503","India"
"7143","Sembcorp Salalah Power & Water Company","SSPW.OM","550428515","0.576623","Oman"
"7144","Fulcrum Therapeutics","FULC","549451712","8.25","United States"
"7145","Vital Farms","VITL","549212736","12.26","United States"
"7146","Lumax Industries","LUMAXIND.NS","549176962","58.7031","India"
"7147","Surya Roshni","SURYAROSNI.NS","548942663","2.52268","India"
"7148","Universal Logistics Holdings","ULH","548871744","20.83","United States"
"7149","Mesa Laboratories","MLAB","548834880","99.34","United States"
"7150","Red Violet","RDVT","548734528","38.89","United States"
"7151","SandRidge Energy","SD","547221952","14.86","United States"
"7152","ThredUp","TDUP","546975296","4.24","United States"
"7153","Flushing Financial Corp","FFIC","546881728","16.14","United States"
"7154","PAR Technology","PAR","546061312","13.36","United States"
"7155","Fastned","FAST.AS","545841567","28.0435","Netherlands"
"7156","Gokaldas Exports","GOKEX.NS","545666996","7.44966","India"
"7157","Ellaktor","ELLAKTOR.AT","545563849","1.57043","Greece"
"7158","MediaAlpha","MAX","545211840","9.7","United States"
"7159","Al-Maidan Clinic for Oral Health Services","MIDAN.KW","545078676","2691.75","Kuwait"
"7160","Wing On Company International","0289.HK","545057903","1.89008","Hong Kong"
"7161","Deutsche Rohstoff","DR0.DE","544955097","112.528","Germany"
"7162","Mastek","MASTEK.NS","544695192","17.5723","India"
"7163","Ashtead Technology","AT.L","544649328","6.77422","United Kingdom"
"7164","Northrim BanCorp","NRIM","543905536","24.58","United States"
"7165","Cable One","CABO","543848768","95.88","United States"
"7166","Unity Bancorp","UNTY","543820544","54.16","United States"
"7167","Flat Capital AB","FLAT-B.ST","542733297","1.09017","Sweden"
"7168","Johnson Outdoors","JOUT","542095360","51.86","United States"
"7169","Consolidated Water","CWCO","541984896","33.95","Cayman Islands"
"7170","Shattuck Labs","STTK","541921408","7.17","United States"
"7171","Medgulf (The Mediterranean and Gulf Cooperative Insurance and Reinsurance Company)","8030.SR","541730681","3.9211","Saudi Arabia"
"7172","Cooper Standard","CPS","541713728","30.51","United States"
"7173","Subros","SUBROS.NS","541661158","8.30313","India"
"7174","Valneva SE","VALN","541588480","6.03","France"
"7175","Lumi Rental Company","4262.SR","540983631","9.83607","Saudi Arabia"
"7176","MISTRAS Group","MG","540565376","16.99","United States"
"7177","Nederman Holding","NMAN.ST","540096927","15.4189","Sweden"
"7178","Zura Bio","ZURA","539871232","5.69","United States"
"7179","Jacquet Metals","JCQ.PA","539257555","26.5675","France"
"7180","Tokmanni","TOKMAN.HE","539237416","9.21006","Finland"
"7181","Olympic Steel","ZEUS","538983936","47.86","United States"
"7182","Richtech Robotics","RR","538866304","2.41","United States"
"7183","Strike Company","6196.T","538483389","9.34733","Japan"
"7184","Upstream Bio","UPB","537669440","9.88","United States"
"7185","NAGAWA Co., Ltd.","9663.T","537405738","34.3911","Japan"
"7186","Shenzhen Zqgame","300052.SZ","537352872","2.05207","China"
"7187","Entrada Therapeutics","TRDA","535597504","13.99","United States"
"7188","Eagle Point Credit Company","ECC","534123424","4.04","United States"
"7189","MapmyIndia","MAPMYINDIA.NS","533707231","10.0246","India"
"7190","Al-Yamamah Steel Industries Company","1304.SR","533254464","10.4971","Saudi Arabia"
"7191","Miller Industries","MLR","532765568","46.85","United States"
"7192","Immix Biopharma","IMMX","532241408","10.04","United States"
"7193","Eastern Province Cement Company","3080.SR","532069829","6.18686","Saudi Arabia"
"7194","EIZO Corporation","6737.T","531145304","13.4352","Japan"
"7195","SunCoke Energy","SXC","531122048","6.26","United States"
"7196","Invictus Investment Company","INVICTUS.AE","530574448","0.47","United Arab Emirates"
"7197","Tallink Grupp","T5N.F","529427521","0.712009","Estonia"
"7198","Allogene Therapeutics","ALLO","528998112","2.17","United States"
"7199","Boiron","BOI.PA","528925171","30.464","France"
"7200","Air Astana","7YH.F","528745731","5.40796","Kazakhstan"
"7201","Credit Corp Group","CCP.AX","527446556","7.74893","Australia"
"7202","Groupon","GRPN","526552064","12.92","United States"
"7203","ACNB Corporation","ACNB","526198400","50.67","United States"
"7204","Stabilus","STM.DE","525556764","21.2776","Luxembourg"
"7205","NeuroPace","NPCE","525541056","15.61","United States"
"7206","Tejon Ranch","TRC","525502368","19.46","United States"
"7207","Tadiran Group","TDRN.TA","525164082","61.1651","Israel"
"7208","Tohokushinsha Film","2329.T","524702519","3.81074","Japan"
"7209","Agomab Therapeutics","AGMB","524682464","10.66","Belgium"
"7210","SPARC","SPARC.NS","524643123","1.61667","India"
"7211","Summit Hotel Properties","INN","524409696","4.82","United States"
"7212","The Star Entertainment Group","SGR.AX","524243132","0.0789974","Australia"
"7213","Grenevia","GEA.WA","523875081","0.9116","Poland"
"7214","Qualitas Limited","QAL.AX","523858934","1.73794","Australia"
"7215","SMCP S.A.","SMCP.PA","523433519","6.70091","France"
"7216","Bridgewater Bancshares","BWB","523380032","18.81","United States"
"7217","Nexen Tire Corporation","002350.KS","522839734","5.09276","South Korea"
"7218","VersaBank","VBNK","522731968","16.3","Canada"
"7219","Cineplex","CGX.TO","521993309","8.22473","Canada"
"7220","Vinh Hoan Corporation","VHC.VN","521408542","2.32302","Vietnam"
"7221","Capital A (Air Asia)","5099.KL","520612903","0.116456","Malaysia"
"7222","Smartoptics Group","SMOP.OL","520409815","5.30784","Norway"
"7223","Titan International","TWI","519875328","8.12","United States"
"7224","enGene","ENGN","519838272","7.76","Canada"
"7225","Kopin Corporation","KOPN","519828832","2.92","United States"
"7226","Bank of Jerusalem","JBNK.TA","519708670","7.3699","Israel"
"7227","Deutsche Pfandbriefbank","PBB.DE","519228101","3.86114","Germany"
"7228","Tatton Asset Management","TAM.L","519090398","8.46778","United Kingdom"
"7229","Dutch Lady Milk Industries","3026.KL","518481006","8.10127","Malaysia"
"7230","Hindustan Construction Company","HCC.NS","518467370","0.197929","India"
"7231","Algoma Steel","ASTL","518388128","4.91","Canada"
"7232","Aquestive Therapeutics","AQST","517470976","4.24","United States"
"7233","Sunteck Realty","SUNTECK.NS","517440801","3.52379","India"
"7234","Sinko Industries","6458.T","517285694","7.68446","Japan"
"7235","Orthofix Medical","OFIX","516658368","12.87","United States"
"7236","Canopy Growth","CGC","516442592","1.15","Canada"
"7237","Veradigm","MDRX","516185984","4.74","United States"
"7238","Civmec Limited","CVL.AX","516048126","1.0126","Australia"
"7239","Gujarat Alkalies and Chemicals","GUJALKALI.NS","515466363","7.01917","India"
"7240","Nat Games (Nexon Games)","225570.KQ","515422456","8.19594","South Korea"
"7241","Malteries Franco-Belges","MALT.PA","515368907","1039.08","France"
"7242","SofWave Medical","SOFW.TA","513571807","14.2172","Israel"
"7243","Aurelius Group","AR4.DE","513292829","19.24","Germany"
"7244","everplay group plc","EVPL.L","513246415","3.56217","United Kingdom"
"7245","Combined Group Contracting Company","CGC.KW","513136947","2999.84","Kuwait"
"7246","Raisio plc","RAIVV.HE","513068224","3.24714","Finland"
"7247","Theeb Rent A Car Company","4261.SR","512789306","7.77289","Saudi Arabia"
"7248","Farmland Partners","FPI","511682528","11.53","United States"
"7249","ACICO Industries Company","ACICO.KW","511210253","1546.94","Kuwait"
"7250","Wajax Corporation","WJX.TO","510843418","23.4139","Canada"
"7251","Shamal Az-Zour Al-Oula Power and Water Company","AZNOULA.KW","510134593","463.759","Kuwait"
"7252","Soltec Power Holdings","SOL.MC","509445223","1.11583","Spain"
"7253","Gloo Holdings","GLOO","509405728","6.3","United States"
"7254","Sunlight REIT","0435.HK","509012164","0.291175","Hong Kong"
"7255","BMC Minerals","BMC.AX","508866172","1.85285","Canada"
"7256","Duni AB","DUNI.ST","508772623","10.8252","Sweden"
"7257","Figeac Aero","FGA.PA","508507856","11.4772","France"
"7258","Schweiter Technologies","SWTQ.SW","507668351","354.565","Switzerland"
"7259","Faysal Bank","FABL.PK","507496279","0.334386","Pakistan"
"7260","TRE Holdings Corporation","9247.T","507238339","10.7393","Japan"
"7261","Belships ASA","BELCO.OL","506976420","2.00572","Norway"
"7262","Clean Energy Fuels","CLNE","506885472","2.31","United States"
"7263","GAMCO Investors","GAMI","506823904","23.49","United States"
"7264","Direct Finance of Direct Group","DIFI.TA","506686373","171.329","Israel"
"7265","Marimekko","MEKKO.HE","506674534","12.5162","Finland"
"7266","Mativ Holdings","MATV","506439520","9.23","United States"
"7267","Hokkaido Gas","9534.T","506307127","5.73815","Japan"
"7268","Dubai Refreshment","DRC.AE","506234655","5.62483","United Arab Emirates"
"7269","Wemade","112040.KQ","506138442","14.9727","South Korea"
"7270","Swarmer","SWMR","505797792","40.96","United States"
"7271","Alujain Corporation","2170.SR","505050244","7.29841","Saudi Arabia"
"7272","Fulgent Genetics","FLGT","504999328","16.17","United States"
"7273","Midland States Bancorp","MSBI","504454848","23.5","United States"
"7274","Kaveri Seed","KSCL.NS","504389648","9.93985","India"
"7275","Charming Medical","MCTA","504260192","29.355","Hong Kong"
"7276","CryoPort","CYRX","504193856","10.07","United States"
"7277","PayPoint","PAY.L","503931336","8.29137","United Kingdom"
"7278","Lexeo Therapeutics","LXEO","503792064","6.8","United States"
"7279","init innovation in traffic systems","IXX.DE","503653445","50.7144","Germany"
"7280","Home Bancorp","HBCP","503245600","64.21","United States"
"7281","Marshalls plc","MSLH.L","502406788","1.98667","United Kingdom"
"7282","Intrepid Potash","IPI","502357056","37.47","United States"
"7283","Larimar Therapeutics","LRMR","501754560","4.83","United States"
"7284","Heisco (Heavy Engineering Industries and Shipbuilding Company)","SHIP.KW","501523806","2782.55","Kuwait"
"7285","JBCC Holdings","9889.T","501249885","8.23875","Japan"
"7286","PolyNovo","PNV.AX","501096224","0.72534","Australia"
"7287","GuangZhou Wahlap Technology","301011.SZ","501038610","3.24606","China"
"7288","Grid Dynamics","GDYN","501026624","5.87","United States"
"7289","One Liberty Properties","OLP","500393152","22.94","United States"
"7290","Pangaea Logistics Solutions","PANL","500340832","7.66","United States"
"7291","Phoenix Mecano","PMN.SW","500133540","540.167","Switzerland"
"7292","Euroseas","ESEA","499838592","70.84","Greece"
"7293","Bit Digital","BTBT","499663136","1.53","United States"
"7294","Shoe Carnival","SCVL","499122112","18.17","United States"
"7295","Perspective Therapeutics","CATX","499028480","4.38","United States"
"7296","4D Molecular Therapeutics","FDMT","498773056","9.77","United States"
"7297","CARE's Ratings","CARERATING.NS","498709460","16.5966","India"
"7298","Kearny Financial","KRNY","498659776","7.93","United States"
"7299","Meier Tobler Group","MTG.SW","497453042","46.0806","Switzerland"
"7300","Monro","MNRO","497425760","16.57","United States"
"7301","Community Healthcare Trust","CHCT","497149184","17.4","United States"
"7302","Cenomi Retail (Fawaz Abdulaziz Al Hokair &amp; Company)","4240.SR","496816516","4.32894","Saudi Arabia"
"7303","OBOOK Holdings Inc. (OwlTing)","OWLS","495967040","5.61","Taiwan"
"7304","VRL Logistics","VRLLOG.NS","495873011","2.83458","India"
"7305","MBM Resources","5983.KL","495784111","1.26835","Malaysia"
"7306","P3 Health Partners","PIII","495735776","2.44","United States"
"7307","Stitch Fix","SFIX","495576800","3.63","United States"
"7308","Legacy Housing Corporation","LEGH","495296704","20.8","United States"
"7309","Westrock Coffee","WEST","495052288","5.11","United States"
"7310","Boss Energy","BOE.AX","494887150","1.19214","Australia"
"7311","Contineum Therapeutics","CTNM","494702464","13.25","United States"
"7312","John Mattson Fastighetsföretagen","JOMA.ST","494570472","6.59351","Sweden"
"7313","Acinque","AC5.MI","494000282","2.50325","Italy"
"7314","eQ Oyj","EQV1V.HE","493815967","11.9258","Finland"
"7315","Varex Imaging","VREX","493810912","11.78","United States"
"7316","Sutro Biopharma","STRO","493206688","29.77","United States"
"7317","Gulf Oil Lubricants","GULFOILLUB.NS","492909597","9.97791","India"
"7318","VIP Industries","VIPIND.NS","492352900","3.46053","India"
"7319","Ion Beam Applications","IBAB.BR","492029423","16.8143","Belgium"
"7320","Nyab AB","NYAB.ST","490298725","0.688875","Sweden"
"7321","Altshuler Shaham Finance","ALTF.TA","489647216","2.46633","Israel"
"7322","Brandywine Realty Trust","BDN","489579104","2.81","United States"
"7323","One REIT, Inc.","3290.T","489509610","503.899","Japan"
"7324","Tera Light","TRLT.TA","489307439","6.2101","Israel"
"7325","First Foundation","FFWM","489265120","5.9","United States"
"7326","Rotshtein Realestate","ROTS.TA","489216784","27.9154","Israel"
"7327","Vst Tillers Tractors","VSTTILLERS.NS","489017066","56.5158","India"
"7328","Digital Arts Inc.","2326.T","488597026","36.3437","Japan"
"7329","Kamada","KMDA","487967104","8.44","Israel"
"7330","Kappa Create","7421.T","487424743","9.87642","Japan"
"7331","eGuarantee","8771.T","487077634","10.9661","Japan"
"7332","First Business Financial Services","FBIZ","486970816","58.37","United States"
"7333","Linc AB","LINC.ST","486948374","8.40864","Sweden"
"7334","Skipper Limited","SKIPPER.NS","486666870","4.30918","India"
"7335","Sea1 Offshore","SEA1.OL","486411489","3.17618","Norway"
"7336","Build-A-Bear Workshop","BBW","485930336","37.02","United States"
"7337","Gevo","GEVO","485764800","2","United States"
"7338","Southern First Bancshares","SFST","485540032","58.87","United States"
"7339","Interfor","IFP.TO","485338436","7.37967","Canada"
"7340","Myriad Genetics","MYGN","485307392","5.19","United States"
"7341","Absci","ABSI","485077408","3.17","United States"
"7342","Qatari Investors Group","QIGD.QA","485011045","0.39011","Qatar"
"7343","Commercial Facilities Company S.A.K.P.","FACIL.KW","484544192","956.705","Kuwait"
"7344","Caledonia Mining","CMCL","484177600","25.07","Jersey"
"7345","Multiconsult","MULTI.OL","484130440","17.5649","Norway"
"7346","Consensus Cloud Solutions","CCSI","483887040","25.46","United States"
"7347","Invivyd","IVVD","483594624","1.71","United States"
"7348","The Tinplate Company Of India","TINPLATE.NS","483517422","4.61583","India"
"7349","Pacific Biosciences","PACB","483197280","1.6","United States"
"7350","REGENXBIO","RGNX","483097504","9.36","United States"
"7351","Ecora Resources","ECOR.L","482718636","1.9351","United Kingdom"
"7352","Ginkgo Bioworks","DNA","482390688","7.79","United States"
"7353","A'ayan Leasing and Investment Company","AAYAN.KW","482389082","726.447","Kuwait"
"7354","Bajaj Electricals","BAJAJELEC.NS","481667841","4.16604","India"
"7355","ATHEX  (Athens Stock Exchange)","EXAE.AT","481571027","8.32448","Greece"
"7356","Wirtualna Polska (WP Holding)","WPL.WA","481438252","16.1691","Poland"
"7357","Servcorp Limited","SRV.AX","480992423","4.81884","Australia"
"7358","Voltamp Energy","VOES.OM","480519492","4.8052","Oman"
"7359","Murapol S.A.","MUR.WA","479986615","11.7644","Poland"
"7360","International Money Express","IMXI","479776768","15.92","United States"
"7361","Garofalo Health Care","GHC.MI","479565784","5.43157","Italy"
"7362","Fiducial Real Estate","ORIA.PA","478866462","198.371","France"
"7363","TXT e-solutions","TXT.MI","478495528","38.021","Italy"
"7364","XOMA Royalty","XOMA","478178272","40.13","United States"
"7365","Groupe Guillin","ALGIL.PA","478068483","25.859","France"
"7366","PensionBee Group","PBEE.L","477909762","2.00838","United Kingdom"
"7367","Soft-World International","5478.TWO","477461834","3.18673","Taiwan"
"7368","Presidio Production Company","FTW","476925728","10.7","United States"
"7369","Hampiðjan","HAMP.IC","476685418","0.760816","Iceland"
"7370","Calavo Growers","CVGW","476165472","26.64","United States"
"7371","Malibu Boats","MBUU","476050240","24.76","United States"
"7372","Aclaris Therapeutics","ACRS","475872896","3.93","United States"
"7373","Acacia Research","ACTG","475624064","4.93","United States"
"7374","The Pack Corporation","3950.T","475609494","8.55368","Japan"
"7375","Dawood Hercules Corporation","DAWH.PK","475398170","0.987764","Pakistan"
"7376","Tanzanian Gold Corporation","TRX","475376000","1.46","Canada"
"7377","IFB Industries","IFBIND.NS","475254715","11.7052","India"
"7378","Marston's","MARS.L","474056488","0.749073","United Kingdom"
"7379","Alantra Partners","ALNT.MC","474024747","12.3982","Spain"
"7380","Groupe SAMSE","SAMS.PA","473915625","139.922","France"
"7381","Dave & Buster's","PLAY","473845472","13.64","United States"
"7382","JM Holdings Co.,Ltd.","3539.T","473109356","9.28434","Japan"
"7383","Sierra Bancorp","BSRR","472868032","35.86","United States"
"7384","sterling &amp; wilson solar","SWSOLAR.NS","472781770","2.02335","India"
"7385","Orion Group Holdings","ORN","471151232","11.72","United States"
"7386","Oma Säästöpankki","OMASP.HE","471021417","14.1929","Finland"
"7387","Quadient","QDT.PA","470570191","13.8859","France"
"7388","BHG Group AB","BHG.ST","470359874","2.62428","Sweden"
"7389","Orange County Bancorp","OBT","469900928","35.15","United States"
"7390","Martinrea International","MRE.TO","469502901","6.52004","Canada"
"7391","PlayWay","PLW.WA","469181247","71.0881","Poland"
"7392","Parrot S.A.","PARRO.PA","469092047","15.1612","France"
"7393","Plasson Industries","PLSN.TA","468478208","49.0658","Israel"
"7394","Atea Pharmaceuticals","AVIR","468471840","5.88","United States"
"7395","Oman Cement Company","OCOI.OM","468378263","1.41558","Oman"
"7396","Forterra plc","FORT.L","468329663","2.23908","United Kingdom"
"7397","Van de Velde","VAN.BR","467834113","37.5487","Belgium"
"7398","Medmix","MEDX.SW","467516633","11.4945","Switzerland"
"7399","Attica Holdings","ATTICA.AT","467435710","1.9223","Greece"
"7400","Gaotu Techedu","GOTU","467160288","1.93","China"
"7401","The Manitowoc Company","MTW","466807232","13","United States"
"7402","Electrovaya","ELVA","466679712","9.45","Canada"
"7403","LEM Holding","LEHN.SW","466338035","409.605","Switzerland"
"7404","Nel ASA","NEL.OL","466251545","0.253668","Norway"
"7405","Benitec Biopharma","BNTC","465866752","13.6","United States"
"7406","Diamond Hill Investment Group","DHIL","465459936","172.05","United States"
"7407","PZ Cussons plc","PZC.L","464897607","1.10597","United Kingdom"
"7408","EnQuest","ENQ.L","464190048","0.24942","United Kingdom"
"7409","HOMAG Group","HG1.F","463100728","29.5194","Germany"
"7410","Ribbon Communications","RBBN","462690880","2.62","United States"
"7411","Hamborner REIT","HABA.DE","462472781","5.68544","Germany"
"7412","Gulf Medical Projects Company","GMPC.AE","462392067","0.66","United Arab Emirates"
"7413","Nature's Sunshine Products","NATR","462200832","26.4","United States"
"7414","Teikoku Sen-i Co., Ltd.","3302.T","461353860","18.0207","Japan"
"7415","BSR Real Estate Investment Trust","HOM-UN.TO","461168247","11.8672","Canada"
"7416","Patrimoine et Commerce SA","PAT.PA","460980619","28.3386","France"
"7417","Almawarid Manpower Company","1833.SR","460615767","23.0308","Saudi Arabia"
"7418","Fauji Cement Company","FCCL.PK","460310411","0.187664","Pakistan"
"7419","Kaiser (China) Culture","002425.SZ","460265687","0.481115","China"
"7420","PDS Multinational","PDSL.NS","459846866","3.24395","India"
"7421","Vital KSK Holdings","3151.T","459509548","9.49849","Japan"
"7422","PubMatic","PUBM","459358528","9.69","United States"
"7423","Rain Industries","RAIN.NS","458469573","1.36309","India"
"7424","Nichols plc","NICL.L","458468131","12.5388","United Kingdom"
"7425","Chalice Mining","CHN.AX","457905909","1.17563","Australia"
"7426","Lux Industries","LUXIND.NS","457897812","15.2269","India"
"7427","Osaka Steel","5449.T","457561057","15.2933","Japan"
"7428","City Cement Company","3003.SR","457523670","3.26803","Saudi Arabia"
"7429","Locaweb","LWSA3.SA","456043957","0.831697","Brazil"
"7430","Emeco Holdings","EHL.AX","456037272","0.879744","Australia"
"7431","Riso Kagaku Corporation","6413.T","455708902","7.21835","Japan"
"7432","NCC Group plc","NCC.L","455487342","1.62571","United Kingdom"
"7433","Avacta Group","AVCT.L","455407224","1.00419","United Kingdom"
"7434","Aura Biosciences","AURA","454826816","7.09","United States"
"7435","Home Invest Belgium","HOMI.BR","454817228","22.8598","Belgium"
"7436","MT Højgaard Holding","MTHH.CO","454701530","58.9947","Denmark"
"7437","adesso SE","ADN1.DE","454257936","70.9647","Germany"
"7438","Envela Corporation","ELA","453841536","17.48","United States"
"7439","Capita plc","CPI.L","453497240","3.78607","United Kingdom"
"7440","EMX Royalty","EMX","453291424","4.16","Canada"
"7441","Mortgage Advice Bureau (Holdings)","MAB1.L","453132691","7.81641","United Kingdom"
"7442","Eventbrite","EB","452958144","4.51","United States"
"7443","Cedar Woods Properties Limited","CWP.AX","452735351","5.32156","Australia"
"7444","Ismail Industries","ISIL.PK","452419608","6.81797","Pakistan"
"7445","Medistim","MEDI.OL","452085112","24.7273","Norway"
"7446","Newron Pharmaceuticals","NWRN.SW","451674617","21.7091","Italy"
"7447","OrthoPediatrics","KIDS","451226368","17.85","United States"
"7448","Titan Machinery","TITN","450576960","19.28","United States"
"7449","Sohu.com","SOHU","450079040","14.97","China"
"7450","Dhofar International Development &amp; Investment Holding","DIDI.OM","449671682","0.906494","Oman"
"7451","Bijou Brigitte","BIJ.DE","449469763","59.9835","Germany"
"7452","Habib Metropolitan Bank","HMB.PK","448963206","0.428469","Pakistan"
"7453","EnviTec Biogas","ETG.DE","448884173","30.2279","Germany"
"7454","Zion Oil &amp; Gas","ZNOG","448779968","0.38","United States"
"7455","Emergent BioSolutions","EBS","448335616","8.66","United States"
"7456","CPH Group AG","CPHN.SW","448146687","74.753","Switzerland"
"7457","Schweizerische Nationalbank","SNBN.SW","448005742","4480.06","Switzerland"
"7458","Seco S.p.A.","IOT.MI","447461233","3.37702","Italy"
"7459","Société Fermière du Casino Municipal de Cannes","FCMC.PA","446798449","2833.86","France"
"7460","TKM Grupp AS","TKM1T.TL","446775627","10.9694","Estonia"
"7461","Yext","YEXT","446509344","3.62","United States"
"7462","Agilon Health","AGL","446369120","26.88","United States"
"7463","Plastika Kritis","PLAKR.AT","446136458","16.2947","Greece"
"7464","WideOpenWest","WOW","445855520","5.2","United States"
"7465","York Water","YORW","445593216","30.84","United States"
"7466","B&amp;G Foods","BGS","444673280","5.53","United States"
"7467","Talgo S.A.","TLGO.MC","444498975","3.32979","Spain"
"7468","IGG Inc","0799.HK","444296883","0.397173","Singapore"
"7469","PureTech Health","PRTC","444238208","18.25","United States"
"7470","Community Health Systems","CYH","443931776","3.15","United States"
"7471","Skycity Entertainment Group","SKC.NZ","443491686","0.402058","New Zealand"
"7472","Texmaco Rail &amp; Engineering","TEXRAIL.NS","443448637","1.08968","India"
"7473","Bpost","13B.F","443029635","2.21514","Belgium"
"7474","Panoro Energy ASA","PEN.OL","442920507","3.35204","United Kingdom"
"7475","JCR Pharmaceuticals","4552.T","442566056","3.62807","Japan"
"7476","Altimmune","ALT","442357600","3.4","United States"
"7477","Armata Pharmaceuticals","ARMP","441791296","12.06","United States"
"7478","Fiera Capital","FSZ.TO","441190469","4.13786","Canada"
"7479","eMudhra","EMUDHRA.NS","441025934","5.3787","India"
"7480","Sygnity","SGN.WA","440548049","19.375","Poland"
"7481","Investors Title Company","ITIC","440205152","233.16","United States"
"7482","E. W. Scripps Company","SSP","439678560","4.81","United States"
"7483","AS Tallinna Sadam","TSM1T.TL","439109720","1.66962","Estonia"
"7484","Paysafe","PSFE","438732224","8.49","United States"
"7485","ECARX Holdings","ECX","438218976","1.15","China"
"7486","Caleres","CAL","437918560","12.94","United States"
"7487","DoubleDown Interactive","DDI","437556864","8.83","United States"
"7488","Gladstone Land","LAND","435999456","10.39","United States"
"7489","PowerFleet","AIOT","435978656","3.25","United States"
"7490","Anup Engineering","ANUP.NS","435959140","21.6306","India"
"7491","Lindex Group","LINDEX.HE","435816656","2.65675","Finland"
"7492","Camping World","CWH","435745728","6.86","United States"
"7493","Fonciere Inea","INEA.PA","435638878","40.2645","France"
"7494","Mahindra Logistics","MAHLOG.NS","435493352","4.38906","India"
"7495","Columbus McKinnon","CMCO","434826624","15.13","United States"
"7496","NACL Industries","NACLIND.NS","434761556","1.85073","India"
"7497","eDreams ODIGEO","EDR.MC","434731853","4.12091","Spain"
"7498","Borussia Dortmund","BVB.F","434002227","3.93199","Germany"
"7499","Kuwait Insurance Company","KINS.KW","433905735","2347.98","Kuwait"
"7500","Globe Trade Centre","GTC.WA","433841065","0.755485","Poland"
"7501","Whitefield Industrials Limited","WHF.AX","433078441","3.58361","Australia"
"7502","National Petroleum Services Company","NAPESCO.KW","433023050","4793.25","Kuwait"
"7503","Bluelinx","BXC","433010464","55.04","United States"
"7504","Glarner Kantonalbank","GLKBN.SW","432005537","32.0004","Switzerland"
"7505","Gladstone Capital Corporation","GLAD","431753536","19.11","United States"
"7506","gremz, Inc.","3150.T","431592934","18.6821","Japan"
"7507","Generalfinance","GF.MI","431164735","34.1245","Italy"
"7508","Chatham Lodging Trust","CLDT","430670720","8.71","United States"
"7509","KKR Real Estate Finance Trust","KREF","430646816","6.7","United States"
"7510","JCI Hitachi India","JCHAC.NS","429941645","15.7544","India"
"7511","Vanda Pharmaceuticals","VNDA","429715392","7.27","United States"
"7512","Mattr Corp.","MATR.TO","429549069","7.00085","Canada"
"7513","Medicare Group","MCGS.QA","429042836","1.52445","Qatar"
"7514","Medley, Inc.","4480.T","428790088","14.2603","Japan"
"7515","Bank of Marin Bancorp","BMRC","428641984","26.58","United States"
"7516","W&amp;T Offshore","WTI","428479776","2.88","United States"
"7517","Chofu Seisakusho","5946.T","428342877","12.5975","Japan"
"7518","National Cement Company P.S.C.","NCC.AE","427863878","1.19249","United Arab Emirates"
"7519","AngioDynamics","ANGO","427237600","10.34","United States"
"7520","MGP Ingredients","MGPI","426955072","19.98","United States"
"7521","Tide Water Oil","TIDEWATER.NS","426582649","25.0972","India"
"7522","OPAL Fuels","OPAL","426564416","2.46","United States"
"7523","Strickland Metals Limited","STK.AX","425692461","0.161586","Australia"
"7524","Perion Network","PERI","425419744","10.3","Israel"
"7525","SES AI","SES","425283552","1.16","United States"
"7526","BOE Varitronix","0710.HK","425205433","0.551699","Hong Kong"
"7527","Viking Line Abp","VIK1V.HE","424399582","24.5602","Finland"
"7528","OneSpan","OSPN","424382688","11.16","United States"
"7529","Paisalo Digital","PAISALO.NS","424305702","0.466515","India"
"7530","Nueva Expresión Textil","NXT.MC","424247233","0.985949","Spain"
"7531","Interloop","ILP.PK","424149264","0.302594","Pakistan"
"7532","IVF Hartmann","VBSN.SW","423698251","177.922","Switzerland"
"7533","North American Construction Group","NOA","423449344","14.65","Canada"
"7534","Rocket Pharmaceuticals","RCKT","423396640","3.88","United States"
"7535","Gravity Co.","GRVY","422910048","60.86","South Korea"
"7536","Enanta Pharmaceuticals","ENTA","422231456","14.55","United States"
"7537","Kintetsu Department Store","8244.T","421934663","10.4622","Japan"
"7538","Akastor ASA","AKAST.OL","421807379","1.54759","Norway"
"7539","BFF Bank","BFF.MI","421560352","2.23167","Italy"
"7540","Cellectis","CLLS","421528256","4.09","France"
"7541","Sekisui Jushi Corporation","4212.T","421491451","14.0651","Japan"
"7542","American Battery Technology Company","ABAT","421469600","3.2","United States"
"7543","Abu Dhabi Ship Building","ADSB.AE","421329039","1.99","United Arab Emirates"
"7544","Lithium Royalty Corp.","LIRC.TO","420960549","7.66378","Canada"
"7545","Coronado Global Resources","CRN.AX","420845062","0.224065","Australia"
"7546","The Gym Group","GYM.L","420578507","2.41549","United Kingdom"
"7547","DFS Furniture","DFS.L","420203884","1.8184","United Kingdom"
"7548","Instone Real Estate Group","INS.DE","420146518","9.49345","Germany"
"7549","Pasona Group","2168.T","419727221","11.2369","Japan"
"7550","Mirrabooka Investments Limited","MIR.AX","419599534","1.87439","Australia"
"7551","Citizens &amp; Northern Corp","CZNC","419457920","23.42","United States"
"7552","Docebo","DCBO","419180256","16.2","Canada"
"7553","Canada Packers","CPKR.TO","418531310","14.0746","Canada"
"7554","FRP Holdings","FRPH","418438752","21.89","United States"
"7555","Bankwell Financial Group","BWFG","418382528","52.45","United States"
"7556","Innovative Solutions and Support","ISSC","418146656","23.52","United States"
"7557","Daiichi Kensetsu","1799.T","418119647","23.6203","Japan"
"7558","Magnetic Resources NL","MAU.AX","418000970","1.41477","Australia"
"7559","LanzaTech Global","LNZA","417893120","41.42","United States"
"7560","Calfrac Well Services","CFW.TO","417620001","4.18157","Canada"
"7561","Ovid Therapeutics","OVID","416839936","2.76","United States"
"7562","Gree","3632.T","416497805","2.42501","Japan"
"7563","West Bancorporation","WTBA","416235072","24.57","United States"
"7564","Timbercreek Financial","TF.TO","415969519","5.02663","Canada"
"7565","Eik fasteignafélag","EIK.IC","415871509","0.122553","Iceland"
"7566","Palram Industries","PLRM.TA","415645597","16.157","Israel"
"7567","Mears Group plc","MER.L","415594025","5.04131","United Kingdom"
"7568","Atrium Mortgage Investment","AI.TO","415590888","8.65454","Canada"
"7569","Lesaka Technologies","LSAK","415386816","4.94","South Africa"
"7570","Australian Ethical Investment Limited","AEF.AX","415280102","3.64825","Australia"
"7571","Akebia Therapeutics","AKBA","415212800","1.55","United States"
"7572","Zumiez","ZUMZ","414398848","24.42","United States"
"7573","Birla Carbon (Thailand)","BCT.BK","413922868","1.37974","Thailand"
"7574","Banque Cantonale du Jura","BCJ.SW","413771181","138.242","Switzerland"
"7575","Brunel International","BRNL.AS","413646048","8.21821","Netherlands"
"7576","Summit Midstream","SMC","413613824","29.93","United States"
"7577","Nathan's Famous","NATH","413535008","101","United States"
"7578","Costamare Bulkers Holdings Limited","CMDB","413368384","17.01","Monaco"
"7579","Luceco plc","LUCE.L","412738690","2.74117","United Kingdom"
"7580","Mayville Engineering Company","MEC","412462880","20.3","United States"
"7581","Mepco (Middle East Company for Manufacturing and Producing Paper)","1202.SR","412137356","4.75543","Saudi Arabia"
"7582","Metall Zug AG","METN.SW","411683997","921.612","Switzerland"
"7583","Yü Group","YU.L","411642481","24.0192","United Kingdom"
"7584","Priority Technology Holdings","PRTH","411426816","5","United States"
"7585","Phnom Penh Autonomous Port","PPAP.KH","411357411","3.59","Cambodia"
"7586","Nautilus Biotechnology","NAUT","411334528","3.25","United States"
"7587","El Pollo Loco","LOCO","411299424","13.73","United States"
"7588","Star Group","SGU","410988192","12.5","United States"
"7589","Toscana Aeroporti","TYA.MI","410962075","22.0805","Italy"
"7590","MCI Capital Alternatywna Spólka Inwestycyjna","MCI.WA","410960106","7.83363","Poland"
"7591","Weave Communications","WEAV","410545728","5.22","United States"
"7592","BrasilAgro","LND","410415680","4.12","Brazil"
"7593","Selectirente","SELER.PA","410276545","98.5949","France"
"7594","ATN International","ATNI","410161536","26.69","United States"
"7595","enCore Energy","EU","409918144","2.1","Canada"
"7596","United Heavy Machinery","OMZZP.ME","409659177","150.02","Russia"
"7597","Cadiz Inc.","CDZI","409613632","4.91","United States"
"7598","Ranger Energy Services","RNGR","409352288","17.12","United States"
"7599","Bank7","BSVN","409331392","43","United States"
"7600","TSS, Inc.","TSSI","409311072","14.19","United States"
"7601","Gentrack Group","GTK.NZ","408902360","3.63626","New Zealand"
"7602","Ooma","OOMA","408725568","14.83","United States"
"7603","Nice One Beauty Digital Marketing Company","4193.SR","408552606","3.53725","Saudi Arabia"
"7604","Global Indemnity","GBLI","408424896","28.46","Cayman Islands"
"7605","Ashoka Buildcon","ASHOKA.NS","408272909","1.45358","India"
"7606","Sanford Limited","SAN.NZ","407433800","4.35168","New Zealand"
"7607","Kuwait Reinsurance Company","KUWAITRE.KW","407150009","1199.94","Kuwait"
"7608","Lifestyle Communities Limited","LIC.AX","406543340","3.33944","Australia"
"7609","Digital Turbine","APPS","406460800","3.39","United States"
"7610","Thob Al Aseel Company","4012.SR","406237517","1.01559","Saudi Arabia"
"7611","Uzin Utz","UZU.DE","406213878","80.529","Germany"
"7612","Universal Store Holdings","UNI.AX","406070114","5.29283","Australia"
"7613","Lineage Cell Therapeutics","LCTX","406012672","1.63","United States"
"7614","NRC Health","NRC","405795712","17.84","United States"
"7615","Pico Far East Holdings","0752.HK","404719025","0.319271","Hong Kong"
"7616","Future plc","FUTR.L","404390631","4.38316","United Kingdom"
"7617","The Cross-Harbour Holdings","0032.HK","404084252","1.08424","Hong Kong"
"7618","Nexxen","NEXN","403975648","7.25","Israel"
"7619","Greene County Bancorp","GCBC","403535840","23.7","United States"
"7620","Al-Jouf Agricultural Development","6070.SR","403438645","13.448","Saudi Arabia"
"7621","Oatly","OTLY","403427008","12.92","Sweden"
"7622","Chubu Steel Plate","5461.T","403224930","14.8839","Japan"
"7623","Syntec Optics","OPTX","402866464","10.89","United States"
"7624","Helen of Troy","HELE","402608224","17.45","United States"
"7625","Sumou Real Estate Company","4323.SR","402239133","8.04478","Saudi Arabia"
"7626","Chorus Aviation","CHR.TO","402228278","17.178","Canada"
"7627","Computer Engineering &amp; Consulting","9692.T","402019390","12.8809","Japan"
"7628","ElringKlinger","ZIL2.DE","401751259","6.34077","Germany"
"7629","Ponce Financial Group","PDLB","401574880","17.545","United States"
"7630","Shofu Inc.","7979.T","401260340","11.2747","Japan"
"7631","RWS Holdings","RWS.L","400924921","1.08018","United Kingdom"
"7632","Djurslands Bank A/S","DJUR.CO","400578209","151.949","Denmark"
"7633","Enento Group","ENENTO.HE","400319855","16.9087","Finland"
"7634","Harbour Centre Development","0051.HK","400068337","0.56447","Hong Kong"
"7635","Blend Labs","BLND","400010272","1.54","United States"
"7636","Lucky Core Industries (LCI)","LCI.PK","399905503","0.86598","Pakistan"
"7637","Auna SA","AUNA","399670048","5.4","Luxembourg"
"7638","SHL Finance Company","1183.SR","399306955","3.99307","Saudi Arabia"
"7639","Industrial Logistics Properties Trust","ILPT","399252224","5.99","United States"
"7640","Halfords Group","HFD.L","399145775","1.83197","United Kingdom"
"7641","Melcor Developments","MRD.TO","399119544","13.2586","Canada"
"7642","FuelCell Energy","FCEL","398923328","7.53","United States"
"7643","FW Thorpe Plc","TFW.L","398053258","3.54181","United Kingdom"
"7644","National Fertilizers","NFL.NS","397865803","0.811014","India"
"7645","Portillo's","PTLO","397802368","5.52","United States"
"7646","Fujiya Co., Ltd.","2211.T","397766709","15.4319","Japan"
"7647","COLTENE Holding AG","CLTN.SW","397727107","66.5609","Switzerland"
"7648","Baader Bank","BWB.DE","397569344","8.14736","Germany"
"7649","National Finance","NFCI.OM","397177719","0.61039","Oman"
"7650","Orascom Development","ODHN.SW","397040564","6.66163","Switzerland"
"7651","Stride Property Group","SPG.NZ","396945792","0.709513","New Zealand"
"7652","SNDL Inc.","SNDL","396584800","1.53","Canada"
"7653","Autolus Therapeutics","AUTL","396553504","1.49","United Kingdom"
"7654","Orell Füssli AG","OFN.SW","396395481","202.243","Switzerland"
"7655","BitFuFu","FUFU","396227904","2.38","Singapore"
"7656","JTEKT India","JTEKTINDIA.NS","396111303","1.42796","India"
"7657","Novabase","NBA.LS","396106730","10.5089","Portugal"
"7658","Xunlei","XNET","395989024","6.3","China"
"7659","Maruzen","5982.T","395649231","24.88","Japan"
"7660","Race Oncology","RAC.AX","395568221","2.16884","Australia"
"7661","Lightbridge Corporation","LTBR","395286080","12.14","United States"
"7662","Valhi","VHI","395100000","13.96","United States"
"7663","Vox Royalty","VOXR","394959776","5.68","Canada"
"7664","Younited Financial","YOUNI.PA","394289807","8.67871","Luxembourg"
"7665","Truecaller","TRUE-B.ST","394163365","1.19733","Sweden"
"7666","Vasta Platform","VSTA","393989824","4.9","Brazil"
"7667","X4 Pharmaceuticals","XFOR","393682272","4.33","United States"
"7668","Orient Electric","ORIENTELEC.NS","393279773","1.84301","India"
"7669","FRP Advisory Group","FRP.L","393146419","1.57414","United Kingdom"
"7670","Invalda INVL, AB","IVL1L.VS","392978823","32.5894","Lithuania"
"7671","CION Investment Corporation","CION","392699200","7.6","United States"
"7672","Oula Fuel Marketing Company","OULAFUEL.KW","392562923","882.114","Kuwait"
"7673","GWA Group Limited","GWA.AX","392346274","1.47941","Australia"
"7674","LexinFintech Holdings","LX","392053952","2.33","China"
"7675","Investar Holding","ISTR","391600736","28.48","United States"
"7676","Daikokutenbussan","2791.T","391543762","29.1946","Japan"
"7677","IBEX","IBEX","390952096","29.03","United States"
"7678","Vanquis Banking Group","VANQ.L","390659931","1.56057","United Kingdom"
"7679","Strata Critical Medical","SRTA","390581248","4.49","United States"
"7680","Public Policy Holding Company","PPHC","390302880","13.47","United States"
"7681","Vaibhav Global","VAIBHAVGBL.NS","390293478","2.33708","India"
"7682","Ascencio","ASCE.BR","390198235","59.1569","Belgium"
"7683","Pizza Pizza","PZA.TO","389837425","11.5321","Canada"
"7684","Bed Bath &amp; Beyond","BBBY","389763744","5.28","United States"
"7685","Campine","CAMB.BR","389656400","259.771","Belgium"
"7686","Aeroporto G. Marconi Bologna","ADB.MI","389025922","10.7687","Italy"
"7687","Jupiter Mines Limited","JMS.AX","388242957","0.197494","Australia"
"7688","Cerus Corporation","CERS","388186976","2.02","United States"
"7689","Quad","QUAD","387797216","7.42","United States"
"7690","Bafang Yunji","2753.TW","387778080","5.81856","Taiwan"
"7691","PharmaSGP","PSG.DE","387716280","33.6779","Germany"
"7692","Monopar Therapeutics","MNPR","387541824","57.91","United States"
"7693","Shinpoong Pharm","019170.KS","387422199","7.55765","South Korea"
"7694","Formycon AG","FYB.DE","387306106","21.9152","Germany"
"7695","Getty Images","GETY","387018080","0.9264","United States"
"7696","fuboTV","FUBO","386754016","13.14","United States"
"7697","Commercial Bancgroup","CBK","386694176","28.23","United States"
"7698","Aramis Group","ARAMI.PA","386633158","4.72311","France"
"7699","Iwaki Co.","6237.T","386070475","17.4034","Japan"
"7700","Banco de Brasília","BSLI3.SA","385842557","0.793619","Brazil"
"7701","Doha Insurance Group","DOHI.QA","385302213","0.770604","Qatar"
"7702","Clearfield","CLFD","385215712","27.82","United States"
"7703","The Property Franchise Group","TPFG.L","384980613","6.03872","United Kingdom"
"7704","goeasy","GSY.TO","384264834","23.9675","Canada"
"7705","Judges Scientific plc","JDG.L","384128971","57.6732","United Kingdom"
"7706","SAPTCO (Saudi Public Transport Company)","4040.SR","383846473","3.07077","Saudi Arabia"
"7707","XANO Industri","XANO-B.ST","383835337","6.47161","Sweden"
"7708","Boston Omaha","BOC","383731904","12.2","United States"
"7709","EQT Holdings Limited","EQT.AX","383660461","14.3201","Australia"
"7710","Heidelbergcement India","HEIDELBERG.NS","383546184","1.68861","India"
"7711","PCC Rokita","PCR.WA","383471311","18.9289","Poland"
"7712","Rajesh Exports","RAJESHEXPO.NS","383395943","1.29736","India"
"7713","Select Harvests Limited","SHV.AX","383219638","2.69669","Australia"
"7714","FleetPartners Group","FPR.AX","383093082","1.77385","Australia"
"7715","A2Z Smart Technologies","AZ","383087072","8.6","Canada"
"7716","Nu Skin","NUS","383086784","7.79","United States"
"7717","Capital Limited","CAPD.L","382850814","1.69627","United Kingdom"
"7718","Fiverr","FVRR","382515744","10.64","Israel"
"7719","Cairo Communication","CAI.MI","382364224","3.18219","Italy"
"7720","Alandalus Property Company","4320.SR","382140488","4.09436","Saudi Arabia"
"7721","Nichireki Group","5011.T","381766813","13.4163","Japan"
"7722","IPD Group Limited","IPG.AX","381585293","3.66979","Australia"
"7723","I'LL inc.","3854.T","381542743","15.2618","Japan"
"7724","NVE Corporation","NVEC","381313888","78.83","United States"
"7725","Standard BioTools","LAB","381294912","0.9775","United States"
"7726","RBB Bancorp","RBB","381095232","22.32","United States"
"7727","Hypothekarbank Lenzburg","HBLN.SW","380731193","5299.27","Switzerland"
"7728","Arabian Pipes Company","2200.SR","380647752","1.90324","Saudi Arabia"
"7729","Puma Biotechnology","PBYI","380556128","7.48","United States"
"7730","Onity Group","ONIT","380491104","44.65","United States"
"7731","SRA Holdings","3817.T","380380651","30.108","Japan"
"7732","Zentalis Pharmaceuticals","ZNTL","380190240","5.36","United States"
"7733","Arbonia","ARBN.SW","380157008","5.47207","Switzerland"
"7734","Medios AG","ILM1.DE","379745997","15.3737","Germany"
"7735","Niagen Bioscience","NAGE","379581504","4.74","United States"
"7736","Rapid7","RPD","379544352","5.76","United States"
"7737","Ölgerðin Egill Skallagrímsson","OLGERD.IC","379204123","0.132423","Iceland"
"7738","Alto Ingredients","ALTO","378982592","4.9","United States"
"7739","ParkOhio Holdings Corp.","PKOH","378841088","26.31","United States"
"7740","Cabaletta Bio","CABA","378497088","3.4","United States"
"7741","Wonderla Holidays","WONDERLA.NS","378023264","5.96037","India"
"7742","Ice Fish Farm","IFISH.OL","377897759","3.09091","Iceland"
"7743","Universal Entertainment Corporation","6425.T","377785183","4.87522","Japan"
"7744","Orion Engineered Carbons","OEC","377596544","6.71","United States"
"7745","Magnera","MAGN","377360000","10.6","United States"
"7746","Aduro Clean Technologies","ADUR","376949728","10.9","Canada"
"7747","Saratoga Investment","SAR","376401408","23.2","United States"
"7748","Cerence","CRNC","376351136","8.36","United States"
"7749","Yubico","YUBICO.ST","375713597","4.38037","Sweden"
"7750","Knr Constructions","KNRCON.NS","375447860","1.335","India"
"7751","Gaumont SA","GAM.PA","375177165","120.439","France"
"7752","Neumora Therapeutics","NMRA","375004320","2.06","United States"
"7753","Lifeway Foods","LWAY","374323008","24.58","United States"
"7754","Wall Financial Corporation","WFC.TO","374300422","11.6924","Canada"
"7755","Reliance Infrastructure","RELINFRA.NS","373907677","0.914588","India"
"7756","Fastighets AB Trianon","TRIAN-B.ST","373822936","1.96275","Sweden"
"7757","Neurogene","NGNE","373783040","24","United States"
"7758","IVU Traffic Technologies","IVU.DE","373625605","21.6082","Germany"
"7759","Group Five Pipe Saudi Company","9523.SR","373557238","13.3413","Saudi Arabia"
"7760","Australian Finance Group","AFG.AX","373158983","1.37312","Australia"
"7761","Canaan","CAN","373094176","0.55","China"
"7762","Al Suwadi Power","SUWP.OM","372975787","0.522078","Oman"
"7763","McBride","MCB.L","372795695","2.17123","United Kingdom"
"7764","Equita Group","EQUI.MI","372705204","7.22635","Italy"
"7765","Advantage Solutions","ADV","372441760","28.43","United States"
"7766","Nano Dimension","NNDM","372292544","1.77","United States"
"7767","Lycopodium","LYL.AX","372158800","9.36479","Australia"
"7768","Kits Eyecare","KITS.TO","372131903","10.9493","Canada"
"7769","Cigniti Technologies","CIGNITITEC.NS","371916155","13.5012","India"
"7770","Gérard Perrier Industrie S.A.","PERR.PA","371901784","98.4768","France"
"7771","Immuneering","IMRX","371754336","5.75","United States"
"7772","Claros Mortgage Trust","CMTG","371579744","2.65","United States"
"7773","Holley","HLLY","371528256","3.1","United States"
"7774","Mirbud S.A.","MRB.WA","371365532","3.3732","Poland"
"7775","Al Taiseer Group TALCO Industrial Company","4143.SR","371051590","9.27629","Saudi Arabia"
"7776","Viemed Healthcare","VMD","370971296","9.61","United States"
"7777","Independent Petroleum Group K.S.C.P.","IPG.KW","370545475","2049.62","Kuwait"
"7778","Amplitude Energy","AEL.AX","370422672","1.23523","Australia"
"7779","Radiant Logistics","RLGT","370397952","7.91","United States"
"7780","Wing Tai Properties","0369.HK","370392855","0.269464","Hong Kong"
"7781","Designer Brands","DBI","370155424","7.3","United States"
"7782","Incap Oyj","ICP1V.HE","369964328","12.5635","Finland"
"7783","Millat Tractors","MTL.PK","369515071","1.85206","Pakistan"
"7784","Myer Holdings","MYR.AX","369156254","0.213293","Australia"
"7785","Mehadrin","MEDN.TA","368983459","107.189","Israel"
"7786","Jumbo Interactive Limited","JIN.AX","368848054","5.82427","Australia"
"7787","Kyokuyo","1301.T","368824302","31.0528","Japan"
"7788","LiveWire Group","LVWR","368571264","1.8","United States"
"7789","Farmers &amp; Merchants Bancorp","FMAO","368498496","26.8","United States"
"7790","Ercros","ECR.MC","368163237","4.02645","Spain"
"7791","Bicycle Therapeutics","BCYC","368053088","5.28","United Kingdom"
"7792","NewtekOne","NEWT","367735264","12.73","United States"
"7793","Genie Energy","GNE","367514592","13.76","United States"
"7794","Beyout Investment Group","BEYOUT.KW","367436592","1225.88","Kuwait"
"7795","Foseco India","FOSECOIND.NS","367004828","48.4517","India"
"7796","Sjóvá-Almennar tryggingar","SJOVA.IC","366913597","0.315841","Iceland"
"7797","Wabash National","WNC","366879200","9.02","United States"
"7798","Kuwait National Cinema Company","KCIN.KW","366384463","3956.54","Kuwait"
"7799","NACCO Industries","NC","366181024","48.6","United States"
"7800","Chaince Digital Holdings","CD","366079200","4.61","United States"
"7801","Havertys","HVT","365612256","22.55","United States"
"7802","The Honest Company","HNST","365541216","3.25","United States"
"7803","Mikron Holding","MIKN.SW","365263843","21.8883","Switzerland"
"7804","Marie Brizard Wine &amp; Spirits","MBWS.PA","364543787","3.25894","France"
"7805","Eimskipafélag Íslands","EIM.IC","364503166","2.25385","Iceland"
"7806","Genesco","GCO","364293408","33.55","United States"
"7807","Autosports Group","ASG.AX","364124386","1.70922","Australia"
"7808","PT Aspirasi Hidup Indonesia Tbk","ACES.JK","363668412","0.0212418","Indonesia"
"7809","SOPHiA GENETICS","SOPH","363360352","5.07","Switzerland"
"7810","oOh!media Limited","OML.AX","362841973","0.680096","Australia"
"7811","Plumas Bancorp","PLBC","362837600","51.99","United States"
"7812","Kitex Garments","KITEX.NS","362723189","1.81706","India"
"7813","Gulf Warehousing Company","GWCS.QA","362566741","0.618681","Qatar"
"7814","Inmobiliaria del Sur","ISUR.MC","362404257","19.8371","Spain"
"7815","Boohoo Group","DEBS.L","362349538","0.230693","United Kingdom"
"7816","KinderCare Learning Companies","KLC","362168736","3.06","United States"
"7817","Semperit","SEM.VI","361960285","17.5936","Austria"
"7818","Xponential Fitness","XPOF","361922496","7.1","United States"
"7819","Dine Brands Global","DIN","361123904","27.68","United States"
"7820","Southern States Bancshares","SSBK","361068608","36.37","United States"
"7821","Verve Group SE","VER.ST","361049348","1.8042","Sweden"
"7822","Omni Bridgeway","OBL.AX","360895728","1.24601","Australia"
"7823","Al Soor Fuel Marketing Company K.S.C.P.","SOOR.KW","360259294","856.17","Kuwait"
"7824","OVB Holding","O4B.DE","360111131","25.2686","Germany"
"7825","Leonteq","LEON.SW","359861478","20.3267","Switzerland"
"7826","Orbit Communication Systems","ORBI.TA","359593798","14.1482","Israel"
"7827","COLOPL","3668.T","359233472","2.79664","Japan"
"7828","Lubawa","LBW.WA","359222000","2.39051","Poland"
"7829","Regional Management Corp.","RM","359150624","38.22","United States"
"7830","Bourrelier Group","ALBOU.PA","359087804","57.8581","France"
"7831","Greenwich LifeSciences","GLSI","358971104","25.91","United States"
"7832","Vitru","VTRU3.SA","358920975","2.68548","Brazil"
"7833","Batic Investments and Logistics Company","4110.SR","358256708","0.597094","Saudi Arabia"
"7834","Plaza Retail REIT","PLZ-UN.TO","357692680","3.20539","Canada"
"7835","Aarti Drugs","AARTIDRUGS.NS","357655846","3.91675","India"
"7836","MasterCraft Boat","MCFT","357616480","21.96","United States"
"7837","Mechel PAO","MTLR.ME","357382605","0.84","Russia"
"7838","DocMorris","DOCM.SW","357072926","7.34729","Switzerland"
"7839","KNOT Offshore Partners","KNOP","357063968","10.22","United Kingdom"
"7840","Keros Therapeutics","KROS","356757664","11.71","United States"
"7841","WithSecure Oyj","WITH.HE","356719411","2.02857","Finland"
"7842","Agora, Inc.","API","356605248","3.97","China"
"7843","ASOS","ASC.L","356583740","2.98544","United Kingdom"
"7844","Hargreaves Services","HSP.L","356184343","10.7747","United Kingdom"
"7845","BVZ Holding","BVZN.SW","356051903","1804.82","Switzerland"
"7846","Byggmax Group","BMAX.ST","355775306","6.06866","Sweden"
"7847","Lands' End","LE","355680768","11.55","United States"
"7848","Komax Holding","KOMN.SW","355555666","69.3769","Switzerland"
"7849","Central Asia Metals","CAML.L","355191832","2.08438","United Kingdom"
"7850","Vadilal Industries","VADILALIND.NS","354590170","49.332","India"
"7851","Nippon Air conditioning Services","4658.T","354282988","10.2291","Japan"
"7852","Ashiana Housing","ASHIANA.NS","353204774","3.51361","India"
"7853","Alliance Entertainment","AENT","353134560","6.93","United States"
"7854","Victorian Plumbing Group","VIC.L","352866450","1.07476","United Kingdom"
"7855","Liva Group","LIVA.OM","352845855","0.885714","Oman"
"7856","LNA Santé","LNA.PA","352538062","34.2425","France"
"7857","Alight","ALIT","352375616","0.647","United States"
"7858","Allot","ALLT","352246304","7.2","Israel"
"7859","Selvaag Bolig","SBO.OL","352014155","3.75705","Norway"
"7860","Pinewood Technologies Group","PINE.L","351867165","3.07364","United Kingdom"
"7861","Delta Plus Group","ALDLT.PA","351766609","49.1203","France"
"7862","BEWi ASA","BEWI.OL","351417345","1.48577","Norway"
"7863","Pioneer Bancorp","PBFS","351330240","14.39","United States"
"7864","Coelacanth Energy","CEI.V","350978856","0.655647","Canada"
"7865","Deceuninck","DECB.BR","350960317","2.53867","Belgium"
"7866","Bgin Blockchain","BGIN","350721408","3.1","Singapore"
"7867","Al Batinah Power","BATP.OM","350590881","0.519481","Oman"
"7868","Cresco Labs","CRLBF","350544480","0.975","United States"
"7869","AMC Networks","AMCX","350390496","8.05","United States"
"7870","F-Secure","FSECURE.HE","350292961","2.00496","Finland"
"7871","Lifezone Metals","LZM","349639296","3.89","United Kingdom"
"7872","K-Bro Linen","KBL.TO","349537714","27.0928","Canada"
"7873","Primis Financial","FRST","349533920","14.11","United States"
"7874","Parke Bancorp","PKBK","349475040","29.51","United States"
"7875","Barnes &amp; Noble Education","BNED","349134528","10.18","United States"
"7876","Eagle Football Group","EFG.PA","349035216","2.1313","France"
"7877","USANA","USNA","348836096","18.9","United States"
"7878","Luxfer","LXFR","348715712","13.05","United Kingdom"
"7879","Peach Property Group AG","PEAN.SW","348319498","6.27208","Switzerland"
"7880","Transcontinental Realty Investors","TCI","348250880","40.31","United States"
"7881","ON24","ONTF","348249024","8.1","United States"
"7882","Beyond Meat","BYND","348181088","0.7511","United States"
"7883","S4 Capital","SFOR.L","347738688","0.524487","United Kingdom"
"7884","Norcros","NXR.L","347525126","3.8675","United Kingdom"
"7885","The Hackett Group","HCKT","347458080","13.69","United States"
"7886","Prelude Therapeutics","PRLD","347016288","5.52","United States"
"7887","D2L Inc.","DTOL.TO","346474508","6.33792","Canada"
"7888","Hyliion","HYLN","345935296","1.94","United States"
"7889","STEICO SE","ST5.DE","345892158","24.5602","Germany"
"7890","On the Beach Group","OTB.L","345690571","2.38563","United Kingdom"
"7891","West Coast Paper Mills","WSTCSTPAPR.NS","345342901","5.22859","India"
"7892","StealthGas","GASS","345229152","9.29","Greece"
"7893","Mount Gibson Iron","MGX.AX","345028168","0.292291","Australia"
"7894","Stalprodukt","STP.WA","344738100","67.7427","Poland"
"7895","Ellomay Capital","ELLO","344489632","25","Israel"
"7896","Silence Therapeutics","SLN","343863136","7.28","United Kingdom"
"7897","Sovereign Metals","SVM.AX","343807413","0.531437","Australia"
"7898","Rezolute","RZLT","343554688","3.59","United States"
"7899","PCB Bancorp","PCB","343546528","24.14","United States"
"7900","Westwing Group","WEW.DE","343381316","18.6563","Germany"
"7901","Telos","TLS","343016672","4.44","United States"
"7902","Alpine Income Property Trust","PINE","342789600","19.47","United States"
"7903","Qatar Islamic Insurance Group","QISI.QA","342032975","2.28022","Qatar"
"7904","Abbott Laboratories (Pakistan)","ABOT.PK","341198480","3.48516","Pakistan"
"7905","Matrix Service Company","MTRX","341197536","12.13","United States"
"7906","Brinova Fastigheter","BRIN-B.ST","341161219","1.48163","Sweden"
"7907","Árima Real Estate","ARM.MC","340770609","13.9332","Spain"
"7908","Qatar General Insurance & Reinsurance Company","QGRI.QA","340651102","0.389286","Qatar"
"7909","Civeo","CVEO","340620288","29.58","United States"
"7910","Jindal Poly Films","JINDALPOLY.NS","340512997","7.77668","India"
"7911","AB Dynamics","ABDP.L","340442632","14.8729","United Kingdom"
"7912","RPG Life Sciences","RPGLIFE.NS","340317213","20.5766","India"
"7913","Waterstone Financial","WSBF","340209504","18.53","United States"
"7914","Bredband2 i Skandinavien AB","BRE2.ST","340124662","0.355372","Sweden"
"7915","Verano Holdings","VRNOF","340106912","0.94","United States"
"7916","Unimot","UNT.WA","340061752","41.482","Poland"
"7917","MSTC Limited","MSTCLTD.NS","339868509","4.82491","India"
"7918","Kuwait Investment Company","KINV.KW","339362754","616.183","Kuwait"
"7919","The Oncology Institute","TOI","339018272","3.43","United States"
"7920","Kingsway Financial Services","KFS","338928800","11.84","Canada"
"7921","AIC Mines Limited","A1M.AX","337962360","0.423714","Australia"
"7922","Mo-BRUK S.A.","MBR.WA","337862154","96.178","Poland"
"7923","SFC Energy AG","F3C.DE","337729041","19.412","Germany"
"7924","Datalogic S.p.A.","DAL.MI","336984641","6.41162","Italy"
"7925","SIGA Technologies","SIGA","336728672","4.7","United States"
"7926","Gulf Pharmaceutical Industries","JULPHAR.AE","336535182","0.29","United Arab Emirates"
"7927","MS INTERNATIONAL plc","MSI.L","336526392","20.4909","United Kingdom"
"7928","Clinuvel Pharmaceuticals","CUV.AX","336439519","6.67169","Australia"
"7929","Meteoric Resources","MEI.AX","336394568","0.127114","Australia"
"7930","MVB Financial","MVBF","335891840","26.15","United States"
"7931","Northern Region Cement Company","3004.SR","335865663","1.86592","Saudi Arabia"
"7932","Middle East Specialized Cables Company","2370.SR","335652415","8.39131","Saudi Arabia"
"7933","Kelly Services","KELYA","335075840","9.32","United States"
"7934","Nordic Paper","NPAPER.ST","334821133","5.00414","Sweden"
"7935","Sprout Social","SPT","334662560","5.57","United States"
"7936","Organogenesis","ORGO","334465728","2.6","United States"
"7937","Kitwave Group","KITW.L","334077532","3.98963","United Kingdom"
"7938","MPS Limited","MPSLTD.NS","333966889","19.6846","India"
"7939","Transcontinental","TCL-A.TO","333538740","3.98488","Canada"
"7940","AB Akola Group","AKO1L.VS","333426970","2.00732","Lithuania"
"7941","Ladun Investment Company","9535.SR","333200063","0.6664","Saudi Arabia"
"7942","Zengame Technology","2660.HK","333080577","0.321825","China"
"7943","AerSale","ASLE","333053408","7.05","United States"
"7944","Simona","SIM0.F","332979106","55.4965","Germany"
"7945","Aeris Resources","AIS.AX","332726007","0.277927","Australia"
"7946","Bonduelle","BON.PA","332556444","10.3908","France"
"7947","TruBridge","TBRG","332148832","22.13","United States"
"7948","Compagnie d'Entreprises CFE","CFEB.BR","332093051","13.4609","Belgium"
"7949","Jain Irrigation Systems","JISLDVREQS.NS","331574840","0.257221","India"
"7950","Shoper","SHO.WA","331377763","11.7783","Poland"
"7951","Esprinet","PRT.MI","331309733","6.70091","Italy"
"7952","Artesian Resources","ARTNA","330393024","32.11","United States"
"7953","V-ZUG Holding","VZUG.SW","330328366","51.5207","Switzerland"
"7954","Ranpak","PACK","330143232","3.86","United States"
"7955","Village Farms International","VFF","330112992","2.88","Canada"
"7956","M1 Kliniken AG","M12.DE","329933041","17.57","Germany"
"7957","Bank Mayapada Internasional","MAYA.JK","329846941","0.012605","Indonesia"
"7958","Editas Medicine","EDIT","329828640","3.37","United States"
"7959","Walaa Cooperative Insurance Company","8060.SR","329818939","2.58563","Saudi Arabia"
"7960","Omega Flex","OFLX","329781472","32.67","United States"
"7961","Materialise NV","MTLS","329742528","5.31","Belgium"
"7962","Value Line","VALU","329679776","35.12","United States"
"7963","JDC Group AG","JDC.DE","329556553","25.3867","Germany"
"7964","China Motor Bus Company","0026.HK","329453451","7.28575","Hong Kong"
"7965","Automatic Bank Services","SHVA.TA","329224333","8.2222","Israel"
"7966","Essentra plc","ESNT.L","328355528","1.15346","United Kingdom"
"7967","Aurelia Metals","AMI.AX","328355443","0.193903","Australia"
"7968","Integrated Holding Company K.S.C.P.","INTEGRATED.KW","328198272","1297.23","Kuwait"
"7969","Air Asia Company Limited (AACL)","2630.TW","328066644","1.56641","Taiwan"
"7970","SuRo Capital","SSSS","327755936","12.91","United States"
"7971","The National Company for Glass Industries","2150.SR","327640704","9.95868","Saudi Arabia"
"7972","Santhera Pharmaceuticals","SANN.SW","327636993","23.0403","Switzerland"
"7973","Firm Capital Mortgage Investment Corporation","FC.TO","327053861","8.90223","Canada"
"7974","Weyco Group","WEYS","326835456","34.29","United States"
"7975","Rimini Street","RMNI","326637120","3.56","United States"
"7976","Tamkeen Human Resources Company","1835.SR","326632023","12.3257","Saudi Arabia"
"7977","Franchise Brands plc","FRAN.L","326416450","1.69627","United Kingdom"
"7978","Timberland Bancorp","TSBK","326411104","41.4","United States"
"7979","Tanmiah Food Company","2281.SR","326002959","16.3001","Saudi Arabia"
"7980","National CineMedia","NCMI","325548640","3.49","United States"
"7981","Hydratec Industries","HYDRA.AS","325384084","250.325","Netherlands"
"7982","Alico","ALCO","325330912","42.49","United States"
"7983","Knowit","KNOW.ST","325122909","11.9405","Sweden"
"7984","Avex Inc.","7860.T","324741591","7.64037","Japan"
"7985","Sidus Space","SIDU","324616896","4.88","United States"
"7986","Cross Country Healthcare","CCRN","324480160","10.04","United States"
"7987","First Bancorp","FNLC","324472480","28.79","United States"
"7988","SmartCraft ASA","SMCRT.OL","324153106","1.97179","Norway"
"7989","Neowiz Games","095660.KQ","323943135","16.3987","South Korea"
"7990","Bapcor Limited","BAP.AX","323706118","0.481166","Australia"
"7991","Kalyani Steels","KSL.NS","323597113","7.40141","India"
"7992","Sandhar","SANDHAR.NS","323231918","5.35726","India"
"7993","SCHMID Group","SHMD","323053248","5.81","Germany"
"7994","Claritev","CTEV","322541152","19.01","United States"
"7995","Kewal Kiran Clothing","KKCL.NS","322213035","5.22859","India"
"7996","Advanced Technology Company K.S.C.P.","ATC.KW","322201605","1806.39","Kuwait"
"7997","NexPoint Real Estate Finance","NREF","321824384","14.07","United States"
"7998","Pihlajalinna Oyj","PIHLIS.HE","321712642","14.311","Finland"
"7999","Maui Land &amp; Pineapple Company","MLP","321675424","16.19","United States"
"8000","Evolent Health","EVH","321518432","2.88","United States"
"8001","B.P. Marsh &amp; Partners","BPM.L","321491025","9.11915","United Kingdom"
"8002","CMON","1792.HK","321019461","0.177752","Singapore"
"8003","Salalah Port Services Company","SPSI.OM","320904667","1.78442","Oman"
"8004","29Metals","29M.AX","320492306","0.18313","Australia"
"8005","Paysign","PAYS","320075296","5.8","United States"
"8006","NIOX Group","NIOX.L","319976226","0.765357","United Kingdom"
"8007","Coveo Solutions","CVO.TO","319914104","3.33651","Canada"
"8008","Lime Technologies AB","LIME.ST","319811134","24.0013","Sweden"
"8009","Fossil Group","FOSL","319787936","5.48","United States"
"8010","AC Immune","ACIU","319569024","3.14","Switzerland"
"8011","Strattec Security","STRT","319126976","76.25","United States"
"8012","Amarin Corporation","AMRN","318788576","15.2","Ireland"
"8013","Kendrion","KENDR.AS","318384665","20.1441","Netherlands"
"8014","James Fisher and Sons","FSJ.L","317880428","6.29655","United Kingdom"
"8015","Celon Pharma","CLN.WA","317544800","5.89613","Poland"
"8016","Entravision Communications","EVC","317273824","3.45","United States"
"8017","Orient Cement","ORIENTCEM.NS","317202081","1.54386","India"
"8018","Rocky Brands","RCKY","317135424","42.08","United States"
"8019","PrimeEnergy Resources","PNRG","316723456","192.07","United States"
"8020","Relais Group Oyj","RELAIS.HE","316694245","17.1213","Finland"
"8021","Arkan Al-Kuwait Real Estate Company","ARKAN.KW","316096880","1015.08","Kuwait"
"8022","Ecoener","ENER.MC","315944613","5.54965","Spain"
"8023","Gooch &amp; Housego","GHH.L","315711352","11.5346","United Kingdom"
"8024","Seanergy Maritime","SHIP","315705632","14.57","Greece"
"8025","Genki Global Dining Concepts","9828.T","315678415","17.8758","Japan"
"8026","Helical","HLCL.L","315076443","2.57833","United Kingdom"
"8027","Oceania Healthcare","OCA.NZ","314734118","0.434577","New Zealand"
"8028","Roche Bobois","RBO.PA","314631985","31.1725","France"
"8029","ANGI Homeservices","ANGI","314136192","7.28","United States"
"8030","Nouveau Monde Graphite","NMG","314072288","1.95","Canada"
"8031","Nayifat Finance Company","4081.SR","313938852","2.66827","Saudi Arabia"
"8032","Eisen- und Hüttenwerke","EIS.F","313803288","17.8297","Germany"
"8033","L.B. Foster","FSTR","313548544","29.98","United States"
"8034","Shoulder Innovations","SI","313222976","15.17","United States"
"8035","Real Matters","REAL.TO","312801063","4.21071","Canada"
"8036","Quess","QUESS.NS","312509529","2.09272","India"
"8037","Winton Land","WIN.NZ","312169880","1.05244","New Zealand"
"8038","Argo Global Listed Infrastructure","ALI.AX","312045956","1.75231","Australia"
"8039","Ioneer","IONR","311969536","3.89","Australia"
"8040","Rafhan Maize Products Company","RMPL.PK","311600320","33.7361","Pakistan"
"8041","Zhihu","ZH","311463872","3.55","China"
"8042","Diana Shipping","DSX","311320192","2.52","Greece"
"8043","flyExclusive","FLYX","311267680","2.97","United States"
"8044","EaseMyTrip","EASEMYTRIP.NS","310785486","0.0854545","India"
"8045","Science Group","SAG.L","310702726","7.53144","United Kingdom"
"8046","Emirates Insurance Company","EIC.AE","310372984","2.07","United Arab Emirates"
"8047","Lalique Group","LLQ.SW","310240545","40.5543","Switzerland"
"8048","What's Cooking Group","WHATS.BR","310130448","167.08","Belgium"
"8049","Nam Tai Property","NTPIF","308793568","5.1","China"
"8050","Gateway Distriparks","GATEWAY.NS","308627824","0.617696","India"
"8051","Bourse Direct","BSD.PA","308349704","5.97473","France"
"8052","Abeona Therapeutics","ABEO","308064736","5.4","United States"
"8053","BayCom (United Business Bank)","BCML","307970016","28.23","United States"
"8054","OneConnect","OCFT","307704928","7.89","China"
"8055","Lang &amp; Schwarz","LUS1.DE","307579176","32.5894","Germany"
"8056","EVI Industries","EVI","306708544","21.28","United States"
"8057","Bear Creek Mining","BCM.V","306315720","0.891161","Canada"
"8058","CoastalSouth Bancshares","COSO","305987616","25.53","United States"
"8059","Vitruvio Real Estate","YVIT.MC","305903833","20.5455","Spain"
"8060","Polaryx Therapeutics","PLYX","305837696","6.46","United States"
"8061","Giordano","0709.HK","305490568","0.189008","Hong Kong"
"8062","Qatar Industrial Manufacturing Company","QIMD.QA","304702409","0.641209","Qatar"
"8063","Palladyne AI","PDYN","304076416","6.54","United States"
"8064","MBIA","MBI","304073088","5.97","United States"
"8065","Tredegar","TG","303779136","8.77","United States"
"8066","Rackspace Technology","RXT","303704704","1.23","United States"
"8067","Card Factory plc","CARD.L","303677204","0.877989","United Kingdom"
"8068","Tigo Energy","TYGO","303439296","4","United States"
"8069","Qoria Limited","QOR.AX","302982840","0.220475","Australia"
"8070","Vista Gold","VGZ","302940320","2.09","United States"
"8071","GDEV Inc.","GDEV","302931648","16.69","Cyprus"
"8072","Naseej International Trading Company","1213.SR","302488114","7.09583","Saudi Arabia"
"8073","Strike Energy","STX.AX","302437775","0.0840246","Australia"
"8074","centrotherm international","CTNK.F","302355419","14.2874","Germany"
"8075","Kistos Holdings","KIST.L","302282474","3.6368","United Kingdom"
"8076","Coop Pank AS","CPA1T.TL","302209286","2.91652","Estonia"
"8077","Wheels Up","UP","302169376","0.418","United States"
"8078","PennantPark Investment","PNNT","301667968","4.62","United States"
"8079","CAB Payments","CABP.L","301434285","1.18739","United Kingdom"
"8080","Evolus","EOLS","301227776","4.63","United States"
"8081","Xperi","XPER","301076416","6.41","United States"
"8082","Yatsen Holding","YSG","300813536","3.2","China"
"8083","Far East Consortium International","0035.HK","300811732","0.0983353","Hong Kong"
"8084","Corby Spirit and Wine","CSW-A.TO","300722240","10.5632","Canada"
"8085","LENZ Therapeutics","LENZ","300375104","9.58","United States"
"8086","Intracom Holdings","INTRK.AT","300319174","3.61908","Greece"
"8087","Millennium &amp; Copthorne Hotels New Zealand","MCK.NZ","300290128","1.89795","New Zealand"
"8088","Anavex Life Sciences","AVXL","300256512","3.24","United States"
"8089","Aeluma","ALMU","300159936","16.63","United States"
"8090","Brødrene A &amp; O Johansen","AOJ-B.CO","300128895","13.8997","Denmark"
"8091","Gabler Group AG","XK4.F","300035428","49.5926","Germany"
"8092","TechTarget","TTGT","300014528","4.15","United States"
"8093","Al Hassan Ghazi Ibrahim Shaker","1214.SR","299970764","4.43023","Saudi Arabia"
"8094","Raymond","RAYMOND.NS","299769026","4.50432","India"
"8095","Chinese Estates Holdings","0127.HK","299650923","0.157081","Hong Kong"
"8096","Prenetics","PRE","299515072","17.75","Hong Kong"
"8097","ReconAfrica","0XD.F","299325847","0.784036","Canada"
"8098","Alamar Foods Company","6014.SR","299216322","11.734","Saudi Arabia"
"8099","Ernst Russ","ERAG.DE","299142326","8.87944","Germany"
"8100","YouGov plc","YOU.L","298490689","2.53762","United Kingdom"
"8101","Eshraq Investments","ESHRAQ.AE","298283870","0.11","United Arab Emirates"
"8102","RxSight","RXST","297942944","7.22","United States"
"8103","World Holdings","2429.T","297857504","16.6413","Japan"
"8104","Halwani Bros","6001.SR","297823748","8.4233","Saudi Arabia"
"8105","CapsoVision","CV","297534112","5.97","United States"
"8106","TROOPS, Inc.","TROO","297416384","2.35","Hong Kong"
"8107","Nuix Limited","NXL.AX","297259610","0.886926","Australia"
"8108","NervGen Pharma","NGEN.V","297186152","3.75176","Canada"
"8109","Bell Financial Group","BFG.AX","297145095","0.926425","Australia"
"8110","Americanas","AMER3.SA","296968390","1.48303","Brazil"
"8111","Accent Group","AX1.AX","296609958","0.493375","Australia"
"8112","Emperor Watch &amp; Jewellery","0887.HK","296557189","0.0408666","Hong Kong"
"8113","3D Systems","DDD","296514656","2.03","United States"
"8114","LPKF Laser &amp; Electronics","LPK.DE","296480817","12.103","Germany"
"8115","Ayyan Investment Company","2140.SR","296423169","2.94549","Saudi Arabia"
"8116","Polyplex","POLYPLEX.NS","296199772","9.43538","India"
"8117","Sinad Holding Company","4080.SR","296137110","2.34306","Saudi Arabia"
"8118","Ontex Group","ONTEX.BR","296093862","3.71354","Belgium"
"8119","Parag Milk Foods","PARAGMILK.NS","295937738","2.36753","India"
"8120","Simulations Plus","SLP","295808256","14.64","United States"
"8121","Burgenland Holding","BHD.VI","295784631","98.5949","Austria"
"8122","Metro Mining","MMI.AX","295671456","0.0481166","Australia"
"8123","Acco Brands","ACCO","295224928","3.2","United States"
"8124","John Marshall Bancorp","JMSB","294931296","20.75","United States"
"8125","Prince Pipes And Fittings","PRINCEPIPE.NS","294851200","2.66635","India"
"8126","IVE Group","IGL.AX","294274460","1.91389","Australia"
"8127","James River Group","JRVR","293739232","6.39","Bermuda"
"8128","BAUER AG","B5A0.HM","293726112","6.82489","Germany"
"8129","Appen","APX.AX","293533228","1.09519","Australia"
"8130","Jeju Air","089590.KS","293522017","3.64302","South Korea"
"8131","Infinity Natural Resources","INR","293461376","15.65","United States"
"8132","Archer Limited","ARCH.OL","293212259","2.94702","Norway"
"8133","kneat.com","FOBK.F","293165384","2.95194","Ireland"
"8134","Infotel SA","INF.PA","293101471","42.508","France"
"8135","Austriacard Holdings","ACAG.VI","292955508","8.15917","Austria"
"8136","Text (LiveChat)","TXT.WA","292882828","11.3741","Poland"
"8137","Global Atomic","GLO.TO","292878511","0.597367","Canada"
"8138","VIB Vermögen","VIH1.F","292725720","8.85583","Germany"
"8139","Funkwerk AG","FEW.F","292632373","36.3083","Germany"
"8140","Café de Coral","0341.HK","292354563","0.509556","Hong Kong"
"8141","Aviat Networks","AVNW","292237312","22.65","United States"
"8142","Bliss GVS Pharma","BLISSGVS.NS","292180781","2.76006","India"
"8143","CompX International","CIX","292056480","23.7","United States"
"8144","Neon Equity AG","D77.DE","291885838","6.49427","Germany"
"8145","Ares Commercial Real Estate","ACRE","291787616","5.27","United States"
"8146","DeFi Technologies","DEFI.NE","290969244","0.750351","Canada"
"8147","Anora Group","ANORA.HE","290561801","4.3012","Finland"
"8148","Wawel","WWL.WA","290270106","224.694","Poland"
"8149","Prosperity Real Estate Investment Trust","0808.HK","290125272","0.182623","Hong Kong"
"8150","TT Electronics","TTG.L","290031464","1.62842","United Kingdom"
"8151","High Liner Foods","HLF.TO","289848874","10.2427","Canada"
"8152","National Industries Company","NICBM.KW","289832881","814.01","Kuwait"
"8153","Imagicaaworld Entertainment","IMAGICAA.NS","289707770","0.511977","India"
"8154","Runway Growth Finance","RWAY","288759808","6.8","United States"
"8155","Capricorn Energy","CNE.L","288533080","4.20675","United Kingdom"
"8156","Al Khaleej Training and Education Company","4290.SR","288484610","4.43822","Saudi Arabia"
"8157","Senseonics Holdings","SENS","288440448","6.9","United States"
"8158","Greenply","GREENPLY.NS","288424021","2.3092","India"
"8159","City of London Investment Group Plc","CLIG.L","288098183","5.83517","United Kingdom"
"8160","Palms Sports","PALMS.AE","287911781","1.92","United Arab Emirates"
"8161","Secuoya, Grupo de Comunicación, S.A.","SEC.MC","287900536","35.8956","Spain"
"8162","Red Sea International Company","4230.SR","287558602","5.95762","Saudi Arabia"
"8163","Beacon Lighting Group","BLX.AX","287408564","1.25319","Australia"
"8164","Stellus Capital Investment Corporation","SCM","287156768","9.92","United States"
"8165","ClearView Wealth Limited","CVW.AX","286418999","0.456031","Australia"
"8166","LGI Limited","LGI.AX","286003110","2.76491","Australia"
"8167","Foghorn Therapeutics","FHTX","285870208","4.87","United States"
"8168","Brooge Energy","BROG","284928800","2.6","United Arab Emirates"
"8169","Alector","ALEC","284735456","2.58","United States"
"8170","Econocom Group","ECONB.BR","284721903","1.74755","Belgium"
"8171","SmartRent","SMRT","284541760","1.48","United States"
"8172","NL Industries","NL","284381120","5.82","United States"
"8173","Eurobio Scientific","ALERS.PA","284132573","28.2206","France"
"8174","Smart Parking Limited","SPZ.AX","283955519","0.675069","Australia"
"8175","Australian Clinical Labs","ACL.AX","283767075","1.50813","Australia"
"8176","Parken Sport (F.C. Copenhagen)","PARKEN.CO","283698985","29.063","Denmark"
"8177","Kogan.com Ltd","KGN.AX","282921417","2.93727","Australia"
"8178","Bakkt Holdings","BKKT","282393760","9.24","United States"
"8179","The RMR Group","RMR","282312832","16.55","United States"
"8180","Gorilla Technology","GRRR","282002560","12.44","Taiwan"
"8181","C4 Therapeutics","CCCC","282000928","2.89","United States"
"8182","Coherus BioSciences","CHRS","281793024","1.88","United States"
"8183","Protara Therapeutics","TARA","281779616","5.21","United States"
"8184","Enter Air","ENT.WA","281709457","16.0575","Poland"
"8185","Azkoyen S.A.","AZK.MC","281622883","11.548","Spain"
"8186","Saudi Cable Company","2110.SR","281572985","42.1965","Saudi Arabia"
"8187","Taiga Building Products","TBL.TO","281521260","2.60802","Canada"
"8188","Silver Mines Limited","SVL.AX","281365184","0.130705","Australia"
"8189","Powersoft","PWS.MI","281348565","21.9034","Italy"
"8190","Wilmington plc","WIL.L","280730564","3.13471","United Kingdom"
"8191","Naqi Water Company","2282.SR","280687733","14.0344","Saudi Arabia"
"8192","GoldMining Inc.","GLDG","280339872","1.31","Canada"
"8193","SITE Centers","SITC","280215840","5.34","United States"
"8194","Automotive Axles","AUTOAXLES.NS","279859777","18.5191","India"
"8195","Martifer SGPS","MAR.LS","279416115","2.85748","Portugal"
"8196","Wayi International Digital Entertainment","3086.TWO","279398893","10.2453","Taiwan"
"8197","Adgar Investments and Development","ADGR.TA","279046656","1.47699","Israel"
"8198","Western New England Bancorp","WNEB","278988480","13.77","United States"
"8199","U.S. Gold Corp","USAU","278704640","16.89","United States"
"8200","Reach plc","RCH.L","278309430","0.88206","United Kingdom"
"8201","Al Kout Industrial Projects Company","ALKOUT.KW","278143930","2756.61","Kuwait"
"8202","Ready Capital","RC","277918976","1.7","United States"
"8203","TWFG, Inc.","TWFG","277880320","18.49","United States"
"8204","Beetaloo Energy Australia","BTL.AX","277847402","0.222629","Australia"
"8205","Greenpanel Industries","GREENPANEL.NS","277818781","2.26417","India"
"8206","Perma-Pipe International","PPIH","277140160","34.24","United States"
"8207","Hamilton Beach Brands","HBB","276976320","20.4","United States"
"8208","Gran Tierra Energy","GTE","276742400","7.84","Canada"
"8209","Groupe Pizzorno Environnement","GPE.PA","276527198","71.5551","France"
"8210","Boyaa Interactive","0434.HK","276516063","0.379293","China"
"8211","Compagnie Du Mont-Blanc","MLCMB.PA","276463908","307.002","France"
"8212","Healius Limited","HLS.AX","276383691","0.380624","Australia"
"8213","Jindal Worldwide","JINDWORLD.NS","276057935","0.275341","India"
"8214","BrainChip","BRN.AX","276014615","0.116342","Australia"
"8215","Aspen Aerogels","ASPN","275809248","3.33","United States"
"8216","John Wood Group","WG.L","275771853","0.398963","United Kingdom"
"8217","TriSalus Life Sciences","TLSI","275750432","4.49","United States"
"8218","Andrews Sykes Group","ASY.L","275494458","6.58153","United Kingdom"
"8219","908 Devices","MASS","275490240","7.37","United States"
"8220","Repay Holdings","RPAY","275485824","3.15","United States"
"8221","Nova Minerals","NVA","275356416","6.5","Australia"
"8222","Digital Domain","0547.HK","275134216","0.0344812","Hong Kong"
"8223","Everspin Technologies","MRAM","275107808","11.81","United States"
"8224","So-Young International","SY","274592736","2.74","China"
"8225","GE Power India","GEPIL.NS","274557971","4.07664","India"
"8226","Compugen","CGEN","274463712","2.89","Israel"
"8227","Helus Pharma","HELP","274417728","5.5","Canada"
"8228","Ring Energy","REI","274307584","1.31","United States"
"8229","Amlak International Finance Company","1182.SR","274136566","2.68959","Saudi Arabia"
"8230","Squirrel Media","SQRL.MC","274119924","2.85748","Spain"
"8231","T’way Air","091810.KS","274114719","0.664095","South Korea"
"8232","Icelandair","ICEAIR.IC","273954595","0.00666228","Iceland"
"8233","Middlefield Banc","MBCN","273627936","33.67","United States"
"8234","Hexagon Composites","HEX.OL","273460722","1.08715","Norway"
"8235","Future Care Trading Company","9544.SR","273224052","0.546448","Saudi Arabia"
"8236","B. Riley Financial","RILY","273122752","7.77","United States"
"8237","Oman Education and Training Investments (OETI)","OETI.OM","272727279","3.8961","Oman"
"8238","BRT Apartments","BRT","272216384","14.34","United States"
"8239","Vertical Aerospace","EVTL","272192480","2.66","United Kingdom"
"8240","STINAG Stuttgart Invest","STG.F","271993694","17.3574","Germany"
"8241","Green Landscaping Group","GREEN.ST","271634732","4.81119","Sweden"
"8242","Victory Supermarket Chain","VCTR.TA","271490831","19.1383","Israel"
"8243","Koskisen Oyj","KOSKI.HE","271414622","11.2646","Finland"
"8244","Citizens Inc","CIA","271115584","5.39","United States"
"8245","Wheels India","WHEELS.NS","270524629","11.0721","India"
"8246","AS Tallinna Vesi","TVE1T.TL","270397926","13.5199","Estonia"
"8247","Vertu Motors","VTU.L","269726163","0.873918","United Kingdom"
"8248","United Carton Industries Company","1323.SR","269545523","6.73864","Saudi Arabia"
"8249","Mangalam Cement","MANGLMCEM.NS","269284248","9.77419","India"
"8250","Prakash Industries","PRAKASH.NS","269230515","1.50237","India"
"8251","Federal-Mogul Goetze","FMGOETZE.NS","268956821","4.83456","India"
"8252","The Pearl REIF","PRFD.OM","268834952","0.454545","Oman"
"8253","Franklin Covey","FC","268596832","23.25","United States"
"8254","National General Insurance Company","NGI.AE","268553803","1.6281","United Arab Emirates"
"8255","Atrys Health","ATRY.MC","268468329","3.53643","Spain"
"8256","Oryzon Genomics","ORY.MC","268150898","3.40064","Spain"
"8257","James Latham plc","LTHM.L","268102933","13.2988","United Kingdom"
"8258","Marine Products Corporation","MPX","267843936","7.6","United States"
"8259","China Yongda Automobiles Services","3669.HK","267492843","0.145587","China"
"8260","Orchestra BioMed","OBIO","267440528","4.57","United States"
"8261","Minerva Neurosciences","NERV","267435792","6.18","United States"
"8262","CS Disco","LAW","267248416","4.22","United States"
"8263","Pure Cycle (water)","PCYO","267071296","11.08","United States"
"8264","Hexaom","ALHEX.PA","267051245","38.9656","France"
"8265","Hudson Technologies","HDSN","267049776","6.21","United States"
"8266","en Japan","4849.T","267040135","7.07348","Japan"
"8267","STRATEC","SBS.F","266687226","21.9388","Germany"
"8268","Neobo Fastigheter","NEOBO.ST","266687137","1.90151","Sweden"
"8269","NI Holdings","NODK","266577024","12.98","United States"
"8270","Huuuge","HUG.WA","266513369","6.50944","United States"
"8271","Iberpapel Gestión","IBG.MC","266454773","24.4421","Spain"
"8272","Saudi Advanced Industries Company","2120.SR","266258842","4.51286","Saudi Arabia"
"8273","Prim, S.A.","PRM.MC","266184328","15.6453","Spain"
"8274","Akatsuki Inc","3932.T","265713079","18.4238","Japan"
"8275","Immobel","IMMO.BR","265684718","25.9771","Belgium"
"8276","Najran Cement Company","3002.SR","265267341","1.61002","Saudi Arabia"
"8277","CLS Holdings plc","CLI.L","264718904","0.664938","United Kingdom"
"8278","Siyaram Silk Mills","SIYSIL.NS","264682341","5.83385","India"
"8279","Solar A/S","SOLAR-B.CO","264662665","33.2943","Denmark"
"8280","Gofore Oyj","GOFORE.HE","264578188","16.2947","Finland"
"8281","Com2uS","078340.KQ","263840998","23.0532","South Korea"
"8282","AB Amber Grid","AMG1L.VS","263287457","1.47597","Lithuania"
"8283","Bank Ochrony Srodowiska","BOS.WA","263155345","2.83237","Poland"
"8284","TerrAscend","TSND.TO","262888065","0.706642","Canada"
"8285","Eledon Pharmaceuticals","ELDN","262779968","3.3","United States"
"8286","Ascom Holding","ASCN.SW","262361829","7.6801","Switzerland"
"8287","Avingtrans","AVG.L","261852604","7.87069","United Kingdom"
"8288","Sino AG","XTP.DE","261654282","111.938","Germany"
"8289","Silvaco Group","SVCO","261588336","8.32","United States"
"8290","Slam Corp","SLMWF","261266432","11.14","United States"
"8291","technotrans","TTR1.DE","261005176","37.7849","Germany"
"8292","Laboratorio Reig Jofre","RJF.MC","260512121","3.19991","Spain"
"8293","A'Saffa Foods","SPFI.OM","260259747","2.16883","Oman"
"8294","First Western Financial","MYFW","259732224","26.68","United States"
"8295","Al Jazeera Steel Products","ATMI.OM","259528235","2.07792","Oman"
"8296","Forafric Global PLC","AFRI","259331360","9.64","Gibraltar"
"8297","SThree","STEM.L","259309860","2.07081","United Kingdom"
"8298","Keiyo Gas","9539.T","259239644","8.06238","Japan"
"8299","Repco Home Finance","REPCOHOME.NS","259090405","4.14138","India"
"8300","Sol-Gel Technologies","SLGL","258972640","79.8","Israel"
"8301","Milestone Pharmaceuticals","MIST","258868016","2.2","Canada"
"8302","SKY Network Television Limited","SKT.NZ","258857990","1.88021","New Zealand"
"8303","Gurit Holding","GURN.SW","258305857","55.2967","Switzerland"
"8304","ZE PAK SA","ZEP.WA","257865295","5.07374","Poland"
"8305","Sidetrade","ALBFR.PA","257711772","182.548","France"
"8306","BTB Real Estate Investment Trust","BTB-UN.TO","257301230","2.89213","Canada"
"8307","Síminn hf.","SIMINN.IC","257092824","0.10857","Iceland"
"8308","BTG Consulting plc","BTG.L","256734048","1.59449","United Kingdom"
"8309","Endava","DAVA","256426272","4.72","United Kingdom"
"8310","Kingstone Companies","KINS","255950272","17.68","United States"
"8311","Afentra","AET.L","255645439","1.13039","United Kingdom"
"8312","C&amp;F Financial Corporation","CFFI","255580384","78.5","United States"
"8313","American Resources Corp","AREC","255552704","2.39","United States"
"8314","Raoom trading Company","4144.SR","255231240","20.4185","Saudi Arabia"
"8315","Herfy Food Services Company","6002.SR","254995933","3.94242","Saudi Arabia"
"8316","Skel fjárfestingafélag","SKEL.IC","254934221","0.135713","Iceland"
"8317","Teract S.A.","TRACT.PA","254798597","3.6486","France"
"8318","Linedata Services","LIN.PA","254663365","51.9542","France"
"8319","Netcall","NET.L","254652516","1.49272","United Kingdom"
"8320","Fintel Plc","FNTL.L","254505524","2.44263","United Kingdom"
"8321","Ames National Corp.","ATLO","254227088","28.59","United States"
"8322","Resimac Group Limited","RMC.AX","254227060","0.642752","Australia"
"8323","Arnarlax (Icelandic Salmon)","ISLAX.OL","254100918","8.2069","Iceland"
"8324","Arqit Quantum","ARQQ","254029664","16.23","United Kingdom"
"8325","Concurrent Technologies","CNC.L","253944783","2.79545","United Kingdom"
"8326","Alfen","ALFEN.AS","253655302","11.6661","Netherlands"
"8327","8x8","EGHT","253559408","1.82","United States"
"8328","Ag Growth International","AFN.TO","252808469","13.4043","Canada"
"8329","La Française de l'Energie","FDE.PA","252497876","47.8215","France"
"8330","Jassim Transport &amp; Stevedoring Company","JTC.KW","252472842","1683.15","Kuwait"
"8331","Adagene","ADAG","252397312","3.82","China"
"8332","AudioCodes","AUDC","252295648","8.86","Israel"
"8333","Scientific and Medical Equipment House Company","4014.SR","252219120","8.4073","Saudi Arabia"
"8334","Chicago Atlantic Real Estate Finance","REFI","251909248","11.95","United States"
"8335","Renaissance Services","RNSS.OM","251761305","1.06494","Oman"
"8336","Velan","VLN.TO","251601006","11.6559","Canada"
"8337","Methode Electronics","MEI","251555984","7.1","United States"
"8338","Vista Group International","VGL.NZ","251360004","1.05244","New Zealand"
"8339","OpGen","OPGN","251197920","24.75","United States"
"8340","TPG Mortgage Investment Trust","MITT","250710128","7.9","United States"
"8341","Escalade Sports","ESCA","250676032","18.16","United States"
"8342","Webzen","069080.KQ","250664466","8.62373","South Korea"
"8343","Streamwide","ALSTW.PA","250662325","94.4622","France"
"8344","Zotefoams","ZTF.L","250624719","5.12274","United Kingdom"
"8345","Al-Arabiya Real Estate Company","ARABREC.KW","250370530","648.614","Kuwait"
"8346","Lubelski Wegiel Bogdanka","LWB.WA","249855919","7.34577","Poland"
"8347","KlaraBo Sverige","KLARA-B.ST","249793744","1.66205","Sweden"
"8348","Transgene SA","TNG.PA","249681430","0.91156","France"
"8349","RideNow Group","RDNW","249676080","6.5","United States"
"8350","Prodware","ALPRO.PA","249520944","32.0917","France"
"8351","Praemium Limited","PPS.AX","249258781","0.511329","Australia"
"8352","Integrated Wind Solutions","IWS.OL","248698379","6.22445","Norway"
"8353","Jakks Pacific","JAKK","248343728","21.7","United States"
"8354","Stillfront Group","SF.ST","248268636","0.518734","Sweden"
"8355","Hikal","HIKAL.NS","247996606","2.01092","India"
"8356","Absa Bank","ABSP.JO","247926000","55.3035","South Africa"
"8357","Outdoor Holding Company","POWW","247479184","2.11","United States"
"8358","Venu Holding Corporation","VENU","247424000","4.1","United States"
"8359","Tristel","TSTL.L","247166695","5.15666","United Kingdom"
"8360","Twin Disc","TWIN","246898800","17.12","United States"
"8361","Allgeier","AEIN.DE","246794459","21.4901","Germany"
"8362","Warpaint London PLC","W7L.L","246666792","3.05329","United Kingdom"
"8363","Abdullah Saad Mohammed Abo Moati for Bookstores Company","4191.SR","246408111","12.3204","Saudi Arabia"
"8364","Asure Software","ASUR","245122256","8.56","United States"
"8365","Arcturus Therapeutics","ARCT","245006848","8.62","United States"
"8366","Vp plc","VP.L","244994319","6.20156","United Kingdom"
"8367","Smartbroker Holding","SB1.DE","244714213","14.5826","Germany"
"8368","Qingci Games","6633.HK","244559374","0.353752","China"
"8369","Damaan Islamic Insurance Company (Beema)","BEMA.QA","244505470","1.22253","Qatar"
"8370","Genfit","GNFT","244433360","4.85","France"
"8371","WildBrain","WILD.TO","244364342","1.14374","Canada"
"8372","Hindustan Sanitaryware &amp; Industries","HSIL.NS","244173718","3.77","India"
"8373","Supermax Corporation Berhad","7106.KL","243806312","0.0797468","Malaysia"
"8374","Honda Siel Power Products","HONDAPOWER.NS","243500694","24.0066","India"
"8375","Computer Modelling Group","CMG.TO","243479120","3.03783","Canada"
"8376","LoveSac","LOVE","243374816","16.65","United States"
"8377","Los Andes Copper","LA.V","243372655","8.23201","Canada"
"8378","029 Group","Z29.DE","243240056","48.648","Germany"
"8379","One Stop Systems","OSS","243166592","9.83","United States"
"8380","Stratus Properties","STRS","243040304","30.4","United States"
"8381","APB Apranga","APG1L.VS","242869405","4.39249","Lithuania"
"8382","Amaero International Ltd","3DA.AX","242857334","0.254946","Australia"
"8383","Third Harmonic Bio","THRD","242787568","5.38","United States"
"8384","Alembic Limited","ALEMBICLTD.NS","242751420","0.945361","India"
"8385","Princeton Bancorp","BPRN","242690704","35.75","United States"
"8386","M-tron Industries","MPTI","242669200","66","United States"
"8387","StarragTornos Group","STGN.SW","242653099","44.4166","Switzerland"
"8388","Brickability Group","BRCK.L","242622450","0.753144","United Kingdom"
"8389","Core Molding Technologies","CMT","242592272","26.36","United States"
"8390","Arabian Shield Cooperative Insurance Company","8070.SR","242115973","3.03345","Saudi Arabia"
"8391","Caltagirone Editore","CED.MI","242103317","2.26709","Italy"
"8392","KAMCO Investment Company","KAMCO.KW","242025337","706.989","Kuwait"
"8393","United Bankers Oyj","UNITED.HE","241913732","22.1986","Finland"
"8394","Ainsworth Game Technology","AGI.AX","241871514","0.718159","Australia"
"8395","Nerdy, Inc,","NRDY","241660976","0.98","United States"
"8396","The Tourism Enterprise company (SHAMS)","4170.SR","241529047","4.177","Saudi Arabia"
"8397","Eurocash","EUR.WA","241307902","1.73399","Poland"
"8398","Celtic","CCP.L","241302084","2.53762","United Kingdom"
"8399","Flexsteel Industries","FLXS","241189456","45.12","United States"
"8400","Duos Technologies Group","DUOT","241069728","8.16","United States"
"8401","Delegat","DGL.NZ","240971253","2.38278","New Zealand"
"8402","Sensorion","ALSEN.PA","240939846","0.468178","France"
"8403","Chargeurs","CRI.PA","240907124","9.98937","France"
"8404","Accendra Health","ACH","240779456","3.15","United States"
"8405","MM Forgings","MMFL.NS","240408888","4.97931","India"
"8406","Lucid Diagnostics","LUCD","240210032","1.41","United States"
"8407","LCNB Corp.","LCNB","240194512","16.87","United States"
"8408","Voyager Therapeutics","VYGR","240185504","4.03","United States"
"8409","Oportun Financial","OPRT","239856432","5.39","United States"
"8410","Khaleeji Bank","KHALEEJI.BH","239817712","0.835322","Bahrain"
"8411","Platinum Group Metals","PLG","239700912","1.89","Canada"
"8412","Al Ramz Corporation Investment and Development","ALRAMZ.AE","239549502","0.435611","United Arab Emirates"
"8413","Clearwater Paper","CLW","239294192","14.92","United States"
"8414","Aspo Oyj","ASPO.HE","239046106","7.62782","Finland"
"8415","Conduent","CNDT","238849088","1.54","United States"
"8416","Salam International Investment","SIIS.QA","238678798","0.208791","Qatar"
"8417","CAMP4 Therapeutics","CAMP","238309680","4.59","United States"
"8418","Lantronix","LTRX","238152144","6","United States"
"8419","NexPoint Diversified Real Estate Trust","NXDT","237538672","4.73","United States"
"8420","HMS Bergbau","HMU.DE","237094461","52.1903","Germany"
"8421","NIU","NIU","237010464","3.04","China"
"8422","Chain Bridge Bancorp","CBNA","236947248","36.11","United States"
"8423","7Road","0797.HK","236701342","0.0919499","China"
"8424","Dadelo","DAD.WA","236588110","20.2671","Poland"
"8425","Vátryggingafélag Íslands","SKAGI.IC","236255413","0.120289","Iceland"
"8426","Vecima Networks","VCM.TO","235761392","9.69629","Canada"
"8427","Humm Group","HUM.AX","235695649","0.466803","Australia"
"8428","Hawthorn Bancshares","HWBK","235558784","34.13","United States"
"8429","National Bankshares","NKSH","234866960","36.88","United States"
"8430","Jin Air","272450.KS","234453732","4.54953","South Korea"
"8431","Steyr Motors AG","4X0.DE","234426737","45.0821","Germany"
"8432","Limoneira","LMNR","234302960","12.94","United States"
"8433","APM Terminals Bahrain","APMTB.BH","233890220","0.212145","Bahrain"
"8434","RGC Resources","RGCO","233356240","22.45","United States"
"8435","Profound Medical","PROF","233005168","6.42","Canada"
"8436","Tullow Oil","TLW.L","232989743","0.157957","United Kingdom"
"8437","IFL (Ibrahim Fibres)","IBFL.PK","232871888","0.749973","Pakistan"
"8438","Etteplan","ETTE.HE","232552853","9.21006","Finland"
"8439","Sporting Clube de Portugal","SCP.LS","232543010","1.15126","Portugal"
"8440","Hong Kong Ferry","0050.HK","232500416","0.652589","Hong Kong"
"8441","Gamania Digital","6180.TWO","232325763","1.32384","Taiwan"
"8442","Electreon Wireless","ELWS.TA","232096401","15.5085","Israel"
"8443","Animalcare Group","ANCR.L","231430238","3.35183","United Kingdom"
"8444","GDI Property Group","GDI.AX","230668515","0.427304","Australia"
"8445","Context Therapeutics","CNTX","230616736","2.51","United States"
"8446","Virgin Galactic","SPCE","230386656","2.83","United States"
"8447","Sudatel Telecommunications Group","SUDATEL.AE","230320232","0.17","Sudan"
"8448","American Realty Investors","ARL","230005104","14.24","United States"
"8449","Josef Manner &amp; Comp","MAN.VI","229861853","121.62","Austria"
"8450","Olimpo Real Estate","YORE.MC","229804854","1.16897","Spain"
"8451","Comstock Inc.","LODE","229707312","3.1","United States"
"8452","Midwich Group","MIDW.L","229690479","2.22551","United Kingdom"
"8453","ZipRecruiter","ZIP","229604384","2.72","United States"
"8454","Backblaze","BLZE","229582000","3.82","United States"
"8455","Spok Holdings","SPOK","229484992","11.07","United States"
"8456","Inseego","INSG","229471680","14.14","United States"
"8457","Kuwait Financial Centre "Markaz”","MARKAZ.KW","229461303","470.245","Kuwait"
"8458","Emilia Development","EMDV.TA","229316180","8.18209","Israel"
"8459","FuRyu","6238.T","229232899","8.65446","Japan"
"8460","Acadian Timber","ADN.TO","229179194","12.4177","Canada"
"8461","Dustin Group","DUST.ST","229172705","0.168829","Sweden"
"8462","Eleving Group","OT8.F","229137895","1.90105","Luxembourg"
"8463","Amtech Systems","ASYS","229063104","15.9","United States"
"8464","Orrön Energy","ORRON.ST","228840436","0.800407","Sweden"
"8465","Sintana Energy","SEI.V","228482277","0.444383","Canada"
"8466","Latécoère S.A.","LAT.PA","228336157","0.0179478","France"
"8467","1-800-Flowers.com, Inc.","FLWS","228074256","3.56","United States"
"8468","Horizon Technology Finance","HRZN","228028480","4.77","United States"
"8469","eVISO S.p.A.","EVISO.MI","227787369","9.77683","Italy"
"8470","Oman Flour Mills","OFMI.OM","227766483","1.31169","Oman"
"8471","Al Obeikan Glass Company","4145.SR","227748907","7.11715","Saudi Arabia"
"8472","Ceragon Networks","CRNT","227421616","2.53","Israel"
"8473","Eagle Nice","2368.HK","227315242","0.395895","Hong Kong"
"8474","Smiths News","SNWS.L","227283892","0.939055","United Kingdom"
"8475","Quantum-Si","QSI","227187200","1.05","United States"
"8476","GPA","PCAR3.SA","227137769","0.462944","Brazil"
"8477","Amplify Energy","AMPY","226957808","5.5","United States"
"8478","Kaldalón","KALD.IC","226844751","0.208916","Iceland"
"8479","Capacit'e Infraprojects","CAPACITE.NS","226799720","2.68072","India"
"8480","Rane (Madras) Limited","RML.NS","226659734","8.20127","India"
"8481","Stelrad Group","SRAD.L","226393494","1.77769","United Kingdom"
"8482","Axactor ASA","ACR.OL","226391330","0.749279","Norway"
"8483","Similarweb","SMWB","226112752","2.6","Israel"
"8484","Perma-Fix Environmental Services","PESI","226094512","12.19","United States"
"8485","Asian Granito India","ASIANTILES.NS","225886546","0.761907","India"
"8486","Texwinca Holdings","0321.HK","225861044","0.163467","Hong Kong"
"8487","AFT Pharmaceuticals","AFT.NZ","225692194","2.15219","New Zealand"
"8488","KCP Limited","KCP.NS","225231211","1.74705","India"
"8489","Nuvectis Pharma","NVCT","225179488","8.5","United States"
"8490","Akwel SA","AKW.PA","225041128","8.47798","France"
"8491","Artiva Biotherapeutics","ARTV","224921728","9.1","United States"
"8492","EuroGroup Laminations","EGLA.MI","224719767","1.38151","Italy"
"8493","Nucleus Software Exports","NUCLEUS.NS","224425304","8.52508","India"
"8494","Bushiroad","7803.T","223987990","1.65027","Japan"
"8495","OraSure Technologies","OSUR","223968816","3.24","United States"
"8496","Jack in the Box","JACK","223888992","11.72","United States"
"8497","FinWise Bancorp","FINW","223753424","16.36","United States"
"8498","Angel Oak Mortgage REIT","AOMR","223733520","8.98","United States"
"8499","MacroGenics","MGNX","223731440","3.52","United States"
"8500","Medical Facilities Corporation","DR.TO","223636364","12.5156","Canada"
"8501","YAKUODO HOLDINGS","7679.T","223592920","11.4952","Japan"
"8502","Bastide Le Confort Médical","BLC.PA","223559848","30.5821","France"
"8503","Codexis","CDXS","223538608","2.46","United States"
"8504","cBrain","CBRAIN.CO","223339347","11.4199","Denmark"
"8505","Streamex Corp.","STEX","223335104","1.08","United States"
"8506","CM.com","CMCOM.AS","223254452","6.73043","Netherlands"
"8507","ÖKOWORLD","VVV3.DE","222915370","31.6448","Germany"
"8508","ADF Group","DRX.TO","222777391","7.8022","Canada"
"8509","Frauenthal Holding","FKA.VI","222697484","25.7409","Austria"
"8510","Mahanagar Telephone Nigam","MTNL.NS","222437976","0.353076","India"
"8511","Virginia National Bankshares","VABK","222305360","41","United States"
"8512","Global Water Resources","GWRS","222055248","7.72","United States"
"8513","HKR International","0480.HK","221931718","0.149419","Hong Kong"
"8514","Hindustan Oil Exploration Company","HINDOILEXP.NS","221875372","1.67778","India"
"8515","Gulf Hotels Group","GHG.BH","221739860","2.59878","Bahrain"
"8516","MediWound","MDWD","221701392","17.25","Israel"
"8517","RCM Technologies","RCMT","221648352","29.91","United States"
"8518","QLM Life &amp; Medical Insurance Company","QLMI.QA","221634613","0.633242","Qatar"
"8519","Tidewater Renewables","LCFS.TO","221632171","6.08295","Canada"
"8520","Gencor Industries","GENC","221624448","15.12","United States"
"8521","Arwana Citramulia Tbk","ARNA.JK","221532898","0.0315126","Indonesia"
"8522","Burning Rock Biotech","BNR","221361216","20.56","China"
"8523","ALX Oncology","ALXO","221101904","1.68","United States"
"8524","Peoples Bancorp of North Carolina","PEBK","220946000","41.6","United States"
"8525","Polymetals Resources","POL.AX","220830132","0.718159","Australia"
"8526","Hawesko","HAW.DE","220633845","24.5602","Germany"
"8527","Utah Medical Products","UTMD","220412640","68.8","United States"
"8528","SpiceJet","SPICEJET.BO","220407873","0.144426","India"
"8529","Homeland Interactive Technology","3798.HK","220369713","0.172406","China"
"8530","Anika Therapeutics","ANIK","220356240","15.28","United States"
"8531","Funko","FNKO","220115072","3.97","United States"
"8532","Fonix Mobile","FNX.L","219373075","2.21872","United Kingdom"
"8533","Deutsche Konsum REIT-AG","DKG.DE","219358946","1.99551","Germany"
"8534","Bergbahnen Engelberg-Trübsee-Titlis","TIBN.SW","219343611","65.2808","Switzerland"
"8535","Hathway","HATHWAY.NS","219208576","0.123839","India"
"8536","Exacompta Clairefontaine","ALEXA.PA","219108186","193.647","France"
"8537","Al Safat Investment Company","ALSAFAT.KW","218869780","765.364","Kuwait"
"8538","Al Eid Food Company","ALEID.KW","218847623","700.503","Kuwait"
"8539","Bonei Hatichon Civil Engineering &amp; Infrastructures","BOTI.TA","218781454","13.3962","Israel"
"8540","Quicklogic","QUIK","218670176","12.34","United States"
"8541","Motorcar Parts of America","MPAA","218658624","11.18","United States"
"8542","Capital B","ALCPB.PA","218496128","0.802928","France"
"8543","BEST S.A.","BST.WA","218340875","7.66636","Poland"
"8544","Kore Potash plc","KP2.L","217738772","0.0420675","United Kingdom"
"8545","Draganfly","DPRO","217470576","5.94","Canada"
"8546","Cantabil Retail India","CANTABIL.NS","217470084","2.59076","India"
"8547","High Tide","HITI","217107712","2.47","Canada"
"8548","Ajial Real Estate Entertainment Company","AREEC.KW","217091009","1037.78","Kuwait"
"8549","Vuzix","VUZI","217043040","2.61","United States"
"8550","Chicago Atlantic BDC","LIEN","216795600","9.5","United States"
"8551","Carvolix","CVX.PA","216712664","3.66041","France"
"8552","Solvar Limited","SVR.AX","216339170","1.14546","Australia"
"8553","CARGO Therapeutics","CRGX","216188416","4.47","United States"
"8554","Netfonds AG","NF4.DE","215970002","92.691","Germany"
"8555","Indoco Remedies","INDOCO.NS","215818988","2.33815","India"
"8556","Vista Alegre Atlantis","VAF.LS","215773351","1.28705","Portugal"
"8557","Torrid Holding","CURV","215516992","2.17","United States"
"8558","Ohio Valley Banc Corp","OVBC","215339904","45.71","United States"
"8559","MTI Ltd.","9438.T","215293813","3.88002","Japan"
"8560","Gati","GATI.NS","215137993","1.65","India"
"8561","RCI Hospitality Holdings","RICK","215133792","24.67","United States"
"8562","Spandana Sphoorty Financial","SPANDANA.NS","214710908","2.4205","India"
"8563","OmniAb","OABI","214278304","1.48","United States"
"8564","Turtle Beach Corp","TBCH","214228480","10.93","United States"
"8565","Pantheon Resources","PANR.L","214129674","0.147236","United Kingdom"
"8566","Monash IVF Group","MVF.AX","214062021","0.549391","Australia"
"8567","Apollo Pipes","APOLLOPIPE.NS","213934997","4.87101","India"
"8568","MJ Gleeson plc","GLE.L","213879527","3.66394","United Kingdom"
"8569","Octave Specialty Group","OSG","213814560","4.75","United States"
"8570","BMMI Group","BMMI.BH","213565908","0.981172","Bahrain"
"8571","Oriola","OKDBV.HE","213327213","1.17525","Finland"
"8572","Al-Maha Petroleum","MHAS.OM","213272733","3.09091","Oman"
"8573","Teixeira Duarte","TDSA.LS","213248321","0.507734","Portugal"
"8574","Commerce.com","CMRC","213199040","2.59","United States"
"8575","Antalpha Platform","ANTA","213097504","9","Singapore"
"8576","Acrow Limited","ACF.AX","212562851","0.682251","Australia"
"8577","eGain","EGAN","212242352","7.75","United States"
"8578","Avantium N.V.","AVTX.AS","211916216","8.40713","Netherlands"
"8579","Bahrain Islamic Bank","BISB.BH","211626613","1.4585","Bahrain"
"8580","Kafrit Industries","KAFR.TA","211581427","8.77369","Israel"
"8581","Cereno Scientific","CRNO-B.ST","211316641","0.67794","Sweden"
"8582","Cy4gate","CY4.MI","211311658","9.13921","Italy"
"8583","Stille AB","STIL.ST","211240795","23.5092","Sweden"
"8584","SHUAA Capital","SHUAA.AE","211193251","0.0577185","United Arab Emirates"
"8585","Sight Sciences","SGHT","211163408","3.91","United States"
"8586","1stdibs.com","DIBS","211015792","5.8","United States"
"8587","Filatex India","FILATEX.NS","210778456","0.474664","India"
"8588","Saudi Company for Hardware (SACO)","4008.SR","210585255","6.71731","Saudi Arabia"
"8589","Mega Uranium","MGA.TO","210293290","0.553657","Canada"
"8590","OP Bancorp (Open Bank)","OPBK","210256704","14.12","United States"
"8591","ADM Hamburg","OEL.F","210204750","269.217","Germany"
"8592","Liontrust Asset Management PLC","LIO.L","210192569","3.46718","United Kingdom"
"8593","AlphaPolis","9467.T","209957057","7.22465","Japan"
"8594","Mobico Group","MCG.L","209951585","0.342511","United Kingdom"
"8595","ProQR Therapeutics","PRQR","209668512","1.99","Netherlands"
"8596","OrganiGram Holdings","OGI","209598704","1.52","Canada"
"8597","PTC Financial Services","PFS.NS","209420750","0.326057","India"
"8598","Sasken Technologies","SASKEN.NS","209008146","13.7628","India"
"8599","Arab Insurance Group","ARIG.BH","208944582","0.075","Bahrain"
"8600","Aurora Cannabis","ACB","208690688","3.68","Canada"
"8601","Züblin Immobilien","ZUBN.SW","208384439","62.8488","Switzerland"
"8602","Deep Value Driller","DVD.OL","208297946","2.22759","Norway"
"8603","Nilkamal","NILKAMAL.NS","207986912","13.8915","India"
"8604","Munshaat Real Estate Projects Company","MUNSHAAT.KW","207809310","645.371","Kuwait"
"8605","Healwell AI","AIDX.TO","207787494","0.641077","Canada"
"8606","Keystone Law Group","KEYS.L","207671993","6.5476","United Kingdom"
"8607","Aljazira Takaful Taawuni Company","8012.SR","207421029","3.14274","Saudi Arabia"
"8608","Varia US Properties","VARN.SW","207383507","20.4803","Switzerland"
"8609","MicroVision","MVIS","207217312","0.6759","United States"
"8610","United Projects Company For Aviation Services","UPAC.KW","206995909","548.078","Kuwait"
"8611","RADCOM","RDCM","206961664","12.4","Israel"
"8612","Alta Equipment Group","ALTG","206828784","6.41","United States"
"8613","Fasadgruppen Group","FG.ST","206647304","2.36732","Sweden"
"8614","InfuSystem","INFU","206194624","10.2","United States"
"8615","All for One Group","A1OS.DE","205983463","42.626","Germany"
"8616","Bang &amp; Olufsen A/S","BO.CO","205800071","1.44683","Denmark"
"8617","Kuwait Portland Cement","PCEM.KW","205740479","2052.86","Kuwait"
"8618","MAX Automation","MXHN.DE","205509754","4.98288","Germany"
"8619","Lanvin Group","LANV","205470448","1.47","China"
"8620","Italian Wine Brands","IWB.MI","205215278","22.1986","Italy"
"8621","Hinduja Global Solutions","HGS.NS","205049344","4.40675","India"
"8622","NSE SA","ALNSE.PA","204963291","62.1089","France"
"8623","Zepp Health","ZEPP","204896256","14.01","China"
"8624","Crexendo","CXDO","204419296","6.41","United States"
"8625","Private Equity Holding","PEHN.SW","204098268","82.6891","Switzerland"
"8626","Groupe Partouche","PARP.PA","203887083","21.1949","France"
"8627","Atland SAS","ATLD.PA","203712328","47.113","France"
"8628","ALM Equity","ALM.ST","203710331","6.12333","Sweden"
"8629","Tonix Pharmaceuticals","TNXP","203705456","14.34","United States"
"8630","Brockhaus Technologies","BKHT.DE","203550004","19.4828","Germany"
"8631","Remedy Entertainment","REMEDY.HE","203479668","14.9723","Finland"
"8632","Sandnes Sparebank","SADG.OL","203079021","9.64521","Norway"
"8633","Cegedim SA","ALCGM.PA","203022528","14.7597","France"
"8634","CPI Card Group","PMTS","202964336","17.71","United States"
"8635","Immersion Corporation","IMMR","202905776","6.13","United States"
"8636","XRF Scientific Limited","XRF.AX","202882807","1.41836","Australia"
"8637","X-Legend Entertainment","4994.TW","202811308","3.05515","Taiwan"
"8638","Chubb Arabia Cooperative Insurance Company","8240.SR","202798886","5.06997","Saudi Arabia"
"8639","SEACOR Marine","SMHI","202677424","7.52","United States"
"8640","Björn Borg","BORG.ST","202664270","8.05874","Sweden"
"8641","Rakon Limited","RAK.NZ","202456937","0.880979","New Zealand"
"8642","Shimao Property","0813.HK","202435279","0.0220935","Hong Kong"
"8643","TOYA S.A.","TOA.WA","202270650","2.73201","Poland"
"8644","Fiducian Group Limited","FID.AX","201767995","6.39161","Australia"
"8645","GrafTech","EAF","201669584","7.76","United States"
"8646","Lifecore Biomedical","LFCR","201628336","5.38","United States"
"8647","First Internet Bancorp","INBK","201267744","23.09","United States"
"8648","TAKKT AG","TTK.DE","201132699","3.14087","Germany"
"8649","Rasiyat Holding Company","RASIYAT.KW","200908061","1339.39","Kuwait"
"8650","PEDEVCO","PED","200842304","15.1","United States"
"8651","PLBY Group (Playboy)","PLBY","200622000","1.74","United States"
"8652","Kongsberg Automotive ASA","KOA.OL","200418204","0.214765","Norway"
"8653","A'ayan Real Estate Company K.S.C.P.","AAYANRE.KW","199497521","479.974","Kuwait"
"8654","Emirates Reem Investments Company","ERC.AE","199429553","0.623469","United Arab Emirates"
"8655","Atomera","ATOM","199036048","5.14","United States"
"8656","GreenX Metals","GRX.AX","198989399","0.639161","Australia"
"8657","AFC Energy","AFC.L","198945729","0.175055","United Kingdom"
"8658","Open Lending","LPRO","198558256","1.68","United States"
"8659","Société Marseillaise du Tunnel Prado-Carénage","ALTPC.PA","198512224","34.0064","France"
"8660","Blossom Gold Inc.","BGAU.TO","198479709","1.50799","Canada"
"8661","Median Technologies SA","ALMDT.PA","198421711","5.20723","France"
"8662","Peninsula Energy","PEN.AX","198180121","0.443104","Australia"
"8663","Polaris Renewable Energy","PIF.TO","198116883","9.44132","Canada"
"8664","Accsys Technologies","AXS.L","197815802","0.81421","United Kingdom"
"8665","Sagimet Biosciences","SGMT","197791616","6.07","United States"
"8666","KORU Medical Systems","KRMD","197680256","4.25","United States"
"8667","Precision BioSciences","DTIL","197652512","7.66","United States"
"8668","CuriosityStream","CURI","197427696","3.33","United States"
"8669","Shell Oman Marketing Company","SOMS.OM","197402602","2.07792","Oman"
"8670","Korro Bio","KRRO","197300768","13.68","United States"
"8671","Fitaihi Holding Group","4180.SR","197187802","0.717047","Saudi Arabia"
"8672","COG Financial Services","COG.AX","197121911","0.92427","Australia"
"8673","New Fortress Energy","NFE","197087904","0.69","United States"
"8674","AirSculpt Technologies","AIRS","196822448","2.79","United States"
"8675","CVRx","CVRX","196810832","7.48","United States"
"8676","Acumen Pharmaceuticals","ABOS","196418704","2.72","United States"
"8677","Information Services Group","III","196324816","4.1","United States"
"8678","Belpointe PREP, LLC","OZ","196231312","50.365","United States"
"8679","Stereotaxis","STXS","195929840","2.01","United States"
"8680","Ten Square Games","TEN.WA","195914541","30.8048","Poland"
"8681","Hong Leong Capital","5274.KL","195791892","0.83038","Malaysia"
"8682","Dye &amp; Durham","DND.TO","195736855","2.91399","Canada"
"8683","Sabaf S.p.A.","SAB.MI","195645392","15.8815","Italy"
"8684","trivago","TRVG","195616496","2.77","Germany"
"8685","Helios Underwriting","HUW.L","195126999","2.7276","United Kingdom"
"8686","Smart Sand","SND","194984896","4.91","United States"
"8687","AB KN Energies","KNE1L.VS","194936964","0.512457","Lithuania"
"8688","Proficient Auto Logistics","PAL","194565248","6.99","United States"
"8689","Arbuthnot Banking Group","ARBB.L","194334676","11.9078","United Kingdom"
"8690","Buligo Capital","BLGO.TA","194313128","3.45934","Israel"
"8691","Geojit Financial Services","GEOJITFSL.NS","194199748","0.695752","India"
"8692","Roularta Media Group","ROU.BR","193856562","15.6453","Belgium"
"8693","Tabuk Cement Company","3090.SR","193602556","2.15114","Saudi Arabia"
"8694","Solidarity Bahrain","SOLID.BH","193396979","2.51923","Bahrain"
"8695","Richardson Electronics","RELL","193315920","13.28","United States"
"8696","DUG Technology","DUG.AX","193151608","1.42554","Australia"
"8697","Karyopharm Therapeutics","KPTI","192970800","8.56","United States"
"8698","Mediclin","MED.DE","192938957","4.06187","Germany"
"8699","Atlantic Lithium Limited","A11.AX","192828195","0.240583","Australia"
"8700","Enigmatig","EGG","192688784","6.92","Singapore"
"8701","SWK Holdings","SWKH","192326064","15.9","United States"
"8702","Payton Industries","PAYT.TA","192310601","23.2595","Israel"
"8703","Xerox","XRX","192241104","1.47","United States"
"8704","inTEST Corporation","INTT","192181472","15.38","United States"
"8705","Leclanché","LECN.SW","192067158","0.12749","Switzerland"
"8706","Somany Ceramics","SOMANYCERA.NS","191946588","4.68016","India"
"8707","Elme Communities","ELME","191933024","2.16","United States"
"8708","Veritone","VERI","191874576","2.09","United States"
"8709","Seven Hills Realty Trust","SEVN","191847600","8.49","United States"
"8710","India Nippon Electricals","INDNIPPON.NS","191770084","8.47737","India"
"8711","Protalix BioTherapeutics","PLX","191760512","2.38","Israel"
"8712","Genel Energy","GENL.L","191464272","0.694792","United Kingdom"
"8713","Instabank ASA","INSTA.OL","191031155","0.422069","Norway"
"8714","Biesse","BSS.MI","190822154","7.17912","Italy"
"8715","Arise AB","ARISE.ST","190647366","4.67444","Sweden"
"8716","UmweltBank","UBK.DE","190633136","4.59322","Germany"
"8717","Sharjah Cement and Industrial Development","SCIDC.AE","190441544","0.31","United Arab Emirates"
"8718","Braemar Hotels &amp; Resorts","BHR","190412720","2.48","United States"
"8719","BAIOO Family Interactive","2100.HK","190404046","0.0664083","China"
"8720","Deoleo","OLE.MC","190105092","0.38021","Spain"
"8721","WALLIX Group","ALLIX.PA","190063926","28.2206","France"
"8722","Novolog","NVLG.TA","190047680","0.372004","Israel"
"8723","Andrew Peller","ADW-A.TO","190027260","4.17429","Canada"
"8724","Admicom Oyj","ADMCM.HE","189864969","37.8439","Finland"
"8725","Nobia AB","NOBI.ST","189826579","0.200539","Sweden"
"8726","Basic Chemical Industries Company","1210.SR","189710779","6.89857","Saudi Arabia"
"8727","Banque nationale de Belgique","BNB.BR","189396626","473.492","Belgium"
"8728","Achieve Life Sciences","ACHV","189001952","3.55","Canada"
"8729","The Saudi Arabian Amiantit Company","2160.SR","188775815","4.24097","Saudi Arabia"
"8730","Melbourne Enterprises","0158.HK","188369623","7.53478","Hong Kong"
"8731","Lafinca Global Assets","YLFG.MC","188310368","4.98288","Spain"
"8732","Replimune","REPL","188265568","2.28","United States"
"8733","M&amp;C Saatchi","SAA.L","187922938","1.56057","United Kingdom"
"8734","Confidence Petroleum","CONFIPET.NS","187668748","0.564086","India"
"8735","Banan Real Estate Company","4324.SR","187658275","0.938291","Saudi Arabia"
"8736","Tucows","TCX","187523184","16.85","Canada"
"8737","NOVONIX","NVX","187469488","0.803","Australia"
"8738","Tharimmune","THAR","187371472","4.74","United States"
"8739","NoHo Partners","NOHO.HE","187111076","8.89125","Finland"
"8740","Cosmo First","COSMOFIRST.NS","187045626","7.22235","India"
"8741","Surteco Group","SUR.DE","186749853","12.0439","Germany"
"8742","Accelya","ACCELYA.NS","186391937","12.4504","India"
"8743","Frontier Developments","FDEV.L","186382236","5.27879","United Kingdom"
"8744","Stoneridge","SRI","186352608","6.6","United States"
"8745","Fountaine Pajot","ALFPC.PA","186197457","111.702","France"
"8746","Inspired Entertainment","INSE","186169856","6.88","United States"
"8747","KLab","3656.T","186113933","2.38722","Japan"
"8748","NCS Multistage","NCSM","185999952","70.87","United States"
"8749","Oman Oil Marketing Company (oomco)","OOMS.OM","185575719","3.02857","Oman"
"8750","Saudi Arabian Refineries Company","2030.SR","185525795","12.3684","Saudi Arabia"
"8751","Agenus","AGEN","185464032","4.83","United States"
"8752","Naturhouse Health","NTH.MC","185461843","3.09364","Spain"
"8753","United Security Bancshares","UBFO","185027760","10.51","United States"
"8754","Zumtobel Group","ZAG.VI","184968165","4.36887","Austria"
"8755","Visiativ SA","ALVIV.PA","184832369","40.1999","France"
"8756","Shimmick","SHIM","184789648","5.12","United States"
"8757","Lee Enterprises","LEE","184588912","8.3","United States"
"8758","Al Imtiaz Investment Group Company","ALIMTIAZ.KW","184187555","162.478","Kuwait"
"8759","Whitehawk Therapeutics","WHWK","184066608","3.9","United States"
"8760","Fenix Resources","FEX.AX","184037210","0.240583","Australia"
"8761","GoPro","GPRO","183861904","1.12","United States"
"8762","Bitcoin Group","ADE.DE","183846974","36.7694","Germany"
"8763","Bertrandt","BDT.DE","183760976","18.184","Germany"
"8764","LifeMD","LFMD","183739824","3.83","United States"
"8765","Shalby","SHALBY.NS","183690435","1.71199","India"
"8766","Sanara MedTech","SMTI","183432480","20.01","United States"
"8767","Lifetime Brands","LCUT","183272544","8.09","United States"
"8768","Kolibri Global Energy","KGEI","182692672","5.15","United States"
"8769","Manazel","MANAZEL.AE","182629998","0.07","United Arab Emirates"
"8770","J.Jill","JILL","182601504","12.25","United States"
"8771","Tiny Ltd.","TINY.V","182238623","6.19559","Canada"
"8772","Helloworld Travel","HLO.AX","182199896","1.11315","Australia"
"8773","Benchmark Holdings","BMK.L","182093816","0.295906","United Kingdom"
"8774","Knights Group","KGH.L","182082862","2.11694","United Kingdom"
"8775","Quartix Technologies","QTX.L","182045778","3.75893","United Kingdom"
"8776","Springfield Properties","SPR.L","181907927","1.52664","United Kingdom"
"8777","Epsilon Energy","EPSN","181439872","6","United States"
"8778","KALA BIO","KALA","181172448","0.1988","United States"
"8779","KVH Industries","KVHI","181052576","9.25","United States"
"8780","Texaf","TEXF.BR","180968334","49.3565","Belgium"
"8781","Schaffer Corporation","SFC.AX","180859398","13.3075","Australia"
"8782","L'azurde Company for Jewelry","4011.SR","180707720","3.14274","Saudi Arabia"
"8783","Marvelous","7844.T","180465789","2.9793","Japan"
"8784","Heron Therapeutics","HRTX","180373488","0.9567","United States"
"8785","Digia Oyj","DIGIA.HE","180293270","6.75404","Finland"
"8786","Nano-X Imaging","NNOX","180238672","2.59","Israel"
"8787","Solocal Group","LOCAL.PA","180189929","5.04192","France"
"8788","Aimia","AIM.TO","179787721","2.01429","Canada"
"8789","T&amp;G Global","TGG.NZ","179688501","1.46633","New Zealand"
"8790","Gesco SE","GSC1.DE","179270831","17.3574","Germany"
"8791","CVC Limited","CVC.AX","179253618","1.53686","Australia"
"8792","BV Financial","BVFL","179191536","20.125","United States"
"8793","Kuwait Business Town Real Estate Company","KBT.KW","179042207","299.335","Kuwait"
"8794","Analogue Holdings (ATAL)","1977.HK","178791499","0.127708","Hong Kong"
"8795","Feintool International","FTON.SW","178257092","12.109","Switzerland"
"8796","Leifheit","LEI.DE","177949891","19.4828","Germany"
"8797","First Investment Company K.S.C.P.","ALOLA.KW","177899739","398.897","Kuwait"
"8798","Daldrup &amp; Söhne","4DS.DE","177424549","29.6375","Germany"
"8799","Corbus Pharmaceuticals","CRBP","177364640","10","United States"
"8800","Perfect Corp.","PERF","177216688","1.74","Taiwan"
"8801","Al Khaleej Takaful Insurance Company","AKHI.QA","177082298","0.693681","Qatar"
"8802","Ellington Credit Company","EARN","176957552","4.71","United States"
"8803","Gefran","GE.MI","176912073","12.4572","Italy"
"8804","Emirates Investment Bank","EIBANK.AE","176830915","17.6831","United Arab Emirates"
"8805","Rent the Runway","RENT","176790608","5.27","United States"
"8806","Annehem Fastigheter","ANNE-B.ST","176691035","2.02835","Sweden"
"8807","Umm Al-Qura Cement Company","3005.SR","176662678","3.21205","Saudi Arabia"
"8808","U.S. GoldMining","USGO","176387168","13.24","United States"
"8809","Journey Medical","DERM","176259920","5.3","United States"
"8810","Vaxart","VXRT","176231600","0.73","United States"
"8811","Taylor Devices","TAYD","176149808","54.72","United States"
"8812","Delta Corp","DELTACORP.NS","176131812","0.657582","India"
"8813","Gobarto","GOB.WA","176108239","6.33478","Poland"
"8814","Hamat Group","HAMAT.TA","175509280","4.7896","Israel"
"8815","FutureFuel","FF","175454032","4","United States"
"8816","Cheetah Mobile","CMCM","174936896","5.7","China"
"8817","Aumann AG","AAG.DE","174906320","15.232","Germany"
"8818","NusaTrip","NUTR","174412512","9","Indonesia"
"8819","Unisys","UIS","174306560","2.41","United States"
"8820","Groupe SFPI","SFPI.PA","174198477","1.88924","France"
"8821","Devsisters","194480.KQ","173851391","15.8554","South Korea"
"8822","CI Games","CI7.F","173816453","0.852521","Poland"
"8823","Koenig &amp; Bauer","SKB.DE","173657530","10.5089","Germany"
"8824","Television Broadcasts (TVB)","0511.HK","173537456","0.371631","Hong Kong"
"8825","Vidhi Specialty Food","VIDHIING.NS","173335163","3.45464","India"
"8826","Montauk Renewables","MNTK","173324400","1.21","United States"
"8827","Grigeo AB","GRG1L.VS","173298026","1.30476","Lithuania"
"8828","Finance House","FH.AE","173191538","0.57","United Arab Emirates"
"8829","Marti Technologies","MRT","173158640","2.2","Turkey"
"8830","Pkp Cargo","PKP.WA","173049729","3.86385","Poland"
"8831","Emak S.p.A.","EM.MI","173047399","1.0627","Italy"
"8832","Nkarta","NKTX","172522992","2.42","United States"
"8833","Entech SA","ALESE.PA","172392380","11.7133","France"
"8834","Camellia Plc","CAM.L","172370547","68.1901","United Kingdom"
"8835","Al Buhaira National Insurance Company","ABNIC.AE","172202555","0.69","United Arab Emirates"
"8836","FreightCar America","RAIL","172093552","9.02","United States"
"8837","MainStreet Bancshares","MNSB","172070912","23.36","United States"
"8838","Sparta AG","SPT6.F","172030212","27.394","Germany"
"8839","NRC Group ASA","NRC.OL","171818188","0.995486","Norway"
"8840","Rhinebeck Bancorp","RBKB","171562096","15.4","United States"
"8841","SunCar Technology Group","SDA","171413552","1.67","China"
"8842","Verkkokauppa.com","VERK.HE","171397240","3.8021","Finland"
"8843","Al Wathba National Insurance","AWNIC.AE","171377215","0.83","United Arab Emirates"
"8844","Rico Auto Industries","RICOAUTO.NS","171278413","1.26606","India"
"8845","Quirin Privatbank","QB7.DE","171211678","3.9438","Germany"
"8846","Intred","ITD.MI","171180449","10.7923","Italy"
"8847","lastminute.com","LMN.SW","171082794","16.1282","Netherlands"
"8848","Magnora ASA","MGN.OL","170645330","2.66991","Norway"
"8849","Superior Group of Companies","SGC","170555344","10.86","United States"
"8850","Oman Refreshment Company (Pepsi Oman)","ORCI.OM","170129874","3.4026","Oman"
"8851","WhiteHorse Finance","WHF","170090432","7.65","United States"
"8852","Foxtons Group","FOXT.L","170000915","0.57741","United Kingdom"
"8853","Siljansvik AB","SIVI.ST","169907771","12.356","Sweden"
"8854","Kaltura","KLTR","169558528","1.14","United States"
"8855","Mengly J. Quach Education","MJQE.KH","169278680","0.52","Cambodia"
"8856","Tiziana Life Sciences","TLSA","169239040","1.33","United Kingdom"
"8857","Rokiskio Suris AB","RSU1L.VS","169175509","5.38434","Lithuania"
"8858","Al Dhafra Insurance","DHAFRA.AE","169117650","1.69","United Arab Emirates"
"8859","Digital Bros","DIB.MI","169112030","11.855","Italy"
"8860","Kawai Musical Instruments Manufacturing","7952.T","169055246","19.6521","Japan"
"8861","Legacy Education","LGCY","169015344","13.4","United States"
"8862","Quanterix","QTRX","168983904","3.6","United States"
"8863","GTL Infrastructure","GTLINFRA.NS","168927668","0.0131881","India"
"8864","Inogen","INGN","168840560","6.2","United States"
"8865","Selvita","SLV.WA","168829112","9.19963","Poland"
"8866","Galectin Therapeutics","GALT","168518256","2.56","United States"
"8867","Morabaha Marina Financing Company","4082.SR","168504046","2.35906","Saudi Arabia"
"8868","Smith-Midland Corporation","SMID","168262096","31.72","United States"
"8869","Acme United","ACU","167904640","44.09","United States"
"8870","Cadence Capital Limited","CDM.AX","167875848","0.563755","Australia"
"8871","Aptitude Software Group","APTD.L","167802440","3.13471","United Kingdom"
"8872","Global Financial Investments Holding SAOG","GFIC.OM","167792212","0.838961","Oman"
"8873","Bisalloy Steel Group","BIS.AX","167330197","3.48307","Australia"
"8874","Pro-Dex","PDEX","167210368","51.26","United States"
"8875","Lake Resources NL","LKE.AX","167096778","0.0696614","Australia"
"8876","Tenaya Therapeutics","TNYA","167089136","0.77","United States"
"8877","Bahrain Kuwait Insurance Company (GIG Bahrain)","BKIC.BH","167064443","1.13763","Bahrain"
"8878","Tingo Group","TIO","166947568","0.69","United States"
"8879","Orogen Royalties","OGN.V","166877392","2.81128","Canada"
"8880","Dollar Industries","DOLLAR.NS","166829284","2.94148","India"
"8881","Byggmästare Anders J Ahlström","AJA-B.ST","166819359","5.74062","Sweden"
"8882","Quercus TFI","QRS.WA","166348775","3.28957","Poland"
"8883","Adairs Limited","ADH.AX","166114360","0.930015","Australia"
"8884","Yiren Digital","YRD","166044976","1.91","China"
"8885","Injazzat Real Estate Development Company","INJAZZAT.KW","165902100","479.974","Kuwait"
"8886","Navkar Corp","NAVKARCORP.NS","165825123","1.10169","India"
"8887","MotorK","MTRK.AS","165816774","3.47148","Italy"
"8888","Al-Deera Holding Company","ALDEERA.KW","165736107","1459.38","Kuwait"
"8889","Oxford Square Capital","OXSQ","165395280","1.89","United States"
"8890","Intellicheck","IDN","165353120","8.17","United States"
"8891","Cavotec","CCC.ST","165083763","1.54723","Switzerland"
"8892","Pine Cliff Energy","PNE.TO","164668409","0.458953","Canada"
"8893","PLAID,Inc.","4165.T","164660461","4.0123","Japan"
"8894","Dar Al-Thuraya Real Estate","THURAYA.KW","164387873","1122.1","Kuwait"
"8895","CBo Territoria","CBOT.PA","164051806","4.67588","France"
"8896","Sport Lisboa e Benfica","SLBEN.LS","164033537","7.13189","Portugal"
"8897","Miyakoshi Holdings","6620.T","163824411","4.09418","Japan"
"8898","Sanam Real Estate Company","SANAM.KW","163757096","742.663","Kuwait"
"8899","Deezer","DEEZR.PA","163664416","1.32247","France"
"8900","Carbios SAS","ALCRB.PA","163554991","9.69418","France"
"8901","Kelly Partners Group","KPG.AX","163548465","3.61234","Australia"
"8902","Kudelski SA","KUD.SW","163447189","1.67042","Switzerland"
"8903","Humacyte","HUMA","163428272","0.7361","United States"
"8904","Rane Holdings","RANEHOLDIN.NS","163328485","11.4393","India"
"8905","Apyx Medical","APYX","163133984","3.9","United States"
"8906","Reit Azorim - H.F Living","AZRT.TA","162994519","1.66282","Israel"
"8907","Masterflex","MZX.DE","162974503","16.9441","Germany"
"8908","Banca Sistema S.p.A.","BST.MI","162950207","2.02621","Italy"
"8909","Mercia Asset Management","MERC.L","162936550","0.383357","United Kingdom"
"8910","AB Vilkyskiu pienine","VLP1L.VS","162878321","13.638","Lithuania"
"8911","Hyderabad Industries Limited","HIL.NS","162818595","21.5914","India"
"8912","Air Busan","298690.KS","162680260","1.39542","South Korea"
"8913","MCH Group","MCHN.SW","162363794","5.24807","Switzerland"
"8914","Quipt Home Medical","QIPT","162297152","3.65","United States"
"8915","Gévelot SA","ALGEV.PA","162224605","217.263","France"
"8916","Detection Technology","DETEC.HE","161975074","11.0521","Finland"
"8917","BCB Bancorp","BCBP","161958832","9.33","United States"
"8918","Nelco","NELCO.NS","161932768","7.08833","India"
"8919","Nordic Mining ASA","NOM.OL","161841054","1.29392","Norway"
"8920","Landmark Bancorp","LARK","161821504","26.64","United States"
"8921","FreeCast, Inc.","CAST","161795536","3.96","United States"
"8922","Methanol Chemicals Company","2001.SR","161575362","2.39371","Saudi Arabia"
"8923","Bahrain National Holding","BNH.BH","161175422","1.11376","Bahrain"
"8924","KORE Group","KORE","160920464","9.15","United States"
"8925","Hanover Bancorp","HNVR","160821840","22.36","United States"
"8926","OneWater Marine","ONEW","160652000","9.67","United States"
"8927","Dialight plc","DIA.L","160627213","4.01677","United Kingdom"
"8928","Microbot Medical","MBOT","160507744","2.39","United States"
"8929","Enad Global 7","EG7.ST","160439381","1.81076","Sweden"
"8930","Easy Lease Motorcycle Rental","EASYLEASE.AE","160413826","5.35","United Arab Emirates"
"8931","Modiv","MDV","160055136","15.51","United States"
"8932","Lindsay Australia","LAU.AX","159929554","0.438077","Australia"
"8933","Audinate Group","AD8.AX","159578990","1.89235","Australia"
"8934","Owlet, Inc.","OWLT","159388240","5.66","United States"
"8935","ECB Bancorp","ECBK","159331328","18.15","United States"
"8936","Laramide Resources","LAM.TO","159113150","0.560942","Canada"
"8937","Arctic Paper","ARP.ST","159068847","2.22845","Poland"
"8938","Jagran Prakashan","JAGRAN.NS","158831190","0.729741","India"
"8939","Cartesian Therapeutics","RNAC","158789040","5.99","United States"
"8940","Aemetis","AMTX","158779200","2.33","United States"
"8941","Xlife Sciences","XLS.SW","158725618","27.5204","Switzerland"
"8942","Beeks Financial Cloud Group","BKS.L","158574504","2.3205","United Kingdom"
"8943","Innate Pharma","IPHA","158571328","1.69","France"
"8944","Westag AG","WUG3.F","158285439","38.9656","Germany"
"8945","Douglas Elliman","DOUG","158097760","1.78","United States"
"8946","AVITA Medical","RCEL","158060048","5.16","United States"
"8947","Mazaya Real Estate Development Q.P.S.C.","MRDS.QA","157967028","0.157967","Qatar"
"8948","UBM Development","UBS.VI","157931300","21.1359","Austria"
"8949","Tillys","TLYS","157858784","5.18","United States"
"8950","Lai Sun Development Company","0488.HK","157761728","0.108552","Hong Kong"
"8951","Amadeus Fire","AAD.DE","157147066","28.929","Germany"
"8952","Molecular Partners","MOLN","157128992","4.2","Switzerland"
"8953","Precia S.A.","ALPM.PA","156402232","28.929","France"
"8954","Pharos Energy","PHAR.L","156225954","0.37725","United Kingdom"
"8955","SKYX Platforms","SKYX","156212672","1.17","United States"
"8956","Abdulmohsen Al-Hokair Group for Tourism and Development Company","1820.SR","156177542","0.495802","Saudi Arabia"
"8957","Vente-Unique.com","ALVU.PA","156171716","16.2357","France"
"8958","Banca Profilo","PRO.MI","156015126","0.236155","Italy"
"8959","Altea Green Power S.p.A.","AGP.MI","155892750","8.54883","Italy"
"8960","Imperial Petroleum","IMPP","155766800","4.3","Greece"
"8961","Baozun","BZUN","155722848","2.68","China"
"8962","Westwood Holdings Group","WHG","155507872","16.39","United States"
"8963","Archosaur Games","9990.HK","155363184","0.194116","China"
"8964","Eurocell","ECEL.L","155185894","1.57414","United Kingdom"
"8965","Astec Lifesciences","ASTEC.NS","155072860","6.95966","India"
"8966","Bike24 Holding","BIKE.DE","154884074","3.50691","Germany"
"8967","Valens Semiconductor","VLN","154780272","1.47","Israel"
"8968","Inclusio","INCLU.BR","154779391","20.3094","Belgium"
"8969","BICO Group","BICO.ST","154726335","2.19237","Sweden"
"8970","Southern Petrochemical Industries Corp","SPIC.NS","154674595","0.759548","India"
"8971","Oramed Pharmaceuticals","ORMP","154504400","3.82","United States"
"8972","Arctic Fish Holding","AFISH.OL","154455926","3.43198","Iceland"
"8973","Serviceware","SJJ.DE","154357069","14.7007","Germany"
"8974","Merkur PrivatBank","MBK.DE","154307467","19.8371","Germany"
"8975","Curatis","CURN.SW","154305486","29.9524","Switzerland"
"8976","DouYu","DOYU","154065248","4.87","China"
"8977","ryde","RYDE","153924448","1.23","Singapore"
"8978","Sanok Rubber Company","SNK.WA","153862290","6.10521","Poland"
"8979","Hooker Furnishings","HOFT","153582512","14.25","United States"
"8980","Heidelberg Pharma","HPHA.DE","153572325","3.28256","Germany"
"8981","Heliad AG","A7A.DE","153228785","17.0032","Germany"
"8982","Spero Therapeutics","SPRO","152833552","2.64","United States"
"8983","ChargePoint","CHPT","152357312","6.24","United States"
"8984","Omaxe","OMAXE.NS","152276584","0.832565","India"
"8985","Easy Software","ESY.HM","152132231","23.6155","Germany"
"8986","Almawave","AIW.MI","152021175","5.07032","Italy"
"8987","Nusantara Pelabuhan Handal","PORT.JK","151896385","0.0539799","Indonesia"
"8988","Silver One Resources","SVE.V","151735729","0.429813","Canada"
"8989","OPTiM","3694.T","151726489","2.78404","Japan"
"8990","Finbar Group Limited","FRI.AX","151456374","0.556573","Australia"
"8991","FDM Group","FDM.L","151340111","1.38416","United Kingdom"
"8992","Tribal Group","TRB.L","151276819","0.705648","United Kingdom"
"8993","Allianz Saudi Fransi Cooperative Insurance","8040.SR","150961086","2.53765","Saudi Arabia"
"8994","First Guaranty Bancshares","FGBI","150827296","9.55","United States"
"8995","Wendt India","WENDT.NS","150805230","75.4026","India"
"8996","Nicolás Correa","NEA.MC","150714401","12.3982","Spain"
"8997","Zahrat Al Waha For Trading Company","3007.SR","150539793","0.669066","Saudi Arabia"
"8998","Baazeem Trading Company","4051.SR","150329871","1.48474","Saudi Arabia"
"8999","Huhtamaki India","HUHTAMAKI.NS","150175828","1.98851","India"
"9000","Fate Therapeutics","FATE","149979856","1.29","United States"
"9001","Kulmbacher Brauerei","KUL.MU","149968121","44.6334","Germany"
"9002","Synlait Milk","SML.NZ","149791982","0.24833","New Zealand"
"9003","Focusrite","TUNE.L","149727704","2.57833","United Kingdom"
"9004","Aquafil","ECNL.MI","149721273","1.73574","Italy"
"9005","Thryv","THRY","149719440","3.39","United States"
"9006","AL KHALEEJ Investment","KICO.AE","149509933","1.42","United Arab Emirates"
"9007","TON Strategy Co.","TONX","149499008","2.53","United States"
"9008","National Cleaning Company","CLEANING.KW","148851553","603.211","Kuwait"
"9009","Nekkar ASA","NKR.OL","148826769","1.52947","Norway"
"9010","Macfarlane Group","MACF.L","148661774","0.952625","United Kingdom"
"9011","vTv Therapeutics","VTVT","148566032","37.72","United States"
"9012","Sogeclair","ALSOG.PA","148268700","48.5299","France"
"9013","Genovis AB","GENO.ST","148084782","2.24158","Sweden"
"9014","Allbirds","BIRD","147951184","16.99","United States"
"9015","Euroapi","EAPI.PA","147912719","1.5539","France"
"9016","AMC Robotics Corporation","AMCI","147773808","6.54","United States"
"9017","Empire Energy Group","EEG.AX","147437477","0.119432","Australia"
"9018","Nyxoah","NYXH","147360608","3.375","Belgium"
"9019","TTEC","TTEC","147291840","3.03","United States"
"9020","Motorpoint Group","MOTR.L","147136618","1.79126","United Kingdom"
"9021","Grange Resources","GRR.AX","147114053","0.127114","Australia"
"9022","Guerbet","GBT.PA","147030169","11.6661","France"
"9023","Al Jouf Cement Company","3091.SR","146903641","1.35146","Saudi Arabia"
"9024","Micro Systemation","MSAB-B.ST","146610690","7.93846","Sweden"
"9025","Wataniya Insurance Company","8300.SR","146501404","3.66254","Saudi Arabia"
"9026","Castings P.L.C.","CGS.L","146316720","3.3654","United Kingdom"
"9027","Umm Al Qaiwain General Investment","QIC.AE","146267353","0.4","United Arab Emirates"
"9028","EKF Diagnostics","EKF.L","146207659","0.339254","United Kingdom"
"9029","Innoviz Technologies","INVZ","145876032","0.68","Israel"
"9030","Al Anwar Investments SAOG","AAIC.OM","145786889","0.488312","Oman"
"9031","Digimarc","DMRC","145594768","6.59","United States"
"9032","ReposiTrak","TRAK","145445264","7.99","United States"
"9033","Bahrain Duty Free Shop Complex","DUTYF.BH","145252446","1.35243","Bahrain"
"9034","Seef Properties","SEEF.BH","145160438","1.02095","Bahrain"
"9035","Dominion Hosting","DHH.MI","144987094","25.9771","Italy"
"9036","Immunic","IMUX","144815952","1.11","United States"
"9037","Alan Allman Associates","AAA.PA","144682898","3.1881","France"
"9038","Piquadro","PQ.MI","144675454","3.05821","Italy"
"9039","SunPower","SPWR","144644256","1.21","United States"
"9040","Bellevue Group","BBN.SW","144546191","10.8033","Switzerland"
"9041","Treace Medical Concepts","TMCI","144469296","2.23","United States"
"9042","ACRES Commercial Realty","ACR","144402192","19.82","United States"
"9043","Softstar Entertainment","6111.TWO","144252137","1.49824","Taiwan"
"9044","HireQuest","HQI","144068624","10.25","United States"
"9045","Carnarvon Energy","CVN.AX","143902999","0.0804338","Australia"
"9046","Unitech Group","UNITECH.NS","143467039","0.0543606","India"
"9047","EcoSynthetix","ECO.TO","143280109","2.42589","Canada"
"9048","Apex Frozen Foods","APEX.NS","143222749","4.58313","India"
"9049","Orion Properties","ONL","143211776","2.52","United States"
"9050","Fortinova Fastigheter AB","FNOVA-B.ST","143137873","2.7883","Sweden"
"9051","Allcargo Logistics","ALLCARGO.NS","142926976","0.095426","India"
"9052","Sloman Neptun","NEP.HM","142795430","71.437","Germany"
"9053","Mayne Pharma Group","MYX.AX","142659367","1.7559","Australia"
"9054","Bloober Team","6BO.SG","142567304","6.76585","Poland"
"9055","Seritage Growth Properties","SRG","142501264","2.53","United States"
"9056","VIGO Photonics","VGO.WA","142422185","162.806","Poland"
"9057","Clipper Realty","CLPR","142254208","3.35","United States"
"9058","Jubilee Metals Group","JLP.L","142157314","0.044103","United Kingdom"
"9059","Syrah Resources Limited","SYR.AX","141976691","0.0825882","Australia"
"9060","Grammer AG","GMM.DE","141703127","9.50525","Germany"
"9061","G8 Education","GEM.AX","141295911","0.18313","Australia"
"9062","Saudi Printing and Packaging Company","4270.SR","140964760","2.1618","Saudi Arabia"
"9063","Al Omaniya Financial Services","AOFS.OM","140913574","0.446753","Oman"
"9064","Knaus Tabbert AG","KTA.DE","140667056","13.5553","Germany"
"9065","Eleco","ELCO.L","140619055","1.68948","United Kingdom"
"9066","Global Cord Blood","CORBF","140610448","1.05","Hong Kong"
"9067","NeoVolta","NEOV","140520176","3.29","United States"
"9068","Alligator Energy","AGE.AX","140205746","0.031599","Australia"
"9069","SB Financial Group","SBFG","139725424","22.17","United States"
"9070","Keyrus","ALKEY.PA","139681580","8.78498","France"
"9071","The Kuwait Company for Process Plant Construction and Contracting","KCPC.KW","139215036","1044.27","Kuwait"
"9072","Catering International &amp; Services","ALCIS.PA","138938635","17.8297","France"
"9073","Devolver Digital","DEVO.L","138910713","0.298544","United States"
"9074","I.g. Petrochemicals","IGPL.NS","138867867","4.50378","India"
"9075","CALIDA Holding","CALN.SW","138652688","19.8403","Switzerland"
"9076","SIG plc","SHI.L","138636791","0.119417","United Kingdom"
"9077","Carlo Gavazzi Holding","GAV.SW","138277510","194.562","Switzerland"
"9078","Al Mahhar Holding Company","MHAR.QA","138189561","0.667582","Qatar"
"9079","Sanghi Industries","SANGHIIND.NS","138184161","0.534922","India"
"9080","Sangoma Technologies","SANG","138182624","4.16","Canada"
"9081","Wafrah for Industry and Development Company","2100.SR","138048840","5.96295","Saudi Arabia"
"9082","NET Power","NPWR","138041328","1.63","United States"
"9083","LEWAG Holding","KGR.F","137914750","34.4787","Germany"
"9084","FCR Immobilien","FC9.DE","137526671","13.9332","Germany"
"9085","Qrf","QRF.BR","137517263","13.2247","Belgium"
"9086","Klil Industries","KLIL.TA","137453847","61.9673","Israel"
"9087","Warba Insurance and Reinsurance Company","WINSRE.KW","137365904","564.294","Kuwait"
"9088","Unibep","UNI.WA","137321980","4.15935","Poland"
"9089","Waldencast","WALD","137238064","1.07","United States"
"9090","Gulf Union Alahlia Cooperative Insurance","8120.SR","137018050","2.98547","Saudi Arabia"
"9091","Record Financial Group","REC.L","136826304","0.708362","United Kingdom"
"9092","Richmond Mutual Bancorporation","RMBI","136337984","13.96","United States"
"9093","Affinity Bancshares","AFBI","136220704","22.35","United States"
"9094","Freelance.com SA","ALFRE.PA","136090138","2.40879","France"
"9095","United Wire Factories Company","1301.SR","135927713","4.84073","Saudi Arabia"
"9096","Friedman Industries","FRD","135913824","19.11","United States"
"9097","Eagle Eye Solutions Group","EYE.L","135733515","4.546","United Kingdom"
"9098","Privatization Holding Company - K.P.S.C.","KPPC.KW","135709410","222.474","Kuwait"
"9099","The Eastern Company","EML","135573648","22.34","United States"
"9100","Silicom","SILC","135406752","23.73","Israel"
"9101","Xaar","XAR.L","135108582","1.71663","United Kingdom"
"9102","Pullup Entertainment","ALPUL.PA","134859211","16.8615","France"
"9103","Commercial Vehicle Group (CVG)","CVGI","134856096","3.94","United States"
"9104","India Motor Parts and Accessories","IMPAL.NS","134607001","10.7858","India"
"9105","INNOVATE Corp.","VATE","134229264","9.83","United States"
"9106","Tile Shop Holdings","TTSH","134145000","3","United States"
"9107","Gambling.com Group","GAMB","133985872","3.81","Jersey"
"9108","Response Plus Holding","RPM.AE","133950446","0.67","United Arab Emirates"
"9109","Ateme SA","ATEME.PA","133445528","11.5244","France"
"9110","Fabasoft","FAA.DE","133407441","12.5753","Austria"
"9111","Domo","DOMO","133337192","3.19","United States"
"9112","SelectQuote","SLQT","133292616","0.7561","United States"
"9113","Userjoy Technology","3546.TWO","133207763","2.27986","Taiwan"
"9114","Emperor International","0163.HK","133146565","0.0241369","Hong Kong"
"9115","Edel SE &amp; Co. KGaA","EDL.DE","133138932","6.25812","Germany"
"9116","Serko Limited","SKO.NZ","132608211","1.06427","New Zealand"
"9117","Bank of Innovation","4393.T","132423042","33.3203","Japan"
"9118","Burgan Company for Well Drilling","ABAR.KW","132384162","518.891","Kuwait"
"9119","Speedy Hire","SDY.L","132239503","0.287009","United Kingdom"
"9120","DHI Group","DHX","132211816","2.94","United States"
"9121","RGP","RGP","132167968","3.85","United States"
"9122","Hester Biosciences","HESTERBIO.NS","132054983","15.5233","India"
"9123","GreenTree Hospitality Group","GHG","132006568","1.3","China"
"9124","EDAP TMS","EDAP","131936584","3.52","France"
"9125","Valsoia S.p.A.","VLS.MI","131874084","12.221","Italy"
"9126","AGROB Immobilien","AGR.F","131821875","38.2572","Germany"
"9127","Akatsuki Corp.","8737.T","131739416","4.35243","Japan"
"9128","Mammoth Energy Services","TUSK","131534624","2.72","United States"
"9129","United Foodbrands Limited","UFBL.NS","131508892","3.36457","India"
"9130","Franchi Umberto Marmi","FUM.MI","131455352","4.01464","Italy"
"9131","FriendTimes","6820.HK","131423015","0.062577","China"
"9132","Lhyfe SA","LHYFE.PA","131411418","2.7335","France"
"9133","Ambra","AMB.WA","131405384","5.21312","Poland"
"9134","AS Harju Elekter","HAE1T.TL","131192634","7.06105","Estonia"
"9135","Kuke Music Holding","KUKE","131017104","1.39","China"
"9136","Branicks Group","BRNK.DE","130740704","1.56453","Germany"
"9137","Nihon Falcom","3723.T","130578717","13.2336","Japan"
"9138","Schloss Wachenheim","SWA.DE","130456963","16.4718","Germany"
"9139","Allied Tecnologia","ALLD3.SA","130389849","1.35877","Brazil"
"9140","iDreamSky","1119.HK","130327233","0.0638541","China"
"9141","Sokouk Holding Company K.S.C.P.","SOKOUK.KW","130142696","227.663","Kuwait"
"9142","The Joint Corp.","JYNT","130050672","9.08","United States"
"9143","Trifast","TRI.L","130045555","0.963481","United Kingdom"
"9144","Equillium","EQ","129614440","2.05","United States"
"9145","Firefly AB","FIRE.ST","129604278","21.5957","Sweden"
"9146","GEOX","GEO.MI","129493515","0.353643","Italy"
"9147","Investigator Resources","IVR.AX","129474123","0.0524256","Australia"
"9148","Tracsis","TRCS.L","129277365","4.34245","United Kingdom"
"9149","Prosafe SE","PRS.OL","129256596","0.366646","Norway"
"9150","China Automotive Systems","CAAS","128828896","4.27","China"
"9151","SNGULAR","SNG.MC","128694866","2.4324","Spain"
"9152","Al Ain Alahlia Insurance","ALAIN.AE","128665955","8.58","United Arab Emirates"
"9153","Balaji Telefilms","BALAJITELE.NS","128477702","1.05419","India"
"9154","Brouwerij Handelsmaatschappij","COBH.BR","128409496","1712.13","Belgium"
"9155","Eidesvik Offshore","EIOF.OL","128350043","1.75862","Norway"
"9156","Excel Industries","EXCELINDUS.NS","128174189","10.187","India"
"9157","Buruj Cooperative Insurance Company","8270.SR","128062926","4.26876","Saudi Arabia"
"9158","Yellow Pages (Canada)","Y.TO","128007149","9.43403","Canada"
"9159","Biodesix","BDSX","127957392","12.66","United States"
"9160","Bassett Furniture","BSET","127911600","14.78","United States"
"9161","Abu Dhabi National Takaful","TKFL.AE","127815144","1.22","United Arab Emirates"
"9162","Oncolytics Biotech","ONCY","127740976","1.1","Canada"
"9163","Bioventix","BVXP.L","127623933","24.4263","United Kingdom"
"9164","Rekor Systems","REKR","127523048","0.9337","United States"
"9165","Genelux","GNLX","127248504","2.84","United States"
"9166","Hyperfine","HYPR","127091056","1.29","United States"
"9167","Nama Chemicals Company","2210.SR","126831831","5.39251","Saudi Arabia"
"9168","Nynomic AG","M7U.DE","126815692","19.3057","Germany"
"9169","Comet Ridge","COI.AX","126307228","0.105569","Australia"
"9170","Bahrain Commercial Facilities Company","BCFC.BH","126161997","0.315566","Bahrain"
"9171","ALT5 Sigma","ALTS","126148920","0.992","United States"
"9172","Prevas AB","PREV-B.ST","126099928","9.78639","Sweden"
"9173","Monte Carlo Fashions","MONTECARLO.NS","126027111","6.07885","India"
"9174","RAK Co. for White Cement &amp; Construction Materials","RAKWCT.AE","125958403","0.25","United Arab Emirates"
"9175","Bait Vegag Real Estate Development","BVGG.TA","125763916","2.27849","Israel"
"9176","Møns Bank","MNBA.CO","125728944","62.8645","Denmark"
"9177","National Gypsum Company","2090.SR","125687516","3.96908","Saudi Arabia"
"9178","Somec S.p.A.","SOM.MI","125518075","17.2393","Italy"
"9179","Captor Therapeutics","CTX.WA","125466699","22.7761","Poland"
"9180","Geospace Technologies","GEOS","125141688","9.71","United States"
"9181","DeFi Development","DFDV","125068944","4.24","United States"
"9182","Sadr Logistics Company","1832.SR","125016664","0.714381","Saudi Arabia"
"9183","AB Zemaitijos pienas","ZMP1L.VS","124815909","3.0464","Lithuania"
"9184","Atturra","ATA.AX","124746548","0.337535","Australia"
"9185","Malath Cooperative Insurance Company","8020.SR","124483544","2.48967","Saudi Arabia"
"9186","Renascor Resources","RNU.AX","124344988","0.0488348","Australia"
"9187","GAM Holding AG","GAM.SW","124329857","0.115201","Switzerland"
"9188","Scott Technology","SCT.NZ","124306356","1.47815","New Zealand"
"9189","Smith Douglas Homes","SDHC","124274384","13.73","United States"
"9190","The Beauty Health Company","SKIN","123939864","0.97","United States"
"9191","Hong Kong Technology Venture Company (HKTV)","1137.HK","123919043","0.157081","Hong Kong"
"9192","Largo","LGO","123607136","1.27","Canada"
"9193","Himatsingka Seide","HIMATSEIDE.NS","123577069","0.98278","India"
"9194","Atlas Lithium","ATLX","123467560","4.55","United States"
"9195","Lake Shore Bancorp","LSBK","123455192","15.7","United States"
"9196","Al-Baha Investment And Development Company","4130.SR","123360093","0.565107","Saudi Arabia"
"9197","Crossject","ALCJ.PA","123300226","2.32613","France"
"9198","National Metal Manufacturing and Casting","2220.SR","123237109","3.48127","Saudi Arabia"
"9199","Solid State Group","SOLI.L","123175700","2.17123","United Kingdom"
"9200","Ultralife Corporation","ULBI","122924992","7.38","United States"
"9201","Arabia Insurance Cooperative Company","8160.SR","122910839","2.31907","Saudi Arabia"
"9202","Al-Mazaya Holding Company","MAZAYA.KW","122875435","244.527","Kuwait"
"9203","SIEC (Saudi Industrial Export Company)","4140.SR","122811670","0.631747","Saudi Arabia"
"9204","Banqup Group SA","BANQ.BR","122796828","3.30618","Belgium"
"9205","UNITED","2497.T","122640623","3.27534","Japan"
"9206","Lokum Deweloper","LKD.WA","122438738","6.80215","Poland"
"9207","KULR Technology Group","KULR","122071048","2.64","United States"
"9208","Global Fashion Group","GFG.DE","121880498","0.533711","Luxembourg"
"9209","Chegg","CHGG","121860584","1.09","United States"
"9210","NZME Limited","NZM.NZ","121834610","0.647431","New Zealand"
"9211","Energous","WATT","121739320","22.13","United States"
"9212","The Platform Group","TPG.F","121387090","5.89726","Germany"
"9213","South Port NZ","SPN.NZ","121146193","4.61775","New Zealand"
"9214","Rupa Company","RUPA.NS","120963589","1.5207","India"
"9215","Fury Gold Mines","FURY","120892656","0.6347","Canada"
"9216","ADLPartner (Dékuple)","DKUPL.PA","120538191","30.346","France"
"9217","Gaming Realms","GMR.L","120475879","0.434245","United Kingdom"
"9218","National Building and Marketing Company","9510.SR","120463818","10.0387","Saudi Arabia"
"9219","Prime Office A/S","PRIMOF.CO","120449987","31.9061","Denmark"
"9220","Duluth Holdings","DLTH","120215608","3.27","United States"
"9221","OptimizeRx","OPRX","120078104","6.4","United States"
"9222","Team Internet Group","TIG.L","120030690","0.47767","United Kingdom"
"9223","TrueBlue","TBI","119949936","3.99","United States"
"9224","Medifast","MED","119693872","10.85","United States"
"9225","Aptera Motors","SEV","119672552","3.27","United States"
"9226","CDL Investments New Zealand Limited","CDI.NZ","119401859","0.40797","New Zealand"
"9227","CTEK AB","CTEK.ST","119211426","1.7036","Sweden"
"9228","PepGen","PEPG","118878312","1.72","United States"
"9229","RE/MAX Holdings","RMAX","118840480","5.9","United States"
"9230","SMN Power Company","SMNP.OM","118744295","0.594805","Oman"
"9231","Reworld Media","ALREW.PA","118727049","2.07344","France"
"9232","Comscore","SCOR","118685760","7.9","United States"
"9233","MDxHealth","MDXH","118652040","2.31","Belgium"
"9234","Ateam","3662.T","118356815","6.36802","Japan"
"9235","Jazan Development and Investment (JAZADCO)","6090.SR","118352662","2.36705","Saudi Arabia"
"9236","Fonar Corporation","FONR","118263352","18.77","United States"
"9237","GenFlat Holdings","GFLT","118037104","9","United States"
"9238","Igarashi Motors India","IGARASHI.NS","117856817","3.74359","India"
"9239","Klingelnberg AG","KLIN.SW","117679588","13.3122","Switzerland"
"9240","Logistic Properties of the Americas","LPA","117618280","3.72","United States"
"9241","Diginex","DGNX","117446392","0.56","Hong Kong"
"9242","Wielton","WLT.WA","117354849","1.58903","Poland"
"9243","Arabian International Healthcare Holding","9530.SR","117286422","5.86432","Saudi Arabia"
"9244","AN2 Therapeutics","ANTX","117194760","3.26","United States"
"9245","MRM","MRM.PA","116992105","36.549","France"
"9246","Soluna Holdings","SLNH","116950112","1.05","United States"
"9247","Al Kathiri Holding Company","3008.SR","116893346","0.517127","Saudi Arabia"
"9248","OMER S.p.A.","OMER.MI","116651507","4.07368","Italy"
"9249","Creepy Jar","CRJ.WA","116589913","166.708","Poland"
"9250","Al Anwar Ceramic Tiles","AACT.OM","116571431","0.52987","Oman"
"9251","Assertio Holdings","ASRT","116322008","18.02","United States"
"9252","Magyar Bancorp","MGYR","115891256","17.89","United States"
"9253","Magnachip Semiconductor","MX","115881928","3.18","Luxembourg"
"9254","Riverview Bancorp","RVSB","115566824","5.58","United States"
"9255","SDI Group","SDI.L","115512631","1.10461","United Kingdom"
"9256","Cassava Sciences","SAVA","114972800","2.38","United States"
"9257","Cake Box Holdings","CBOX.L","114939253","2.61226","United Kingdom"
"9258","AFYREN","ALAFY.PA","114665743","2.96375","France"
"9259","BHM Capital Financial Services","BHMCAPITAL.AE","114347933","0.28587","United Arab Emirates"
"9260","Nova Klúbburinn","NOVA.IC","114030592","0.0329029","Iceland"
"9261","Sangamo Therapeutics","SGMO","113966776","0.2751","United States"
"9262","Feiyu Technology International Company","1022.HK","113943238","0.0651312","China"
"9263","Piscines Desjoyaux","ALPDX.PA","113928910","12.6934","France"
"9264","accesso Technology Group","ACSO.L","113820573","3.52146","United Kingdom"
"9265","United Foods Company","UFC.AE","113653690","3.75715","United Arab Emirates"
"9266","S.S. Lazio","SSL.MI","113578058","1.6767","Italy"
"9267","Townsquare Media","TSQ","113577952","6.64","United States"
"9268","Forrester Research","FORR","113330160","5.91","United States"
"9269","Dubai National Insurance & Reinsurance Company","DNIR.AE","113204462","0.980125","United Arab Emirates"
"9270","Liva Insurance Company","8280.SR","113128085","2.8282","Saudi Arabia"
"9271","Takween Advanced Industries","1201.SR","113122379","1.47941","Saudi Arabia"
"9272","Definitive Healthcare","DH","112830160","1.08","United States"
"9273","Iceland Seafood International","ICESEA.IC","112416357","0.0366837","Iceland"
"9274","ORIOR AG","ORON.SW","112379778","17.2034","Switzerland"
"9275","Mekdam Holding Group","MKDM.QA","112274722","0.66044","Qatar"
"9276","Toro Corp.","TORO","112234608","3.89","Cyprus"
"9277","Zain Bahrain","ZAINBH.BH","112224877","0.617873","Bahrain"
"9278","Orosur Mining","OMI.V","112096235","0.284114","Canada"
"9279","a.k.a. Brands","AKA","111843904","10.34","United States"
"9280","gumi","3903.T","111790720","2.19196","Japan"
"9281","Metatek-Group","MTEK.TO","111783144","3.64248","United Kingdom"
"9282","Silvercrest Asset Management Group","SAMG","111665688","13.75","United States"
"9283","DATA MODUL","DAM.DE","111585398","31.6448","Germany"
"9284","Comtech Telecommunications","CMTL","111502952","3.75","United States"
"9285","Nykode Therapeutics","NYKD.OL","111373868","0.341066","Norway"
"9286","Maytronics","MTRN.TA","111212617","1.0134","Israel"
"9287","Asiya Capital Investments Company","ASIYA.KW","110982716","138.803","Kuwait"
"9288","Wynnstay Group","WYN.L","110894173","4.81741","United Kingdom"
"9289","Aardvark Therapeutics","AARD","110825480","5.08","United States"
"9290","clearvise AG","ABO.DE","110777699","1.47007","Germany"
"9291","Al Argan International Real Estate Company","ARGAN.KW","110606455","379.439","Kuwait"
"9292","Kuwait and Middle East Financial Investment Company","KMEFIC.KW","110588618","502.676","Kuwait"
"9293","Seer Inc","SEER","110584712","1.96","United States"
"9294","Bulten AB","BULTEN.ST","110386406","5.2595","Sweden"
"9295","Union Bankshares","UNB","110368080","23.92","United States"
"9296","Sound Financial Bancorp","SFBC","110351232","46.21","United States"
"9297","HF Foods Group","HFFG","110331168","2.08","United States"
"9298","Al Gassim Investment Holding","6020.SR","110275893","3.67586","Saudi Arabia"
"9299","Aldeyra Therapeutics","ALDX","110134496","1.83","United States"
"9300","1Spatial","SPA.L","110052085","0.983837","United Kingdom"
"9301","Insight Molecular Diagnostics","IMDX","110014488","3.42","United States"
"9302","Jushi Holdings","JUSHF","109833128","0.55","United States"
"9303","Indorama Synthetics","INDORAMA.NS","109634712","0.419874","India"
"9304","Hurco Companies","HURC","109525248","16.99","United States"
"9305","Provident Financial Holdings","PROV","109459096","17.17","United States"
"9306","Dynamic Materials Corporation","BOOM","109394792","5.34","United States"
"9307","Apetit Oyj","APETIT.HE","109194051","17.4755","Finland"
"9308","ReadyTech Holdings","RDY.AX","109148521","0.883335","Australia"
"9309","maison pommery &amp; associes","POMRY.PA","109132764","12.2801","France"
"9310","Ithmaar Holding","ITHMR.BH","109078250","0.115","Bahrain"
"9311","Synthomer","SYNT.L","109030871","0.666973","United Kingdom"
"9312","Quantum Graphite","QGL.AX","108885779","0.308808","Australia"
"9313","Fleury Michon","ALFLE.PA","108885188","26.3313","France"
"9314","EML Payments","EML.AX","108818226","0.280082","Australia"
"9315","Kuwait Foundry Company K.S.C.P.","KFOUC.KW","108772500","1673.42","Kuwait"
"9316","Nabaltec","NTG.DE","108584250","12.3391","Germany"
"9317","Encounter Resources","ENR.AX","108389905","0.193903","Australia"
"9318","Scully Royalty","SRL","108259360","7.11","China"
"9319","Severfield","SFR.L","108189749","0.366394","United Kingdom"
"9320","Mpac Group","MPAC.L","108146270","3.59609","United Kingdom"
"9321","Drilling Tools International","DTI","108060256","3.07","United States"
"9322","Jay Bharat Maruti","JAYBARMARU.NS","108034120","0.998006","India"
"9323","Tijara &amp; Real Estate Investment Company","TIJARA.KW","107994164","291.876","Kuwait"
"9324","Bastei Lübbe","BST.DE","107969538","8.24182","Germany"
"9325","ArcticZymes Technologies ASA","AZT.OL","107778276","2.11035","Norway"
"9326","EROAD Limited","ERD.NZ","107585822","0.573523","New Zealand"
"9327","Ash-Sharqiyah Development","6060.SR","107556980","3.58523","Saudi Arabia"
"9328","Rapid Micro Biosystems","RPID","107552536","2.35","United States"
"9329","KFIC Invest (K.S.C.P)","KFIC.KW","107478976","437.814","Kuwait"
"9330","Pyxis Oncology","PYXS","107441440","1.71","United States"
"9331","Fujairah Building Industries","FBI.AE","107368293","0.79","United Arab Emirates"
"9332","Frontier Energy Limited","FHE.AX","107064264","0.190312","Australia"
"9333","Vistin Pharma","VISTN.OL","106816286","2.40878","Norway"
"9334","Helius Medical Technologies","HSDT","106766056","1.94","United States"
"9335","Gascogne Groupe","ALBI.PA","106672544","2.83386","France"
"9336","Ispire Technology","ISPR","106559144","1.86","United States"
"9337","SaverOne 2014","SVRE","106264592","3.36","Israel"
"9338","Coya Therapeutics","COYA","106261048","4.53","United States"
"9339","Quantum","QMCO","106125712","7.25","United States"
"9340","4basebio","4BB.L","106116782","6.85293","United Kingdom"
"9341","Gossamer Bio","GOSS","105824552","0.4509","United States"
"9342","Vocento","VOC.MC","105222654","0.873775","Spain"
"9343","TCM Group A/S","TCM.CO","105094891","10.172","Denmark"
"9344","HilleVax","HLVX","104762376","2.09","United States"
"9345","Surf Air Mobility","SRFM","104710816","1.36","United States"
"9346","The Pebble Group plc","PEBB.L","104656818","0.712433","United Kingdom"
"9347","CeoTronics","CEK.DE","104590862","13.1066","Germany"
"9348","Clarus","CLAR","104452960","2.72","United States"
"9349","Galfar Engineering and Contracting","GECS.OM","103865794","0.511688","Oman"
"9350","Alithya Group","ALYA.TO","103857975","1.04175","Canada"
"9351","Elevate Uranium","EL8.AX","103738110","0.222629","Australia"
"9352","BCP Investment Corporation","BCIC","103603520","7.92","United States"
"9353","Synchronoss","SNCR","103560608","9","United States"
"9354","Unitronics","UNIT.TA","103544606","7.39998","Israel"
"9355","Martin Midstream Partners","MMLP","103495984","2.65","United States"
"9356","Vera Bradley","VRA","103471752","3.7","United States"
"9357","PCC Exol","PCX.WA","103401374","0.593794","Poland"
"9358","Ekopak","EKOP.BR","103336953","5.90388","Belgium"
"9359","American Well","AMWL","103283280","6.24","United States"
"9360","Foodco National Foodstuff","FNF.AE","102913147","0.37","United Arab Emirates"
"9361","Majestic Gold","MJS.V","102542963","0.098347","Canada"
"9362","Oriental Aromatics","OAL.NS","102332621","3.04077","India"
"9363","Tamil Nadu Newsprint and Papers Limited","TNPL.NS","102258280","1.47749","India"
"9364","Turn Therapeutics","TTRX","102172976","3.43","United States"
"9365","KHD Humboldt Wedag International","KWG.DE","102118571","2.05455","Germany"
"9366","Laiqon AG","LQAG.DE","102092168","4.82938","Germany"
"9367","Clere AG","CAG0.HM","102070858","13.1066","Germany"
"9368","Azerion Group","AZRN.AS","101864486","0.833629","Netherlands"
"9369","PWO AG","PWO.DE","101842014","32.5894","Germany"
"9370","Jeld-Wen","JELD","101840064","1.18","United States"
"9371","Sitowise Group Oyj","SITOWS.HE","101581770","2.83386","Finland"
"9372","Verrica Pharmaceuticals","VRCA","101526624","5.91","United States"
"9373","National Consumer Holding Company","NCCI.KW","101183721","337.279","Kuwait"
"9374","Arq Inc.","ARQ","101124232","2.36","United States"
"9375","AB Kauno Energija","KNR1L.VS","101079572","2.36155","Lithuania"
"9376","Arab Sea Information Systems Company","7201.SR","100493139","1.00493","Saudi Arabia"
"9377","CyberStep","3810.T","100414284","1.45501","Japan"
"9378","Aura Energy","AURA.L","100296280","0.0983837","Australia"
"9379","MGI Digital Technology","ALMDG.PA","100046638","16.2239","France"
"9380","Charlotte's Web","CWEB.TO","100043136","0.626507","United States"
"9381","Osoul Investment Company","OSOUL.KW","100042161","791.309","Kuwait"
"9382","Edisun Power Europe","ESUN.SW","99830159","87.0411","Switzerland"
"9383","Talga Group","TLG.AX","99804013","0.195339","Australia"
"9384","Polytec Holding","PYT.VI","99731833","4.53418","Austria"
"9385","Ras Alkhaima National Insurance","RAKNIC.AE","99714264","0.82","United Arab Emirates"
"9386","Kewaunee Scientific Corporation","KEQU","99664176","34.77","United States"
"9387","R. Stahl AG","RSL2.DE","99615068","15.4682","Germany"
"9388","Specialities Group Holding Company","SPEC.KW","99576320","522.134","Kuwait"
"9389","ReneSola","SOL","99563952","1.94","United States"
"9390","Answear.com","ANR.WA","99438079","5.241","Poland"
"9391","Lemonsoft","LEMON.HE","99382880","5.58508","Finland"
"9392","NN, Inc.","NNBR","99376448","1.98","United States"
"9393","Topps Tiles","TPT.L","99352166","0.506167","United Kingdom"
"9394","Dhampur Sugar Mills","DHAMPURSUG.NS","99314958","1.5444","India"
"9395","Cherry Hill Mortgage Investment","CHMI","99230464","2.66","United States"
"9396","CGRE AG","CGX.F","99185266","16.5309","Germany"
"9397","Fluent","FLNT","98969712","3.32","United States"
"9398","Quick Heal","QUICKHEAL.NS","98757789","1.81234","India"
"9399","Raysut Cement","RCCI.OM","98701301","0.493507","Oman"
"9400","Cavatina Holding Spólka Akcyjna","CAV.WA","98525788","3.875","Poland"
"9401","Anixa Biosciences","ANIX","98236624","2.93","United States"
"9402","Groupe Minoteries SA","GMI.SW","97998056","296.964","Switzerland"
"9403","W5 Solutions AB","W5.ST","97921111","5.5766","Sweden"
"9404","Vitura SA","VTR.PA","97840823","5.73858","France"
"9405","Black Rifle Coffee Company (BRCC)","BRCC","97831560","0.8399","United States"
"9406","Freightos","CRGO","97681808","1.89","Israel"
"9407","Oman United Insurance","OUIC.OM","97636366","0.92987","Oman"
"9408","Jacktel AS","JACK.OL","97568256","0.470138","Norway"
"9409","Kalray","ALKAL.PA","97196516","6.31716","France"
"9410","Inovio Pharmaceuticals","INO","97094424","1.19","United States"
"9411","Blink Charging","BLNK","96851712","0.6766","United States"
"9412","PGG Wrightson","PGW.NZ","96848850","1.28304","New Zealand"
"9413","Neuronetics","STIM","96715512","1.39","United States"
"9414","Kokuyo Camlin","KOKUYOCMLN.NS","96587018","0.962945","India"
"9415","Anaam International","4061.SR","96561374","3.06544","Saudi Arabia"
"9416","MPH Health Care AG","93M1.DE","96557376","22.5528","Germany"
"9417","Serverworks","4434.T","96537884","13.0447","Japan"
"9418","Vivani Medical","VANI","96498488","1.14","United States"
"9419","Gulf Cement","GCEM.AE","96349774","0.23","United Arab Emirates"
"9420","Saudi Industrial Development Company","2130.SR","96281490","3.20938","Saudi Arabia"
"9421","Ringmetall","HP3A.DE","96107348","3.30618","Germany"
"9422","Virco Manufacturing","VIRC","95985360","6.09","United States"
"9423","America's Car-Mart","CRMT","95893296","11.55","United States"
"9424","Arbe Robotics","ARBE","95764920","0.7808","Israel"
"9425","Rani Therapeutics","RANI","95733048","0.96","United States"
"9426","Prairie Operating","PROP","95717776","1.25","United States"
"9427","National International Holding Company (Kuwait)","NIH.KW","95594598","389.168","Kuwait"
"9428","Zomedica Pharmaceuticals","ZOM","95349136","0.0973","United States"
"9429","Méliuz","CASH3.SA","95304335","0.841717","Brazil"
"9430","VITA 34","V3V.DE","95299414","5.467","Germany"
"9431","CMGE Technology Group","0302.HK","95252199","0.0317993","China"
"9432","Spruce Biosciences","SPRB","95110024","69.32","United States"
"9433","Ascend Wellness (AWH)","AAWH","95064984","0.47","United States"
"9434","GCT Semiconductor","GCTS","94967280","1.31","United States"
"9435","Filling and Packing Materials Manufacturing Company","2180.SR","94844736","8.24737","Saudi Arabia"
"9436","The Securities House","SECH.KW","94804029","242.257","Kuwait"
"9437","INOVEST","INOVEST.BH","94792596","0.036","Bahrain"
"9438","Sterling Tools","STERTOOLS.NS","94755970","2.60717","India"
"9439","SMJ International","SMJF","94751104","3.42","Singapore"
"9440","Premier Miton Group plc","PMI.L","94624626","0.60048","United Kingdom"
"9441","Braemar","BMS.L","94523968","2.94472","United Kingdom"
"9442","PlaySide Studios","PLY.AX","94518326","0.208266","Australia"
"9443","Otovo ASA","OTOVO.OL","94359139","1.279","Norway"
"9444","Al-Enma'a Real Estate Company","ERESCO.KW","94354695","269.175","Kuwait"
"9445","Sawaeed Holding","SAWAEED.AE","94351307","1.85","United Arab Emirates"
"9446","Erbud","ERB.WA","94285313","7.90332","Poland"
"9447","Eurofins-Cerep","ALECR.PA","94102257","18656.3","France"
"9448","Coast Investment &amp; Development Company","COAST.KW","93955493","202.043","Kuwait"
"9449","Union Insurance Company","UNION.AE","93954250","0.38","United Arab Emirates"
"9450","Athos Immobilien","ATH.VI","93923024","53.8434","Austria"
"9451","SergeFerrari Group","SEFER.PA","93887894","8.21821","France"
"9452","First Northwest Bancorp","FNWB","93758088","9.87","United States"
"9453","Odysight.ai","ODYS","93559336","5.58","Israel"
"9454","Dhofar Food & Investment SAOG","DFIN.OM","93447275","0.472727","Oman"
"9455","The NAGA Group","N4G.DE","93222617","0.40047","Germany"
"9456","Fevara","FVA.L","93119164","1.79805","United Kingdom"
"9457","Installux S.A.","ALLUX.PA","93045017","332.979","France"
"9458","11 bit studios","11B.WA","92992520","38.4712","Poland"
"9459","Alijarah Holding","NLCS.QA","92979276","0.187912","Qatar"
"9460","Summit State Bank","SSBI","92973048","13.73","United States"
"9461","Kapsch TrafficCom","KTCG.VI","92868109","6.49427","Austria"
"9462","Bien Sparebank","BIEN.OL","92628209","16.3072","Norway"
"9463","Omer-Decugis & Cie","ALODC.PA","92250506","10.8631","France"
"9464","Microlise","SAAS.L","92044201","0.793854","United Kingdom"
"9465","Nightingale Health","HEALTH.HE","91942002","1.5232","Finland"
"9466","Lakeland Industries","LAKE","91883416","9.37","United States"
"9467","eXoZymes","EXOZ","91803856","10.84","United States"
"9468","Delfingen Industry","ALDEL.PA","91794981","35.3052","France"
"9469","Tihama for Advertising, Public Relations and Marketing","4070.SR","91711098","4.00107","Saudi Arabia"
"9470","Michelmersh Brick Holdings plc","MBH.L","91664964","1.01098","United Kingdom"
"9471","Sotherly Hotels","SOHO","91583664","2.25","United States"
"9472","Stem, Inc","STEM","91578968","10.75","United States"
"9473","Agfa-Gevaert","AGFB.BR","91404257","0.590388","Belgium"
"9474","Bodal Chemicals","BODALCHEM.NS","91231324","0.72438","India"
"9475","AB Pieno Zvaigzdes","PZV1L.VS","91132197","2.01913","Lithuania"
"9476","Taageer Finance","TFCI.OM","90633681","0.319481","Oman"
"9477","Health Catalyst","HCAT","90511008","1.23","United States"
"9478","SRP Groupe (Showroomprive.com)","SRP.PA","90344410","0.786397","France"
"9479","MaxCyte","MXCT","90319272","0.8452","United States"
"9480","Miko Group","MIKO.BR","90191287","72.6178","Belgium"
"9481","CDON AB","CDON.ST","90052072","7.85098","Sweden"
"9482","Golden Matrix Group","GMGI","89996768","0.6372","United States"
"9483","WeShop Holdings","WSHP","89957088","8.22","British Virgin Islands"
"9484","iHuman","IH","89950744","1.76","China"
"9485","Expensify","EXFY","89950312","0.8904","United States"
"9486","Grupa Kapitałowa Immobile","GKI.WA","89844243","1.19874","Poland"
"9487","Biotalys","BTLS.BR","89607596","2.38517","Belgium"
"9488","Al-Etihad Cooperative Insurance","8170.SR","89164337","1.78329","Saudi Arabia"
"9489","Q32 Bio","QTTB","89093432","6.09","United States"
"9490","mwb fairtrade AG","MWB0.DE","89061104","11.6897","Germany"
"9491","LeonaBio","LONA","89050512","9.48","United States"
"9492","Full House Resorts","FLL","89033128","2.46","United States"
"9493","AMCON Distributing Company","DIT","88821736","91","United States"
"9494","Senzime AB","SEZI.ST","88704044","0.564221","Sweden"
"9495","The Arena Group","AREN","88541192","1.86","United States"
"9496","Bilendi SA","ALBLD.PA","88439194","19.1522","France"
"9497","Al Manar Financing and Leasing Company","ALMANAR.KW","88376865","350.251","Kuwait"
"9498","Dexelance","DEX.MI","88298984","3.3416","Italy"
"9499","OFX Group","OFX.AX","88194278","0.380624","Australia"
"9500","NWF Group plc","NWF.L","88169383","1.77769","United Kingdom"
"9501","Identiv","INVE","88128896","3.68","United States"
"9502","Upexi","UPXI","88067328","1.27","United States"
"9503","Oconee Federal Financial","OFED","87953184","15.1","United States"
"9504","Aurelion Inc.","AURE","87917416","2.54","Hong Kong"
"9505","InflaRx","IFRX","87474360","1.21","Germany"
"9506","SoundThinking 
 (ShotSpotter)","SSTI","87309536","6.74","United States"
"9507","ACTIA Group","ALATI.PA","87253316","4.34526","France"
"9508","Tuniu Corporation","TOUR","87118072","0.7401","China"
"9509","AudioEye","AEYE","87096976","6.97","United States"
"9510","Corero Network Security","CNS.L","86877031","0.169627","United Kingdom"
"9511","National Hotels Company (Bahrain)","NHOTEL.BH","86831744","0.819411","Bahrain"
"9512","Genasys","GNSS","86807640","1.92","United States"
"9513","Ocean Power Technologies","OPTT","86671712","0.3801","United States"
"9514","GTPL Hathway","GTPL.NS","86626898","0.77027","India"
"9515","OKYO Pharma","OKYO","86590768","1.65","United Kingdom"
"9516","Velo3D","VLDX","86513896","6.15","United States"
"9517","XXL ASA","XXL.OL","86472902","0.988001","Norway"
"9518","Takaful Emarat - Insurance","TAKAFUL-EM.AE","86258354","0.411108","United Arab Emirates"
"9519","MAIA Biotechnology","MAIA","86153520","1.42","United States"
"9520","OSE Immunotherapeutics","OSE.PA","86148930","3.75723","France"
"9521","Elica S.p.A.","ELC.MI","86125910","1.47007","Italy"
"9522","IBU-tec advanced materials AG","IBU.DE","86093406","18.1249","Germany"
"9523","Esterad Investment Company","ESTERAD.BH","85960999","0.71599","Bahrain"
"9524","Pathfinder Bancorp","PBHC","85713992","13.7","United States"
"9525","Alcadon Group AB","ALCA.ST","85700571","3.49641","Sweden"
"9526","Fractyl Health","GUTS","85670440","0.54","United States"
"9527","First Takaful Insurance Company","FTI.KW","85366630","512.405","Kuwait"
"9528","Sera Prognostics","SERA","85333592","2.18","United States"
"9529","WISeKey International","WKEY","85278456","7.57","Switzerland"
"9530","Asetek","ASTK.CO","85115235","0.268517","Denmark"
"9531","Kellton Tech Solutions","KELLTONTEC.NS","85067144","0.16008","India"
"9532","Real-Estate Trade Centers Company (Marakez)","MARAKEZ.KW","85045404","612.94","Kuwait"
"9533","Austin Engineering","ANG.AX","85023561","0.13645","Australia"
"9534","Westwater Resources","WWR","84960120","0.6813","United States"
"9535","Airship AI","AISP","84899240","2.47","United States"
"9536","Nankai Tatsumura Construction","1850.T","84796675","2.94151","Japan"
"9537","Seres Therapeutics","MCRB","84742872","8.84","United States"
"9538","Dhofar Insurance Company SAOG","DICS.OM","84618903","0.727273","Oman"
"9539","LumenRadio","LUMEN.ST","84472256","6.71379","Sweden"
"9540","Titanium Oyj","TITAN.HE","84371937","8.02928","Finland"
"9541","OEX S.A.","OEX.WA","84244537","13.2621","Poland"
"9542","United Finance Co. SAOG","UFCI.OM","84175545","0.236364","Oman"
"9543","Grand Twins International Cambodia","GTI.KH","83779055","2.09","Cambodia"
"9544","Credit Rating And Collection Company","TAHSSILAT.KW","83476570","505.919","Kuwait"
"9545","AMTD IDEA Group","AMTD","83437680","1.04","Hong Kong"
"9546","NRx Pharmaceuticals","NRXP","83330424","2.52","United States"
"9547","Moulinvest","ALMOU.PA","83255725","27.5121","France"
"9548","Groupe LDLC","ALLDL.PA","83040502","13.6026","France"
"9549","Solitario Zinc","XPL","82984264","0.8999","United States"
"9550","Umbrella Global Energy","UMB.MC","82983900","3.84933","Spain"
"9551","Wittchen","WTN.WA","82913194","4.48831","Poland"
"9552","Gogoro","GGR","82903888","4.13","Taiwan"
"9553","Abitare In S.p.A.","ABT.MI","82699409","3.23533","Italy"
"9554","High Co.","HCO.PA","82627929","4.2626","France"
"9555","aTyr Pharma","ATYR","82627760","0.8427","United States"
"9556","Verde Clean Fuels","VGAS","82416808","1.85","United States"
"9557","Hoffmann Green Cement Technologies","ALHGR.PA","82311849","5.0183","France"
"9558","Airtasker","ART.AX","82270314","0.168767","Australia"
"9559","Intchains Group","ICG","82264664","1.355","China"
"9560","Scherzer &amp; Co. AG","PZS.DE","82206647","3.02279","Germany"
"9561","Park Dental Partners","PARK","82196560","18.205","United States"
"9562","Youlife Group Inc.","YOUL","82132376","1.08","China"
"9563","PhenixFIN","PFX","82088528","41.08","United States"
"9564","Nanexa AB","NANEXA.ST","81933362","0.443395","Sweden"
"9565","Al Sagr Cooperative Insurance Company","8180.SR","81807279","2.72691","Saudi Arabia"
"9566","The9","NCTY","81676544","5.4","China"
"9567","Ebixcash India","EBIXFOREX.NS","81507586","7.31","India"
"9568","Cullman Bancorp","CULL","81370544","13.6","United States"
"9569","Robert Walters","RWA.L","81229641","1.23488","United Kingdom"
"9570","Pliant Therapeutics","PLRX","81108208","1.31","United States"
"9571","Banader Hotels Company","BANADER.BH","81106824","0.695145","Bahrain"
"9572","Zevia","ZVIA","80983968","1.2","United States"
"9573","Pulsar Group","PULS.L","80961104","0.597087","United Kingdom"
"9574","Research Solutions","RSSS","80947472","2.46","United States"
"9575","Shengfeng Development","SFWL","80855808","0.9801","China"
"9576","Chapel Down Group","CDGP.L","80302626","0.468171","United Kingdom"
"9577","ZK International Group","ZKIN","80237232","1.4","China"
"9578","Immutep","IMMP","80170440","0.544","Australia"
"9579","Hily Holding","HH.AE","80043559","0.67","United Arab Emirates"
"9580","Vivid Seats","SEAT","79881912","7.42","United States"
"9581","Amoéba S.A.","ALMIB.PA","79813646","1.0261","France"
"9582","AEye","LIDR","79808816","1.76","United States"
"9583","Outset Medical","OM","79655568","4.35","United States"
"9584","ALBA SE","ABA.F","79586725","8.08808","Germany"
"9585","Wrap Technologies","WRAP","79365080","1.43","United States"
"9586","European Residential REIT","ERE-UN.TO","79358261","0.852341","Canada"
"9587","Kuantum Papers","KUANTUM.NS","79145997","0.906976","India"
"9588","The Beachbody Company","BODI","78976960","11","United States"
"9589","hVIVO","HVO.L","78937473","0.114668","United Kingdom"
"9590","HT5 AG","HT5.SW","78905695","4.80006","Switzerland"
"9591","Hain Celestial","HAIN","78899800","0.8671","United States"
"9592","Kamux","KAMUX.HE","78562283","2.05219","Finland"
"9593","Al Madar Kuwait Holding Company","MADAR.KW","78385225","379.439","Kuwait"
"9594","Kuwait Resorts Company","MUNTAZAHAT.KW","78373868","382.682","Kuwait"
"9595","Synthaverse","SVE.WA","78366600","1.03426","Poland"
"9596","Fortress Biotech","FBIO","78252232","2.43","United States"
"9597","InfraCom Group AB","INFRA.ST","78224472","2.25251","Sweden"
"9598","Siebert Financial","SIEB","78197184","1.91","United States"
"9599","Development Works Food Company","6013.SR","78168731","26.0562","Saudi Arabia"
"9600","Altisource Portfolio","ASPS","78163112","6.93","Luxembourg"
"9601","Blackboxstocks","BLBX","78138184","18.15","United States"
"9602","Saudi Fisheries Company","6050.SR","78112757","11.8353","Saudi Arabia"
"9603","Suominen","SUY1V.HE","78107787","1.35199","Finland"
"9604","The InterGroup Corporation","INTG","78087832","36.34","United States"
"9605","Drecom","3793.T","78023660","2.68956","Japan"
"9606","Vroom","VRM","78013000","14.985","United States"
"9607","Infant Bacterial Therapeutics AB","IBT-B.ST","77923547","5.78436","Sweden"
"9608","OQIC Oman Qatar Insurance Company","OQIC.OM","77887415","0.483117","Oman"
"9609","Global Mofy Metaverse","GMM","77867768","1.51","China"
"9610","LUDWIG BECK am Rathauseck - Textilhaus Feldmeier","ECK.DE","77765967","21.0178","Germany"
"9611","Hennessy Advisors","HNNA","77659024","9.84","United States"
"9612","Widam Food Company","WDAM.QA","77637360","0.431319","Qatar"
"9613","DelfinGroup AS","DGR1R.RG","77545978","1.70622","Latvia"
"9614","Villars Holding","VILN.SW","77507553","742.41","Switzerland"
"9615","Gateway Real Estate","GTY.F","77184335","0.413272","Germany"
"9616","Steel Connect","STCN","77168096","12.18","United States"
"9617","Hour Loop","HOUR","76700880","2.18","United States"
"9618","Northern Technologies International","NTIC","76695368","8.08","United States"
"9619","Casino Guichard-Perrachon","CO.PA","76616461","0.191404","France"
"9620","FC Porto","FCP.LS","76514012","3.40064","Portugal"
"9621","Ekinops","EKI.PA","76420892","2.82796","France"
"9622","ad pepper media International","APM.DE","76232959","3.14087","Germany"
"9623","Haulotte Group","PIG.PA","76180712","2.5859","France"
"9624","Al Fujairah National Insurance Company","AFNIC.AE","76119281","57.19","United Arab Emirates"
"9625","Adicet Bio","ACET","76032000","7.92","United States"
"9626","Great Elm Capital","GECC","76010048","5.43","United States"
"9627","Railcare Group AB","RAIL.ST","75970407","3.14914","Sweden"
"9628","Saga Communications","SGA","75958880","11.795","United States"
"9629","PDS Biotechnology","PDSB","75909288","1.36","United States"
"9630","Catana Group","ALCAT.PA","75752841","2.65675","France"
"9631","Nexstim","NXTMH.HE","75738013","10.4996","Finland"
"9632","LENSAR","LNSR","75597696","6.25","United States"
"9633","Faraday Future","FFAI","75551864","0.3037","United States"
"9634","DocCheck","AJ91.DE","75487171","14.8778","Germany"
"9635","Viomi Technology","VIOT","75439456","1.11","China"
"9636","Off the Hook YS Inc","OTH","75392000","3.1","United States"
"9637","PMV Pharmaceuticals","PMVP","75194440","1.41","United States"
"9638","Senergy Holding Company K.S.C.P.","SENERGY.KW","75134640","376.196","Kuwait"
"9639","XBiotech","XBIT","74999824","2.46","United States"
"9640","Islamic Arab Insurance","SALAMA.AE","74958364","0.155186","United Arab Emirates"
"9641","Llorente &amp; Cuenca","LLYC.MC","74903362","6.43523","Spain"
"9642","IZEA Worldwide","IZEA","74892040","4.32","United States"
"9643","Ferrum S.A. de Cerámica y Metalurgia","FERR.BA","74797539","0.0162003","Argentina"
"9644","Granite Point Mortgage Trust","GPMT","74674920","1.57","United States"
"9645","Team Inc","TISI","74604952","16.32","United States"
"9646","Spruce Power","SPRU","74492344","4.1","United States"
"9647","Chinese Gamer International","3083.TWO","74318121","0.859308","Taiwan"
"9648","Saudi Vitrified Clay Pipe Company","2360.SR","74170330","4.94469","Saudi Arabia"
"9649","Travelzoo","TZOO","74121256","6.78","United States"
"9650","Alliance Aviation Services","AQZ.AX","74027036","0.459622","Australia"
"9651","Sensus Healthcare","SRTS","73914640","4.49","United States"
"9652","Botanix Pharmaceuticals","BOT.AX","73851139","0.0280082","Australia"
"9653","The Children's Place","PLCE","73748848","3.32","United States"
"9654","CombinedX","CX.ST","73694614","3.78334","Sweden"
"9655","Caspian Sunrise","CASP.L","73543530","0.0312114","United Kingdom"
"9656","Coheris SA","COH.PA","73511684","12.9295","France"
"9657","Airgain","AIRG","73343352","6","United States"
"9658","MHP Hotel AG","CDZ0.F","73341539","1.58224","Germany"
"9659","SAICO (Saudi Arabian Cooperative Insurance Company)","8100.SR","73330670","2.44436","Saudi Arabia"
"9660","Columbus Energy","CLC.WA","73238919","1.06493","Poland"
"9661","Oman Reinsurance","ORIC.OM","73028381","0.220779","Oman"
"9662","Mercer International","MERC","73010936","1.09","Canada"
"9663","Al-Omran Industrial Trading Company","4141.SR","72994804","6.0829","Saudi Arabia"
"9664","Poujoulat","ALPJT.PA","72985190","9.32814","France"
"9665","Sylogist","SYZ.TO","72927903","3.11797","Canada"
"9666","BioPorto","BIOPOR.CO","72883196","0.14721","Denmark"
"9667","Pelagic Credit Plc","PLGC.OL","72758962","1.96646","Cyprus"
"9668","Artifex Mundi","ART.WA","72742000","6.11915","Poland"
"9669","Cettire Limited","CTT.AX","72554219","0.190312","Australia"
"9670","iBio","IBIO","72541472","2.1","United States"
"9671","Talenom","TNOM.HE","72442745","1.58696","Finland"
"9672","Tabuk Agricultural Development Company","6040.SR","72369595","1.84726","Saudi Arabia"
"9673","Infas Holding AG","IFS.F","72263551","8.02928","Germany"
"9674","CBAK Energy Technology","CBAT","72202032","0.8145","China"
"9675","Nordwest Handel","NWX.F","71903414","22.4348","Germany"
"9676","coly","4175.T","71850835","13.0573","Japan"
"9677","Cantourage Group SE","HIGH.DE","71842670","5.99835","Germany"
"9678","Nordisk Bergteknik AB","NORB-B.ST","71661941","1.252","Sweden"
"9679","American Vanguard","AVD","71634304","2.51","United States"
"9680","Rottneros","RROS.ST","71528383","0.267896","Sweden"
"9681","Yatra","YTRA","71386312","1.15","India"
"9682","Kandi Technologies Group","KNDI","71350904","0.8298","China"
"9683","Forsys Metals","FSY.TO","71312674","0.291399","Canada"
"9684","McPhy Energy","MCPHY.PA","71172382","2.53774","France"
"9685","Brera Holdings","SLMT","70992304","0.86","Ireland"
"9686","LACROIX Group SA","LACR.PA","70981694","15.1139","France"
"9687","Cimbeton","CMBTN.IS","70907585","40.0608","Turkey"
"9688","Teads","TEAD","70803744","0.73","United States"
"9689","Cue Biopharma","CUE","70735712","0.7243","United States"
"9690","Zeo Energy","ZEO","70565536","0.5896","United States"
"9691","Gabriel Holding A/S","GABR.CO","70452435","37.2764","Denmark"
"9692","TH International (Tims China)","THCH","70423168","2.2","China"
"9693","Pioneer Credit","PNC.AX","70408292","0.438077","Australia"
"9694","MediciNova","MNOV","70386384","1.43","United States"
"9695","Nano Labs","NA","70338696","3.03","China"
"9696","Guillemot Corporation","GUI.PA","70311929","4.80576","France"
"9697","Scana ASA","SCANA.OL","70151738","0.151881","Norway"
"9698","Xtant Medical","XTNT","70034128","0.5","United States"
"9699","United Homes Group","UHG","70004392","1.19","United States"
"9700","Gaia","GAIA","69938040","2.8","United States"
"9701","IG Design Group","IGR.L","69840727","0.732789","United Kingdom"
"9702","Amana Cooperative Insurance Company","8310.SR","69804080","1.62335","Saudi Arabia"
"9703","Pekabex","PBX.WA","69764219","2.81007","Poland"
"9704","Fidelity United insurance","FIDELITYUNITED.AE","69716776","0.44","United Arab Emirates"
"9705","Smart Good Things Holding","MLSGT.PA","69706554","3.24751","France"
"9706","Marks Electrical Group","MRK.L","69611733","0.664938","United Kingdom"
"9707","BeyondSpring","BYSI","69496720","1.69","United States"
"9708","The Italian Sea Group","TISG.MI","69465109","1.31066","Italy"
"9709","Western Bulk","WEST.OL","69336734","2.06238","Norway"
"9710","5E Advanced Materials","FEAM","69324848","1.67","United States"
"9711","Unikai Foods","UNIKAI.AE","69264512","1.78328","United Arab Emirates"
"9712","Epiminder","EPI.AX","69196362","0.394987","Australia"
"9713","Hydrogène de France","HDF.PA","68633837","4.73492","France"
"9714","Hayah Insurance Company","HAYAH.AE","68608765","0.34","United Arab Emirates"
"9715","Postmedia Network Canada","PNC-A.TO","68542837","0.684787","Canada"
"9716","Unifi","UFI","68378272","3.68","United States"
"9717","NFON AG","NFN.DE","68219456","4.08549","Germany"
"9718","ATARI","ALATA.PA","68147721","0.121856","France"
"9719","Castellum","CTM","68036032","0.7191","United States"
"9720","Kuwait Emirates Holding Company","EMIRATES.KW","68029681","385.925","Kuwait"
"9721","Kooth plc","KOO.L","67922645","1.87268","United Kingdom"
"9722","Thinkific Labs","THNC.TO","67918404","0.99804","Canada"
"9723","BG Staffing","BGSF","67913560","6.04","United States"
"9724","Great Elm Group","GEG","67781224","2.07","United States"
"9725","Lument Finance Trust","LFT","67595048","1.29","United States"
"9726","Forian","FORA","67482208","2.16","United States"
"9727","Grace Therapeutics","GRCE","67466760","4.36","United States"
"9728","WM Technology","MAPS","67440880","0.3869","United States"
"9729","Franklin Street Properties","FSP","67398720","0.65","United States"
"9730","Stabilis Solutions","SLNG","67318608","3.62","United States"
"9731","Red Robin","RRGB","67282072","3.71","United States"
"9732","Shuaiba Industrial Company","PAPER.KW","67263481","677.801","Kuwait"
"9733","Amar Finance and Leasing Company","AMAR.KW","67113800","343.765","Kuwait"
"9734","Skillz","SKLZ","67082388","4.3","United States"
"9735","Dish TV","DISHTV.NS","66895574","0.0362404","India"
"9736","Regis Corporation","RGS","66867300","26.76","United States"
"9737","Zoomd Technologies","ZOMD.V","66819797","0.662932","Canada"
"9738","audius SE","3ITN.DE","66818180","13.5789","Germany"
"9739","MacroWell OMG Digital Entertainment","3687.TWO","66816944","2.22279","Taiwan"
"9740","Naked Wines","WINE.L","66789569","0.990622","United Kingdom"
"9741","WASGAU Produktions &amp; Handels AG","MSH.F","66631244","10.0956","Germany"
"9742","Haoxi Health Technology","HAO","66577088","1.12","China"
"9743","Nilörngruppen","NIL-B.ST","66576582","5.83903","Sweden"
"9744","Dr. Hönle AG","HNL.DE","66566590","10.9812","Germany"
"9745","Gentian Diagnostics ASA","GENT.OL","66564182","4.30596","Norway"
"9746","Loop Industries","LOOP","66222452","1.37","Canada"
"9747","Aqar Real Estate Investments Company","AQAR.KW","66102449","294.795","Kuwait"
"9748","GrowGeneration","GRWG","66099996","1.1","United States"
"9749","MediaCo Holding","MDIA","66063840","0.8083","United States"
"9750","Fairwood Holdings","0052.HK","66014370","0.509556","Hong Kong"
"9751","Manazel Holding Company","MANAZEL.KW","65887135","153.073","Kuwait"
"9752","Marchex","MCHX","65865300","1.5","United States"
"9753","Town Centre Securities","TOWN.L","65836396","1.56735","United Kingdom"
"9754","Creo Medical Group","CREO.L","65768610","0.159449","United Kingdom"
"9755","Baird Medical Investment Holdings","BDMD","65739360","1.79","China"
"9756","Gamesparcs","6542.TWO","65654002","1.60129","Taiwan"
"9757","Jaypee Group","JPASSOCIAT.NS","65630802","0.0259473","India"
"9758","Aiforia Technologies Oyj","AIFORIA.HE","65561182","1.94592","Finland"
"9759","Salama Cooperative Insurance Company","8050.SR","65413841","2.18046","Saudi Arabia"
"9760","Purple Innovation","PRPL","65288976","0.601","United States"
"9761","Bango","BGO.L","64828382","0.84135","United Kingdom"
"9762","Odyssey Marine Exploration","OMEX","64789212","1.11","United States"
"9763","Kuwait and Gulf Link Transport Company","KGL.KW","64770002","233.501","Kuwait"
"9764","Acrivon Therapeutics","ACRV","64703228","1.67","United States"
"9765","MiNK Therapeutics","INKT","64258200","12.94","United States"
"9766","Entera Bio","ENTX","64251032","1.18","Israel"
"9767","GCL Global Holdings Ltd","GCL","64237328","0.5234","Singapore"
"9768","AFC Gamma","AFCG","64233744","2.73","United States"
"9769","Azure Power","AZREF","64166360","1","India"
"9770","BranchOut Food","BOF","64162636","4.4","United States"
"9771","OSOS Holding Group Company K.P.S.C.","OSOS.KW","64099887","586.995","Kuwait"
"9772","Sono-Tek Corporation","SOTK","63941284","4.07","United States"
"9773","Wiener Privatbank","WPB.VI","63821194","12.7524","Austria"
"9774","Coffee Day Enterprises","COFFEEDAY.NS","63670423","0.301396","India"
"9775","Mobilicom","MOB","63545860","5.03","Australia"
"9776","Rafael Holdings","RFL","63454812","1.22","United States"
"9777","Livestock Transport and Trading Company","CATTL.KW","63371209","302.903","Kuwait"
"9778","Pulmonx","LUNG","63355808","1.5","United States"
"9779","Southland Holdings","SLND","63312248","1.17","United States"
"9780","Garo Aktiebolag","GARO.ST","63310860","1.26622","Sweden"
"9781","Alfajar Al Alamia Co. SAOG","AFAI.OM","63296478","1.28312","Oman"
"9782","ImageneBio","IMA","63195224","5.65","United States"
"9783","InspireMD","NSPR","63182108","1.35","Israel"
"9784","NOMADAR","NOMA","63077388","3.76","United States"
"9785","Optomed","OPTOMED.HE","62757724","2.92833","Finland"
"9786","CarParts.com","PRTS","62742076","0.8181","United States"
"9787","Exasol AG","EXL.DE","62466498","2.34975","Germany"
"9788","Imagineer","4644.T","62413726","6.4751","Japan"
"9789","INVL Technology UTIB","INC1L.VS","62392260","5.24265","Lithuania"
"9790","Where Food Comes From","WFCF","62349568","12.33","United States"
"9791","Fractal Gaming Group","FRACTL.ST","62325836","2.1366","Sweden"
"9792","PyroGenesis Canada","PYR.TO","62305256","0.302326","Canada"
"9793","Itera ASA","ITERA.OL","62288054","0.761003","Norway"
"9794","Musandam Power","MSPW.OM","62162599","0.883117","Oman"
"9795","Air T, Inc.","AIRT","62160696","23","United States"
"9796","Victoria PLC","VCP.L","62145187","0.538735","United Kingdom"
"9797","ABO Energy","AB9.DE","62060466","6.73043","Germany"
"9798","Battalion Oil","BATL","61847160","3.3","United States"
"9799","OnKure Therapeutics","OKUR","61667780","4.51","United States"
"9800","AS Pro Kapital Grupp","PKG1T.TL","61580962","1.08631","Estonia"
"9801","Fire Rock","1909.HK","61400278","0.252862","China"
"9802","Sportsman's Warehouse","SPWH","61311016","1.58","United States"
"9803","FingerMotion","FNGR","61281308","1","United States"
"9804","Sharjah Insurance","SICO.AE","61271173","0.41","United Arab Emirates"
"9805","NSTS Bancorp","NSTS","61147164","12.44","United States"
"9806","Thimar Development Holding Company","4160.SR","60988940","9.38291","Saudi Arabia"
"9807","TScan Therapeutics","TCRX","60884740","1.07","United States"
"9808","Global Self Storage","SELF","60785360","5.36","United States"
"9809","111, Inc.","YI","60585376","6.99","China"
"9810","Fermentalg","ALGAE.PA","60546753","0.630535","France"
"9811","Cingulate","CING","60468784","5.2","United States"
"9812","Instil Bio","TIL","60291776","8.89","United States"
"9813","Linz Textil","LTH.VI","60219625","200.732","Austria"
"9814","OS Therapies","OSTX","60188164","1.38","United States"
"9815","Ascent Solar Technologies","ASTI","60177604","6.36","United States"
"9816","SYLA Technologies","SYT","60158036","2.26","Japan"
"9817","Nanoform Finland","NANOFS.ST","60110555","0.685594","Finland"
"9818","AgEagle Aerial Systems","UAVS","60109120","1.05","United States"
"9819","PodcastOne","PODC","59923764","2.18","United States"
"9820","MindWalk Holdings","HYFT","59791184","1.28","United States"
"9821","Regal Hotels International","0078.HK","59687750","0.0664083","Hong Kong"
"9822","Playstudios","MYPS","59614992","0.4646","United States"
"9823","Nutun Limited","NTU.JO","59485300","0.0758438","South Africa"
"9824","374Water","SCWO","59475068","3.41","United States"
"9825","Ascot Resources","AOT.TO","59394492","0.0399384","Canada"
"9826","iLearningEngines","AILE","59292656","0.42","United States"
"9827","Oman National Engineering and Investment Co. (SAOG)","ONES.OM","59220781","0.394805","Oman"
"9828","Arizona Metals","AMC.TO","59209670","0.429813","Canada"
"9829","BRAIN Biotech","BNN.DE","59075174","2.70398","Germany"
"9830","N.B.I. Industrial Finance","NBIFIN.NS","59039339","19.9805","India"
"9831","Muscat Finance","MFCI.OM","59035918","0.192208","Oman"
"9832","Home Federal Bancorp (HFB Bank)","HFBL","59033052","19.2","United States"
"9833","PAVmed","PAVM","58922224","9.33","United States"
"9834","Doxa AB","DOXA.ST","58756831","0.0457063","Sweden"
"9835","Mesa Air","MESA","58631804","1.4","United States"
"9836","DDC Enterprise","DDC","58594928","2.04","Hong Kong"
"9837","Trophy Games","TGAMES.CO","58459921","2.20342","Denmark"
"9838","Cato Fashion","CATO","58258396","2.95","United States"
"9839","Pricer AB","PRIC-B.ST","58069303","0.355372","Sweden"
"9840","3P Learning","3PL.AX","57817103","0.211857","Australia"
"9841","Mr.Bricolage","ALMRB.PA","57815408","5.36073","France"
"9842","Insurance House","IH.AE","57239717","0.48","United Arab Emirates"
"9843","The ONE Group Hospitality","STKS","57117912","1.82","United States"
"9844","Aiming Inc","3911.T","57026435","1.22195","Japan"
"9845","Agile Content","AGIL.MC","56843846","2.47963","Spain"
"9846","Gentili Mosconi","GM.MI","56759949","2.98737","Italy"
"9847","Caesarstone","CSTE","56706404","1.64","Israel"
"9848","MoneyHero","MNY","56663460","1.31","Singapore"
"9849","RYTHM, Inc.","RYM","56618804","26.345","United States"
"9850","Warba Capital Holding Company","WARBACAP.KW","56526565","1884.22","Kuwait"
"9851","Dlala Brokerage and Investment Holding Company","DBIS.QA","56488513","0.296703","Qatar"
"9852","Grove Collaborative","GROV","56311748","1.34","United States"
"9853","Knightscope","KSCP","56176052","3.45","United States"
"9854","VEEM Ltd","VEE.AX","55856346","0.380624","Australia"
"9855","Leifras","LFS","55722124","2.13","Japan"
"9856","Lifevantage","LFVN","55700756","4.35","United States"
"9857","Cardlytics","CDLX","55621416","1.01","United States"
"9858","Aram Group","ARAM.AE","55437039","0.7","United Arab Emirates"
"9859","Hindustan Media Ventures","HMVL.NS","55207452","0.75097","India"
"9860","Water Intelligence plc","WATR.L","54948856","3.25684","United Kingdom"
"9861","Aptech","APTECHT.NS","54939298","0.947183","India"
"9862","Solidion Technology","STI","54916892","7.09","United States"
"9863","electroCore","ECOR","54887360","6.79","United States"
"9864","Planet Image International","YIBO","54797580","0.9251","China"
"9865","Kezar Life Sciences","KZR","54401872","7.38","United States"
"9866","RAPCO Investment","RAPCO.AE","54352942","0.57","United Arab Emirates"
"9867","Allied Esports","AESE","54324936","1.3899","United States"
"9868","Saudi Enaya Cooperative Insurance Company","8311.SR","54319607","2.36172","Saudi Arabia"
"9869","Metagenomi","MGX","54173564","1.44","United States"
"9870","Mubarrad Holding Company","MUBARRAD.KW","54148410","330.793","Kuwait"
"9871","Mereo BioPharma Group","MREO","54077820","0.3388","United Kingdom"
"9872","Gulf Franchising Holding Company","GFC.KW","53938733","1349.12","Kuwait"
"9873","Genius Group","GNS","53929732","0.3374","Singapore"
"9874","Qatar Electronic Systems","TQES.QA","53903572","0.637912","Qatar"
"9875","ORBIS AG","OBS.DE","53894529","5.69135","Germany"
"9876","Bayan Investment Holding Company","BAYANINV.KW","53666834","254.581","Kuwait"
"9877","Gulf Mushroom Products Company SAOG","GMPI.OM","53611364","1.06494","Oman"
"9878","Universal Electronics","UEIC","53387312","4.15","United States"
"9879","Scienjoy Holding Corporation","SJ","53345588","1.26","China"
"9880","Cabka","7GW.F","53313554","2.14901","Germany"
"9881","Meds Apotek AB","MEDS.ST","53206389","2.86484","Sweden"
"9882","Vantiva","VANTI.PA","53203458","0.108513","France"
"9883","İşbir Holding","ISBIR.IS","53149868","1.64108","Turkey"
"9884","Schwälbchen Molkerei","SMB.F","53134964","53.135","Germany"
"9885","Mashaer Holding Company K.S.C.P.","MASHAER.KW","53061690","330.793","Kuwait"
"9886","Ultimate Products","ULTP.L","52985878","0.635083","United Kingdom"
"9887","GEN Restaurant Group","GENK","52874976","1.6","United States"
"9888","Poulaillon","ALPOU.PA","52807052","10.3318","France"
"9889","Manhattan Bridge Capital","LOAN","52803604","4.62","United States"
"9890","BBX Capital Corporation","BBXIA","52648704","3.131","United States"
"9891","cyan AG","CYR.DE","52610755","2.40879","Germany"
"9892","Precipio","PRPO","52600780","29.49","United States"
"9893","Dhofar Generating Company","DGEN.OM","52529456","0.236364","Oman"
"9894","Bahrain Ship Repairing and Engineering Company","BASREC.BH","52505968","0.530363","Bahrain"
"9895","Equipment Holding Company K.S.C.P.","EQUIPMENT.KW","52407978","655.1","Kuwait"
"9896","Wolford","WOL.VI","52356742","3.54233","Austria"
"9897","DocGo","DCGO","52337628","0.53","United States"
"9898","Broadwind","BWEN","52216004","2.24","United States"
"9899","Accuray","ARAY","52086184","0.4385","United States"
"9900","Pestech Cambodia","PEPC.KH","52073732","0.69","Cambodia"
"9901","Sleep Number","SNBR","52072688","2.26","United States"
"9902","Luna Innovations","LUNA","52045528","1.5","United States"
"9903","VirTra","VTSI","51997868","4.6","United States"
"9904","Allied Cooperative Insurance Group","8150.SR","51971213","1.78595","Saudi Arabia"
"9905","Mercor","MCR.WA","51608263","3.3732","Poland"
"9906","DEMIRE Deutsche Mittelstand Real Estate","DMRE.DE","51578955","0.488842","Germany"
"9907","Annovis Bio","ANVS","51513856","1.76","United States"
"9908","Heidmar Maritime Holdings","HMR","51447080","0.881","Greece"
"9909","Mister Spex","MRX.F","51443231","1.49959","Germany"
"9910","Reed's, Inc.","REED","51418864","4.35","United States"
"9911","Tubos Reunidos","TRG.MC","51388831","0.295194","Spain"
"9912","Zentek","ZTEK","51330536","0.4773","Canada"
"9913","Fernheizwerk Neukölln","FHW.F","51056796","22.1986","Germany"
"9914","System1 Group","SYS1.L","50969059","4.01677","United Kingdom"
"9915","Gigas Hosting","GIGA.MC","50963279","4.07368","Spain"
"9916","Sachem Capital","SACH","50845200","1.06","United States"
"9917","G5 Entertainment","G5EN.ST","50814997","6.37482","Sweden"
"9918","Indonesia Energy","INDO","50807540","3.39","Indonesia"
"9919","Alarum Technologies","ALAR","50803216","7","Israel"
"9920","Churchill China","CHH.L","50742410","4.61385","United Kingdom"
"9921","Takaful Oman Insurance SAOG","TAOI.OM","50649352","0.202597","Oman"
"9922","Wallbox","WBX","50603132","2.95","Spain"
"9923","ARN Media","A1N.AX","50584459","0.161586","Australia"
"9924","LiveOne","LVO","50554780","4.34","United States"
"9925","Hvidbjerg Bank","HVID.CO","50422442","30.0107","Denmark"
"9926","Heritage Global","HGBL","50375252","1.45","United States"
"9927","Bever Holding","BEVER.AS","50352902","2.95194","Netherlands"
"9928","1-800-PetMeds","PETS","50291164","2.35","United States"
"9929","the Marygold Companies","MGLD","50285728","1.16","United States"
"9930","Planet13","PLTH.CN","50204980","0.152984","United States"
"9931","Noodles &amp; Company","NDLS","50167664","8.52","United States"
"9932","FRIWO","CEA.DE","50164129","5.83304","Germany"
"9933","AS Silvano Fashion Group","SFG1T.TL","50159406","1.39332","Estonia"
"9934","Elutia","ELUT","50058272","1.17","United States"
"9935","Skillsoft","SKIL","50053936","5.68","United States"
"9936","Interlink Electronics","LINK","49927524","3.17","United States"
"9937","Rein Therapeutics","RNTX","49909476","1.78","United States"
"9938","eHealth","EHTH","49716804","1.6","United States"
"9939","Clasquin SA","ALCLA.PA","49604592","0.869052","France"
"9940","SCYNEXIS","SCYX","49576856","1.11","United States"
"9941","Swiss Steel","STLN.SW","49532747","1.60943","Switzerland"
"9942","Atossa Therapeutics","ATOS","49429600","5.74","United States"
"9943","Duxton Farms","DBF.AX","49239066","0.459622","Australia"
"9944","Toro Energy","TOE.AX","49237428","0.40935","Australia"
"9945","Icape Holding","ALICA.PA","49223163","6.2345","France"
"9946","Mobile Factory","3912.T","49165376","7.57108","Japan"
"9947","uCloudlink Group","UCL","49139000","1.29","Hong Kong"
"9948","Mirza International","MIRZAINT.NS","49018069","0.354684","India"
"9949","Enapter AG","H2O.DE","48539786","1.49368","Germany"
"9950","AXIL Brands","AXIL","48405792","7.1","United States"
"9951","Jaguar Uranium","JAGU","48263128","2.39","Canada"
"9952","Hinduja Ventures","NXTDIGITAL.NS","48138727","1.43","India"
"9953","BioLargo","BLGO","48071196","0.15","United States"
"9954","Hutter &amp; Schrantz Stahlbau AG","HST.VI","47968935","32.0755","Austria"
"9955","OT Logistics","OTS.WA","47836422","3.65198","Poland"
"9956","Bragg Gaming Group","BRAG","47823912","1.87","Canada"
"9957","3U Holding","UUU.DE","47818657","1.29885","Germany"
"9958","KMD Brands","KMD.NZ","47702826","0.0402058","New Zealand"
"9959","Abundia Global Impact Group","AGIG","47655892","1.09","United States"
"9960","LightInTheBox Holding","LITB","47522332","2.6","Singapore"
"9961","Pattern S.p.A.","PTR.MI","47515575","3.16448","Italy"
"9962","Qatar Cinema and Film Distribution Company","QCFS.QA","47502825","0.756319","Qatar"
"9963","BLG Logistics","BLH.F","47155509","12.2801","Germany"
"9964","SHW AG","SW10.HM","47118310","7.32082","Germany"
"9965","Barfresh Food Group","BRFH","47106696","2.925","United States"
"9966","Prodways Group","ALPWG.PA","47078730","0.930452","France"
"9967","Plutus Financial Group","PLUT","46510500","3.03","United States"
"9968","Vivoryon Therapeutics","05Y.F","46507343","1.57043","Germany"
"9969","Qatari German Company for Medical Devices","QGMD.QA","46453845","0.402198","Qatar"
"9970","MS Industrie","MSAG.DE","46334326","1.55863","Germany"
"9971","Paref SA","PAR.PA","46168687","30.464","France"
"9972","Telomir Pharmaceuticals","TELO","46070504","1.34","United States"
"9973","Gold Hydrogen Limited","GHY.AX","46006157","0.254946","Australia"
"9974","Vilniaus Baldai AB","VBL1L.VS","45888148","11.8078","Lithuania"
"9975","Mauna Kea Technologies","ALMKT.PA","45809551","0.237927","France"
"9976","Rapala VMC Corporation","RAP1V.HE","45698180","1.19849","Finland"
"9977","Celebrus Technologies","CLBS.L","45624766","1.17382","United Kingdom"
"9978","Pyxis Tankers","PXS","45621624","4.44","Greece"
"9979","Sequana Medical","SEQUA.BR","45569735","0.587437","Belgium"
"9980","5th Planet Games","5PG.OL","45532194","0.169467","Denmark"
"9981","INMA Holding Company","IHGS.QA","45433124","0.802198","Qatar"
"9982","Jianzhi Education Technology Group","JZ","45359404","0.96","China"
"9983","Fujairah Cement Industries","FCI.AE","45343034","0.13","United Arab Emirates"
"9984","Findi Limited","FND.AX","45328543","0.581709","Australia"
"9985","FingerTango","6860.HK","45316783","0.023626","China"
"9986","Delticom AG","DEX.DE","45262043","3.09364","Germany"
"9987","KLX Energy Services","KLXE","45238128","2.3","United States"
"9988","Sýn hf.","SYN.IC","45223385","0.182611","Iceland"
"9989","SGT German Private Equity","GAI.DE","45152941","0.975188","Germany"
"9990","Acanthe Développement","ACAN.PA","45102114","0.272759","France"
"9991","Steel &amp; Tube Holdings","STU.NZ","45058409","0.245373","New Zealand"
"9992","AS Ekspress Grupp","EEG1T.TL","44776815","1.44645","Estonia"
"9993","Werewolf Therapeutics","HOWL","44689632","0.9196","United States"
"9994","HiPay Group","ALHYP.PA","44583271","7.06105","France"
"9995","Touax SCA","TOUP.PA","44392265","6.36395","France"
"9996","FORTEC Elektronik AG","FEV.DE","44329362","13.638","Germany"
"9997","Scilex Holding","SCLX","44307932","6.3","United States"
"9998","Al Abraaj Restaurants Group","ABRAAJ.BH","44261229","2.65182","Bahrain"
"9999","Murano Global Investments","MRNO","44099508","0.556","United Kingdom"
"10000","Hyperion DeFi","HYPD","43971748","3.86","United States"
"10001","Müller - Die lila Logistik","MLL.DE","43963760","5.52604","Germany"
"10002","Bahrain Cinema Company","CINECO.BH","43820447","0.405728","Bahrain"
"10003","Rallybio","RLYB","43798508","8.28","United States"
"10004","Century Casinos","CNTY","43725908","1.485","United States"
"10005","Duro Felguera","MDF.MC","43701576","0.203094","Spain"
"10006","Avant Technologies Inc.","AVAI","43687716","0.316","United States"
"10007","Orapi SA","ORAP.PA","43596174","6.69206","France"
"10008","Estoril Sol","ESON.LS","43391013","3.63679","Portugal"
"10009","Nass Corporation B.S.C.","NASS.BH","43183023","0.541114","Bahrain"
"10010","Al Maha Ceramics","AMCI.OM","43142858","0.784416","Oman"
"10011","Automated Systems Company KPSC","ASC.KW","43132720","431.328","Kuwait"
"10012","GBK Beteiligungen AG","GBQ.HM","43039321","6.3762","Germany"
"10013","ATA Creativity Global","AACG","43029996","1","China"
"10014","Elauwit Connection","ELWT","43028672","6.5","United States"
"10015","Orient Paper Mills","ORIENTPPR.NS","43021335","0.202753","India"
"10016","Atara Biotherapeutics","ATRA","42853316","5.24","United States"
"10017","Phunware","PHUN","42804660","2.12","United States"
"10018","Sino-Entertainment Technology","6933.HK","42634388","0.0996124","China"
"10019","Asphere Innovations","AS.BK","42582354","0.0852932","Thailand"
"10020","freelancer.com","FLN.AX","42097693","0.0933606","Australia"
"10021","Sequans Communications","SQNS","42069212","2.63","France"
"10022","Sharqiyah Desalination Company SAOG","SHRQ.OM","41915212","0.428571","Oman"
"10023","Vince Holding","VNCE","41885800","3.14","United States"
"10024","People Can Fly","PCF.WA","41813208","0.981294","Poland"
"10025","SBF AG","CY1K.DE","41787768","4.27441","Germany"
"10026","Live Ventures","LIVE","41728448","13.585","United States"
"10027","MarketWise","MKTW","41658148","16.42","United States"
"10028","Muscat City Desalination Company","MCDE.OM","41614783","0.267532","Oman"
"10029","Talphera","TLPH","41601412","0.8312","United States"
"10030","Dolphin Drilling","DDRIL.OL","41582476","0.261129","Norway"
"10031","Tessellis","TSL.MI","41331657","0.0948164","Italy"
"10032","Offerpad","OPAD","41148968","0.8702","United States"
"10033","Massimo Motor","MAMO","41082964","0.9866","United States"
"10034","edding AG","EDD3.F","41058364","38.2572","Germany"
"10035","Kayak Inc","3904.T","41053967","2.66437","Japan"
"10036","Hydrogen-Refueling-Solutions","ALHRS.PA","41012285","2.05455","France"
"10037","InterCure","INCR","40939916","0.7487","Israel"
"10038","Dierig Holding AG","DIE.DE","40696706","9.91853","Germany"
"10039","Orion Energy Systems","OESX","40569168","10.01","United States"
"10040","Imugene","IMU.AX","40017492","0.111315","Australia"
"10041","Reading International","RDI","39871244","1.14","United States"
"10042","Stock3 AG","BOG.DE","39674106","35.4233","Germany"
"10043","Mentice AB","MNTC.ST","39672835","1.41055","Sweden"
"10044","AiRWA Inc.","YYAI","39664456","0.9412","United States"
"10045","Eco Wave Power Global","WAVE","39657868","6.8","Israel"
"10046","Momentus Inc.","MNTS","39594340","6.91","United States"
"10047","Actinium Pharmaceuticals","ATNM","39532492","1.26","United States"
"10048","Al Faleh Educational Holding","FALH.QA","39428570","0.164286","Qatar"
"10049","Balco Group","BALCO.ST","39395841","1.71125","Sweden"
"10050","Kuwait Hotels Company K.S.C.P.","KHOT.KW","39340419","632.398","Kuwait"
"10051","SHL Telemedicine","SHLT","39255860","2.05","Israel"
"10052","PAL Next AG","PAL.DE","39117443","1.14535","Germany"
"10053","Mayar Holding Company","9568.SR","39014343","0.325203","Saudi Arabia"
"10054","Oman Chlorine","OCHL.OM","39004823","0.545455","Oman"
"10055","Veru","VERU","39002280","2.43","United States"
"10056","Berentzen-Gruppe","BEZ.DE","38821488","4.13272","Germany"
"10057","LivePerson","LPSN","38812604","3.22","United States"
"10058","Palatin Technologies","PTN","38607356","21.785","United States"
"10059","HWA AG","H9W.DE","38601037","3.9438","Germany"
"10060","Ideal Power","IPWR","38565152","3.19","United States"
"10061","The National Investor PRJSC","TNI.AE","38263404","0.16","United Arab Emirates"
"10062","Passage Bio","PASG","38140872","11.89","United States"
"10063","Qatar Oman Investment Company","QOIS.QA","38124469","0.211813","Qatar"
"10064","Koss","KOSS","38055080","4.02","United States"
"10065","Culp","CULP","37988356","3","United States"
"10066","Canacol Energy","CNE.TO","37737619","1.10603","Canada"
"10067","Phnom Penh SEZ","PPSP.KH","37725069","0.52","Cambodia"
"10068","Future Kid Entertainment and Real Estate Company","FUTUREKID.KW","37655184","330.793","Kuwait"
"10069","tinyBuild","8Z3.F","37614619","0.0956429","United States"
"10070","3i Infotech","3IINFOLTD.NS","37611348","0.181202","India"
"10071","Arabia Falcon Insurance Company (AFIC)","AFIC.OM","37564241","0.363636","Oman"
"10072","CervoMed","CRVO","37405224","4.04","United States"
"10073","Wethaq Takaful Insurance Company K.S.C.P.","WETHAQ.KW","37390861","340.522","Kuwait"
"10074","Techstep ASA","TECH.OL","37346731","1.07116","Norway"
"10075","Palms Agro Production Company","PAPCO.KW","37326013","713.475","Kuwait"
"10076","geechs","7060.T","37242508","3.66586","Japan"
"10077","RATH Aktiengesellschaft","RAT.VI","37194475","24.7963","Austria"
"10078","Energys Group","ENGS","37191568","1.19","United Kingdom"
"10079","Cytosorbents","CTSO","37129904","0.5912","United States"
"10080","reAlpha Tech","AIRE","37050564","0.281","United States"
"10081","Cel-Sci","CVM","37045896","4.38","United States"
"10082","Bioceres Crop Solutions","BIOX","36981312","0.5795","Argentina"
"10083","Westport Fuel Systems","WPRT","36808576","2.12","Canada"
"10084","Arrive AI","ARAI","36798868","1.01","United States"
"10085","Gala Incorporated","4777.T","36716466","1.31014","Japan"
"10086","PermRock Royalty Trust","PRT","36618852","3.01","United States"
"10087","Enzo Biochem","ENZB","36587800","0.69887","United States"
"10088","Ekso Bionics","EKSO","36560288","10.26","United States"
"10089","Boundless Bio","BOLD","36523820","1.63","United States"
"10090","TechPrecision","TPCS","36447144","3.64","United States"
"10091","Söktas Tekstil","SKTAS.IS","36418894","0.0728378","Turkey"
"10092","HeartBeam","BEAT","36375092","0.8853","United States"
"10093","The National Detergent Company SAOG","NDTI.OM","36363637","1.81818","Oman"
"10094","Rockwell Medical","RMTI","36138604","0.9171","United States"
"10095","Celularity","CELU","36047236","1.25","United States"
"10096","Maisons du Monde","MDM.PA","35891804","0.930452","France"
"10097","ESS Tech","GWH","35857680","1.17","United States"
"10098","genOway","ALGEN.PA","35841580","2.90471","France"
"10099","Forsee Power","FORSE.PA","35832760","0.306412","France"
"10100","Ekttitab Holding Company K.S.C","EKTTITAB.KW","35752869","112.21","Kuwait"
"10101","Raydan Food","6012.SR","35500655","4.85406","Saudi Arabia"
"10102","Ebusco Holding","EBUS.AS","35461658","0.436887","Netherlands"
"10103","Kartoon Studios","TOON","35441000","0.6291","United States"
"10104","INmune Bio","INMB","35092540","1.32","United States"
"10105","Metal and Recycling Company K.S.C.","MRC.KW","35059585","389.168","Kuwait"
"10106","DIRTT Environmental Solutions","DRTT","35057372","0.3343","Canada"
"10107","Lavoro","LVRO","34951524","0.304","Brazil"
"10108","VivoPower","VVPR","34755804","2.07","United Kingdom"
"10109","Latch","LTCH","34494140","0.21","United States"
"10110","LianBio","LIAN","34472096","0.319","United States"
"10111","TransAct Technologies","TACT","34425532","3.35","United States"
"10112","DATRON AG","DAR.DE","34355632","8.67871","Germany"
"10113","Pixelworks","PXLW","34032728","5.35","United States"
"10114","Katapult Holdings","KPLT","33879564","7.11","United States"
"10115","Dalqan Real Estate Company","DALQAN.KW","33875237","561.178","Kuwait"
"10116","Varengold Bank AG","VG8.DE","33822668","3.36779","Germany"
"10117","Barka Desalination Company","BRDE.OM","33739700","0.446753","Oman"
"10118","Hunyvers","ALHUN.PA","33728483","8.73775","France"
"10119","Natuzzi","NTZ","33594556","3.05","Italy"
"10120","Rave Restaurant Group","RAVE","33539296","2.36","United States"
"10121","Norse Atlantic ASA","NORSE.OL","33513443","0.206132","Norway"
"10122","Majan University College","BACS.OM","33428572","0.337662","Oman"
"10123","Spencer's Retail","SPENCERS.NS","33340197","0.369052","India"
"10124","SolarBank","SUUN","33296404","0.715","Canada"
"10125","Shankara Building","SHANKARA.NS","33275030","1.3722","India"
"10126","SolarMax Technology","SMXT","33148078","0.5825","United States"
"10127","Kuwait Real Estate Holding Company","ALAQARIA.KW","33129117","176.099","Kuwait"
"10128","The Energy House Holding Company","ENERGYH.KW","33078995","729.69","Kuwait"
"10129","Halloren Schokoladenfabrik","H2RB.HM","32932930","5.57327","Germany"
"10130","Lilium","LILM","32897334","0.052","Germany"
"10131","Snail Inc","SNAL","32872936","0.8701","China"
"10132","United Cooperative Assurance Company","8190.SR","32840198","0.821005","Saudi Arabia"
"10133","Longeveron","LGVN","32794874","1.12","United States"
"10134","Usio","USIO","32740524","1.18","United States"
"10135","Ourgame International","6899.HK","32621606","0.0302668","China"
"10136","Beam Global","BEEM","32550954","1.54","United States"
"10137","Aeria","3758.T","32535308","1.60618","Japan"
"10138","IT Link SA","ALITL.PA","32529005","19.0695","France"
"10139","CS Diagnostics","CSDX","32498984","0.13","Germany"
"10140","U.S. Global Investors","GROW","32482574","2.54","United States"
"10141","Softing AG","SYT.DE","32347895","3.25894","Germany"
"10142","Adval Tech","ADVN.SW","32143775","44.0326","Switzerland"
"10143","Oman Chromite Company","OCCI.OM","32047715","8.82857","Oman"
"10144","Dhofar Tourism","DTCS.OM","32034702","2.26234","Oman"
"10145","Graines Voltz","GRVO.PA","31898496","21.5492","France"
"10146","Elbstein AG","EBS.HM","31880978","1.0627","Germany"
"10147","Gulf General Cooperative Insurance Company","8260.SR","31827270","1.06091","Saudi Arabia"
"10148","CROOZ","2138.T","31759417","3.31943","Japan"
"10149","India Globalization Capital","IGC","31614748","0.32","United States"
"10150","SAF Tehnika A/S","SAF1R.RG","31564081","10.627","Latvia"
"10151","GoHealth","GOCO","31442288","1.09","United States"
"10152","Destination XL","DXLG","31395460","0.5728","United States"
"10153","Enviva","EVA","31273630","0.4198","United States"
"10154","Reitar Logtech Holdings","RITR","31228122","0.5001","Hong Kong"
"10155","TOP Financial Group Limited","TOP","31007552","0.8365","Hong Kong"
"10156","Delignit AG","DLX.DE","30960541","3.02279","Germany"
"10157","Myomo","MYO","30809374","0.8","United States"
"10158","Sunrise New Energy","EPOW","30596106","0.79","China"
"10159","Mobix Labs","MOBX","30420358","2.89","United States"
"10160","Tempest Therapeutics","TPST","30409352","2.12","United States"
"10161","Old Market Capital Corporation","OMCC","30406216","4.46","United States"
"10162","Arco Vara AS","ARC1T.TL","30352089","1.74755","Estonia"
"10163","Tose Software","4728.T","30315447","3.9997","Japan"
"10164","Laird Superfood","LSF","30262854","2.77","United States"
"10165","Warimpex Finanz- und Beteiligungs AG","WXF.VI","30244273","0.580942","Austria"
"10166","Navigo Invest","NAVIGO-STAM.ST","30237596","0.348811","Sweden"
"10167","Reliance Communications","RCOM.NS","30233107","0.0109365","India"
"10168","illumin","ILLM.TO","30095419","0.582797","Canada"
"10169","Adler Group","ADJ.DE","30078151","0.198371","Luxembourg"
"10170","Al Jazeira Services Co. SAOG","AJSS.OM","30045735","0.701299","Oman"
"10171","Local Bounti","LOCL","30017738","1.34","United States"
"10172","YOC AG","YOC.DE","29966110","8.61967","Germany"
"10173","Cryo-Cell","CCEL","29884606","3.71","United States"
"10174","Shoe Zone","SHOE.L","29797009","0.644583","United Kingdom"
"10175","Inuvo","INUV","29721724","2.02","United States"
"10176","Workhorse Group","WKHS","29677596","2.84","United States"
"10177","Netgem","ALNTG.PA","29636182","0.885583","France"
"10178","Crown Crafts","CRWS","29418914","2.75","United States"
"10179","COSOL Limited","COS.AX","29406787","0.161586","Australia"
"10180","Jasper Therapeutics","JSPR","29396660","1.05","United States"
"10181","TELA Bio","TELA","29304942","0.655","United States"
"10182","Senti Biosciences","SNTI","29123218","0.9351","United States"
"10183","SW Umwelttechnik Stoiser &amp; Wolschner AG","SWUT.VI","28974850","39.9103","Austria"
"10184","Kyntra Bio","KYNB","28813408","7.12","United States"
"10185","ecotel communication","E4C.DE","28656763","8.08832","Germany"
"10186","MariMed","MRMD","28647556","0.072","United States"
"10187","Nebelhornbahn-Aktiengesellschaft","NHB0.MU","28575747","21.1359","Germany"
"10188","Outlook Therapeutics","OTLK","28559684","0.273","United States"
"10189","EZGO Technologies","EZGO","28467998","1.3631","China"
"10190","BioXcel Therapeutics","BTAI","28428314","1.05","United States"
"10191","Fun Yours Technology","6482.TWO","28328481","0.989314","Taiwan"
"10192","Pioneer Power Solutions","PPSI","28184516","2.54","United States"
"10193","Ohmyhome","OMH","27970466","1.09","Singapore"
"10194","Aytu BioScience","AYTU","27799008","2.59","United States"
"10195","NaaS Technology","NAAS","27715428","2.3","China"
"10196","Farmer Brothers","FARM","27650552","1.26","United States"
"10197","Proximar Seafood","PROXI.OL","27612408","0.0527586","Norway"
"10198","Hepsor AS","HPR1T.TL","27441705","7.01382","Estonia"
"10199","Curis","CRIS","27365414","0.6845","United States"
"10200","Lantern Pharma","LTRN","27236368","2.42","United States"
"10201","Wedia SA","ALWED.PA","27123623","31.7526","France"
"10202","VolitionRx","VNRX","27100294","0.171","United States"
"10203","Beamr Imaging","BMR","27021948","1.74","Israel"
"10204","Nippon Ichi Software","3851.T","26996554","5.33503","Japan"
"10205","GEE Group","JOB","26951402","0.245","United States"
"10206","Primech Holdings","PMEC","26888748","0.6999","Singapore"
"10207","Lulu's Fashion Lounge","LVLU","26855226","9.4","United States"
"10208","Buzzfeed","BZFD","26817592","0.7125","United States"
"10209","Zoom Telephonics","MINM","26534076","3.61","United States"
"10210","Orion Digital Corp.","ORIO","26437136","1.09","Canada"
"10211","Al Sharqiya Investment Holdings Company","SIHC.OM","26415585","0.293507","Oman"
"10212","Maxeon Solar Technologies","MAXN","26415104","1.56","Singapore"
"10213","Hoftex Group AG","NBH.MU","26359287","4.84119","Germany"
"10214","Neonode","NEON","26349192","1.57","Sweden"
"10215","Methaq Takaful Insurance Compnay","METHAQ.AE","26348039","0.18","United Arab Emirates"
"10216","Urban One","UONE","26321576","5.83","United States"
"10217","Schlatter Industries AG","STRN.SW","26301129","23.8083","Switzerland"
"10218","Flux Power","FLUX","26248368","1.23","United States"
"10219","Dare Bioscience","DARE","26061508","1.79","United States"
"10220","Femasys","FEMY","25907604","0.429","United States"
"10221","WiMi Hologram Cloud","WIMI","25849326","2.01","China"
"10222","LakeShore Biopharma","LSB","25840356","0.627","China"
"10223","Skye Bioscience","SKYE","25801784","0.773","United States"
"10224","Harvard Bioscience","HBIO","25669222","5.74","United States"
"10225","Nectar Lifesciences","NECLIFE.NS","25598474","0.131774","India"
"10226","J-Long Group","JL","25541956","6.79","Hong Kong"
"10227","DF Deutsche Forfait AG","DFTK.DE","25476189","2.14311","Germany"
"10228","Edia","3935.T","25364201","4.30204","Japan"
"10229","NanoViricides","NNVC","25266150","1.17","United States"
"10230","AB INVL Baltic Farmland","INL1L.VS","25160192","7.79313","Lithuania"
"10231","Phaos Technology Holdings","POAS","25084268","1.83","Singapore"
"10232","Neuphoria Therapeutics","NEUP","25067662","4.65","United States"
"10233","Serina Therapeutics","SER","24997742","2.03","United States"
"10234","Dragonfly Energy","DFLI","24905004","2.05","United States"
"10235","Atlas Critical Minerals","ATCX","24787332","4.96","Brazil"
"10236","Beasley Broadcast Group","BBGI","24782532","13.72","United States"
"10237","Zenvia","ZENV","24648802","0.4689","Brazil"
"10238","Laser Photonics","LASE","24597222","1.08","United States"
"10239","National Gas Company SAOG","NGCI.OM","24506494","0.288312","Oman"
"10240","Muehlhan AG","M4N.HM","24458763","1.75936","Germany"
"10241","BoomBit","BBT.WA","24260043","1.7786","Poland"
"10242","A.S. Création Tapeten","ACWN.DE","24247035","8.79679","Germany"
"10243","VistaGen Therapeutics","VTGN","24223862","0.6114","United States"
"10244","Barinthus Biotherapeutics","BRNS","24223392","0.593","United Kingdom"
"10245","SPI Energy","SPI","24207974","0.766","United States"
"10246","TherapeuticsMD","TXMD","24190416","2.09","United States"
"10247","Bahrain Flour Mills Company","BFM.BH","24035702","0.530363","Bahrain"
"10248","Turbo Energy","TURB","24034280","2","Spain"
"10249","AEON Biopharma","AEON","23934166","0.9459","United States"
"10250","Natural Health Trends","NHTC","23932198","2.79","United States"
"10251","BeLive Holdings","BLIV","23902564","2.2","Singapore"
"10252","Radio City","RADIOCITY.NS","23845865","0.0678704","India"
"10253","Wolftank-Adisa Holding","WOLF.VI","23667788","4.48113","Austria"
"10254","Performance Shipping","PSHG","23621100","1.9","Greece"
"10255","Cyngn","CYN","23542326","1.73","United States"
"10256","q.beyond","QBY.DE","23536094","0.944622","Germany"
"10257","CAVE Interactive","3760.T","23532458","3.90522","Japan"
"10258","TENDA","4198.T","23485694","3.53989","Japan"
"10259","YanGuFang International Group","YGF","23462400","0.7332","China"
"10260","INTERSHOP Communications","ISHA.DE","23279318","1.22801","Germany"
"10261","Oman &amp; Emirates Investment Holding Co.","OEIHC.AE","23233252","0.19","Oman"
"10262","U10 Corp","ALU10.PA","23178182","1.35789","France"
"10263","Quest Resource Holding","QRHC","23055728","1.1","United States"
"10264","GenSight Biologics","SIGHT.PA","22965810","0.0978864","France"
"10265","SM Wirtschaftsberatungs AG","SMWN.DE","22933523","5.76219","Germany"
"10266","Scandinavian Enviro Systems","SES.ST","22405856","0.0204475","Sweden"
"10267","Netel Holding","NETEL.ST","22332110","0.460343","Sweden"
"10268","NJ Holdings","9421.T","22203010","4.19496","Japan"
"10269","Inspira Technologies","IINN","22138264","0.508","Israel"
"10270","Cliq Digital AG","CLIQ.DE","22133780","3.77849","Germany"
"10271","Artmarket.com","PRC.PA","22069614","3.31798","France"
"10272","STS Group","SF3.DE","21934113","3.40064","Germany"
"10273","Rocky Mountain Chocolate Factory","RMCF","21838802","2.34","United States"
"10274","Sporting Clube de Braga","SCB.LS","21820758","18.184","Portugal"
"10275","Nordecon AS","NCN1T.TL","21644834","0.703743","Estonia"
"10276","180 Life Sciences","ATNF","21620372","3.58","United States"
"10277","Milestone Scientific","MLSS","21384440","0.2658","United States"
"10278","AS Amber Latvijas balzams","BAL1R.RG","21333723","2.84567","Latvia"
"10279","Innovatec","INC.MI","21273452","0.220569","Italy"
"10280","Pyramid AG","M3B.DE","21245652","0.921006","Germany"
"10281","Yuke's","4334.T","21210417","2.51949","Japan"
"10282","AltPlus","3672.T","21150153","0.251949","Japan"
"10283","MAG Interactive","MAGI.ST","21148556","0.79822","Sweden"
"10284","QVC Group","QVCGA","21128966","2.55","United States"
"10285","System1","SST","21095630","2.11","United States"
"10286","Reborn Coffee","REBN","20813954","2.83","United States"
"10287","Cocrystal Pharma","COCP","20678638","1.5","United States"
"10288","VYNE Therapeutics","VYNE","20657034","0.6199","United States"
"10289","Retractable Technologies","RVP","20602754","0.6882","United States"
"10290","bet-at-home.com","ACX.DE","20550998","2.92833","Germany"
"10291","Motorsport Gaming","MSGM","20516942","4.04","United States"
"10292","Harte Hanks","HHS","20464834","2.76","United States"
"10293","EMB Mission Bound AB (publ)","EMB.ST","20460992","0.0688875","Sweden"
"10294","Austin Gold","AUST","20265642","1.48","United States"
"10295","AppTech Payments","APCX","20251968","0.5","United States"
"10296","Almaden Minerals","AAU","20102876","0.1465","Canada"
"10297","Quince Therapeutics","QNCX","20049980","1.23","United States"
"10298","iomart Group","IOM.L","20038295","0.176412","United Kingdom"
"10299","XOS","XOS","20010986","1.67","United States"
"10300","FBR Limited","FBR.AX","20008476","0.00287263","Australia"
"10301","Passat SA","PSAT.PA","19993730","5.08455","France"
"10302","Borealis Foods","BRLS","19960876","0.93","Canada"
"10303","Greenidge Generation Holdings","GREE","19799564","1.22","United States"
"10304","Ashford Hospitality Trust","AHT","19675924","2.94","United States"
"10305","Upland Software","UPLD","19657682","0.6751","United States"
"10306","Ultimate Games","ULG.WA","19391430","3.70773","Poland"
"10307","Forever Entertainment","8FE.SG","19352473","0.69902","Poland"
"10308","Real Good Food plc","RGF","19309624","1.25","United Kingdom"
"10309","Citius Pharmaceuticals","CTXR","19154222","0.856","United States"
"10310","authID","AUID","19036334","1.18","United States"
"10311","Starbreeze","STAR-B.ST","19004950","0.0115031","Sweden"
"10312","Rail Vision","RVSN","18809298","8.58","Israel"
"10313","Wellgistics Health","WGRX","18781526","0.1476","United States"
"10314","SIMPPLE","SPPL","18691614","1.91","Singapore"
"10315","Lipocine","LPCN","18687198","2.56","United States"
"10316","Mobcast","3664.T","18659004","0.220456","Japan"
"10317","Dolphin Entertainment","DLPN","18629468","1.5","United States"
"10318","Alligator Bioscience AB","ATORX.ST","18543725","0.0295232","Sweden"
"10319","Biosynex","ALBIO.PA","18499382","1.00366","France"
"10320","Games Operators","GOP.WA","18345645","3.33602","Poland"
"10321","Nymox Pharmaceutical","NYMX","18253022","0.2","Bahamas"
"10322","Milkfood Limited","MLKFOOD.BO","18168758","0.745288","India"
"10323","Lead Real Estate","LRE","18143728","1.33","Japan"
"10324","Auga Group AB","AUG1L.VS","18066228","0.0772228","Lithuania"
"10325","REE Automotive","REE","18050444","0.6299","Israel"
"10326","United Gulf Investment Corporation","UGIC.BH","18032353","0.967913","Bahrain"
"10327","UBAR Hotels & Resorts SAOG","UBAR.OM","18005728","0.327273","Oman"
"10328","Smith Micro Software","SMSI","17987740","0.6982","United States"
"10329","ParaZero Technologies","PRZO","17934534","0.7255","Israel"
"10330","DAVIDsTEA","DTEAF","17921608","0.588","Canada"
"10331","FORIS AG","FRS.DE","17802555","3.89656","Germany"
"10332","Perpetuals.com","PDC","17632302","5.78","Japan"
"10333","All in! Games","ALG.WA","17624431","0.233057","Poland"
"10334","Verimatrix","VMX.PA","17573621","0.201322","France"
"10335","VIA optronics AG","VIAO","17465854","0.2231","Germany"
"10336","Cyabra, Inc.","CYAB","17405866","1.26","United States"
"10337","Burgundy Diamond Mines","BDM.AX","17357131","0.0122087","Australia"
"10338","Geratherm Medical","GME.DE","17317717","3.19991","Germany"
"10339","Bullfrog AI","BFRG","17296006","0.9376","United States"
"10340","Zee Learn","ZEELEARN.NS","17253963","0.0525379","India"
"10341","Trio Petroleum","TPET","17207538","0.5087","United States"
"10342","KPS AG","KSC.DE","16958912","0.412091","Germany"
"10343","Farmmi","FAMI","16854556","1.22","China"
"10344","Genenta Science","GNTA","16832194","0.7135","Italy"
"10345","Know Labs","KNW","16795408","2.24","United States"
"10346","Camber Energy","CEI","16771320","0.0954","United States"
"10347","Muscat Insurance","MCTI.OM","16609161","1.50649","Oman"
"10348","Nacon","NACON.PA","16418090","0.150667","France"
"10349","SODITECH","ALSEC.PA","16387924","7.20274","France"
"10350","Trigon Metals","TM.V","16361613","0.298684","Canada"
"10351","HydrogenPro ASA","HYPRO.OL","16341049","0.171066","Norway"
"10352","Top Ships","TOPS","16237252","2.99","Greece"
"10353","Pineapple Financial","PAPL","16229750","0.6221","Canada"
"10354","Forgame","0484.HK","16124768","0.0957812","China"
"10355","REC Silicon","RECSI.OL","16065607","0.0255799","Norway"
"10356","Regentis Biomaterials","RGNT","16056071","3.1","Israel"
"10357","Semilux International","SELX","16041233","0.37","Taiwan"
"10358","Scienture Holdings","SCNX","15976037","0.3932","United States"
"10359","Appirits","4174.T","15801200","3.91152","Japan"
"10360","enish","3667.T","15790366","0.359028","Japan"
"10361","Movano","MOVE","15781472","13.82","United States"
"10362","Solo Brands","SBDS","15759787","6.15","United States"
"10363","Psychemedics","PMD","15738209","2.67","United States"
"10364","Cloudastructure","CSAI","15692550","0.6401","United States"
"10365","PopReach","INIK.V","15629969","0.0437098","Canada"
"10366","SeaStar Medical","ICU","15415755","3.86","United States"
"10367","CISO Global","CISO","15406534","0.34","United States"
"10368","Air Industries Group","AIRI","15347187","3.21","United States"
"10369","Swvl Holdings","SWVL","15345089","1.54","United Arab Emirates"
"10370","Phio Pharmaceuticals","PHIO","15334772","1.32","United States"
"10371","National Biscuit Industries","NBII.OM","15327273","15.3273","Oman"
"10372","Xiao-I","AIXI","15218366","1.14","China"
"10373","Gaming Corps","GCOR.ST","15108164","0.103878","Sweden"
"10374","Mynet","3928.T","14975602","1.75105","Japan"
"10375","GigaMedia","GIGM","14920518","1.35","Taiwan"
"10376","Perfect Moment","PMNT","14904977","0.318","United Kingdom"
"10377","iRobot","IRBT","14843741","0.4664","United States"
"10378","Office Properties Income Trust","OPI","14795239","0.2","United States"
"10379","Omani Packaging Company","OPCI.OM","14743573","0.454545","Oman"
"10380","Adaptimmune Therapeutics","ADAP","14551333","0.0549","United Kingdom"
"10381","SPAR Group","SGRP","14506951","0.6012","United States"
"10382","The Cannabist Company","CBSTF","14475953","0.0291","United States"
"10383","iCandy Interactive","ICI.AX","14449613","0.0112852","Australia"
"10384","The Glimpse Group","VRAR","14332026","0.68","United States"
"10385","Predilife","ALPRE.PA","14300687","3.6486","France"
"10386","WonderPlanet","4199.T","14228258","5.58068","Japan"
"10387","Bionano Genomics","BNGO","14197760","1.28","United States"
"10388","HOOKIPA Pharma","HOOK","14109212","1.14","United States"
"10389","Salem Media Group","SALM","13973644","0.44","United States"
"10390","Trust Stamp","IDAI","13952422","2.64","United States"
"10391","Leslie's","LESL","13881697","1.49","United States"
"10392","Linekong Interactive","8267.HK","13864944","0.0376739","China"
"10393","Mixed Martial Arts Group Limited (MMA)","MMA","13583408","0.5129","Australia"
"10394","Intensity Therapeutics","INTS","13464746","5.3","United States"
"10395","Renegade Gold","RAGE.V","13427539","0.335108","Canada"
"10396","Inotiv","NOTV","13400923","0.3896","United States"
"10397","Hoth Therapeutics","HOTH","13333880","0.6971","United States"
"10398","Energy Focus","EFOI","13331800","2.114","United States"
"10399","SurgePays","SURG","13330594","0.5501","United States"
"10400","Construction Materials Industries","CMII.OM","13311689","0.212987","Oman"
"10401","Trinity Biotech","TRIB","13281905","0.7029","Ireland"
"10402","Guardforce AI","GFAI","13274004","0.4949","Singapore"
"10403","WeTrade Group","WETG","13256907","5.05","China"
"10404","Future Retail","FRETAIL.NS","13256789","0.0244462","India"
"10405","bioAffinity Technologies","BIAF","13181218","2.93","United States"
"10406","Thunderful Group","THUNDR.ST","13156471","0.0322568","Sweden"
"10407","Cyclerion Therapeutics","CYCN","13120851","3.03","United States"
"10408","Cherry SE","C3RY.DE","13115922","0.565592","Germany"
"10409","hGears AG","HGEA.DE","12993495","1.19258","Germany"
"10410","Zwahlen &amp; Mayr SA","ZWM.SW","12849573","183.042","Switzerland"
"10411","KAP AG","IUR.F","12840463","1.65309","Germany"
"10412","Gauzy","GAUZ","12745333","0.68","United States"
"10413","Srei Infrastructure Finance","SREINFRA.NS","12675992","0.03","India"
"10414","InterServ International","6169.TWO","12648151","0.540635","Taiwan"
"10415","Cemtrex","CETX","12597612","1.25","United States"
"10416","Muscat Gas Company","MGMC.OM","12389611","0.412987","Oman"
"10417","Neo-Concept International Group","NCI","12367878","0.6539","Hong Kong"
"10418","Gaxos.ai","GXAI","12366122","1.21","United States"
"10419","Imunon","IMNN","12356707","3.15","United States"
"10420","Biofrontera","BFRI","12347222","1.06","United States"
"10421","Digital Hollywood Interactive","2022.HK","12259989","0.00612999","China"
"10422","Auric Minerals","AUMC.CN","12233004","0.211264","Canada"
"10423","Cadrenal Therapeutics","CVKD","12057790","4.81","United States"
"10424","Allurion Technologies","ALUR","11995589","0.8","United States"
"10425","CBL International","BANL","11994843","0.437","Malaysia"
"10426","Bertelsmann SE & Co. KGaA","BTG.F","11907291","142.16","Germany"
"10427","Soligenix","SNGX","11851991","1.15","United States"
"10428","CytoMed Therapeutics","GDTC","11826070","0.9998","Singapore"
"10429","Urgent.ly Inc.","ULY","11787284","5.38","United States"
"10430","Lunai Bioworks","LNAI","11711945","0.3229","United States"
"10431","Quoin Pharmaceuticals","QNRX","11705539","6.49","United States"
"10432","Jump Networks","JUMPNET.NS","11669324","0.12","India"
"10433","Genprex","GNPX","11577415","1.28","United States"
"10434","Asmallworld AG","ASWN.SW","11569314","0.80001","Switzerland"
"10435","Renalytix","RENX.L","11564306","0.0264618","United Kingdom"
"10436","Groupe Airwell","ALAIR.PA","11538940","2.00732","France"
"10437","Financial Services Company SAOG","FSCI.OM","11428572","0.571429","Oman"
"10438","CXApp","CXAI","11328000","0.185","United States"
"10439","Cambium Networks","CMBM","11325767","0.401","United States"
"10440","SINTX Technologies","SINT","11293532","2.74","United States"
"10441","Modern Dairies Limited","MODAIRY.BO","11143549","0.392104","India"
"10442","Sláturfélags Suðurlands","SFS-B.IC","10970637","0.0205626","Iceland"
"10443","Aprea Therapeutics","APRE","10799663","0.943","United States"
"10444","Netmarble Joybomb","6468.TWO","10795915","0.94","Taiwan"
"10445","BioLineRx","BLRX","10708599","2.38","Israel"
"10446","Phoenix Motor","PEV","10575262","0.23","United States"
"10447","Mainz Biomed","MYNZ","10564195","0.8441","Germany"
"10448","Elite Express","ETS","10523145","0.6295","United States"
"10449","Oncodesign Precision Medicine","ALOPM.PA","10469164","0.549061","France"
"10450","Silicon Studio","3907.T","10322067","3.76035","Japan"
"10451","SOS Limited","SOS","10249961","1.15","China"
"10452","Axel Mark","3624.T","10243945","0.522795","Japan"
"10453","Muscat Thread Mill","MTMI.OM","10237746","0.553247","Oman"
"10454","Vivid Games","VVD.WA","9985941","0.179811","Poland"
"10455","Voltage","3639.T","9847836","1.518","Japan"
"10456","CR Energy","CRZK.DE","9827033","0.417995","Germany"
"10457","Sohar Power Company SAOG","SHPS.OM","9766234","0.488312","Oman"
"10458","Clean Energy Technologies","CETY","9732885","0.8","United States"
"10459","BrainStorm Cell Therapeutics","BCLI","9600255","0.87","United States"
"10460","Superior Industries International","SUP","9576233","0.3249","United States"
"10461","DSS, Inc. (Document Security Systems)","DSS","9573832","0.9581","United States"
"10462","Superior Resources","SPQ.AX","9482104","0.00359079","Australia"
"10463","Dhofar Beverages and Foodstuff Company","DBCI.OM","9454546","0.472727","Oman"
"10464","Infinities Tech (Jiu Zun Digital)","1961.HK","9283853","0.0126431","China"
"10465","Carver Bancorp","CARV","9199554","1.74","United States"
"10466","Futura Medical","FUM.L","9131183","0.0157075","United Kingdom"
"10467","Urban-gro","UGRO","9109659","12.12","United States"
"10468","Cielo Waste Solutions","CMC.V","9100630","0.0473523","Canada"
"10469","NuCana","NCNA","9073097","2.18","United Kingdom"
"10470","Atlantic Sapphire","ASA.OL","8999480","0.251003","Norway"
"10471","FGI Industries","FGI","8962066","4.65","United States"
"10472","CaliberCos","CWD","8886858","1.26","United States"
"10473","American Uranium Limited","AMU.AX","8846627","0.0825882","Australia"
"10474","Global Interactive Technologies","GITS","8781360","2.39","South Korea"
"10475","AHT Syngas Technology","3SQ1.DE","8759649","3.54233","Germany"
"10476","Gaming Factory","GIF.WA","8725755","1.4357","Poland"
"10477","Yunji","YJ","8718206","1.77","China"
"10478","East Side Games","EAGR.TO","8677661","0.112679","Canada"
"10479","Addex Therapeutics","ADXN","8623986","7","Switzerland"
"10480","Al Madina Investment Holding Co. SAOG","AMII.OM","8610390","0.101299","Oman"
"10481","Bahrain Family Leisure Company","FAMILY.BH","8591886","0.0901618","Bahrain"
"10482","VERSES AI","VERS.NE","8556875","0.597367","Canada"
"10483","Evolva Holding SA","EVE.SW","8492434","1.17762","Switzerland"
"10484","Expion360","XPON","8412262","0.7756","United States"
"10485","SeaChange International","SEAC","8398952","3.25","United States"
"10486","Aurora Energy Metals","1AE.AX","8358751","0.0466803","Australia"
"10487","Locafy","LCFY","8293644","4.61","Australia"
"10488","Trinseo","TSE","8278525","0.23","United States"
"10489","Novaturas AB","NTU1L.VS","8273593","1.06742","Lithuania"
"10490","Astro Corporation","3064.TWO","8230949","0.63259","Taiwan"
"10491","cbdMD","YCBD","8176042","0.779","United States"
"10492","HUB Cyber Security","HUBC","8158795","0.26","Israel"
"10493","Elevai Labs","ELAB","8134438","4.2","United States"
"10494","AlphaTON Capital Corp","ATON","7944325","0.339","British Virgin Islands"
"10495","OLB Group","OLB","7907921","0.4854","United States"
"10496","Don't Nod Entertainment","ALDNE.PA","7827123","0.602196","France"
"10497","Xenetic Biosciences","XBIO","7743769","3.38","United States"
"10498","Aptorum Group","APM","7736569","0.95","Hong Kong"
"10499","Perrot Duval","PEDU.SW","7712407","57.3447","Switzerland"
"10500","Gelteq Limited","GELS","7497742","0.7","Australia"
"10501","Masonglory","MSGY","7468124","0.525","Hong Kong"
"10502","BioAtla","BCAB","7464456","4.505","United States"
"10503","Synlogic","SYBX","7463910","0.638","United States"
"10504","Can Fite Biopharma","CANF","7438896","3.17","Israel"
"10505","Aterian","ATER","7408892","0.6845","United States"
"10506","Signing Day Sports","SGN","7408163","0.5401","United States"
"10507","Haffner Energy","ALHAF.PA","7404906","0.0611642","France"
"10508","Nauticus Robotics","KITT","7403732","0.54","United States"
"10509","enVVeno Medical Corporation","NVNO","7395247","11.28","United States"
"10510","AS Latvijas Juras medicinas centrs","LJM1R.RG","7368048","9.21006","Latvia"
"10511","Socket Mobile","SCKT","7276495","0.8849","United States"
"10512","Nordic Fibreboard AS","SKN1T.TL","7024846","0.826544","Estonia"
"10513","FibroBiologics","FBLG","6994114","1.54","United States"
"10514","Society Pass","SOPA","6896896","0.536","Singapore"
"10515","Alaunos Therapeutics","TCRT","6873154","2.89","United States"
"10516","Innovative Eyewear","LUCY","6867720","1.09","United States"
"10517","Marpai","MRAI","6753142","0.267","United States"
"10518","National Aluminium Products Company SAOG","NAPI.OM","6701316","0.781818","Oman"
"10519","Witbe S.A.","ALWIT.PA","6672447","1.62357","France"
"10520","BIO-key International","BKYI","6586803","0.6071","United States"
"10521","Treasure Global","TGL","6501813","3.88","Malaysia"
"10522","Al Khazna Insurance","AKIC.AE","6481481","0.06","United Arab Emirates"
"10523","Fragbite Group","FRAG.ST","6429593","0.796033","Sweden"
"10524","Big Cheese Studio","BCS.WA","6420772","1.55279","Poland"
"10525","Biomerica","BMRA","6372343","2.11","United States"
"10526","Heart Test Laboratories","HSCS","6305706","1.98","United States"
"10527","Cheetah Net Supply Chain Service","CTNT","6293468","0.1707","United States"
"10528","BigBen Interactive","BIG.PA","6258454","0.338293","France"
"10529","Synergy CHC","SNYR","6215988","0.5499","United States"
"10530","TPI Composites","TPIC","6193621","0.1271","United States"
"10531","Mangoceuticals","MGRX","6187260","0.404","United States"
"10532","Erayak Power Solution","RAYA","6118531","0.625","China"
"10533","Veganz Group","VEZ.DE","6052240","4.35707","Germany"
"10534","Bakhu Holdings","BKUH","6026059","0.02","United States"
"10535","Orangekloud Technology","ORKT","6014942","1.03","Singapore"
"10536","Super League Enterprise","SLE","6002445","4.11","United States"
"10537","HomeBiogas","HMGS.TA","5976231","0.210903","Israel"
"10538","Foresight Autonomous Holdings","FRSX","5944004","2.48","Israel"
"10539","Skycorp Solar Group","PN","5888160","2.32","China"
"10540","Sphere 3D","ANY","5801312","1.54","Canada"
"10541","Webuy Global","WBUY","5785337","1.18","Singapore"
"10542","AquaBounty","AQB","5764869","1.12","United States"
"10543","Magic Empire Global (Giraffe Capital)","MEGL","5621095","1.11","Hong Kong"
"10544","Jaguar Health","JAGX","5580062","0.4286","United States"
"10545","Moolec Science","MLEC","5525758","7.61","Luxembourg"
"10546","Eterna Therapeutics","ERNA","5513103","0.1891","United States"
"10547","Astrotech","ASTC","5452757","3.1","United States"
"10548","Globavend","GVH","5396895","2.36","Australia"
"10549","Beyond Air","XAIR","5306790","0.504","United States"
"10550","Versus Systems","VS","5287930","1.0788","Canada"
"10551","Réalités","ALREA.PA","5268646","1.10993","France"
"10552","Omani Euro Food Industries","OEFI.OM","5194805","2.5974","Oman"
"10553","Talis Biomedical","TLIS","5176808","2.84","United States"
"10554","MindMaze Therapeutics","V6M.F","5156449","0.401464","Switzerland"
"10555","BioNexus Gene Lab","BGLC","5153162","2.18","Malaysia"
"10556","Co-Diagnostics","CODX","5115500","1.42","United States"
"10557","Groupe OKwind","ALOKW.PA","5016165","0.604558","France"
"10558","Ensysce Biosciences","ENSC","4964561","0.5351","United States"
"10559","Vislink Technologies","VISL","4958972","2","United States"
"10560","Jet.AI","JTAI","4954580","7.66","United States"
"10561","ManyDev Studio","MAN.WA","4911377","0.171726","Poland"
"10562","DigiAsia Corp","FAAS","4897831","0.0807","Indonesia"
"10563","LM Funding America","LMFA","4874836","0.3017","United States"
"10564","Vertex Energy","VTNR","4872095","0.0521","United States"
"10565","GreenPower Motor Company","GP","4778358","0.9501","Canada"
"10566","Vicarious Surgical","RBOT","4773226","0.67","United States"
"10567","Polar Power","POLA","4766234","1.78","United States"
"10568","Vivakor","VIVK","4745054","0.0159","United States"
"10569","Sonim Technologies","SONM","4688665","3.15","United States"
"10570","Focus Universal","FCUV","4670547","2.18","United States"
"10571","Kidpik","PIK","4644903","2.38","United States"
"10572","Galmed Pharmaceuticals","GLMD","4630977","0.7017","Israel"
"10573","Brüder Mannesmann AG","BMM.F","4622742","1.02728","Germany"
"10574","Lucas GC","LGCL","4580208","1.64","China"
"10575","Pulmatrix","PULM","4565356","1.25","United States"
"10576","Gulf International Chemicals","GICI.OM","4527273","0.215584","Oman"
"10577","Mallinckrodt Pharmaceuticals","MNK","4520986","0.3402","United Kingdom"
"10578","Maison Solutions","MSS","4461147","0.1465","United States"
"10579","AIM ImmunoTech","AIM","4446244","0.5457","United States"
"10580","The Original BARK Company","BARK","4377870","0.5066","United States"
"10581","VivoSim Labs","VIVS","4370723","1.51","United States"
"10582","Hydrofarm","HYFM","4294821","0.9014","United States"
"10583","VCI Global","VCIG","4275700","1.16","Malaysia"
"10584","CASI Pharmaceuticals","CASI","4263766","0.2075","United States"
"10585","Addentax Group","ATXG","4201909","5.38","China"
"10586","Golden Sun Education Group","GSUN","4161981","0.415","China"
"10587","Redhill Biopharma","RDHL","4156775","0.813","Israel"
"10588","Gameone","8282.HK","4149240","0.0727937","Hong Kong"
"10589","Aquaporin","AQP.CO","4140268","0.0906825","Denmark"
"10590","Sow Good","SOWG","4114498","0.3087","United States"
"10591","Baosheng Media Group","BAOS","4020355","2.62","China"
"10592","PunkPirates","PUN.WA","3942991","0.13","Poland"
"10593","Onfolio Holdings","ONFO","3910764","0.667","United States"
"10594","Sonoma Pharmaceuticals","SNOA","3876573","2.24","United States"
"10595","Actelis Networks","ASNS","3875080","0.145","United States"
"10596","Mynaric","M0YN.DE","3874750","0.613256","Germany"
"10597","Northann Corp","NCL","3818567","0.1679","United States"
"10598","Titan Medical","TMD.TO","3724444","0.0326591","Canada"
"10599","Aethlon Medical","AEMD","3640335","2.32","United States"
"10600","Fly-E Group","FLYE","3623897","2.22","United States"
"10601","Nitro Games","NITRO.ST","3611101","0.144882","Finland"
"10602","Netcapital","NCPL","3604540","0.4593","United States"
"10603","Utenos Trikotazas AB","UTR1L.VS","3590696","0.377849","Lithuania"
"10604","Azitra","AZTR","3559907","0.21985","United States"
"10605","BNB Plus Corp.","BNBX","3460556","0.6106","United States"
"10606","IO Biotech","IOBT","3453544","0.048","Denmark"
"10607","The Payments Group Holding","PGH.DE","3452633","0.360137","Germany"
"10608","Unity Biotechnology","UBX","3444161","0.2001","United States"
"10609","Matinas BioPharma","MTNB","3363250","0.525","United States"
"10610","iSpecimen","ISPC","3316239","0.1118","United States"
"10611","Avalon GloboCare","ALBT","3300311","0.3965","United States"
"10612","Eagle Pharmaceuticals","EGRX","3289388","0.25","United States"
"10613","Wolverine Energy and Infrastructure","WEII.V","3274071","0.03","Canada"
"10614","ShiftPixy","PIXY","3265294","6.53","United States"
"10615","Sabre Resources","SBR.AX","3263757","0.00718159","Australia"
"10616","Nuwellis","NUWE","3228754","1.225","United States"
"10617","Golden Minerals","AUMN","3161140","0.21","United States"
"10618","Forza X1","FRZA","3150960","0.2","United States"
"10619","Vaccinex","VCNX","3104898","1.16","United States"
"10620","Advent Technologies","ADN","3023365","0.9185","United States"
"10621","Tivic Health Systems","TIVC","3021822","1.05","United States"
"10622","Mobile-health Network Solutions","MNDR","3014370","0.8269","Singapore"
"10623","AS PRFoods","PRF1T.TL","2981168","0.0791121","Estonia"
"10624","ATI Physical Therapy","ATIP","2977762","0.675","United States"
"10625","Affimed","AFMD","2975202","0.1815","Germany"
"10626","AS Trigon Property Development","TPD1T.TL","2974937","0.661235","Estonia"
"10627","Oragenics","OGEN","2934624","0.6768","United States"
"10628","U Power","UCAR","2901081","1.36","China"
"10629","Marin Software","MRIN","2863609","0.8981","United States"
"10630","Arcadia Biosciences","RKDA","2859068","1.39","United States"
"10631","Greenlane Holdings, Inc.","GNLN","2815858","4.47","United States"
"10632","zSpace","ZSPC","2771552","0.0717","United States"
"10633","Agape ATP","ATPC","2741715","2.74","Malaysia"
"10634","PREIT (Pennsylvania Real Estate Investment Trust)","PRET","2690436","0.4974","United States"
"10635","Xilio Therapeutics","XLO","2676465","0.5101","United States"
"10636","VS Media","VSME","2664861","0.9688","Hong Kong"
"10637","Staffing 360 Solutions","STAF","2654640","1.615","United States"
"10638","CleanCore Solutions","ZONE","2619965","0.329","United States"
"10639","KMC Properties","KMCP.OL","2523838","2.68589","Norway"
"10640","Fr8Tech 
 (Freight Technologies)","FRGT","2517351","0.88","United States"
"10641","Maximum Entertainment","8R7.F","2463904","0.0269217","Sweden"
"10642","IMTE","IMTE","2436629","0.707","Australia"
"10643","AS Siguldas Ciltslietu Un Maksligas Apseklosanas Stacija","SCM1R.RG","2434180","5.76219","Latvia"
"10644","Propanc Biopharma","PPCB","2417636","0.1106","Australia"
"10645","IM Cannabis","IMCC","2380421","0.3825","Israel"
"10646","Adial Pharmaceuticals","ADIL","2313311","1.62","United States"
"10647","PainReform","PRFX","2271842","2.69","Israel"
"10648","Videndum Plc","VID.L","2271782","4.38517","United Kingdom"
"10649","Nok Air","NOKPF","2237512","0.0006","Thailand"
"10650","Impac Mortgage Holdings","IMPM","2194132","0.06","United States"
"10651","Clearside Biomedical","CLSD","2145948","0.41","United States"
"10652","Alkaline Water Company","WTER","2134820","0.06","United States"
"10653","CCSC Technology International Holdings","CCTG","2100373","0.5367","Hong Kong"
"10654","Blue Hat","BHAT","2091312","0.675","China"
"10655","Direct Digital Holdings","DRCT","2074808","0.7402","United States"
"10656","Jeffs' Brands","JFBR","2011480","3.08","Israel"
"10657","Incannex Healthcare","IXHL","1994700","0.167","Australia"
"10658","Trinity Place Holdings","TPHS","1981417","0.03","United States"
"10659","Cutera","CUTR","1956013","0.0969","United States"
"10660","Solid Clouds","SOLID.IC","1946245","0.00271426","Iceland"
"10661","Boxlight","BOXL","1893285","1.22","United States"
"10662","Airesis SA","AIRE.SW","1849868","0.0298641","Switzerland"
"10663","Playground Ventures","PLAY.CN","1845469","0.0218549","Canada"
"10664","G Medical Innovations","GMVD","1776616","0.181","Israel"
"10665","Playgon Games","DEAL.V","1770953","0.00364248","Canada"
"10666","Akanda","AKAN","1768926","3.31","United Kingdom"
"10667","MEP Infrastructure","MEP.NS","1750552","0.0095426","India"
"10668","Qiiwi Games","QIIWI.ST","1709245","0.184793","Sweden"
"10669","VIP Gloves","VIP.AX","1695101","0.00215448","Malaysia"
"10670","Sonder Holdings","SOND","1680861","0.1263","United States"
"10671","Traeger","COOK","1642351","0.5983","United States"
"10672","CorEnergy Infrastructure Trust","CORR","1627350","0.0198","United States"
"10673","Iterum Therapeutics","ITRM","1598747","0.03","Ireland"
"10674","Lazydays Holdings","GORV","1573084","0.4211","United States"
"10675","Sonendo","SONX","1572442","0.33","United States"
"10676","Edible Garden","EDBL","1567640","0.9897","United States"
"10677","Benson Hill","BHIL","1522391","0.249","United States"
"10678","iPower","IPW","1494399","1.13","United States"
"10679","Wheeler Real Estate Investment Trust","WHLR","1446872","0.798","United States"
"10680","Ayr Wellness","AYRWF","1401283","0.012","United States"
"10681","22nd Century Group","XXII","1377755","1.91","United States"
"10682","Davis Commodities","DTCK","1368533","1","Singapore"
"10683","SOBR Safe","SOBR","1347151","0.7142","United States"
"10684","Carisma Therapeutics","CARM","1339042","0.032","United States"
"10685","Aker Horizons","AKH.OL","1250852","0.00181191","Norway"
"10686","La Rosa Holdings","LRHC","1223698","0.4126","United States"
"10687","Greene Concepts","INKW","1200776","0.00025","United States"
"10688","Evofem Biosciences","EVFM","1192770","0.009","United States"
"10689","Lyra Therapeutics","LYRA","1171422","0.66","United States"
"10690","Virax Biolabs","VRAX","1155828","0.1557","United Kingdom"
"10691","Starbox Group","STBX","1135952","2.11","Malaysia"
"10692","Altamira Therapeutics","CYTO","1133556","0.3","Bermuda"
"10693","Solar Integrated Roofing","SIRC","1097545","0.0001","United States"
"10694","F45 Training","FXLV","1072684","0.011","United States"
"10695","iEntertainment Network","IENT","1060047","0.0081","United States"
"10696","Danimer Scientific","DNMR","1056961","0.35","United States"
"10697","Argo Blockchain","ARBK","977559","2.93","United Kingdom"
"10698","T-Bull","TBL.WA","934187","0.78615","Poland"
"10699","Lucy Scientific Discovery","LSDI","906910","0.5139","Canada"
"10700","Mobile Global Esports (Mogo)","MGAM","902389","0.014","United States"
"10701","LMP Automotive Holdings","LMPX","763613","0.07","United States"
"10702","Kuuhubb","KUU.V","712506","0.01","Canada"
"10703","ProPhase Labs","PRPH","710551","0.15","United States"
"10704","EUDA Health","EUDA","692066","0.3661","Singapore"
"10705","Tapinator","TAPM","673183","0.247","United States"
"10706","Tevogen Bio","TVGN","627896","0.1551","United States"
"10707","Origin Materials","ORGN","612746","0.113","United States"
"10708","Sozap","SOZAP.ST","602380","0.0270876","Sweden"
"10709","OceanPal","SVRN","600425","0.3501","Greece"
"10710","Lifeward","LFWD","583724","0.3829","Israel"
"10711","Adamas One","JEWL","570714","0.015","United States"
"10712","Freeze Tag","FRZT","525392","0.007","United States"
"10713","Hepion Pharmaceuticals","HEPA","453192","0.039","United States"
"10714","Ontrak","OTRK","425780","0.0601","United States"
"10715","Global Bioenergies","ALGBE.PA","396471","0.0218702","France"
"10716","Viracta Therapeutics","VIRX","388698","0.00978","United States"
"10717","Kaixin Auto","KXIN","339208","5.6","China"
"10718","NantHealth","NHIQ","329655","0.012","United States"
"10719","Compleo Charging Solutions","C0M.F","329245","0.0649427","Germany"
"10720","Exela Technologies","XELA","305261","0.011","United States"
"10721","GAME HOURS","6626.TWO","285836","0.0972769","Taiwan"
"10722","Kaival Brands Innovations","KAVL","257172","0.019","United States"
"10723","Petros Pharmaceuticals","PTPI","254233","0.006","United States"
"10724","Ampio Pharmaceuticals","AMPE","238425","0.21","United States"
"10725","Leafly Holdings","LFLY","232138","37","United States"
"10726","Esports Entertainment","GMBL","217736","0.19","Malta"
"10727","Aker Carbon Capture","ACC.OL","212397","0.00035151","Norway"
"10728","Trulite","TRUL","212013","0.0001","United States"
"10729","Fintech Scion (FintechCashier)","FINR","198743","0.001","United Kingdom"
"10730","Meyer Burger Technology","MBTN.SW","192618","0.00608813","Switzerland"
"10731","BloomZ","BLMZ","187531","0.128","United States"
"10732","Wearable Health Solutions","WHSI","182670","0.0001","United States"
"10733","Hallmark Financial Services","HALL","142023","0.0781","United States"
"10734","Lipella Pharmaceuticals","LIPO","138625","0.03","United States"
"10735","USD Partners","USDP","135097","0.004","United States"
"10736","Cenntro Electric Group","CENN","113554","0.0775","United States"
"10737","Loop Media","LPTV","103383","0.0007","United States"
"10738","Telesis Bio","TBIO","97671","0.055","United States"
"10739","Remark Holdings","MARK","80473","0.0013","United States"
"10740","Ocean Biomedical","OCEA","69709","0.0003","United States"
"10741","Vincerx Pharma","VINC","68045","0.013","United States"
"10742","Novo Integrated Sciences","NVOS","65109","0.0033","United States"
"10743","PaxMedica","PXMD","63132","0.0005","United States"
"10744","T2 Biosystems","TTOO","56090","0.002","United States"
"10745","4Front Ventures","FFNTF","54468","5.0E-5","United States"
"10746","Presto Automation","PRST","41851","0.0001","United States"
"10747","Vinco Ventures","BBIG","36400","0.0028","United States"
"10748","Gaming Technologies (Gametech)","GMGT","27420","0.0006","United States"
"10749","Yellow Corporation","YELLQ","27211","0.0004","United States"
"10750","Gamer Pakistan","GPAK","23021","0.0009","United States"
"10751","Movella","MVLA","20362","0.0004","United States"
"10752","Stryve Foods","SNAX","13069","0.003","United States"
"10753","Vaxxinity","VAXX","12678","0.0001","United States"
"10754","Trevena","TRVN","9501","0.011","United States"
"10755","Triterras","TRIRF","7652","0.0001","Singapore"
"10756","Syros Pharmaceuticals","SYRS","5366","0.0002","United States"
"10757","Virtual Interactive Technologies","VRVR","4125","0.0005","Bermuda"
"10758","Viveve Medical","VIVE","2144","0.0002","United States"
"10759","Calithera Biosciences","CALA","1461","0.0003","United States"
"10760","ToughBuilt Industries","TBLT","1300","0.0003","United States"
"10761","eFFECTOR Therapeutics","EFTR","940","0.0002","United States"
"10762","Grom Social Enterprises","GROM","902","0.0001","United States"
"10763","Minerva Surgical","UTRS","887","0.0001","United States"
"10764","Lightning eMotors","ZEVY","659","0.0001","United States"
"10765","Hempacco","HPCO","592","0.0001","United States"
"10766","Star Micronics","7718.T","69","13.8698","Japan"
"10767","Qiwi","QIWI.ME","0","2.56","Cyprus"
"10768","Rosseti","RSTI.ME","0","0","Russia"
"10769","X5 Retail Group","FIVE.ME","0","32.42","Netherlands"
"10770","Pollux Properti Indonesia","POLL.JK","0","0.00690974","Indonesia"
"10771","Tunas Ridean","TURI.JK","0","0.1","Indonesia"
"10772","Agility Global","AGILITY.AE","0","0","United Arab Emirates"
"10773","Amlak Finance","AMLAK.AE","0","0","United Arab Emirates"
"10774","Drake and Scull International","DSI.AE","0","0","United Arab Emirates"
"10775","Dubai Islamic Insurance &amp; Reinsurance","AMAN.AE","0","0","United Arab Emirates"
"10776","Air Arabia","AIRARABIA.AE","0","0","United Arab Emirates"
"10777","Aramex","ARMX.AE","0","0","United Arab Emirates"
"10778","Dubai Taxi Company","DTC.AE","0","0","United Arab Emirates"
"10779","Emirates Central Cooling Systems","EMPOWER.AE","0","0","United Arab Emirates"
"10780","Ajman Bank","AJMANBANK.AE","0","0","United Arab Emirates"
"10781","Al Ansari Financial Services","ALANSARI.AE","0","0","United Arab Emirates"
"10782","Watania International","WATANIA.AE","0","0","United Arab Emirates"
"10783","Carasent ASA","CARA.OL","0","1.57626","Norway"
"10784","Sultan Center Food Products Company","SULTAN.KW","0","0","Kuwait"
"10785","Héroux-Devtek","HRX.TO","0","18.597","Canada"
"10786","Johns Lyng Group","JLG.AX","0","3.99427","Australia"
"10787","Rex Minerals","RXM.AX","0","0.295872","Australia"
"10788","Greenthesis S.p.A.","GTH.MI","0","2.48305","Italy"
"10789","Relatech S.p.A.","RLT.MI","0","2.69088","Italy"
"10790","Defence Tech Holding S.p.A.","DTH.MI","0","3.81755","Italy"
"10791","Marlowe plc","MRL.L","0","588.911","United Kingdom"
"10792","Anexo Group Plc","ANX.L","0","80.3296","United Kingdom"
"10793","GigCapital9","GIXXU","0","0","United States"
"10794","Optimum Communications","OPTU","0","0","United States"
"10795","Valiant Gold","VAL.AX","0","0","Australia"
"10796","Capital Tankers Corp.","CAPT.OL","0","0","Greece"
