"Rank","Name","Symbol","employees_count","price (USD)","country"
"1","Walmart","WMT","2100000","125.05","United States"
"2","Amazon","AMZN","1546000","249.02","United States"
"3","BYD","002594.SZ","968900","15.0802","China"
"4","JD.com","JD","900000","31.25","China"
"5","Foxconn (Hon Hai Precision Industry)","2317.TW","826608","6.67827","Taiwan"
"6","Accenture","ACN","791000","190.37","Ireland"
"7","Volkswagen","VOW3.DE","656134","106.792","Germany"
"8","Tata Consultancy Services","TCS.NS","607979","26.5523","India"
"9","DHL Group (Deutsche Post)","DHL.DE","594879","57.5118","Germany"
"10","Compass Group","CPG.L","580000","27.25","United Kingdom"
"11","JD Logistics","2618.HK","498709","1.9934","China"
"12","United Parcel Service","UPS","490000","103.22","United States"
"13","Home Depot","HD","470000","342.71","United States"
"14","Gazprom","GAZP.ME","468000","1.72","Russia"
"15","China Mobile","0941.HK","455405","10.3881","China"
"16","Agricultural Bank of China","601288.SS","454716","1.01072","China"
"17","Concentrix","CNXC","450000","28.28","United States"
"18","Teleperformance","TEP.PA","446052","63.2547","France"
"19","Target","TGT","440000","119.53","United States"
"20","ICBC","1398.HK","419252","0.898432","China"
"21","Marriott International","MAR","418000","366.7","United States"
"22","Kroger","KR","410000","67.19","United States"
"23","UnitedHealth","UNH","400000","314.19","United States"
"24","PetroChina","0857.HK","398440","1.36552","China"
"25","Berkshire Hathaway","BRK-B","392400","477.54","United States"
"26","Fomento Económico Mexicano (FEMSA)","FMX","390156","115.07","Mexico"
"27","Ahold Delhaize","AD.AS","390000","48.3726","Netherlands"
"28","Toyota","TM","389144","211.55","Japan"
"29","China Construction Bank","601939.SS","376847","1.38626","China"
"30","TJX Companies","TJX","364000","160.28","United States"
"31","China State Construction Engineering","601668.SS","361249","0.730537","China"
"32","Starbucks","SBUX","361000","98.47","United States"
"33","Magnit","MGNT.ME","357000","37.83","Russia"
"34","Sinopec","600028.SS","355952","0.839091","China"
"35","Cognizant Technology Solutions","CTSH","343800","60.04","United States"
"36","TriNet","TNET","343025","37.71","United States"
"37","Capgemini","CAP.PA","341118","123.467","France"
"38","Tesco","TSCO.L","340000","6.37835","United Kingdom"
"39","NTT (Nippon Telegraph &amp; Telephone)","9432.T","338467","0.967801","Japan"
"40","Securitas AB","SECU-B.ST","336000","18.3184","Sweden"
"41","Costco","COST","333000","974.8","United States"
"42","Siemens","SIE.DE","327000","279.776","Germany"
"43","X5 Retail Group","FIVE.ME","325000","32.42","Netherlands"
"44","Infosys","INFY","323788","13.94","India"
"45","Pepsico","PEP","319000","155.72","United States"
"46","Sodexo","SW.PA","317177","47.0047","France"
"47","JPMorgan Chase","JPM","317160","311.12","United States"
"48","Bank of China","601988.SS","312757","0.846426","China"
"49","Insperity","NSP","306023","27.59","United States"
"50","Carrefour","CA.PA","305309","19.605","France"
"51","Lowe's Companies","LOW","300000","248.44","United States"
"52","FedEx","FDX","300000","370.14","United States"
"53","CK Hutchison Holdings","0001.HK","300000","8.1229","Hong Kong"
"54","China Railway Group","0390.HK","299652","0.520682","China"
"55","Sumitomo Denki Kōgyō","5802.T","293266","61.2143","Japan"
"56","Sberbank","SBER.ME","287866","4.21","Russia"
"57","Albertsons","ACI","285000","16.34","United States"
"58","Vinci","DG.PA","279426","159.67","France"
"59","China Telecom","0728.HK","278539","0.63171","China"
"60","Luxshare Precision","002475.SZ","278103","8.63589","China"
"61","Ping An Insurance","601318.SS","273053","8.64323","China"
"62","IBM","IBM","270300","240.27","United States"
"63","Nestlé","NESN.SW","270000","101.677","Switzerland"
"64","JBS N.V.","JBS","270000","18.07","Brazil"
"65","Hitachi","6501.T","268655","32.7278","Japan"
"66","Aramark","ARMK","266680","44.2","United States"
"67","China Railway Construction","601186.SS","264045","1.02246","China"
"68","Mahindra &amp; Mahindra","M&M.NS","260000","34.5804","India"
"69","ISS A/S","ISS.CO","257922","38.6875","Denmark"
"70","Brookfield Corporation","BN","250000","45.55","Canada"
"71","Coal India","COALINDIA.NS","248550","4.67237","India"
"72","Stellantis","STLA","248243","8.16","Netherlands"
"73","China Unicom","0762.HK","242891","0.931613","Hong Kong"
"74","Jardine Cycle &amp; Carriage","C07.SI","240000","26.6275","Singapore"
"75","Reliance Industries","RELIANCE.NS","236334","14.1223","India"
"76","Walmex","WMMVF","235132","3.31","Mexico"
"77","State Bank of India","SBIN.NS","232296","11.421","India"
"78","Citigroup","C","230000","129.58","United States"
"79","Wipro","WIT","230000","2.21","India"
"80","Microsoft","MSFT","228000","393.11","United States"
"81","HCA Healthcare","HCA","226000","498.66","United States"
"82","HCL Technologies","HCLTECH.NS","223420","15.3498","India"
"83","Japan Post Holdings","6178.T","221387","11.742","Japan"
"84","Loblaw Companies","L.TO","220000","44.5723","Canada"
"85","George Weston","WN.TO","220000","69.8792","Canada"
"86","CVS Health","CVS","219000","77.62","United States"
"87","HDFC Bank","HDB","214521","26.79","India"
"88","Bank of America","BAC","213000","53.35","United States"
"89","DFI Retail Group","D01.SI","213000","4.17","Hong Kong"
"90","Wells Fargo","WFC","212804","81.7","United States"
"91","HSBC","HSBC","211130","91.37","United Kingdom"
"92","Panasonic","6752.T","207548","18.258","Japan"
"93","Santander","SAN","204330","12.56","Spain"
"94","Foxconn Industrial Internet","601138.SS","202818","8.55227","China"
"95","Veolia","VIE.PA","202332","41.6981","France"
"96","Woolworths Group","WOW.AX","201413","26.28","Australia"
"97","LVMH","MC.PA","200518","567.748","France"
"98","Bouygues","EN.PA","200200","62.0991","France"
"99","Jardine Matheson","J36.SI","200000","73.87","Hong Kong"
"100","Deutsche Telekom","DTE.DE","198678","33.8915","Germany"
"101","Midea","000333.SZ","198432","11.3527","China"
"102","Darden Restaurants","DRI","197924","197.98","United States"
"103","Dior","CDI.PA","195831","546.462","France"
"104","Dollar General","DG","194200","119.59","United States"
"105","Honda","HMC","194173","24.16","Japan"
"106","CITIC limited","0267.HK","188862","1.66797","China"
"107","SAIC Motor","600104.SS","187739","2.06399","China"
"108","Alphabet (Google)","GOOG","187103","330.58","United States"
"109","RTX","RTX","186000","202.81","United States"
"110","ICICI Bank","IBN","182665","28.29","India"
"111","Postal Savings Bank of China","601658.SS","182631","0.745207","China"
"112","Comcast","CMCSA","182000","28.14","United States"
"113","Hilton Worldwide","HLT","181000","331.38","United States"
"114","BNP Paribas","BNP.PA","178000","107.441","France"
"115","Yamato Holdings","9064.T","177430","11.8049","Japan"
"116","America Movil","AMX","177084","26.27","Mexico"
"117","Walt Disney","DIS","177080","102.59","United States"
"118","Fresenius","FRE.DE","175202","52.8892","Germany"
"119","The People's Insurance Company (PICC)","601319.SS","175121","1.09874","China"
"120","Lear Corporation","LEA","173700","122.4","United States"
"121","Boeing","BA","172000","223.77","United States"
"122","Ford","F","169000","12.71","United States"
"123","Aeon","8267.T","168001","11.0183","Japan"
"124","Magna International","MGA","164000","57.82","Canada"
"125","Power Construction Corporation of China","601669.SS","163912","0.837624","China"
"126","Mercedes-Benz","MBG.DE","163132","64.658","Germany"
"127","PICC Property and Casualty Company Limited","2328.HK","162787","1.8862","China"
"128","Denso","6902.T","162029","12.151","Japan"
"129","Oracle","ORCL","162000","163","United States"
"130","General Motors","GM","162000","79.46","United States"
"131","Compagnie de Saint-Gobain","SGO.PA","159145","91.6745","France"
"132","BMW","BMW.DE","159104","97.2877","Germany"
"133","Airbus","AIR.PA","157894","203.726","Netherlands"
"134","Grupo ACS","ACS.MC","157284","146.934","Spain"
"135","Allianz SE","ALV.DE","156626","452.83","Germany"
"136","Schneider Electric","SU.PA","155822","315.507","France"
"137","CRRC","1766.HK","154292","0.653405","China"
"138","EssilorLuxottica","EL.PA","153498","241.392","France"
"139","Forvia SE","FRVIA.PA","153462","12.3172","France"
"140","Grupo Bimbo","BIMBOA.MX","152229","3.32696","Mexico"
"141","Mitsubishi UFJ Financial","MUFG","150800","18.17","Japan"
"142","Apple","AAPL","150000","258.83","United States"
"143","McDonald","MCD","150000","303.22","United States"
"144","GXO Logistics","GXO","150000","56.78","United States"
"145","Mitsubishi Electric","6503.T","149914","36.4656","Japan"
"146","J&amp;T Global Express","1519.HK","149186","1.36424","China"
"147","Alimentation Couche-Tard","ATD.TO","149000","56.1837","Canada"
"148","Tech Mahindra","TECHM.NS","148731","15.4142","India"
"149","Flex","FLEX","147979","80.14","Singapore"
"150","S.F. Express","002352.SZ","147189","5.5157","China"
"151","Genpact","G","146000","35.5","Bermuda"
"152","Anheuser-Busch Inbev","BUD","144000","75.59","Belgium"
"153","Sainsbury's","SBRY.L","141517","4.72898","United Kingdom"
"154","Aptiv","APTV","141000","59.07","Ireland"
"155","CBRE Group","CBRE","140000","147.07","United States"
"156","Yum China","YUMC","140000","49.47","China"
"157","H&amp;M","HM-B.ST","140000","18.9556","Sweden"
"158","Johnson & Johnson","JNJ","138100","240.1","United States"
"159","American Airlines","AAL","138100","12.13","United States"
"160","Tyson Foods","TSN","138000","64.96","United States"
"161","Jabil","JBL","138000","305.97","United States"
"162","Associated British Foods","ABF.L","138000","25.4564","United Kingdom"
"163","AT&T","T","137550","25.62","United States"
"164","China Communications Construction","601800.SS","137471","1.11634","China"
"165","Hai Di Lao Hot Pot","6862.HK","137178","1.86195","China"
"166","Lens Technology","300433.SZ","136458","4.35242","China"
"167","Barrett Business Services","BBSI","135727","29.24","United States"
"168","Astra International","ASII.JK","135470","0.366316","Indonesia"
"169","Prosegur","PSG.MC","134651","3.17217","Spain"
"170","Muyuan Foods","002714.SZ","133642","6.68632","China"
"171","Nissan","7201.T","133580","2.27351","Japan"
"172","Elior Group","ELIOR.PA","132783","3.00708","France"
"173","Koç Holding","KCHOL.IS","132447","4.61161","Turkey"
"174","CATL","300750.SZ","131988","62.7822","China"
"175","KE Holdings","BEKE","131881","16.5","China"
"176","The Bidvest Group","BVT.JO","131326","14.4561","South Africa"
"177","Vanke","2202.HK","131097","0.382855","China"
"178","Chipotle Mexican Grill","CMG","130000","34.92","United States"
"179","Empire Company","EMP-A.TO","128000","34.464","Canada"
"180","Orange","ORA.PA","126909","20.9611","France"
"181","Banco Bilbao Vizcaya Argentaria","BBVA","125864","23.61","Spain"
"182","Tesla","TSLA","125665","364.2","United States"
"183","ArcelorMittal","MT","125416","62.05","Luxembourg"
"184","Thermo Fisher Scientific","TMO","125000","527.22","United States"
"185","Amphenol","APH","125000","148.72","United States"
"186","Alibaba","BABA","123711","131.35","China"
"187","Fujitsu","6702.T","123527","22.8987","Japan"
"188","Sumitomo Mitsui Financial Group","SMFG","123000","21.27","Japan"
"189","Haier Smart Home","600690.SS","122733","3.10552","China"
"190","UBM Development","UBS.VI","121563","20.9906","Austria"
"191","Bridgestone","5108.T","121464","21.5018","Japan"
"192","Lockheed Martin","LMT","121000","611.58","United States"
"193","DXC Technology","DXC","120000","12.36","United States"
"194","Wesfarmers","WES.AX","120000","53.009","Australia"
"195","Cencosud","CENCOSUD.SN","119901","2.8941","Chile"
"196","Jerónimo Martins","JEM.F","119427","24.6698","Portugal"
"197","Coca-Cola FEMSA","KOF","117702","102.84","Mexico"
"198","Michelin","ML.PA","117540","36.1085","France"
"199","CM Bank","3968.HK","117201","6.47025","China"
"200","General Dynamics","GD","117000","339.88","United States"
"201","ABM Industries","ABM","117000","39.63","United States"
"202","Unilever","UL","115964","57.81","United Kingdom"
"203","Tata Steel","TATASTEEL.NS","115788","2.21634","India"
"204","Poste Italiane","PST.MI","115147","26.0495","Italy"
"205","Aisin Seiki","7259.T","115140","14.4195","Japan"
"206","Carnival Corporation","CCL","115000","28.69","United States"
"207","Coles Group","COL.AX","115000","16.1586","Australia"
"208","Meituan","3690.HK","114731","11.0517","China"
"209","Abbott Laboratories","ABT","114000","101.05","United States"
"210","Itōchū Shōji","8001.T","113733","12.5065","Japan"
"211","Nippon Steel","5401.T","113639","3.75353","Japan"
"212","Surgutneftegas","SNGS.ME","113000","0.27","Russia"
"213","Caterpillar","CAT","112900","794.25","United States"
"214","Dongfeng Motor","0489.HK","112706","1.21748","China"
"215","Valeo","FR.PA","112700","13.2017","France"
"216","Fresenius Medical Care","FMS","112445","23.21","Germany"
"217","Sony","SONY","112300","20.95","Japan"
"218","Jones Lang LaSalle","JLL","112100","327.71","United States"
"219","Société Générale","GLE.PA","111754","85.4127","France"
"220","Canon","7751.T","111733","27.9895","Japan"
"221","BASF","BAS.DE","111408","63.3608","Germany"
"222","United Airlines Holdings","UAL","111300","97.2","United States"
"223","ABB","ABBN.SW","110970","92.4219","Switzerland"
"224","SLB (Schlumberger)","SLB","110000","51.49","United States"
"225","Tencent","TCEHY","109414","63.73","China"
"226","Procter & Gamble","PG","109000","144.38","United States"
"227","SAP","SAP","108929","167.81","Germany"
"228","Intel","INTC","108900","63.81","United States"
"229","Sinopharm","1099.HK","108217","2.63659","China"
"230","WPP","WPP","108044","17.38","United Kingdom"
"231","Dell","DELL","108000","184.51","United States"
"232","Fosun","0656.HK","108000","0.516854","China"
"233","BAE Systems","BA.L","107400","30.2804","United Kingdom"
"234","Ross Stores","ROST","107000","223.29","United States"
"235","Telus","TU","106800","12.19","Canada"
"236","Royal Caribbean Group","RCL","105950","281.53","United States"
"237","Renault","RNO.PA","105497","36.5802","France"
"238","NEC Corp","6701.T","105276","26.8064","Japan"
"239","UBS","UBS","105132","42.88","Switzerland"
"240","TDK","6762.T","105067","14.152","Japan"
"241","Air China","601111.SS","104909","1.02246","China"
"242","Axis Bank","AXISBANK.BO","104633","14.5374","India"
"243","Daimler Truck","DTG.F","104213","51.0849","Germany"
"244","Elevance Health","ELV","104200","313.35","United States"
"245","Traton","8TRA.DE","104168","38.2783","Germany"
"246","Life Insurance Corporation of India (LIC)","LICI.NS","104036","8.63008","India"
"247","Roche","RO.SW","103249","420.123","Switzerland"
"248","Delta Air Lines","DAL","103000","71.7","United States"
"249","Kotak Mahindra Bank","KOTAKBANK.NS","103000","3.99369","India"
"250","Publicis Groupe","PUB.PA","103000","90","France"
"251","Punjab National Bank","PNB.NS","102746","1.18909","India"
"252","Honeywell","HON","102000","233.24","United States"
"253","Toronto Dominion Bank","TD","101577","103.13","Canada"
"254","First Pacific Company","0142.HK","101469","0.709557","Hong Kong"
"255","Nidec","6594.T","101112","13.9821","Japan"
"256","WH Group","0288.HK","101000","1.36169","Hong Kong"
"257","Golden Agri-Resources","E5H.SI","100800","0.24779","Singapore"
"258","BP","BP","100500","46.17","United Kingdom"
"259","ASE Group","ASX","100450","26.87","Taiwan"
"260","Thyssenkrupp","TKA.F","100202","10.2217","Germany"
"261","AXA","CS.PA","100041","49.3278","France"
"262","Verizon","VZ","100000","45.48","United States"
"263","Wilmar International","F34.SI","100000","3.02854","Singapore"
"264","Maersk","MAERSK-B.CO","100000","2458.99","Denmark"
"265","Smurfit Westrock","SW","100000","42.1","Ireland"
"266","Universal Health Services","UHS","99300","181.95","United States"
"267","BOE Technology","000725.SZ","99100","0.591178","China"
"268","Lufthansa","LHA.DE","98739","9.43868","Germany"
"269","China Life Insurance","601628.SS","98689","5.56558","China"
"270","Daikin","6367.T","98162","127.771","Japan"
"271","Siemens Energy","ENR.F","98000","201.486","Germany"
"272","China Southern Airlines","600029.SS","97899","0.847893","China"
"273","Weichai Power","2338.HK","97288","4.17312","China"
"274","Royal Bank Of Canada","RY","97116","174.9","Canada"
"275","Northrop Grumman","NOC","97000","680.13","United States"
"276","ENGIE","ENGI.PA","97000","33.9387","France"
"277","Metro","MRU.TO","97000","67.0617","Canada"
"278","Wendel","MF.PA","96757","100.413","France"
"279","Indofood","INDF.JK","96670","0.399883","Indonesia"
"280","Continental","CON.DE","96426","76.5802","Germany"
"281","Safran","SAF.PA","96390","374.292","France"
"282","Alfamart","AMRT.JK","96040","0.089317","Indonesia"
"283","Shell","SHEL","96000","91.36","United Kingdom"
"284","Bank of Communications","601328.SS","95746","1.01659","China"
"285","SGS","SGSN.SW","95244","109.396","Switzerland"
"286","Medtronic","MDT","95000","88.12","Ireland"
"287","Texas Roadhouse","TXRH","95000","164.29","United States"
"288","Coupang","CPNG","95000","20.72","United States"
"289","China Pacific Insurance","601601.SS","94990","5.61399","China"
"290","Charter Communications","CHTR","94500","215.57","United States"
"291","Eaton","ETN","94443","401.9","Ireland"
"292","L'Oréal","OR.PA","94397","425.354","France"
"293","AstraZeneca","AZN","94300","204.38","United Kingdom"
"294","Macy's","M","94189","19.1","United States"
"295","Johnson Controls","JCI","94000","142.05","Ireland"
"296","Intesa Sanpaolo","ISP.MI","93910","6.79835","Italy"
"297","CGI","GIB","93000","73.5","Canada"
"298","Barclays","BCS","93000","23.92","United Kingdom"
"299","O'Reilly Automotive","ORLY","92810","93.52","United States"
"300","Telefónica","TEF.MC","92196","4.48939","Spain"
"301","Bajaj Finserv","BAJAJFINSV.NS","92079","19.2038","India"
"302","Ericsson","ERIC","91937","12.01","Sweden"
"303","BT Group","BT-A.L","91700","2.98529","United Kingdom"
"304","Volvo Group","VOLV-A.ST","91154","35.2211","Sweden"
"305","Bayer","BAYN.DE","90885","47.8892","Germany"
"306","iSoftStone Information Technology","301236.SZ","90759","5.75628","China"
"307","IQVIA","IQV","90000","175.28","United States"
"308","Marsh & McLennan Companies","MRSH","90000","172.85","United States"
"309","Mondelez International","MDLZ","90000","57.84","United States"
"310","Ramsay Health Care","RHC.AX","90000","28.7426","Australia"
"311","Heineken","HEIA.AS","90000","80.1887","Netherlands"
"312","Pick n Pay Stores","PIK.JO","90000","1.19865","South Africa"
"313","Danone","BN.PA","89528","79.6462","France"
"314","Deutsche Bank","DB","89426","33.67","Germany"
"315","Vodafone","VOD","88780","15.62","United Kingdom"
"316","BİM Birleşik Mağazalar","BIMAS.IS","88336","16.8101","Turkey"
"317","Grupo Carso","GCARSOA1.MX","88291","8.70435","Mexico"
"318","Scotiabank","BNS","87317","74.48","Canada"
"319","Kohl's","KSS","87000","13.62","United States"
"320","Swire Pacific","0019.HK","87000","11.0198","Hong Kong"
"321","Sendas Distribuidora (Assaí Atacadista)","ASAI3.SA","87000","2.03664","Brazil"
"322","Strabag","XD4.F","86883","107.193","Austria"
"323","Generali","G.MI","86851","43.3019","Italy"
"324","GAC (Guangzhou Automobile Group)","601238.SS","86451","1.06647","China"
"325","Tata Motors","TATAMOTORS.NS","86259","4.51722","India"
"326","Cisco","CSCO","86200","82.61","United States"
"327","Banco do Brasil","BBAS3.SA","85953","5.0926","Brazil"
"328","Lingyi iTECH","002600.SZ","85284","2.01705","China"
"329","China Eastern Airlines","600115.SS","85168","0.65719","China"
"330","Best Buy","BBY","85000","62.06","United States"
"331","TE Connectivity","TEL","85000","236.88","Switzerland"
"332","Great Wall Motors","601633.SS","84915","3.07618","China"
"333","LTIMindtree","LTIM.NS","84307","48.3667","India"
"334","MercadoLibre","MELI","84207","1840.66","Argentina"
"335","Glencore","GLCNF","84146","7.7","Switzerland"
"336","MinebeaMitsumi","6479.T","83886","18.1101","Japan"
"337","TSMC","TSM","83825","379.89","Taiwan"
"338","Schaeffler","SHA0.DE","83793","9.15094","Germany"
"339","China Shenhua Energy","601088.SS","83351","6.69366","China"
"340","Philip Morris International","PM","83100","159.47","United States"
"341","Sanofi","SNY","82878","47.64","France"
"342","Banco Bradesco","BBD","82147","4.11","Brazil"
"343","Gap Inc.","GAP","82000","24.91","United States"
"344","Canara Bank","CANBK.NS","81260","1.4902","India"
"345","Bank Rakyat Indonesia","BBRI.JK","81171","0.200817","Indonesia"
"346","Pfizer","PFE","81000","27.11","United States"
"347","Bloomin' Brands","BLMN","81000","6.41","United States"
"348","Standard Chartered","STAN.L","80946","23.9203","United Kingdom"
"349","Sea Limited","SE","80700","85.6","Singapore"
"350","Bertelsmann SE & Co. KGaA","BTG.F","80418","141.975","Germany"
"351","Bureau Veritas","BVI.PA","80283","32.7358","France"
"352","Morgan Stanley","MS","80000","183.34","United States"
"353","Sime Darby Plantation","5285.KL","80000","1.52168","Malaysia"
"354","Shriram Transport Finance","SHRIRAMFIN.NS","79872","10.7826","India"
"355","Cement Roadstone Holding","CRH","79800","117.41","Ireland"
"356","JD Sports Fashion","JD.L","79717","1.01337","United Kingdom"
"357","Compagnie de l'Odet","ODET.PA","79405","1620.28","France"
"358","Bolloré","BOL.PA","79405","5.85377","France"
"359","Camellia Plc","CAM.L","79254","66.0835","United Kingdom"
"360","Kyocera","6971.T","79185","16.3765","Japan"
"361","Crédit Agricole","ACA.PA","78823","20.4776","France"
"362","Alstom","ALO.PA","78684","26.934","France"
"363","Nokia","NOK","78434","10.35","Finland"
"364","Novo Nordisk","NVO","78387","39.32","Denmark"
"365","Eiffage","FGR.PA","78200","165.507","France"
"366","Thales","HO.PA","78189","314.858","France"
"367","Bank of Baroda","BANKBARODA.NS","78122","2.96085","India"
"368","Yankuang Energy (Yanzhou Coal Mining)","600188.SS","77957","2.77105","China"
"369","Toyota Industries","6201.T","77824","128.621","Japan"
"370","Nike","NKE","77800","44.2","United States"
"371","Falabella","FALABELLA.SN","77781","6.6321","Chile"
"372","Mitsubishi Heavy Industries","7011.T","77697","28.6879","Japan"
"373","Cracker Barrel","CBRL","77600","27.86","United States"
"374","Kühne + Nagel","KNIN.SW","77130","233.231","Switzerland"
"375","Grupo Aval","AVAL","77043","4.74","Colombia"
"376","Amcor","AMCR","77000","41.01","Switzerland"
"377","GE Vernova","GEV","76800","987.5","United States"
"378","Air France-KLM","AF.PA","76566","11.934","France"
"379","Capital One","COF","76500","199.84","United States"
"380","Salesforce","CRM","76453","171.31","United States"
"381","Nippon Express","9147.T","76389","24.1887","Japan"
"382","DaVita","DVA","76000","149.45","United States"
"383","Mitie Group PLC","MTO.L","76000","2.51986","United Kingdom"
"384","Meta Platforms (Facebook)","META","75945","662.49","United States"
"385","Novartis","NVS","75883","153.38","Switzerland"
"386","Union Bank of India","UNIONBANK.NS","75866","1.9832","India"
"387","Deere &amp; Company (John Deere)","DE","75800","596.04","United States"
"388","AutoZone","AZO","75600","3508.5","United States"
"389","Seiko Epson Corporation","6724.T","75352","13.3529","Japan"
"390","American Express","AXP","75100","326.96","United States"
"391","Sysco","SYY","75000","74.04","United States"
"392","Bandhan Bank","BANDHANBNK.NS","75000","1.79045","India"
"393","Omnicom Group","OMC","74900","76.48","United States"
"394","Kingfisher","KGF.L","74525","4.12785","United Kingdom"
"395","Tenet Healthcare","THC","74480","196.6","United States"
"396","DSV","DSV.VI","73402","260.967","Denmark"
"397","Emerson","EMR","73000","144.56","United States"
"398","Merck","MRK","73000","119.96","United States"
"399","Kyndryl","KD","73000","13.16","United States"
"400","China Resources Pharmaceutical Group","3320.HK","72986","0.79889","Hong Kong"
"401","Gree Electric Appliances","000651.SZ","72808","5.48636","China"
"402","WSP Global","WSP.TO","72600","163.635","Canada"
"403","Murata Manufacturing (Murata Seisakusho)","6981.T","72572","28.1782","Japan"
"404","Suzuki Motor","7269.T","72372","11.7105","Japan"
"405","Fujifilm","4901.T","72254","19.7462","Japan"
"406","Southwest Airlines","LUV","72242","41.26","United States"
"407","Otis Worldwide","OTIS","72000","81.9","United States"
"408","Siemens Healthineers","SHL.DE","72000","45.1533","Germany"
"409","Grupo Elektra","XEKT.MC","71581","20.4009","Mexico"
"410","The Cigna Group","CI","71295","272.6","United States"
"411","Atos","ATO.PA","71279","40.7311","France"
"412","Apollo Hospitals","APOLLOHOSP.NS","71113","80.7167","India"
"413","TCL Technology Group Corporation","000100.SZ","71067","0.639587","China"
"414","Arca Continental","AC.MX","70877","12.0475","Mexico"
"415","Multiplan Empreendimentos Imobiliários","MULT3.SA","70416","6.88645","Brazil"
"416","Schindler Group","SCHN.SW","70162","336.022","Switzerland"
"417","Becton Dickinson","BDX","70000","155.73","United States"
"418","T-Mobile US","TMUS","70000","190","United States"
"419","LabCorp","LH","70000","268.87","United States"
"420","U.S. Bancorp","USB","70000","56.09","United States"
"421","Saudi Aramco","2222.SR","70000","7.29172","Saudi Arabia"
"422","Adient","ADNT","70000","20.53","Ireland"
"423","IHH Healthcare","Q0F.SI","70000","2.21831","Malaysia"
"424","Clariane","CLARI.PA","70000","4.41745","France"
"425","Country Garden","2007.HK","69932","0.0382855","China"
"426","Coca-Cola","KO","69700","75.9","United States"
"427","E.ON","EOAN.DE","69668","22.9599","Germany"
"428","Cummins","CMI","69600","615.56","United States"
"429","Toyota Tsusho","8015.T","69517","39.2847","Japan"
"430","Lenovo","0992.HK","69500","1.33616","Hong Kong"
"431","UniCredit","UCG.MI","69294","82.9717","Italy"
"432","Brinker International","EAT","68852","159.25","United States"
"433","East Japan Railway","9020.T","68769","22.3009","Japan"
"434","Industrial Bank","601166.SS","68716","2.73878","China"
"435","GSK plc","GSK","68629","59.18","United Kingdom"
"436","Rentokil Initial","RTO","68485","34.52","United Kingdom"
"437","ZTE","000063.SZ","68375","5.21645","China"
"438","Goodyear","GT","68000","6.84","United States"
"439","New Oriental","EDU","67935","56.46","China"
"440","PKN Orlen","PKN.WA","67809","35.5668","Poland"
"441","Dentsu","4324.T","67667","19.3875","Japan"
"442","Philips","PHG","67263","29.09","Netherlands"
"443","Inditex","ITX.MC","67195","62.5708","Spain"
"444","Automatic Data Processing","ADP","67000","195.08","United States"
"445","Tingyi (master kang)","0322.HK","66807","1.70115","China"
"446","Mitsubishi Chemical Holdings","4188.T","66358","6.2756","Japan"
"447","Progressive","PGR","66308","196.59","United States"
"448","Brink's","BCO","66100","106.66","United States"
"449","Acciona","ANA.MC","66021","283.726","Spain"
"450","Hapvida","HAPV3.SA","66000","2.61854","Brazil"
"451","China Resources Land","1109.HK","65785","3.93575","Hong Kong"
"452","Komatsu","6301.T","65738","45.3067","Japan"
"453","Persol Holdings","2181.T","65730","1.49575","Japan"
"454","Humana","HUM","65680","196.21","United States"
"455","CITIC Bank","601998.SS","65466","1.22636","China"
"456","SoftBank","9984.T","65352","27.4483","Japan"
"457","International Paper","IP","65000","36.54","United States"
"458","ALSOK","2331.T","64982","7.76821","Japan"
"459","Linde","LIN","64842","499.65","United Kingdom"
"460","Secom","9735.T","64744","37.8437","Japan"
"461","Vale","VALE","64616","17.68","Brazil"
"462","Turkish Airlines","THYAO.IS","64570","7.24267","Turkey"
"463","Assa Abloy","ASSA-B.ST","64460","40.122","Sweden"
"464","Dollar Tree","DLTR","64434","100.67","United States"
"465","Air Liquide","AI.PA","64124","220.849","France"
"466","Geely","0175.HK","64000","3.09347","China"
"467","Marks &amp; Spencer","MKS.L","64000","4.84432","United Kingdom"
"468","Sherwin-Williams","SHW","63890","333.6","United States"
"469","KONE","KNEBV.HE","63852","68.2783","Finland"
"470","China Minsheng Bank","600016.SS","63490","0.54717","China"
"471","Holcim Group","HOLN.SW","63448","92.8571","Switzerland"
"472","Yili Group","600887.SS","63414","3.78471","China"
"473","Aluminum Corporation of China","601600.SS","63133","1.81167","China"
"474","Hyundai","005380.KS","63018","346.529","South Korea"
"475","Genuine Parts Company","GPC","63000","109.9","United States"
"476","Shanghai Pudong Development Bank","600000.SS","62987","1.47721","China"
"477","TotalEnergies","TTE","62796","90.99","France"
"478","Sabancı Holding","SAHOL.IS","62786","2.24657","Turkey"
"479","Eurofins Scientific","ERF.PA","62696","80.7547","Luxembourg"
"480","Merck KGaA","MRK.DE","62345","137.441","Germany"
"481","China Taiping Insurance","0966.HK","62266","2.85099","Hong Kong"
"482","JFE Holdings","5411.T","62218","11.4934","Japan"
"483","Pilgrim's Pride","PPC","62200","35.09","United States"
"484","Steel Authority of India","SAIL.NS","62181","1.8028","India"
"485","Mitsubishi Corporation","8058.T","62062","31.5385","Japan"
"486","EPAM Systems","EPAM","62050","127.41","United States"
"487","7-Eleven","3382.T","62012","12.4562","Japan"
"488","Fomento de Construcciones y Contratas","FCC.MC","61791","13.5377","Spain"
"489","Waste Management","WM","61700","227.09","United States"
"490","NatWest Group","NWG","61651","17.04","United Kingdom"
"491","3M","MMM","61500","152.55","United States"
"492","TaskUs","TASK","61400","6.78","United States"
"493","KDDI","9433.T","61288","16.4394","Japan"
"494","Lloyds Banking Group","LYG","61228","5.6","United Kingdom"
"495","Hewlett Packard Enterprise","HPE","61000","24.47","United States"
"496","Exxon Mobil","XOM","61000","149.24","United States"
"497","Danaher","DHR","61000","198.61","United States"
"498","Enel","ENEL.MI","60905","11.6521","Italy"
"499","Indra Sistemas","IDR.MC","60598","61.4151","Spain"
"500","Centene","CNC","60500","37.26","United States"
"501","Anta Sports","2020.HK","60500","10.7327","China"
"502","Fast Retailing","9983.T","60454","465.4","Japan"
"503","Leonardo","LDO.MI","60288","67.842","Italy"
"504","Aon","AON","60000","323.02","United Kingdom"
"505","MGM Resorts","MGM","60000","36.73","United States"
"506","Rio Tinto","RIO","60000","98.87","United Kingdom"
"507","Zurich Insurance Group","ZURN.SW","60000","707.373","Switzerland"
"508","ING","ING","60000","29.37","Netherlands"
"509","Aditya Birla Capital","ABCAPITAL.NS","60000","3.62374","India"
"510","Hikvision","002415.SZ","59689","4.88785","China"
"511","EXL Service","EXLS","59500","30.72","United States"
"512","Dai-ichi Life Holdings","8750.T","59495","9.41057","Japan"
"513","Autoliv","ALV","59241","110.48","Sweden"
"514","China Resources Gas Group","1193.HK","58608","2.38391","Hong Kong"
"515","Quanta Services","PWR","58400","594.4","United States"
"516","HP","HPQ","58000","18.99","United States"
"517","Parker-Hannifin","PH","57950","985","United States"
"518","Sibanye-Stillwater","SBSW","57857","13.41","South Africa"
"519","Siam Cement","SCC.BK","57814","6.70006","Thailand"
"520","Avolta AG","AVOL.SW","57679","65.7322","Switzerland"
"521","Infineon","IFX.DE","57397","52.4233","Germany"
"522","RaiaDrogasil","RADL3.SA","57295","4.85382","Brazil"
"523","Huaneng Power International","600011.SS","57069","1.02686","China"
"524","Baker Hughes","BKR","57000","61.49","United States"
"525","ALTEN","ATE.PA","57000","63.0896","France"
"526","Elis","ELIS.PA","56757","31.1085","France"
"527","Hong Kong and China Gas","0003.HK","56444","0.934166","Hong Kong"
"528","TUI","TUI1.F","56370","8.64151","Germany"
"529","Corning","GLW","56300","172.82","United States"
"530","Tongwei Co.,Ltd","600438.SS","55724","2.56568","China"
"531","Zijin Mining","601899.SS","55690","5.1431","China"
"532","Anglo American","AAL.L","55542","48.511","United Kingdom"
"533","Arthur J. Gallagher & Co.","AJG","55493","219.91","United States"
"534","Atlas Copco","ATCO-B.ST","55248","17.6051","Sweden"
"535","Chongqing Changan","000625.SZ","55119","1.47721","China"
"536","AbbVie","ABBV","55000","210.26","United States"
"537","Allstate","ALL","55000","214.88","United States"
"538","Quest Diagnostics","DGX","55000","194.16","United States"
"539","CK Asset Holdings","1113.HK","55000","6.20225","Hong Kong"
"540","World Holdings","2429.T","54931","16.5936","Japan"
"541","Larsen &amp; Toubro","LT.NS","54596","42.4636","India"
"542","Yamaha Motor","7272.T","54206","7.38436","Japan"
"543","Genting Berhad","3182.KL","54000","0.601065","Malaysia"
"544","Banco Santander Brasil","BSBR","53918","6.45","Brazil"
"545","Shimao Property","0813.HK","53836","0.022078","Hong Kong"
"546","Migros Ticaret A.S.","MGROS.IS","53748","14.5077","Turkey"
"547","Cathay Financial Holding","2882.TW","53743","2.301","Taiwan"
"548","Toppan","7911.T","53712","28.1216","Japan"
"549","AGC","5201.T","53687","35.5154","Japan"
"550","Mitsui Bussan","8031.T","53602","37.4976","Japan"
"551","Bank of Montreal","BMO","53597","148.39","Canada"
"552","Japan Tobacco","2914.T","53593","36.969","Japan"
"553","PNC Financial Services","PNC","53175","221.2","United States"
"554","Cardinal Health","CAH","53084","214.95","United States"
"555","Boston Scientific","BSX","53000","63.82","United States"
"556","General Electric","GE","53000","318","United States"
"557","Stryker Corporation","SYK","53000","345.88","United States"
"558","Conduent","CNDT","53000","1.5","United States"
"559","GE HealthCare Technologies","GEHC","53000","74.67","United States"
"560","Amentum","AMTM","53000","27.48","United States"
"561","International Consolidated Airlines","BABWF","52762","5.23","Spain"
"562","Furukawa Electric","5801.T","52757","283.859","Japan"
"563","Mizuho Financial Group","MFG","52554","8.69","Japan"
"564","SG Holdings","9143.T","52309","9.68115","Japan"
"565","Kubota","6326.T","52094","17.2637","Japan"
"566","State Street Corporation","STT","52014","141.78","United States"
"567","SPIE","SPIE.PA","52002","56.1792","France"
"568","Tractor Supply","TSCO","52000","45.02","United States"
"569","Hyatt Hotels","H","52000","162.98","United States"
"570","Cushman &amp; Wakefield","CWK","52000","14.05","United States"
"571","Dino Polska","DNP.WA","51674","9.68764","Poland"
"572","Recruit","6098.T","51373","44.6397","Japan"
"573","China National Chemical Engineering (CNCEC)","601117.SS","51001","1.27624","China"
"574","AECOM","ACM","51000","85.14","United States"
"575","SIMPAR","SIMH3.SA","51000","2.29147","Brazil"
"576","Cencora","COR","51000","319.9","United States"
"577","Sopra Steria Group","SOP.PA","50988","147.288","France"
"578","Anhui Conch Cement","AHCHF","50769","2.8","China"
"579","Ryder","R","50700","219.83","United States"
"580","HeidelbergCement","HEI.DE","50692","224.587","Germany"
"581","Bank of India","BANKINDIA.NS","50564","1.55677","India"
"582","Standard Bank Group","SBK.JO","50316","20.0184","South Africa"
"583","Fujikura","5803.T","50254","35.9181","Japan"
"584","Fidelity National Information Services","FIS","50000","46.98","United States"
"585","TTEC","TTEC","50000","2.79","United States"
"586","Gildan","GIL","50000","58.35","Canada"
"587","Caesars Entertainment","CZR","50000","26.56","United States"
"588","Serco Group","SRP.L","50000","4.05729","United Kingdom"
"589","Mitchells &amp; Butlers plc","MAB.L","50000","3.7384","United Kingdom"
"590","BNY Mellon (Bank of New York Mellon)","BK","49900","130.51","United States"
"591","CIBC (Canadian Imperial Bank of Commerce)","CM","49761","106.14","Canada"
"592","FirstRand","FSR.JO","49751","5.49311","South Africa"
"593","Commonwealth Bank","CBA.AX","49682","130.231","Australia"
"594","STMicroelectronics","STM","49602","40.9","Switzerland"
"595","China Merchants Shekou Industrial Zone","001979.SZ","49501","1.2601","China"
"596","Asahi Kasei","3407.T","49295","9.95803","Japan"
"597","QUALCOMM","QCOM","49000","132.84","United States"
"598","Willis Towers Watson","WTW","49000","288.48","United Kingdom"
"599","SATS","S58.SI","49000","2.81615","Singapore"
"600","SSP Group","SSPG.L","49000","2.6067","United Kingdom"
"601","British American Tobacco","BTI","48989","57.51","United Kingdom"
"602","Mazda","7261.T","48783","6.796","Japan"
"603","Daiwa House","1925.T","48483","30.9784","Japan"
"604","Sompo Holdings","8630.T","48421","37.0634","Japan"
"605","Cintas","CTAS","48300","176.14","United States"
"606","FPT Corporation","FPT.VN","48162","2.90053","Vietnam"
"607","Toray Industries","3402.T","48140","7.2239","Japan"
"608","Halliburton","HAL","48000","37.51","United States"
"609","Micron Technology","MU","48000","465.66","United States"
"610","Stanley Black &amp; Decker","SWK","48000","72.19","United States"
"611","Carrier Global","CARR","48000","64.66","United States"
"612","Ecolab","ECL","48000","273.13","United States"
"613","China Everbright Bank","601818.SS","47982","0.470889","China"
"614","The Cheesecake Factory","CAKE","47900","61.26","United States"
"615","Voestalpine","VAS.F","47724","50.1179","Austria"
"616","Mobico Group","MCG.L","47700","0.315898","United Kingdom"
"617","EMEIS","EMEIS.PA","47658","15.7901","France"
"618","WEG ON","WEGE3.SA","47529","10.414","Brazil"
"619","Pepco Group","PCO.WA","47487","7.76458","United Kingdom"
"620","Samvardhana Motherson","MOTHERSON.NS","47456","1.27907","India"
"621","Takeda Pharmaceutical","TAK","47455","17.85","Japan"
"622","Techtronic Industries","0669.HK","47224","14.6123","Hong Kong"
"623","Telecom Italia","TIT.MI","47161","0.775708","Italy"
"624","Henkel","HEN3.DE","47150","77.3113","Germany"
"625","Fairfax Financial","FFH.TO","47040","1739.16","Canada"
"626","Eli Lilly","LLY","47000","922.5","United States"
"627","Leidos","LDOS","47000","156.17","United States"
"628","LKQ Corporation","LKQ","47000","30.31","United States"
"629","L3Harris Technologies","LHX","47000","355.56","United States"
"630","Toyota Boshoku Corporation","3116.T","46972","15.3508","Japan"
"631","China Coal Energy Company Limited","601898.SS","46452","2.4718","China"
"632","Baosteel","600019.SS","46048","0.937376","China"
"633","Adidas","ADS.DE","46045","162.618","Germany"
"634","PPG Industries","PPG","46000","110.54","United States"
"635","Goldman Sachs","GS","45900","909.63","United States"
"636","Erste Group Bank","EBO.F","45856","123.939","Austria"
"637","JTEKT Corporation","6473.T","45717","11.0781","Japan"
"638","NIO","NIO","45635","6.58","China"
"639","Xiaomi","XIACF","45527","3.995","China"
"640","Sichuan Changhong Electric","600839.SS","45376","1.3936","China"
"641","Chevron","CVX","45298","187.02","United States"
"642","Isuzu","7202.T","45034","14.9984","Japan"
"643","CaixaBank","CABK.MC","45005","12.7005","Spain"
"644","Jacobs Engineering","J","45000","125.41","United States"
"645","MetLife","MET","45000","76.04","United States"
"646","Community Health Systems","CYH","45000","3.07","United States"
"647","Constellation Software","CSU.TO","45000","1826.86","Canada"
"648","Trane Technologies","TT","45000","470.57","Ireland"
"649","Intertek","ITRK.L","45000","58.4575","United Kingdom"
"650","Iberdrola","IBE.MC","44701","23.5731","Spain"
"651","Kering","KER.PA","44627","330.189","France"
"652","Prosegur Cash","CASH.MC","44461","0.742924","Spain"
"653","West Japan Railway","9021.T","44366","19.1547","Japan"
"654","Kintetsu GHD","9041.T","44318","20.9921","Japan"
"655","Maybank","MLYBY","44117","5.78","Malaysia"
"656","BDO Unibank","BDOUY","44044","20.32","Philippines"
"657","Huntington Ingalls Industries","HII","44000","398.07","United States"
"658","Illinois Tool Works","ITW","44000","272.25","United States"
"659","Whirlpool","WHR","44000","55.27","United States"
"660","Almarai","2280.SR","43918","11.6092","Saudi Arabia"
"661","Kerry Logistics Network","0636.HK","43903","0.85249","Hong Kong"
"662","Tokio Marine","8766.T","43870","43.2175","Japan"
"663","KinderCare Learning Companies","KLC","43690","3","United States"
"664","ENEOS Holdings","5020.T","43683","8.85368","Japan"
"665","Munich RE (Münchener Rück)","MUV2.DE","43615","661.321","Germany"
"666","Sharp Corporation","6753.T","43445","3.73214","Japan"
"667","ASML","ASML","43193","1518.3","Netherlands"
"668","ANZ Bank","ANZ.AX","43094","27.1495","Australia"
"669","Chubb","CB","43000","325.74","Switzerland"
"670","McKesson","MCK","43000","862.79","United States"
"671","Ambev","ABEV","43000","3.14","Brazil"
"672","Life Time Group","LTH","43000","27.98","United States"
"673","Raiffeisen Bank International","RAW.F","42948","53.8443","Austria"
"674","Hochtief","HOT.F","42717","546.226","Germany"
"675","Delivery Hero","DHER.F","42711","20.2594","Germany"
"676","AIER Eye Hospital","300015.SZ","42693","1.41267","China"
"677","Cemex","CX","42587","11.82","Mexico"
"678","Performance Food Group","PFGC","42570","89.59","United States"
"679","PGE Polska","PGE.WA","42552","3.07661","Poland"
"680","KION Group","KGX.DE","42518","53.6557","Germany"
"681","Archer Daniels Midland (ADM)","ADM","42383","68.84","United States"
"682","S&P Global","SPGI","42350","425.24","United States"
"683","J D Wetherspoon","JDW.L","42009","8.69127","United Kingdom"
"684","Republic Services","RSG","42000","211.73","United States"
"685","Volvo Car","VOLCAR-B.ST","42000","2.48421","Sweden"
"686","Fubon Financial","2881.TW","41924","2.77892","Taiwan"
"687","Mohawk Industries","MHK","41900","105.58","United States"
"688","Guangdong HAID Group","002311.SZ","41821","7.1132","China"
"689","Petrobras","PBR","41778","21.01","Brazil"
"690","Norwegian Cruise Line","NCLH","41700","21.09","United States"
"691","Sandvik","SAND.ST","41400","43.6027","Sweden"
"692","Rolls-Royce Holdings","RR.L","41400","17.8059","United Kingdom"
"693","Ceconomy","CEC.DE","41365","4.97642","Germany"
"694","Arçelik","ARCLK.IS","41342","2.63329","Turkey"
"695","New Hope Liuhe","000876.SZ","41327","1.29091","China"
"696","ANA Holdings","9202.T","41225","18.129","Japan"
"697","Maximus","MMS","41100","68.2","United States"
"698","Trip.com","TCOM","41073","52.57","China"
"699","Mengniu Dairy","2319.HK","41058","2.17972","China"
"700","Ping An Bank","000001.SZ","41011","1.64151","China"
"701","Sonic Healthcare","SHL.AX","41000","14.5335","Australia"
"702","Coca-Cola European Partners","CCEP","41000","96.43","United Kingdom"
"703","DBS Group","D05.SI","41000","45.3258","Singapore"
"704","Electrolux","ELUX-A.ST","41000","7.1471","Sweden"
"705","B&M European Value Retail","BME.L","40641","2.34753","Luxembourg"
"706","Gestamp Automoción","GEST.MC","40566","3.76179","Spain"
"707","Fosun Pharma","600196.SS","40557","3.89767","China"
"708","Worley","WOR.AX","40555","8.25392","Australia"
"709","Brother Industries","6448.T","40538","19.4378","Japan"
"710","Estee Lauder","EL","40470","76.42","United States"
"711","Emcor","EME","40400","814.18","United States"
"712","BCE Inc.","BCE","40390","23.85","Canada"
"713","Savills","SVS.L","40267","11.1948","United Kingdom"
"714","Shanghai Electric Group","601727.SS","40260","1.18236","China"
"715","OTP Bank","OTP.BD","40241","142.802","Hungary"
"716","Indian Bank","INDIANB.NS","40071","10.3789","India"
"717","Western Digital","WDC","40000","366.22","United States"
"718","Yum! Brands","YUM","40000","161.57","United States"
"719","Sun Hung Kai Properties","0016.HK","40000","17.6624","Hong Kong"
"720","Randstad","RAND.AS","40000","26.2028","Netherlands"
"721","Magazine Luíza","MGLU3.SA","40000","1.85605","Brazil"
"722","National Australia Bank","NAB.AX","39976","31.8966","Australia"
"723","Las Vegas Sands","LVS","39900","55.52","United States"
"724","ICON plc","ICLR","39900","113.06","Ireland"
"725","Want Want China","0151.HK","39887","0.569177","Hong Kong"
"726","Impala Platinum","IMP.JO","39837","16.0386","South Africa"
"727","BOSCH India","BOSCHLTD.NS","39769","393.194","India"
"728","Kawasaki Heavy Industries","7012.T","39689","20.9669","Japan"
"729","United Tractors","UNTR.JK","39667","1.83012","Indonesia"
"730","LATAM Airlines","LTM","39657","54.09","Chile"
"731","Porsche","P911.DE","39463","51.0495","Germany"
"732","WuXi AppTec","2359.HK","39414","16.5393","China"
"733","BHP Group","BHP","39369","79.17","Australia"
"734","ENN Natural Gas Co.,Ltd.","600803.SS","39365","3.04977","China"
"735","The Ensign Group","ENSG","39300","198.45","United States"
"736","Dana Incorporated","DAN","39300","36.6","United States"
"737","Vivendi","VIV.PA","39200","2.50943","France"
"738","Commerzbank","CBK.F","39069","41.3325","Germany"
"739","lululemon athletica","LULU","39000","160.6","Canada"
"740","Olam","VC2.SI","39000","0.711903","Singapore"
"741","Toyoda Gosei","7282.T","38951","27.0644","Japan"
"742","Hua Xia Bank","600015.SS","38937","1.06793","China"
"743","Compagnie Financière Richemont","CFR.SW","38896","200.141","Switzerland"
"744","Bank Mandiri","BMRI.JK","38731","0.274372","Indonesia"
"745","Credicorp","BAP","38641","357.59","Bermuda"
"746","Nippon Paint","4612.T","38562","6.34923","Japan"
"747","AtkinsRéalis","ATRL.TO","38446","66.931","Canada"
"748","SKF (Svenska Kullagerfabriken)","SKF-B.ST","38426","26.4321","Sweden"
"749","BorgWarner","BWA","38300","53.69","United States"
"750","MS&amp;AD Insurance","8725.T","38247","25.4472","Japan"
"751","Kuala Lumpur Kepong","2445.KL","38231","5.41719","Malaysia"
"752","Tokyo Electric Power Company","9501.T","38183","3.9958","Japan"
"753","Nipro Corporation","8086.T","38117","10.3324","Japan"
"754","NOK Corporation","7240.T","38097","18.044","Japan"
"755","Kobe Steel","5406.T","38050","12.2202","Japan"
"756","Baxter","BAX","38000","17.59","United States"
"757","Fiserv","FISV","38000","59.02","United States"
"758","Kimberly-Clark","KMB","38000","97.16","United States"
"759","XPO Logistics","XPO","38000","212.66","United States"
"760","KBR","KBR","38000","36.36","United States"
"761","Sun Pharmaceutical","SUNPHARMA.NS","38000","17.7423","India"
"762","Ramsay Générale de Santé","GDS.PA","38000","11.9104","France"
"763","Estithmar Holding","IGRD.QA","38000","1.00412","Qatar"
"764","Truist Financial Corporation","TFC","37996","49.53","United States"
"765","Sumitomo Rubber Industries","5110.T","37995","13.3843","Japan"
"766","Prudential Financial","PRU","37936","98.76","United States"
"767","Fuyao Glass Industry Group","600660.SS","37910","8.61095","China"
"768","Reckitt Benckiser","RKT.L","37900","68.7432","United Kingdom"
"769","LONGi Green Energy Technology","601012.SS","37853","2.56275","China"
"770","Subaru","7270.T","37693","15.7598","Japan"
"771","Restaurant Brands International","QSR","37600","78.57","Canada"
"772","ITC","ITC.NS","37312","3.20708","India"
"773","Air Canada","AC.TO","37200","14.0223","Canada"
"774","Broadcom","AVGO","37000","380.78","United States"
"775","Manulife Financial","MFC","37000","37.85","Canada"
"776","Teva Pharmaceutical Industries","TEVA","37000","31.77","Israel"
"777","Pandora","PNDORA.CO","37000","78.2113","Denmark"
"778","Bunge Global SA","BG","37000","122.33","United States"
"779","BrightSpring Health Services","BTSG","37000","46.04","United States"
"780","Sonae","SON.LS","36979","2.35377","Portugal"
"781","Dai Nippon Printing","7912.T","36911","18.7016","Japan"
"782","Japan Airlines","9201.T","36500","16.0902","Japan"
"783","Indofood CBP","ICBP.JK","36445","0.424694","Indonesia"
"784","Lufax","LU","36215","1.94","China"
"785","Applied Materials","AMAT","36100","395.64","United States"
"786","Türk Telekom","TTKOM.IS","36054","1.40159","Turkey"
"787","NVIDIA","NVDA","36000","196.51","United States"
"788","Dow","DOW","36000","39.16","United States"
"789","Kraft Heinz","KHC","36000","22.11","United States"
"790","MasTec","MTZ","36000","365.89","United States"
"791","RELX","RELX","36000","34.71","United Kingdom"
"792","Essity","ESSITY-B.ST","36000","26.944","Sweden"
"793","Iveco Group","IVG.MI","36000","22.6769","Italy"
"794","Vestas Wind Systems","VWS.CO","35927","31.3113","Denmark"
"795","Baidu","BIDU","35900","118.23","China"
"796","Hindalco Industries","HINDALCO.NS","35869","10.505","India"
"797","CNH Industrial","CNH","35850","11.49","United Kingdom"
"798","Hoya","7741.T","35702","188.778","Japan"
"799","HELLA","HLE.F","35697","85.4953","Germany"
"800","PostNL","PNL.AS","35647","1.29127","Netherlands"
"801","Konica Minolta","4902.T","35631","3.69942","Japan"
"802","Zhejiang Chint Electrics","601877.SS","35476","4.99641","China"
"803","Bajaj Finance","BAJFINANCE.NS","35425","9.65346","India"
"804","Dole PLC","DOLE","35371","15.39","Ireland"
"805","Otsuka Holdings","4578.T","35338","66.0722","Japan"
"806","Mastercard","MA","35300","513.16","United States"
"807","Healthcare Services Group","HCSG","35300","19.03","United States"
"808","Knight-Swift Transportation","KNX","35300","61.99","United States"
"809","Bpost","13B.F","35289","2.16509","Belgium"
"810","Nippon Yūsen","9101.T","35243","38.0954","Japan"
"811","ENN Energy","2688.HK","35197","8.091","China"
"812","Avery Dennison","AVY","35000","170.85","United States"
"813","Sprouts Farmers Market","SFM","35000","75.19","United States"
"814","Yageo","2327.TW","35000","10.2706","Taiwan"
"815","Ferguson Enterprises","FERG","35000","258.86","United Kingdom"
"816","John Wood Group","WG.L","35000","0.398944","United Kingdom"
"817","Warner Bros. Discovery","WBD","35000","27.37","United States"
"818","Ventia Services Group","VNT.AX","35000","3.5603","Australia"
"819","Hainan Airlines","900945.SS","34906","0.249","China"
"820","Ajinomoto","2802.T","34860","29.2102","Japan"
"821","Masan Group","MSN.VN","34835","2.96128","Vietnam"
"822","Kweichow Moutai","600519.SS","34750","213.998","China"
"823","Harmony Gold","HMY","34715","17.08","South Africa"
"824","Capita plc","CPI.L","34500","3.71805","United Kingdom"
"825","Smithfield Foods","SFD","34500","28.8","United States"
"826","The Yokohama Rubber Company","5101.T","34198","39.7629","Japan"
"827","Kia","000270.KS","34178","103.619","South Korea"
"828","Westpac Banking","WBC.AX","34168","29.2451","Australia"
"829","Bristol-Myers Squibb","BMY","34100","58.08","United States"
"830","AkzoNobel","AKZA.AS","34100","60.7547","Netherlands"
"831","Hino Motors","7205.T","34072","2.43523","Japan"
"832","NOV","NOV","34010","19.1","United States"
"833","Texas Instruments","TXN","34000","218.87","United States"
"834","Colgate-Palmolive","CL","34000","84.16","United States"
"835","Textron","TXT","34000","92.65","United States"
"836","The Travelers Companies","TRV","34000","299.59","United States"
"837","Mattel","MAT","34000","14.55","United States"
"838","CIMB Group","1023.KL","34000","1.90971","Malaysia"
"839","Grupo Cibest (Bancolombia)","CIB","33993","77.45","Colombia"
"840","ORIX","IX","33982","31.68","Japan"
"841","Ternium","TX","33949","43.21","Luxembourg"
"842","Sunny Optical","2382.HK","33884","7.93147","China"
"843","KGHM Polska Miedź","KGH.WA","33882","88.1656","Poland"
"844","Jinko Solar","JKS","33830","24.13","China"
"845","Fresh Del Monte Produce","FDP","33798","41.6","Cayman Islands"
"846","Luckin Coffee","LKNCY","33795","33.72","China"
"847","Prysmian Group","PRY.MI","33740","143.868","Italy"
"848","LG Electronics","066570.KS","33716","83.9143","South Korea"
"849","Asseco","ACP.WA","33716","50.5672","Poland"
"850","OCBC Bank","O39.SI","33656","18.0611","Singapore"
"851","J. B. Hunt","JBHT","33646","229.61","United States"
"852","Swatch","UHR.SW","33602","238.863","Switzerland"
"853","Adecco Group","ADEN.SW","33597","23.7711","Switzerland"
"854","IndusInd Bank","INDUSINDBK.NS","33582","8.79384","India"
"855","Sika","SIKA.SW","33511","189.644","Switzerland"
"856","Aveanna Healthcare","AVAH","33500","6.63","United States"
"857","MTR Corporation","0066.HK","33405","4.33136","Hong Kong"
"858","Booz Allen Hamilton","BAH","33400","81.42","United States"
"859","TOTO","5332.T","33386","34.7917","Japan"
"860","Wanhua Chemical","600309.SS","33303","13.0529","China"
"861","ČEZ Group","CEZ.PR","33300","58.8897","Czech Republic"
"862","Bangkok Dusit Medical Services (BDMS)","BDMS.BK","33251","0.582342","Thailand"
"863","Great-West Lifeco","GWO.TO","33250","50.3017","Canada"
"864","Advance Auto Parts","AAP","33200","56.01","United States"
"865","Greggs","GRG.L","33146","22.3354","United Kingdom"
"866","NXP Semiconductors","NXPI","33100","209.89","Netherlands"
"867","General Mills","GIS","33000","34.7","United States"
"868","BJ's Wholesale Club","BJ","33000","91.72","United States"
"869","Kingboard Holdings","0148.HK","33000","5.04347","Hong Kong"
"870","Colruyt","COLR.BR","33000","40.2594","Belgium"
"871","IBEX","IBEX","33000","28.46","United States"
"872","Coca-Cola HBC","CCH.L","33000","60.1265","Switzerland"
"873","Legrand","LR.PA","32994","176.002","France"
"874","Banorte","GFNORTEO.MX","32966","11.3501","Mexico"
"875","Next plc","NXT.L","32931","183.188","United Kingdom"
"876","KBC","KBCSF","32764","138.1","Belgium"
"877","Nucor","NUE","32700","190.04","United States"
"878","Uber","UBER","32700","72.91","United States"
"879","CSL","CSL.AX","32698","99.4676","Australia"
"880","Norsk Hydro","NHY.OL","32614","11.391","Norway"
"881","Charles Schwab","SCHW","32600","98.38","United States"
"882","Telstra","TLS.AX","32579","3.84185","Australia"
"883","Kaō","4452.T","32566","37.9884","Japan"
"884","HDFC Life","HDFCLIFE.NS","32448","6.64827","India"
"885","PACS Group","PACS","32433","33.14","United States"
"886","COSCO Shipping","601919.SS","32415","2.22682","China"
"887","ENI","E","32356","55.39","Italy"
"888","Sekisui House","1928.T","32265","22.194","Japan"
"889","Groupe SEB","SK.PA","32237","56.6038","France"
"890","Carlsberg","CARL-B.CO","32098","131.367","Denmark"
"891","UOB","U11.SI","32071","29.6404","Singapore"
"892","Arcadis","ARCAD.AS","32059","36.2264","Netherlands"
"893","Vienna Insurance Group","WSV2.F","32055","79.0094","Austria"
"894","Bright Horizons","BFAM","32050","83.89","United States"
"895","Sanmina","SANM","32000","154.47","United States"
"896","Bed Bath &amp; Beyond","BBBY","32000","4.93","United States"
"897","Stantec","STN","32000","89.73","Canada"
"898","Linamar","LNR.TO","32000","64.5637","Canada"
"899","Frasers Group","FRAS.L","32000","9.09158","United Kingdom"
"900","Viatris","VTRS","32000","13.91","United States"
"901","Kirin Holdings","2503.T","31934","16.3135","Japan"
"902","Laureate Education","LAUR","31800","33.19","United States"
"903","Sun Life Financial","SLF","31768","67.13","Canada"
"904","Sinotrans Limited","601598.SS","31766","0.888967","China"
"905","Tenaga Nasional","TNABY","31729","14.45","Malaysia"
"906","National Grid","NGG","31654","88.95","United Kingdom"
"907","Powszechny Zakład Ubezpieczeń","PZU.WA","31617","19.0357","Poland"
"908","Whitbread","WTB.L","31613","34.1545","United Kingdom"
"909","Central Bank of India","CENTRALBK.NS","31610","0.377462","India"
"910","Evonik Industries","EVK.DE","31585","19.8349","Germany"
"911","Bilfinger","GBF.F","31584","133.255","Germany"
"912","ID Logistics Group","IDL.PA","31541","402.712","France"
"913","Gokaldas Exports","GOKEX.NS","31483","7.09177","India"
"914","KEPCO","9503.T","31437","15.9171","Japan"
"915","Pirelli","PIRC.MI","31391","7.11085","Italy"
"916","Grupo México","GMBXF","31333","11.85","Mexico"
"917","Indian Oil","IOC.NS","31254","1.515","India"
"918","Globant","GLOB","31102","46.29","Luxembourg"
"919","Li Auto","LI","31018","18.74","China"
"920","Vertiv Holdings","VRT","31000","310.51","United States"
"921","Intact Financial","IFC.TO","31000","186.095","Canada"
"922","Downer EDI Limited","DOW.AX","31000","5.44915","Australia"
"923","Citic Pacific Special Steel Group","000708.SZ","30960","2.44979","China"
"924","Mapfre","MAP.MC","30873","4.96226","Spain"
"925","Webuild S.p.A.","WBD.MI","30776","3.04481","Italy"
"926","Adobe","ADBE","30709","235.72","United States"
"927","Sankyu","9065.T","30672","56.4068","Japan"
"928","Nordea Bank","NDA-FI.HE","30343","19.1156","Finland"
"929","Regal Rexnord","RRX","30300","209.35","United States"
"930","Andritz","AZ2.F","30221","79.9528","Austria"
"931","Coherent Corp.","COHR","30216","313.42","United States"
"932","Terumo","4543.T","30207","13.6864","Japan"
"933","Paccar","PCAR","30100","125.43","United States"
"934","Astra Agro Lestari","AALI.JK","30025","0.478692","Indonesia"
"935","CarMax","KMX","30000","41.66","United States"
"936","Seagate Technology","STX","30000","533.44","Ireland"
"937","Tetra Tech","TTEK","30000","31.39","United States"
"938","FirstService","FSV","30000","149.15","Canada"
"939","Lithia Motors","LAD","30000","281.78","United States"
"940","US Foods","USFD","30000","92.47","United States"
"941","Select Medical Holdings","SEM","30000","16.38","United States"
"942","Gerdau","GGB","30000","4.27","Brazil"
"943","Cleveland-Cliffs","CLF","30000","9.45","United States"
"944","Sime Darby","4197.KL","30000","0.557951","Malaysia"
"945","Beijing Enterprises Holdings","0392.HK","30000","3.95106","Hong Kong"
"946","Saipem","SPM.MI","30000","4.92453","Italy"
"947","Victoria's Secret &amp; Co","VSCO","30000","48.55","United States"
"948","Yellow Corporation","YELLQ","30000","0.0004","United States"
"949","Callaway Golf Company","CALY","30000","14.34","United States"
"950","Endeavour Group","EDV.AX","30000","2.30939","Australia"
"951","FirstGroup","FGP.L","30000","2.41673","United Kingdom"
"952","EVE Energy","300014.SZ","29994","10.2759","China"
"953","Trina Solar","688599.SS","29975","2.40138","China"
"954","Union Pacific Corporation","UNP","29929","252.04","United States"
"955","OPmobility","OPM.PA","29891","18.7854","France"
"956","Tsingtao","600600.SS","29870","9.08624","China"
"957","Old Mutual","OMU.JO","29861","0.830732","South Africa"
"958","Alaska Airlines","ALK","29773","42.62","United States"
"959","AU Small Finance Bank","AUBANK.NS","29738","10.5136","India"
"960","Signify","LIGHT.AS","29697","23.2547","Netherlands"
"961","Diageo","DEO","29632","80.5","United Kingdom"
"962","Yakult","2267.T","29627","16.9648","Japan"
"963","Jiangsu Eastern Shenghong","000301.SZ","29526","1.68258","China"
"964","Rheinmetall","RHM.F","29515","1755.42","Germany"
"965","Wabtec","WAB","29500","268.29","United States"
"966","Topsports International","6110.HK","29458","0.358607","Hong Kong"
"967","Keurig Dr Pepper","KDP","29400","26.02","United States"
"968","Jubilant FoodWorks","JUBLFOOD.NS","29346","4.70243","India"
"969","Rakuten","4755.T","29334","4.94157","Japan"
"970","Central Japan Railway","9022.T","29282","27.2218","Japan"
"971","Sumitomo Chemical","4005.T","29279","3.34766","Japan"
"972","Unimicron","3037.TW","29235","19.5601","Taiwan"
"973","BIDV  (Commercial Bank for Investment and Development of Vietnam)","BID.VN","29228","1.54328","Vietnam"
"974","Muthoot Finance","MUTHOOTFIN.NS","29221","38.2541","India"
"975","Longfor Group","0960.HK","29116","1.0286","China"
"976","Bid Corp","BID.JO","29112","24.9575","South Africa"
"977","Aviva","AV.L","29091","8.66142","United Kingdom"
"978","Amdocs","DOX","29058","64.98","United States"
"979","Knorr-Bremse","KBX.DE","29051","121.816","Germany"
"980","Builders FirstSource","BLDR","29000","87.77","United States"
"981","APi Group","APG","29000","45.46","United States"
"982","Talanx","TLX.DE","29000","136.792","Germany"
"983","Petco","WOOF","29000","2.8","United States"
"984","Mitsubishi Motors","7211.T","28982","2.01678","Japan"
"985","Hoa Phat Group","HPG.VN","28951","1.07631","Vietnam"
"986","Seino Holdings","9076.T","28854","15.6969","Japan"
"987","Iron Mountain","IRM","28850","114.03","United States"
"988","Olympus","7733.T","28838","10.1342","Japan"
"989","EnBW Energie","EBK.DE","28836","79.2453","Germany"
"990","Visa","V","28800","311.37","United States"
"991","Jastrzebska Spólka Weglowa","JSW.WA","28798","7.62821","Poland"
"992","TechnoPro Holdings","6028.T","28746","31.1589","Japan"
"993","DSM-Firmenich","DSFIR.AS","28685","74.3868","Switzerland"
"994","Encompass Health","EHC","28678","106.7","United States"
"995","New China Life Insurance","601336.SS","28675","9.11705","China"
"996","National Bank of Canada","NA.TO","28665","144.544","Canada"
"997","Nexans","NEX.PA","28541","157.193","France"
"998","H World Group Limited","HTHT","28502","52.43","China"
"999","Freeport-McMoRan","FCX","28500","68.27","United States"
"1000","Omron","6645.T","28450","30.1101","Japan"
"1001","Burelle","BUR.PA","28442","461.085","France"
"1002","Meitetsu","9048.T","28412","11.2165","Japan"
"1003","PG&amp;E Corporation","PCG","28410","17.56","United States"
"1004","Penske Automotive Group","PAG","28400","157.27","United States"
"1005","Power Financial","PWF-PS.TO","28400","15.2568","Canada"
"1006","Chubu Electric Power","9502.T","28374","18.3555","Japan"
"1007","Babcock International Group","BAB.L","28343","17.1315","United Kingdom"
"1008","United Natural Foods","UNFI","28333","47.44","United States"
"1009","Southern Company","SO","28314","95.96","United States"
"1010","Amkor Technology","AMKR","28300","61.32","United States"
"1011","IHI Corporation","7013.T","28237","20.1048","Japan"
"1012","LY Corporation","4689.T","28196","2.70896","Japan"
"1013","Aéroports de Paris","ADP.PA","28174","133.491","France"
"1014","Asahi Group","2502.T","28173","10.2695","Japan"
"1015","Guangzhou Baiyunshan Pharmaceutical Holdings","600332.SS","28138","3.36663","China"
"1016","Gudang Garam","GGRM.JK","28033","0.843549","Indonesia"
"1017","AMD","AMD","28000","255.07","United States"
"1018","Amgen","AMGN","28000","350.95","United States"
"1019","Wynn Resorts","WYNN","28000","105.59","United States"
"1020","Datang International Power Generation Company","601991.SS","27969","0.569174","China"
"1021","Shiseido","4911.T","27908","20.1111","Japan"
"1022","United Rentals","URI","27900","771.01","United States"
"1023","Österreichische Post","POST.VI","27870","40.1533","Austria"
"1024","Dr. Reddy's Laboratories","RDY","27811","13.13","India"
"1025","IDFC FIRST Bank","IDFCFIRSTB.NS","27804","0.696506","India"
"1026","Bank Central Asia","BBCA.JK","27758","0.389667","Indonesia"
"1027","Sasol","SSL","27678","12.8","South Africa"
"1028","Signet Jewelers","SIG","27595","93.38","Bermuda"
"1029","Yes Bank","YESBANK.NS","27517","0.202745","India"
"1030","Fuji Electric","6504.T","27391","73.0885","Japan"
"1031","LG Display","LPL","27352","4.56","South Korea"
"1032","Flutter Entertainment","FLUT","27345","106.76","Ireland"
"1033","Balfour Beatty","BBY.L","27311","11.1202","United Kingdom"
"1034","Remgro Limited","REM.JO","27298","12.1824","South Africa"
"1035","Shin-Etsu Chemical","4063.T","27274","42.475","Japan"
"1036","VPBank (Vietnam Prosperity Joint Stock Commercial Bank)","VPB.VN","27273","1.05163","Vietnam"
"1037","Nomura Holdings","NMR","27242","8.51","Japan"
"1038","Bank Negara Indonesia","BBNI.JK","27197","0.216579","Indonesia"
"1039","Oil &amp; Natural Gas","ONGC.NS","27165","3.08788","India"
"1040","Kunlun Energy Company","0135.HK","27138","0.93927","Hong Kong"
"1041","Televisa","TV","27077","2.9","Mexico"
"1042","DKSH Holding","DKSH.SW","27062","75.9089","Switzerland"
"1043","Global Payments","GPN","27000","68.6","United States"
"1044","Rockwell Automation","ROK","27000","405.27","United States"
"1045","Mutares","MUX.DE","27000","29.717","Germany"
"1046","Bunzl","BNZL.L","26978","31.3863","United Kingdom"
"1047","Bank of Ningbo","002142.SZ","26976","4.57979","China"
"1048","Sekisui Chemical","4204.T","26929","16.559","Japan"
"1049","Fluor Corporation","FLR","26866","49.27","United States"
"1050","SS&C Technologies","SSNC","26800","70","United States"
"1051","CITIC Securities","600030.SS","26781","3.82579","China"
"1052","Sumitomo Forestry","1911.T","26741","9.11167","Japan"
"1053","ManpowerGroup","MAN","26700","29.23","United States"
"1054","Rexel","RXL.PA","26693","44.4222","France"
"1055","Absa Bank","ABSP.JO","26542","55.3035","South Africa"
"1056","Chow Tai Fook","1929.HK","26500","1.43953","Hong Kong"
"1057","Duke Energy","DUK","26413","129.78","United States"
"1058","ON Semiconductor","ON","26400","72.05","United States"
"1059","Thomson Reuters","TRI","26400","87.98","Canada"
"1060","Zhongsheng Group","0881.HK","26357","0.987765","China"
"1061","CCL Industries","CCL-B.TO","26300","64.0835","Canada"
"1062","ServiceNow","NOW","26293","87.79","United States"
"1063","TFI International","TFII","26287","125.05","Canada"
"1064","London Stock Exchange","LSEG.L","26251","124.161","United Kingdom"
"1065","Hitachi Construction Machinery","6305.T","26230","35.2385","Japan"
"1066","Dassault Systèmes","DSY.PA","26225","20.9375","France"
"1067","InterGlobe Aviation (IndiGo)","INDIGO.NS","26164","47.5419","India"
"1068","Shangri-La","0069.HK","26100","0.573006","Hong Kong"
"1069","China Resources Beer","0291.HK","26059","3.36912","Hong Kong"
"1070","Zoomlion","1157.HK","26036","1.14729","China"
"1071","NetEase","NTES","26028","113.6","China"
"1072","Welspun India","WELSPUNIND.NS","26000","1.91","India"
"1073","Ryanair","RYAAY","26000","62.55","Ireland"
"1074","Hertz","HTZ","26000","6.99","United States"
"1075","Lineage","LINE","26000","35.89","United States"
"1076","Casino Guichard-Perrachon","CO.PA","25999","0.192217","France"
"1077","Vietnam National Petroleum Group","PLX.VN","25967","1.51481","Vietnam"
"1078","Ashtead","AHT.L","25958","72.2712","United Kingdom"
"1079","Skanska","SKA-B.ST","25929","27.9678","Sweden"
"1080","Cipla","CIPLA.NS","25927","13.0055","India"
"1081","Nedbank","NED.JO","25900","16.4047","South Africa"
"1082","Tenaris","TS","25874","58.92","Luxembourg"
"1083","Sino Biopharmaceutical","1177.HK","25806","0.763157","China"
"1084","Empresas CMPC","CMPC.SN","25758","1.3186","Chile"
"1085","Brookfield Property Partners","BPYPP","25700","16.24","Bermuda"
"1086","Ford Otosan","FROTO.IS","25693","2.37175","Turkey"
"1087","Imperial Brands","IMB.L","25600","39.7994","United Kingdom"
"1088","Mitsui Fudosan","8801.T","25593","11.3046","Japan"
"1089","Gotion High-tech Co.,Ltd.","002074.SZ","25575","5.69027","China"
"1090","Naspers","NPSNY","25564","11.24","South Africa"
"1091","Yamada Holdings","9831.T","25526","3.41877","Japan"
"1092","Delta Galil Industries","DELG.TA","25510","57.6834","Israel"
"1093","Acadia Healthcare","ACHC","25500","26.56","United States"
"1094","Nutrien","NTR","25500","73.62","Canada"
"1095","CTBC Financial Holding","2891.TW","25373","1.66482","Taiwan"
"1096","Zhejiang Huayou Cobalt","603799.SS","25372","9.21387","China"
"1097","SAAB AB","SAAB-B.ST","25369","67.066","Sweden"
"1098","Sany Heavy Industry","600031.SS","25363","3.04977","China"
"1099","MOL Group","MOL.BD","25311","14.2802","Hungary"
"1100","Nitto Denko","6988.T","25300","20.1741","Japan"
"1101","BBB Foods","TBBB","25300","35.73","Mexico"
"1102","Trent Limited","TRENT.NS","25277","41.6164","India"
"1103","Ferrovial","FER.MC","25264","72.1934","Spain"
"1104","Arvind","ARVIND.NS","25188","4.1247","India"
"1105","Gentera, S.A.B. de C.V.","GENTERA.MX","25178","2.84174","Mexico"
"1106","Repsol","REP.MC","25136","24.8821","Spain"
"1107","Wuliangye Yibin","000858.SZ","25132","15.1462","China"
"1108","Lojas Renner","LREN3.SA","25102","3.14425","Brazil"
"1109","AutoNation","AN","25100","200","United States"
"1110","Gruma (Maseca)","GRUMAB.MX","25096","17.5814","Mexico"
"1111","Huadian Power International","600027.SS","25093","0.679194","China"
"1112","Henry Schein","HSIC","25000","77.2","United States"
"1113","CACI International Inc","CACI","25000","533.58","United States"
"1114","Service Corporation International","SCI","25000","82.1","United States"
"1115","Owens Corning","OC","25000","119.41","United States"
"1116","Alcon","ALC","25000","79.94","Switzerland"
"1117","Companhia Siderúrgica Nacional","SID","24924","1.35","Brazil"
"1118","Canadian National Railway","CNI","24912","111.96","Canada"
"1119","SYNLAB","SYAB.VI","24907","15.049","Germany"
"1120","PKO Bank Polski","PKO.WA","24820","28.1696","Poland"
"1121","Kingspan Group","KRX.IR","24802","92.7476","Ireland"
"1122","Booking Holdings (Booking.com)","BKNG","24800","181.12","United States"
"1123","Kuaishou Technology","1024.HK","24718","5.89086","China"
"1124","Salzgitter","SZG.F","24636","58.5613","Germany"
"1125","Haleon","HLN","24561","9.7","United Kingdom"
"1126","Mphasis","MPHASIS.NS","24518","24.8717","India"
"1127","Brookdale Senior Living","BKD","24480","13.92","United States"
"1128","Shenzhen Inovance","300124.SZ","24445","10.0955","China"
"1129","PayPal","PYPL","24400","47.97","United States"
"1130","Ackermans &amp; Van Haaren","ACKB.BR","24384","334.906","Belgium"
"1131","Hindustan Aeronautics","HAL.NS","24375","44.0272","India"
"1132","CIE Automotive","CIE.MC","24342","34.1392","Spain"
"1133","Tohoku Electric Power","9506.T","24234","7.38436","Japan"
"1134","Hermès","RMS.PA","24203","2102.59","France"
"1135","Groupe Lagardère","MMB.PA","24173","22.9481","France"
"1136","Equinor","EQNR","24126","38","Norway"
"1137","China Tower","0788.HK","24107","1.40252","China"
"1138","Loomis AB","LOOMIS.ST","24100","50.4683","Sweden"
"1139","Hexagon AB","HEXA-B.ST","24091","10.4683","Sweden"
"1140","Analog Devices","ADI","24000","348.6","United States"
"1141","Dover Corporation","DOV","24000","218.48","United States"
"1142","Dupont De Nemours","DD","24000","46.68","United States"
"1143","Colliers International","CIGI","24000","113.66","Canada"
"1144","Rogers Communications","RCI","24000","33.28","Canada"
"1145","SAIC (Science Applications International Corp)","SAIC","24000","94.48","United States"
"1146","AGCO","AGCO","24000","122.58","United States"
"1147","Budweiser APAC","1876.HK","24000","0.964794","Hong Kong"
"1148","Lumen Technologies","LUMN","24000","7.8","United States"
"1149","Currys plc","CURY.L","24000","1.85902","United Kingdom"
"1150","Megacable Holdings","MEGACPO.MX","23980","3.36986","Mexico"
"1151","Howmet Aerospace","HWM","23930","258.03","United States"
"1152","Sanlam","SLM.JO","23926","5.41781","South Africa"
"1153","ZTO Express","ZTO","23913","24.94","China"
"1154","Dahua Technology","002236.SZ","23891","2.73438","China"
"1155","TietoEVRY","TIETO.HE","23887","22.0281","Finland"
"1156","Waste Connections","WCN","23854","159.6","United States"
"1157","Page Industries","PAGEIND.NS","23853","384.979","India"
"1158","Grifols","GRFS","23833","8.5","Spain"
"1159","Koito Manufacturing","7276.T","23807","16.2192","Japan"
"1160","Cathay Pacific","0293.HK","23800","1.50972","Hong Kong"
"1161","Elco Ltd.","ELCO.TA","23800","44.7063","Israel"
"1162","Swisscom","SCMN.SW","23717","853.175","Switzerland"
"1163","Newell Brands","NWL","23700","4.04","United States"
"1164","DoorDash","DASH","23700","163.55","United States"
"1165","Bharti Airtel","BHARTIARTL.NS","23628","20.0908","India"
"1166","Grasim Industries","GRASIM.NS","23591","29.1338","India"
"1167","Tokyu","9005.T","23583","11.9056","Japan"
"1168","Fidelity National Financial","FNF","23533","47.61","United States"
"1169","CSX Corporation","CSX","23500","42.51","United States"
"1170","W. W. Grainger","GWW","23500","1155.42","United States"
"1171","CSPC Pharmaceutical Group Limited","1093.HK","23500","1.19195","China"
"1172","PDD Holdings (Pinduoduo)","PDD","23465","102.1","China"
"1173","OMV","OMV.F","23463","70.0472","Austria"
"1174","Al Rajhi Bank","1120.SR","23437","28.8364","Saudi Arabia"
"1175","Dave & Buster's","PLAY","23420","13.55","United States"
"1176","Northern Trust","NTRS","23400","155.82","United States"
"1177","Sonoco","SON","23400","54.86","United States"
"1178","Rengo Co., Ltd.","3941.T","23389","7.92867","Japan"
"1179","Casey's General Stores","CASY","23338","742.45","United States"
"1180","Experian","EXPGF","23300","36.27","Ireland"
"1181","ENKA","ENKAI.IS","23277","2.33822","Turkey"
"1182","Coforge","COFORGE.NS","23224","13.2224","India"
"1183","BayWa","BYW.F","23144","15.625","Germany"
"1184","PENN Entertainment","PENN","23118","15.61","United States"
"1185","SMC corp","6273.T","23114","450.487","Japan"
"1186","Hornbach Baumarkt","HBM.HM","23114","76.0613","Germany"
"1187","Nine Dragons Paper","2689.HK","23079","0.820585","China"
"1188","Tata Power","TATAPOWER.NS","23025","4.39799","India"
"1189","Xylem","XYL","23000","129.66","United States"
"1190","Jetblue Airways","JBLU","23000","5.6","United States"
"1191","TD Synnex","SNX","23000","204.71","United States"
"1192","Graphic Packaging","GPK","23000","9.72","United States"
"1193","Crown Holdings","CCK","23000","107.15","United States"
"1194","Suntory","2587.T","23000","29.764","Japan"
"1195","Zydus Lifesciences","ZYDUSLIFE.NS","23000","9.90529","India"
"1196","Sumitomo Mitsui Trust Holdings","8309.T","22911","34.0681","Japan"
"1197","Oji Holdings","3861.T","22903","5.35877","Japan"
"1198","Bank Danamon","BDMN.JK","22901","0.146527","Indonesia"
"1199","China Zheshang Bank","2016.HK","22895","0.308836","China"
"1200","(DIA) Distribuidora Internacional de Alimentación","DIA.MC","22825","49.1156","Spain"
"1201","Sojitz Corporation","2768.T","22819","38.6554","Japan"
"1202","Şişecam","SISE.IS","22819","1.07478","Turkey"
"1203","Singapore Airlines","C6L.SI","22819","5.20751","Singapore"
"1204","Hankyu Hanshin Holdings","9042.T","22811","30.2988","Japan"
"1205","Zhongjin Gold","600489.SS","22801","3.96221","China"
"1206","Clean Harbors","CLH","22796","304.41","United States"
"1207","Saudi Telecom Company","7010.SR","22751","11.4919","Saudi Arabia"
"1208","Formula Systems","FORTY","22720","127","Israel"
"1209","BlackRock","BLK","22700","1054.56","United States"
"1210","Vishay Intertechnology","VSH","22700","23.13","United States"
"1211","Singtel","Z74.SI","22700","3.84664","Singapore"
"1212","Savers Value Village","SVV","22700","8.39","United States"
"1213","ComfortDelGro","C52.SI","22693","1.16422","Singapore"
"1214","Rohm","6963.T","22608","23.5028","Japan"
"1215","M&T Bank","MTB","22590","220.51","United States"
"1216","GarantiBank","GARAN.IS","22538","3.12955","Turkey"
"1217","Alfa Laval","ALFA.ST","22496","60.7057","Sweden"
"1218","ST Engineering","S63.SI","22494","8.84176","Singapore"
"1219","Bank of the Philippine Islands","BPHLY","22476","33.13","Philippines"
"1220","Mondi","MNDI.L","22473","11.6372","United Kingdom"
"1221","International Flavors & Fragrances","IFF","22400","72.59","United States"
"1222","Savencia Fromage &amp; Dairy","SAVE.PA","22329","68.3962","France"
"1223","News Corp","NWS","22300","28.83","United States"
"1224","Marriott Vacations Worldwide","VAC","22300","67.69","United States"
"1225","Thor Industries","THO","22300","78.75","United States"
"1226","LPP SA","LPP.WA","22296","6606.85","Poland"
"1227","STEF SA","STF.PA","22281","141.509","France"
"1228","Fincantieri","FCT.MI","22270","16.138","Italy"
"1229","ABN AMRO","ABN.AS","22267","35.3892","Netherlands"
"1230","Newmont","NEM","22200","119.3","United States"
"1231","American International Group","AIG","22200","77.02","United States"
"1232","CNOOC","0883.HK","22181","3.33084","China"
"1233","Localiza","RENT3.SA","22134","10.2314","Brazil"
"1234","C&amp;D International Investment Group","1908.HK","22069","1.82239","Hong Kong"
"1235","Indian Overseas Bank","IOB.NS","22052","0.370374","India"
"1236","Sandoz Group","SDZ.SW","22049","86.6615","Switzerland"
"1237","Fnac Darty","FNAC.PA","22039","41.6863","France"
"1238","Corteva","CTVA","22000","82.95","United States"
"1239","Markel Group","MKL","22000","1966.19","United States"
"1240","Weis Markets","WMK","22000","69.42","United States"
"1241","Cooper Standard","CPS","22000","30.04","United States"
"1242","Academy Sports + Outdoors","ASO","22000","58.53","United States"
"1243","Kazatomprom","0ZQ.F","22000","77.8302","Kazakhstan"
"1244","Kenvue","KVUE","22000","17.38","United States"
"1245","Solventum","SOLV","22000","69.02","United States"
"1246","NTN Corporation","6472.T","21996","2.18731","Japan"
"1247","TIS","3626.T","21972","22.043","Japan"
"1248","Beiersdorf","BEI.DE","21958","89.4811","Germany"
"1249","UltraTech Cement","ULTRACEMCO.NS","21942","123.515","India"
"1250","Celestica","CLS","21914","384.35","Canada"
"1251","Sipef","SIP.BR","21904","116.274","Belgium"
"1252","Air Products and Chemicals","APD","21850","296.63","United States"
"1253","China Resources Power Holdings","0836.HK","21849","2.39922","Hong Kong"
"1254","Future Retail","FRETAIL.NS","21839","0.024484","India"
"1255","Taiyo Yuden","6976.T","21823","36.4089","Japan"
"1256","Fastenal","FAST","21807","44.62","United States"
"1257","Garmin","GRMN","21800","264.48","Switzerland"
"1258","Hilton Grand Vacations","HGV","21800","47.58","United States"
"1259","Melco Resorts &amp; Entertainment","MLCO","21784","5.68","Hong Kong"
"1260","L.D.C. S.A.","LOUP.PA","21780","121.934","France"
"1261","Old Dominion Freight Line","ODFL","21719","210.41","United States"
"1262","TechnipFMC","FTI","21693","72","United Kingdom"
"1263","Mindray","300760.SZ","21667","23.543","China"
"1264","YPF S.A.","YPF","21594","42.11","Argentina"
"1265","Renesas Electronics","6723.T","21585","16.9585","Japan"
"1266","YANGHE","002304.SZ","21532","7.39779","China"
"1267","Arrow Electronics","ARW","21520","173.66","United States"
"1268","Ametek","AME","21500","234.36","United States"
"1269","Align Technology","ALGN","21485","184.69","United States"
"1270","Red Robin","RRGB","21443","3.52","United States"
"1271","JAC Motors","600418.SS","21408","6.70393","China"
"1272","Halkbank","HALKB.IS","21402","0.889239","Turkey"
"1273","OpenText","OTEX","21400","22.25","Canada"
"1274","Korea Electric Power","KEP","21379","15.33","South Korea"
"1275","Pharmaron Beijing","300759.SZ","21370","4.53139","China"
"1276","Macquarie Group Limited","MQG.AX","21270","166.589","Australia"
"1277","BJ's Restaurants","BJRI","21230","38.4","United States"
"1278","Wolters Kluwer","WKL.AS","21200","76.6509","Netherlands"
"1279","DIC Corporation","4631.T","21184","23.3644","Japan"
"1280","Tokyu Fudosan Holdings","3289.T","21170","8.84109","Japan"
"1281","Osaka Gas","9532.T","21159","38.9889","Japan"
"1282","Arkema","AKE.PA","21150","71.2264","France"
"1283","Vietnam Airlines","HVN.VN","21130","0.8694","Vietnam"
"1284","Galaxy Entertainment","0027.HK","21100","4.44112","Hong Kong"
"1285","Sailun Group","601058.SS","21077","2.00824","China"
"1286","Jungheinrich","JUN3.F","21062","33.6085","Germany"
"1287","Prosus","PRX.AS","21048","49.8526","Netherlands"
"1288","Centrica","CNA.L","21038","2.86452","United Kingdom"
"1289","L&amp;T Technology Services","LTTS.NS","21028","36.0398","India"
"1290","Sweco","SWEC-A.ST","21022","15.9551","Sweden"
"1291","Ingersoll Rand","IR","21000","88.32","Ireland"
"1292","Motorola Solutions","MSI","21000","440.08","United States"
"1293","O-I Glass","OI","21000","10.83","United States"
"1294","Diebold Nixdorf","DBD","21000","85.49","United States"
"1295","Kerry Group","KRZ.IR","21000","79.3042","Ireland"
"1296","China Lesso Group","2128.HK","21000","0.611291","China"
"1297","Uniqa Insurance Group","UN9.F","21000","20","Austria"
"1298","Krispy Kreme","DNUT","21000","3.32","United States"
"1299","Gartner","IT","20994","149.1","United States"
"1300","Lupin Limited","LUPIN.NS","20933","24.8609","India"
"1301","Embraer","EMBJ","20923","69.46","Brazil"
"1302","Seibu Holdings","9024.T","20913","25.378","Japan"
"1303","Vtech","0303.HK","20900","7.82938","Hong Kong"
"1304","JDE Peet's","JDEP.AS","20820","37.5472","Netherlands"
"1305","RWE","RWE.DE","20805","69.434","Germany"
"1306","SBI Life Insurance","SBILIFE.NS","20787","20.558","India"
"1307","Bank of Jiangsu","600919.SS","20780","1.59603","China"
"1308","Bausch Health","BHC","20700","5.68","Canada"
"1309","Amadeus IT Group","AMS.MC","20643","58.75","Spain"
"1310","NIBE Industrier","NIBE-B.ST","20600","4.54258","Sweden"
"1311","Krones","KRN.F","20583","145.755","Germany"
"1312","Elecnor","ENO.MC","20583","43.0425","Spain"
"1313","ATCO","ACO-X.TO","20582","50.7665","Canada"
"1314","Oppein Home Group","603833.SS","20582","7.4462","China"
"1315","ALS Global","ALQ.AX","20515","15.7523","Australia"
"1316","Ebara Corporation","6361.T","20510","31.5322","Japan"
"1317","China General Nuclear Power Group (CGN)","003816.SZ","20453","0.651322","China"
"1318","Mr Price Group","MRP.JO","20443","9.67248","South Africa"
"1319","Group 1 Automotive","GPI","20413","337.98","United States"
"1320","T&amp;D Holdings","8795.T","20408","25.5165","Japan"
"1321","Quiñenco","QUINENCO.SN","20389","5.02855","Chile"
"1322","Wienerberger","WIB.F","20372","29.717","Austria"
"1323","China National Nuclear Power","601985.SS","20355","1.28651","China"
"1324","FAW Car","000800.SZ","20344","1.04153","China"
"1325","Türkiye Is Bankasi","ISCTR.IS","20329","0.325249","Turkey"
"1326","TAV Airports Holding","TAVHL.IS","20320","7.38238","Turkey"
"1327","Sampoerna","HMSP.JK","20294","0.0440747","Indonesia"
"1328","Ocado","OCDO.L","20261","2.47508","United Kingdom"
"1329","SCSK Corporation","9719.T","20252","35.7419","Japan"
"1330","Jiangsu Hengrui Medicine","600276.SS","20238","8.37331","China"
"1331","Fielmann","FIE.F","20221","53.8915","Germany"
"1332","Melco International Development","0200.HK","20220","0.53472","Hong Kong"
"1333","VRL Logistics","VRLLOG.NS","20219","2.86678","India"
"1334","NV Bekaert","BEKB.BR","20187","48.7618","Belgium"
"1335","Public Power Corporation","PPC.AT","20185","23.0896","Greece"
"1336","Huntington Bancshares","HBAN","20166","16.59","United States"
"1337","Bank of Beijing","601169.SS","20138","0.800951","China"
"1338","Computacenter","CCC.L","20074","42.9339","United Kingdom"
"1339","PORR","ABS2.F","20069","47.4646","Austria"
"1340","Tongfu Microelectronics Co.,Ltd","002156.SZ","20062","6.97238","China"
"1341","Danske Bank","DANS.VI","20046","53.0307","Denmark"
"1342","Yamaha","7951.T","20027","7.51965","Japan"
"1343","Exelon Corporation","EXC","20000","48.66","United States"
"1344","Hormel Foods","HRL","20000","20.76","United States"
"1345","LyondellBasell","LYB","20000","73.25","United States"
"1346","Rollins","ROL","20000","54.8","United States"
"1347","Synchrony Financial","SYF","20000","75.55","United States"
"1348","Synopsys","SNPS","20000","418.8","United States"
"1349","ULTA Beauty","ULTA","20000","533.09","United States"
"1350","Plexus","PLXS","20000","227.95","United States"
"1351","FirstCash","FCFS","20000","202.84","United States"
"1352","CommScope","COMM","20000","19.58","United States"
"1353","Qantas Airways","QAN.AX","20000","6.51831","Australia"
"1354","Elbit Systems","ESLT","20000","920.79","Israel"
"1355","WESCO International","WCC","20000","310.11","United States"
"1356","United Microelectronics","UMC","20000","9.59","Taiwan"
"1357","Parsons","PSN","20000","56","United States"
"1358","PUMA","PUM.DE","20000","28.8443","Germany"
"1359","BLS International","BLS.NS","20000","3.03612","India"
"1360","AMS-Osram","AMS.SW","20000","13.5689","Austria"
"1361","Stora Enso","STEAV.HE","20000","12.3362","Finland"
"1362","Nongfu Spring","9633.HK","20000","6.06187","China"
"1363","Dis-Chem Pharmacies","DCP.JO","20000","2.25406","South Africa"
"1364","Dutch Bros","BROS","20000","52.11","United States"
"1365","NCR Atleos Corporation","NATL","20000","44.37","United States"
"1366","NGK Insulators","5333.T","20000","27.9706","Japan"
"1367","ICICI Prulife","ICICIPRULI.NS","19975","5.86865","India"
"1368","Beijing Yanjing Brewery","000729.SZ","19965","1.89529","China"
"1369","CPKC (Canadian Pacific Kansas City)","CP","19943","82.19","Canada"
"1370","Pkp Cargo","PKP.WA","19933","3.90177","Poland"
"1371","Demant","DEMANT.CO","19917","33.3861","Denmark"
"1372","Hornbach Holding","HBH.DE","19916","97.9953","Germany"
"1373","Chunghwa Telecom","CHT","19912","42.6","Taiwan"
"1374","Shenzhen Transsion Holdings","688036.SS","19870","7.72052","China"
"1375","BPER Banca","BPE.MI","19850","14.5943","Italy"
"1376","PBBank (Public Bank Bhd)","1295.KL","19827","1.17423","Malaysia"
"1377","Kajima","1812.T","19813","38.9008","Japan"
"1378","Telecom Argentina","TEO","19800","11.79","Argentina"
"1379","Südzucker","SZU.F","19799","14.7406","Germany"
"1380","Zhejiang Sanhua Intelligent Controls Co.,Ltd","002050.SZ","19787","6.67019","China"
"1381","Banco BPM","BAMI.MI","19775","14.8821","Italy"
"1382","Ipsos","IPS.PA","19757","44.8349","France"
"1383","Clicks Group","CLS.JO","19729","17.8916","South Africa"
"1384","Resona Holdings","8308.T","19721","12.0535","Japan"
"1385","Principal Financial Group","PFG","19700","94.14","United States"
"1386","Toyo Seikan Group Holdings","5901.T","19673","21.4137","Japan"
"1387","Expeditors International","EXPD","19666","144.91","United States"
"1388","Regions Financial","RF","19644","27.75","United States"
"1389","Norfolk Southern","NSC","19600","299.7","United States"
"1390","Williams-Sonoma","WSM","19600","193.84","United States"
"1391","Vestis","VSTS","19600","9.22","United States"
"1392","Yonyou","600588.SS","19594","1.7882","China"
"1393","Café de Coral","0341.HK","19569","0.514302","Hong Kong"
"1394","Shanghai Industrial Holdings Limited","0363.HK","19561","1.80325","Hong Kong"
"1395","Pernod Ricard","RI.PA","19557","78.6321","France"
"1396","Nippon Sanso","4091.T","19533","36.8809","Japan"
"1397","Workday","WDAY","19517","117.86","United States"
"1398","Nikon","NINOY","19444","12.38","Japan"
"1399","Microchip Technology","MCHP","19400","74.5","United States"
"1400","Schneider National","SNDR","19400","28.17","United States"
"1401","Saputo","SAP.TO","19400","28.9378","Canada"
"1402","LB Group (LomonBillions)","002601.SZ","19385","2.57155","China"
"1403","Telkom Indonesia","TLK","19319","18.42","Indonesia"
"1404","Jonhon Optronic Technology","002179.SZ","19314","5.31327","China"
"1405","Yuexiu Property","0123.HK","19300","0.47474","Hong Kong"
"1406","Entain","ENT.L","19272","7.56908","Isle of Man"
"1407","Eurazeo","RF.PA","19254","53.467","France"
"1408","Banco Sabadell","SAB.MC","19213","3.93042","Spain"
"1409","Madras Rubber Factory","MRF.NS","19209","1442.36","India"
"1410","Ardent Health","ARDT","19200","9.42","United States"
"1411","Accor","AC.PA","19198","53.6439","France"
"1412","SMIC","0981.HK","19186","7.63795","China"
"1413","DiDi","DIDIY","19113","3.83","China"
"1414","The Hartford","HIG","19100","138.77","United States"
"1415","BrightView","BV","19100","12.06","United States"
"1416","SBI Holdings","8473.T","19097","19.8972","Japan"
"1417","Japan Post Insurance","7181.T","19092","10.3419","Japan"
"1418","Orkla","ORK.OL","19080","12.9154","Norway"
"1419","Rongsheng Petrochemical","002493.SZ","19077","1.79847","China"
"1420","Investor AB","INVE-B.ST","19060","40.9442","Sweden"
"1421","GEA Group","G1A.F","19047","73.3491","Germany"
"1422","Epiroc","EPI-A.ST","19042","27.7064","Sweden"
"1423","First American Financial Corporation","FAF","19038","63.42","United States"
"1424","Valmet","VALMT.HE","19032","29.9528","Finland"
"1425","Georg Fischer","GF.SW","19023","56.7332","Switzerland"
"1426","HelloFresh","HFG.DE","19012","4.63325","Germany"
"1427","Ubisoft","UBI.PA","19011","5.36439","France"
"1428","Lam Research","LRCX","19000","272.41","United States"
"1429","Paychex","PAYX","19000","88.85","United States"
"1430","Raymond James Financial","RJF","19000","153.23","United States"
"1431","Travel + Leisure","TNL","19000","78.74","United States"
"1432","American Axle &amp; Manufacturing","AXL","19000","9","United States"
"1433","Martinrea International","MRE.TO","19000","6.91313","Canada"
"1434","Timken Company","TKR","19000","106.81","United States"
"1435","Skandinaviska Enskilda Banken","SEB-A.ST","19000","20.2352","Sweden"
"1436","SJM Holdings","0880.HK","19000","0.266722","Hong Kong"
"1437","Global Business Travel Group","GBTG","19000","5.7","United States"
"1438","Amrize","AMRZ","19000","59.96","Switzerland"
"1439","Nitori Holdings","9843.T","18934","15.549","Japan"
"1440","Ecopetrol","EC","18903","13.51","Colombia"
"1441","Seres Group","601127.SS","18838","13.0323","China"
"1442","Tauron Polska","TPE.WA","18833","2.87902","Poland"
"1443","Daito Trust Construction","1878.T","18814","22.3261","Japan"
"1444","Hindustan Unilever","HINDUNILVR.NS","18802","22.8432","India"
"1445","Eurocash","EUR.WA","18785","1.68789","Poland"
"1446","VakıfBank","VAKBN.IS","18730","0.765845","Turkey"
"1447","Daiichi Sankyō","4568.T","18726","17.7892","Japan"
"1448","Levi Strauss &amp; Co.","LEVI","18700","22.39","United States"
"1449","Charles River Laboratories","CRL","18700","179.31","United States"
"1450","Fifth Third Bank","FITB","18690","49.77","United States"
"1451","Nishi-Nippon Railroad","9031.T","18687","20.023","Japan"
"1452","Nisshinbo Holdings","3105.T","18630","10.5495","Japan"
"1453","Dick's Sporting Goods","DKS","18600","216.24","United States"
"1454","Paramount Skydance","PSKY","18600","11.08","United States"
"1455","HD Bank (Ho Chi Minh City Development Joint Stock Commercial Bank)","HDB.VN","18585","0.998481","Vietnam"
"1456","The Hershey Company","HSY","18540","197.68","United States"
"1457","Oshkosh Corporation","OSK","18500","151.04","United States"
"1458","Wärtsilä","WRT1V.HE","18490","42.0519","Finland"
"1459","Sichuan Road and Bridge Group (SRBG)","600039.SS","18474","1.40533","China"
"1460","HUGO BOSS","BOSS.DE","18451","43.7382","Germany"
"1461","Fraport","FRA.DE","18448","90.4481","Germany"
"1462","Worldline","WLN.PA","18402","0.285849","France"
"1463","Dürr","DUE.F","18391","25.5896","Germany"
"1464","Tobu Railway","9001.T","18384","18.6544","Japan"
"1465","Indian Hotels Company","INDHOTEL.NS","18359","6.81847","India"
"1466","Hinduja Global Solutions","HGS.NS","18347","4.289","India"
"1467","Sonova","SOON.SW","18335","237.967","Switzerland"
"1468","Rhön-Klinikum","RHK.DE","18324","14.6226","Germany"
"1469","Mitsubishi Materials","5711.T","18323","35.163","Japan"
"1470","Nationwide Building Society","NBS.L","18310","175.047","United Kingdom"
"1471","Conagra Brands","CAG","18300","14.28","United States"
"1472","Marathon Petroleum","MPC","18300","223.93","United States"
"1473","Comfort Systems USA","FIX","18300","1650.48","United States"
"1474","Meliá Hotels International","MEL.MC","18280","13.1014","Spain"
"1475","Huadong Medicine (HD Medicine)","000963.SZ","18265","5.18271","China"
"1476","Douglas Group","DOU.DE","18249","12.6179","Germany"
"1477","Intuit","INTU","18200","366.8","United States"
"1478","Roper Technologies","ROP","18200","354","United States"
"1479","Kesko","KESKOA.HE","18135","23.0189","Finland"
"1480","Shimizu Corporation","1803.T","18127","18.022","Japan"
"1481","Brenntag","BNR.DE","18100","66.7925","Germany"
"1482","Hisense Visual Technology","600060.SS","18097","3.39891","China"
"1483","Afry AB","AFRY.ST","18091","13.9403","Sweden"
"1484","Bank of Nanjing","601009.SS","18045","1.62244","China"
"1485","Telekom Malaysia","4863.KL","18041","1.78291","Malaysia"
"1486","Dongfang Electric Corporation","600875.SS","18033","5.66533","China"
"1487","Mabuchi Motor","6592.T","18032","10.2538","Japan"
"1488","VEON","VEON","18027","52.65","Netherlands"
"1489","RBL Bank","RBLBANK.NS","18010","3.39447","India"
"1490","Agilent Technologies","A","18000","120.39","United States"
"1491","Fortive","FTV","18000","59.71","United States"
"1492","Masco","MAS","18000","64.91","United States"
"1493","Chewy","CHWY","18000","25.89","United States"
"1494","Sensata Technologies","ST","18000","39.34","United States"
"1495","Molina Healthcare","MOH","18000","147.51","United States"
"1496","Abdullah Al-Othaim Markets Company","4001.SR","18000","1.63904","Saudi Arabia"
"1497","Weatherford International","WFRD","18000","99.62","United States"
"1498","Mr D.I.Y. Group","5296.KL","18000","0.393102","Malaysia"
"1499","Wilh. Wilhelmsen Holding","WWI.OL","17997","77.069","Norway"
"1500","Lonza","LONN.SW","17995","677.163","Switzerland"
"1501","Fonterra","FCG.NZ","17993","2.71499","New Zealand"
"1502","Paytm","PAYTM.NS","17964","11.8844","India"
"1503","U-Haul","UHAL","17901","51.84","United States"
"1504","Tong Ren Tang","600085.SS","17883","4.10744","China"
"1505","Huhtamäki","HUH1V.HE","17868","33.7972","Finland"
"1506","Enea","ENA.WA","17844","7.13006","Poland"
"1507","VinFast Auto","VFS","17823","4.14","Vietnam"
"1508","Hubbell","HUBB","17800","545.62","United States"
"1509","easyJet","EZJ.L","17797","5.37896","United Kingdom"
"1510","Steris","STE","17787","224.83","Ireland"
"1511","RPM International","RPM","17778","108.67","United States"
"1512","NHK Spring","5991.T","17739","16.0713","Japan"
"1513","RTL Group","RRTL.F","17732","45.342","Luxembourg"
"1514","Tokyo Electron","8035.T","17702","276.937","Japan"
"1515","Leggett &amp; Platt","LEG","17700","11.5","United States"
"1516","Citizens Financial Group","CFG","17677","64.87","United States"
"1517","Makita","6586.T","17641","35.3581","Japan"
"1518","Gilead Sciences","GILD","17600","140.45","United States"
"1519","Xerox","XRX","17600","1.41","United States"
"1520","Travis Perkins","TPK.L","17594","7.94495","United Kingdom"
"1521","Inchcape","INCH.L","17588","10.9913","United Kingdom"
"1522","Covestro","1COV.F","17578","70.283","Germany"
"1523","Vedanta","VEDL.NS","17526","8.08133","India"
"1524","Nagarro","NA9.DE","17496","52.9245","Germany"
"1525","A1 Telekom Austria","TA1.F","17491","11.1321","Austria"
"1526","Strauss Group","STRS.TA","17484","45.005","Israel"
"1527","Shandong Gold Mining","600547.SS","17439","5.71961","China"
"1528","Wacoal Holdings","3591.T","17408","27.1022","Japan"
"1529","Brown &amp; Brown","BRO","17403","66.54","United States"
"1530","Carvana","CVNA","17400","374.21","United States"
"1531","Yokogawa Electric Corporation","6841.T","17365","34.0555","Japan"
"1532","Mitsui Chemicals","4183.T","17320","12.5946","Japan"
"1533","Silgan Holdings","SLGN","17315","41.47","United States"
"1534","Sungrow Power Supply","300274.SZ","17305","19.657","China"
"1535","Meiji Holdings","2269.T","17270","24.3586","Japan"
"1536","Delhivery","DELHIVERY.NS","17256","4.99667","India"
"1537","Unisplendour","000938.SZ","17242","4.04289","China"
"1538","Grendene","GRND3.SA","17192","0.973173","Brazil"
"1539","First Citizens BancShares","FCNCA","17191","1990.98","United States"
"1540","Pan Pacific International Holdings","7532.T","17168","6.01509","Japan"
"1541","Metso","METSO.HE","17121","19.3129","Finland"
"1542","Saigon Thuong Tin Commercial Bank","STB.VN","17118","2.5019","Vietnam"
"1543","Kakao","035720.KS","17117","33.7356","South Korea"
"1544","CIR S.p.A. - Compagnie Industriali Riunite","CIR.MI","17117","0.816038","Italy"
"1545","Pearson","PSO","17116","13.95","United Kingdom"
"1546","Canadian Solar","CSIQ","17113","13.38","Canada"
"1547","KeyCorp (KeyBank)","KEY","17105","21.63","United States"
"1548","Bombardier","BBD-B.TO","17100","201.882","Canada"
"1549","Burlington Stores","BURL","17057","335.04","United States"
"1550","IDBI Bank","IDBI.NS","17047","0.792724","India"
"1551","Zimmer Biomet","ZBH","17000","96.52","United States"
"1552","Avis Budget Group","CAR","17000","411.56","United States"
"1553","Smith & Nephew","SNN","17000","34.35","United Kingdom"
"1554","Advantage Solutions","ADV","17000","27.91","United States"
"1555","Veralto","VLTO","17000","92.39","United States"
"1556","Obayashi","1802.T","16986","23.6979","Japan"
"1557","MIRAIT ONE Corporation","1417.T","16985","23.5595","Japan"
"1558","Korean Air Lines","003495.KS","16969","16.0354","South Korea"
"1559","Alkem Laboratories","ALKEM.NS","16966","57.6072","India"
"1560","Huatai Securities","601688.SS","16964","2.77546","China"
"1561","Givaudan","GIVN.SW","16942","3672.56","Switzerland"
"1562","Capitec Bank","CPI.JO","16935","264.116","South Africa"
"1563","Swedbank","SWED-A.ST","16933","36.7894","Sweden"
"1564","Kansai Paint","4613.T","16844","15.2879","Japan"
"1565","Zensho Holdings","7550.T","16806","53.7199","Japan"
"1566","Nextera Energy","NEE","16800","91.31","United States"
"1567","Molson Coors","TAP","16800","43.66","United States"
"1568","ageas","AGS.BR","16797","80.4835","Belgium"
"1569","Stanley Electric","6923.T","16778","18.8746","Japan"
"1570","Sempra","SRE","16773","96.16","United States"
"1571","Coloplast","COLO-B.CO","16741","67.8136","Denmark"
"1572","Shin Kong Financial Holding","2888.TW","16721","0.389619","Taiwan"
"1573","Ooredoo Qatar","ORDS.QA","16717","3.67857","Qatar"
"1574","Nomura Research Institute","4307.T","16708","30.6512","Japan"
"1575","Banca Monte dei Paschi di Siena","BMPS.MI","16689","9.69693","Italy"
"1576","Wacker Chemie","WCH.F","16655","104.481","Germany"
"1577","XPeng","XPEV","16631","17.87","China"
"1578","Nichirei Corporation","2871.T","16626","12.0692","Japan"
"1579","Yara International","YAR.OL","16624","57.4418","Norway"
"1580","Drägerwerk","DRW8.F","16615","88.4434","Germany"
"1581","TransDigm Group","TDG","16600","1296.58","United States"
"1582","DCC plc","DCC.L","16600","69.6116","Ireland"
"1583","Konecranes","KCR.HE","16553","36.0613","Finland"
"1584","Divis Laboratories","DIVISLAB.NS","16543","65.1833","India"
"1585","JSC Halyk Bank","H4L1.F","16523","33.9623","Kazakhstan"
"1586","AmRest","EAT.MC","16511","3.18396","Spain"
"1587","Nissin Foods","2897.T","16509","19.1924","Japan"
"1588","Expedia Group","EXPE","16500","248.57","United States"
"1589","BRP (Bombardier Recreational Products)","DOO","16500","78.45","Canada"
"1590","BlueScope Steel","BSL.AX","16500","20.2","Australia"
"1591","Geo Group","GEO","16500","17.9","United States"
"1592","The Magnum Ice Cream Company","MICC","16500","14.09","Netherlands"
"1593","Ganfeng Lithium","002460.SZ","16460","12.07","China"
"1594","Fabrinet","FN","16457","681.68","Cayman Islands"
"1595","KSB SE &amp; Co. KGaA","KSB.DE","16407","1297.17","Germany"
"1596","Sealed Air","SEE","16400","42.15","United States"
"1597","TTM Technologies","TTMI","16400","120.74","United States"
"1598","Devyani International","DEVYANI.NS","16371","1.14312","India"
"1599","Evolution Gaming","EVO.ST","16368","66.3908","Sweden"
"1600","NAURA Technology Group","002371.SZ","16354","70.3062","China"
"1601","Construcciones y Auxiliar de Ferrocarriles","CAF.MC","16333","71.5802","Spain"
"1602","American Electric Power","AEP","16330","135.46","United States"
"1603","AVIC Shenyang Aircraft Company Limited","600760.SS","16295","7.45353","China"
"1604","Taisei Corporation","1801.T","16285","101.657","Japan"
"1605","Maruti Suzuki India","MARUTI.NS","16259","140.418","India"
"1606","Energy Transfer LP","ET","16248","18.73","United States"
"1607","Trelleborg AB","TREL-B.ST","16237","41.7992","Sweden"
"1608","HENGTONG Optic-Electric","600487.SS","16203","7.68825","China"
"1609","MTN Group","MTN.JO","16202","12.5497","South Africa"
"1610","VF Corporation","VFC","16200","18.8","United States"
"1611","Live Nation","LYV","16200","166.28","United States"
"1612","eClerx Services","ECLERX.NS","16171","15.5763","India"
"1613","Ipca Laboratories","IPCALAB.NS","16167","15.5817","India"
"1614","Capital A (Air Asia)","5099.KL","16149","0.114126","Malaysia"
"1615","Southern Copper","SCCO","16133","193.37","United States"
"1616","Boyd Gaming","BYD","16129","87.75","United States"
"1617","Momentum Metropolitan","MTM.JO","16117","2.27487","South Africa"
"1618","V2X","VVX","16100","69.02","United States"
"1619","Metropolitan Bank (Metrobank)","MTPOY","16080","23.3","Philippines"
"1620","Palo Alto Networks","PANW","16068","161.59","United States"
"1621","Hoshizaki Corporation","6465.T","16061","33.0046","Japan"
"1622","Reply","REY.MI","16057","101.592","Italy"
"1623","Coats Group","COA.L","16042","1.14527","United Kingdom"
"1624","China Tourism Group Duty Free","601888.SS","16027","10.1058","China"
"1625","Ball Corporation","BALL","16000","63.51","United States"
"1626","Mettler Toledo","MTD","16000","1341.53","United States"
"1627","PVH Corp.","PVH","16000","87.93","United States"
"1628","Cooper Companies","COO","16000","71.61","United States"
"1629","Flowserve","FLS","16000","81.64","United States"
"1630","Littelfuse","LFUS","16000","387.64","United States"
"1631","UniFirst","UNF","16000","260.84","United States"
"1632","Jeld-Wen","JELD","16000","1.1","United States"
"1633","Sunway","5211.KL","16000","1.34669","Malaysia"
"1634","Niterra","5334.T","15980","52.6501","Japan"
"1635","Moody's","MCO","15913","438.06","United States"
"1636","Unisys","UIS","15900","2.22","United States"
"1637","Reliance","RS","15900","323.3","United States"
"1638","UPM-Kymmene","UPM.HE","15890","31.3208","Finland"
"1639","JVCKENWOOD Corporation","6632.T","15880","8.01362","Japan"
"1640","San’an Optoelectronics","600703.SS","15828","1.80287","China"
"1641","Xinyi Glass Holdings","0868.HK","15816","1.26342","Hong Kong"
"1642","Konoike Transport","9025.T","15807","19.1609","Japan"
"1643","Edwards Lifesciences","EW","15800","78.2","United States"
"1644","Beijing New Building Materials","000786.SZ","15790","3.75244","China"
"1645","NTPC Limited","NTPC.NS","15786","4.14778","India"
"1646","Smiths Group","SMIN.L","15750","34.6023","United Kingdom"
"1647","Torrent Pharmaceuticals","TORNTPHARM.NS","15718","44.8981","India"
"1648","Primoris Services Corporation","PRIM","15716","166.23","United States"
"1649","Spire Healthcare Group","SPI.L","15703","2.1087","United Kingdom"
"1650","Banco Comercial Português (Millennium bcp)","BCP.LS","15701","1.06085","Portugal"
"1651","Chemed","CHE","15695","376.41","United States"
"1652","The Saudi National Bank","1180.SR","15679","11.7265","Saudi Arabia"
"1653","Yapı Kredi","YKBNK.IS","15663","0.842295","Turkey"
"1654","Electra","ELTR.TA","15661","32.008","Israel"
"1655","Fortescue","FMG.AX","15642","14.7794","Australia"
"1656","Intuitive Surgical","ISRG","15638","467.22","United States"
"1657","NRG Energy","NRG","15637","170.96","United States"
"1658","Dycom Industries","DY","15623","392.25","United States"
"1659","Enel Américas","ENELAM.SN","15620","0.0950955","Chile"
"1660","Super Retail Group","SUL.AX","15599","8.89542","Australia"
"1661","Leapmotor","9863.HK","15551","6.92967","China"
"1662","iFLYTEK","002230.SZ","15551","7.02812","China"
"1663","Westlake Corporation","WLK","15540","117.93","United States"
"1664","DO &amp; CO Aktiengesellschaft","DOC.VI","15538","216.038","Austria"
"1665","Sacyr","SCYR.MC","15529","5.51887","Spain"
"1666","Chaozhou Three-Circle","300408.SZ","15515","9.54099","China"
"1667","Tōkyō Gas","9531.T","15504","43.6643","Japan"
"1668","Keysight","KEYS","15500","330.46","United States"
"1669","Darling Ingredients","DAR","15500","59.6","United States"
"1670","AEGON","AEG","15500","8.04","Netherlands"
"1671","Eagle Nice","2368.HK","15500","0.395617","Hong Kong"
"1672","Yuanta Financial Holding","2885.TW","15498","1.60468","Taiwan"
"1673","CCC S.A.","CCC.WA","15478","35.3581","Poland"
"1674","China Oilfield Services","2883.HK","15472","1.16771","China"
"1675","Zalando","ZAL.DE","15463","26.1439","Germany"
"1676","Avnet","AVT","15462","71.75","United States"
"1677","Admiral Group","ADM.L","15432","44.8608","United Kingdom"
"1678","Aurobindo Pharma","AUROPHARMA.NS","15431","14.3876","India"
"1679","NH Foods (Nipponham)","2282.T","15429","44.2558","Japan"
"1680","dormakaba","DOKA.SW","15427","68.7404","Switzerland"
"1681","Glenmark Pharmaceuticals","GLENMARK.NS","15415","23.5508","India"
"1682","Prudential","PUK","15412","30.87","United Kingdom"
"1683","Packaging Corporation of America","PKG","15400","209.93","United States"
"1684","Cranswick","CWK.L","15400","72.7326","United Kingdom"
"1685","Graham Holdings","GHC","15382","1136.43","United States"
"1686","Carter's","CRI","15350","34.8","United States"
"1687","Autoneum Holding","AUTN.SW","15349","150.282","Switzerland"
"1688","Bank of China (Hong Kong)","2388.HK","15309","5.65604","Hong Kong"
"1689","Autodesk","ADSK","15300","228.59","United States"
"1690","Saia","SAIA","15300","404.47","United States"
"1691","Savola Group","2050.SR","15299","7.18512","Saudi Arabia"
"1692","Industrias Peñoles","PE&OLES.MX","15283","56.1096","Mexico"
"1693","Bechtle","BC8.F","15245","36.2028","Germany"
"1694","Prada","1913.HK","15216","4.9133","Italy"
"1695","Regeneron Pharmaceuticals","REGN","15182","755.51","United States"
"1696","ICICI Lombard","ICICIGI.NS","15123","19.1383","India"
"1697","CDW Corporation","CDW","15100","130.04","United States"
"1698","Consolidated Edison","ED","15097","111.66","United States"
"1699","Efes Beverage Group","AEFES.IS","15075","0.422489","Turkey"
"1700","Bank Pekao (Bank Polska Kasa Opieki)","PEO.WA","15042","69.7421","Poland"
"1701","Telia Company","TELIA.ST","15040","5.21128","Sweden"
"1702","Icahn Enterprises","IEP","15037","7.7","United States"
"1703","Chongqing Rural Commercial Bank","3618.HK","15017","0.90609","China"
"1704","Suncor Energy","SU","15010","63.56","Canada"
"1705","Broadridge Financial Solutions","BR","15000","158.61","United States"
"1706","Equifax","EFX","15000","186.43","United States"
"1707","KLA","KLAC","15000","1795.91","United States"
"1708","Ralph Lauren","RL","15000","373","United States"
"1709","UFP Industries","UFPI","15000","96.12","United States"
"1710","Surgery Partners","SGRY","15000","13.1","United States"
"1711","ICU Medical","ICUI","15000","127.85","United States"
"1712","Coca-Cola Consolidated","COKE","15000","192.1","United States"
"1713","Brunswick Corporation","BC","15000","78.78","United States"
"1714","GFL Environmental","GFL","15000","38.59","Canada"
"1715","Polaris","PII","15000","57.49","United States"
"1716","Swiss Re","SREN.SW","15000","165.259","Switzerland"
"1717","Cimpress","CMPR","15000","80.49","Ireland"
"1718","TAL Education Group","TAL","15000","11.67","China"
"1719","Asbury Automotive Group","ABG","15000","206.57","United States"
"1720","Axfood","AXFO.ST","15000","34.3389","Sweden"
"1721","RHI Magnesita","RHF.F","15000","37.1462","Austria"
"1722","Vallourec","VK.PA","15000","27.8774","France"
"1723","Max Healthcare Institute","MAXHEALTH.NS","15000","10.2199","India"
"1724","Biocon","BIOCON.NS","15000","3.70482","India"
"1725","PCCW","0008.HK","15000","0.76571","Hong Kong"
"1726","First Watch Restaurant","FWRG","15000","11.56","United States"
"1727","Technip Energies","TE.PA","15000","46.7925","France"
"1728","Fortrea","FTRE","15000","9.59","United States"
"1729","Trident","TRIDENT.NS","14998","0.270291","India"
"1730","China State Shipbuilding Corporation (CSSC)","600150.SS","14986","4.8013","China"
"1731","SSE","SSE.L","14980","36.9159","United Kingdom"
"1732","Chocoladefabriken Lindt &amp; Sprüngli","LISP.SW","14973","13440.9","Switzerland"
"1733","Vipshop","VIPS","14966","14.87","China"
"1734","IIFL Finance","IIFL.NS","14937","4.81573","India"
"1735","Teledyne Technologies","TDY","14900","647.59","United States"
"1736","Fletcher Building","FBU.NZ","14900","1.75884","New Zealand"
"1737","Fortinet","FTNT","14898","78.7","United States"
"1738","Subsea 7","SUBC.OL","14876","32.9872","Luxembourg"
"1739","MM Group (Mayr-Melnhof AG)","MYM.F","14865","107.193","Austria"
"1740","Rivian","RIVN","14861","15.99","United States"
"1741","Alembic Pharmaceuticals","APLLTD.NS","14858","7.70495","India"
"1742","PLDT","PHI","14850","20.65","Philippines"
"1743","Ozon","OZON.ME","14834","56.41","United States"
"1744","UL Solutions","ULS","14813","89.52","United States"
"1745","Kongsberg Gruppen","KOG.OL","14808","42.1868","Norway"
"1746","Alok Industries","ALOKINDS.NS","14803","0.147978","India"
"1747","China Yongda Automobiles Services","3669.HK","14778","0.146761","China"
"1748","D. R. Horton","DHI","14766","145.25","United States"
"1749","Astellas Pharma","4503.T","14754","16.1468","Japan"
"1750","TS TECH","7313.T","14719","11.1159","Japan"
"1751","China Galaxy Securities","601881.SS","14706","1.90849","China"
"1752","Dominion Energy","D","14700","63.71","United States"
"1753","Robert Half","RHI","14700","25.38","United States"
"1754","Kyushu Railway Company","9142.T","14677","23.4651","Japan"
"1755","SSAB","SSAB-B.ST","14637","8.76638","Sweden"
"1756","Helvetia Baloise Holding AG","HBAN.SW","14631","275.73","Switzerland"
"1757","QNB Finansbank","QNBTR.IS","14624","6.20321","Turkey"
"1758","Aktieselskabet Schouw & Co.","SCHO.CO","14623","105.554","Denmark"
"1759","Hapag-Lloyd","HLAG.DE","14608","135.967","Germany"
"1760","Auna SA","AUNA","14605","5.56","Luxembourg"
"1761","Resideo Technologies","REZI","14600","39.28","United States"
"1762","Daiwa Securities Group","8601.T","14600","9.88566","Japan"
"1763","QL Resources","7084.KL","14600","0.966269","Malaysia"
"1764","China International Capital Corporation","601995.SS","14600","4.92159","China"
"1765","Aalberts","AALB.AS","14597","36.7689","Netherlands"
"1766","Dassault Aviation","AM.PA","14589","389.387","France"
"1767","Fox-Wizel","FOX.TA","14555","96.5815","Israel"
"1768","Bertrandt","BDT.DE","14526","17.6297","Germany"
"1769","Guotai Junan Securities","601211.SS","14523","2.50847","China"
"1770","Deutsche Börse","DB1.DE","14515","299.41","Germany"
"1771","Electronic Arts","EA","14500","202.85","United States"
"1772","Enbridge","ENB","14500","52.99","Canada"
"1773","JB Hi-Fi","JBH.AX","14500","52.8094","Australia"
"1774","CTF Services Limited","0659.HK","14500","1.03243","Hong Kong"
"1775","Ayvens","AYV.PA","14500","12.7948","France"
"1776","Shimadzu","7701.T","14481","24.5285","Japan"
"1777","WH Smith","SMWH.L","14451","8.35204","United Kingdom"
"1778","Oki Electric Industry Co., Ltd.","6703.T","14439","18.9407","Japan"
"1779","Bank of Hangzhou","600926.SS","14409","2.54074","China"
"1780","Allegion","ALLE","14400","147.02","Ireland"
"1781","Campbell's","CPB","14400","20","United States"
"1782","Gaotu Techedu","GOTU","14381","1.93","China"
"1783","Bank of Shanghai","601229.SS","14333","1.4376","China"
"1784","LG Chem","051910.KS","14328","241.891","South Korea"
"1785","Insight Enterprises","NSIT","14324","73.78","United States"
"1786","China Power International Development","2380.HK","14254","0.407102","Hong Kong"
"1787","Constellation Energy","CEG","14215","296.61","United States"
"1788","Assurant","AIZ","14200","222.27","United States"
"1789","Lennox","LII","14200","520.42","United States"
"1790","The Greenbrier Companies","GBX","14200","52.64","United States"
"1791","Rocket Companies","RKT","14200","15.4","United States"
"1792","McCormick & Company","MKC","14100","53.84","United States"
"1793","Teleflex","TFX","14100","125.21","United States"
"1794","Gates Industrial Corp","GTES","14100","26.39","United States"
"1795","Coca-Cola Bottlers Japan","2579.T","14084","22.1562","Japan"
"1796","Brembo","BRE.MI","14074","9.87618","Italy"
"1797","Jet2","JET2.L","14053","16.5548","United Kingdom"
"1798","Power Mech Projects","POWERMECH.NS","14044","23.7785","India"
"1799","KT Corporation","KT","14020","22.75","South Korea"
"1800","Edison International","EIX","14013","72.37","United States"
"1801","Netflix","NFLX","14000","106.28","United States"
"1802","Eastman Chemical","EMN","14000","73.79","United States"
"1803","Dentsply Sirona","XRAY","14000","12.22","United States"
"1804","Millicom","TIGO","14000","80.56","Luxembourg"
"1805","Gentherm","THRM","14000","29.34","United States"
"1806","Seaboard Corporation","SEB","14000","5749.84","United States"
"1807","Designer Brands","DBI","14000","7.1","United States"
"1808","Viva Energy","VEA.AX","14000","1.7855","Australia"
"1809","Orica","ORI.AX","14000","14.8613","Australia"
"1810","Ansell","ANN.AX","14000","20.7203","Australia"
"1811","ArcBest","ARCB","14000","110.16","United States"
"1812","Greif","GEF","14000","68.48","United States"
"1813","Donaldson Company","DCI","14000","89.24","United States"
"1814","NCR Voyix Corporation","VYX","14000","6.83","United States"
"1815","Bravida Holding","BRAV.ST","14000","11.4027","Sweden"
"1816","Catering International &amp; Services","ALCIS.PA","14000","16.7453","France"
"1817","Volex plc","VLX.L","14000","7.44966","United Kingdom"
"1818","Idemitsu Kosan","5019.T","13991","9.46406","Japan"
"1819","TopBuild","BLD","13984","400.58","United States"
"1820","Canadian Tire","CTC.TO","13973","159.728","Canada"
"1821","Sampo","SAMPO.HE","13973","10.9929","Finland"
"1822","GF Securities","000776.SZ","13971","2.91775","China"
"1823","A2A","A2A.MI","13958","2.95637","Italy"
"1824","New India Assurance","NIACL.NS","13926","1.8435","India"
"1825","GOL Airlines","GOLL54.SA","13919","1.85711","Brazil"
"1826","Alcoa","AA","13900","71.84","United States"
"1827","Grammer AG","GMM.DE","13900","9.78774","Germany"
"1828","AT&amp;S Austria Technologie &amp; Systemtechnik","ATS.VI","13828","81.4858","Austria"
"1829","Atlassian","TEAM","13813","59.71","Australia"
"1830","Victory Giant Technology","300476.SZ","13804","44.1403","China"
"1831","Zoetis","ZTS","13800","121.11","United States"
"1832","Varroc","VARROC.NS","13800","5.56635","India"
"1833","PT Aspirasi Hidup Indonesia Tbk","ACES.JK","13767","0.020899","Indonesia"
"1834","The Mosaic Company","MOS","13765","23.94","United States"
"1835","Americold","COLD","13755","12.35","United States"
"1836","EchoStar","SATS","13700","130.47","United States"
"1837","Porto Seguro","PSSA3.SA","13700","10.5063","Brazil"
"1838","Imerys","NK.PA","13700","25.7075","France"
"1839","Gerresheimer","GXI.F","13632","20.684","Germany"
"1840","NH Hotel Group","NHH.MC","13618","7.53012","Spain"
"1841","Equinix","EQIX","13606","1057.37","United States"
"1842","Ameriprise Financial","AMP","13600","461.99","United States"
"1843","Akbank","AKBNK.IS","13591","1.75366","Turkey"
"1844","Mayora","MYOR.JK","13583","0.110917","Indonesia"
"1845","Sartorius","SRT.DE","13573","212.264","Germany"
"1846","Heisco (Heavy Engineering Industries and Shipbuilding Company)","SHIP.KW","13558","2718.84","Kuwait"
"1847","Universal Robina Corporation","UVRBF","13546","1.05","Philippines"
"1848","Maple Leaf Foods","MFI.TO","13500","21.4801","Canada"
"1849","Avantor","AVTR","13500","8.2","United States"
"1850","Bausch + Lomb","BLCO","13500","16.71","Canada"
"1851","NN Group","NN.AS","13497","85.8491","Netherlands"
"1852","Bell Food Group","BELL.SW","13496","256.656","Switzerland"
"1853","China Merchants Securities","600999.SS","13461","2.33097","China"
"1854","Sulzer","SUN.SW","13455","217.742","Switzerland"
"1855","Boyd Group","BYD.TO","13449","124.937","Canada"
"1856","National Vision Holdings","EYE","13411","25.37","United States"
"1857","bioMérieux","BIM.PA","13409","108.196","France"
"1858","TransUnion","TRU","13400","72.4","United States"
"1859","Amer Sports","AS","13400","36.3","Finland"
"1860","MatsukiyoCocokara","3088.T","13371","15.4231","Japan"
"1861","Iida Group","3291.T","13366","14.4572","Japan"
"1862","Occidental Petroleum","OXY","13323","55.38","United States"
"1863","Smoore International Holdings","6969.HK","13306","1.16643","China"
"1864","JSW Steel","JSWSTEEL.NS","13301","12.9314","India"
"1865","Nippon Seiki","7287.T","13291","16.3356","Japan"
"1866","KGI Financial Holding","2883.TW","13289","0.661497","Taiwan"
"1867","Zhejiang Zheneng Electric","600023.SS","13277","0.814153","China"
"1868","QBE Insurance","QBE.AX","13275","16.3154","Australia"
"1869","THK Co.","6481.T","13268","35.6224","Japan"
"1870","Lennar","LEN","13265","88.83","United States"
"1871","Hangzhou Greatstar Industrial","002444.SZ","13244","4.51965","China"
"1872","Kinden Corporation","1944.T","13240","44.3439","Japan"
"1873","Barry Callebaut","BARN.SW","13239","1665.39","Switzerland"
"1874","Aselsan","ASELS.IS","13232","9.20422","Turkey"
"1875","Asia Commercial Joint Stock Bank","ACB.VN","13215","0.911162","Vietnam"
"1876","Informa plc","INF.L","13214","10.9289","United Kingdom"
"1877","Phillips 66","PSX","13200","158.76","United States"
"1878","Kontoor Brands","KTB","13200","73.03","United States"
"1879","Acuity Brands","AYI","13200","284.86","United States"
"1880","SFS Group","SFSN.SW","13198","156.938","Switzerland"
"1881","Commercial Metals Company","CMC","13178","65.94","United States"
"1882","C. H. Robinson","CHRW","13166","168.51","United States"
"1883","Cadence Design Systems","CDNS","13152","292.37","United States"
"1884","Shanghai Airport (AVINEX)","600009.SS","13150","4.02236","China"
"1885","National Healthcare","NHC","13123","163.5","United States"
"1886","Exela Technologies","XELA","13100","0.011","United States"
"1887","Hong Kong Telecom","6823.HK","13100","1.57736","Hong Kong"
"1888","Copart","CPRT","13086","33.29","United States"
"1889","Chartwell Retirement Residences","CSH-UN.TO","13070","15.1479","Canada"
"1890","Flight Centre Travel Group Limited","FLT.AX","13065","8.22184","Australia"
"1891","Super Hi International","9658.HK","13057","1.44847","Singapore"
"1892","UPL","UPL.NS","13054","6.91297","India"
"1893","PSEG","PEG","13047","82.05","United States"
"1894","Syensqo","SYENS.BR","13046","62.2052","Belgium"
"1895","China Securities (CSC Financial)","601066.SS","13045","3.20674","China"
"1896","Shanghai International Port Group (SIPG)","600018.SS","13016","0.732004","China"
"1897","Fortis Healthcare","FORTIS.NS","13010","9.1305","India"
"1898","Stadler Rail","SRAIL.SW","13009","27.7266","Switzerland"
"1899","Loews Corporation","L","13000","110.28","United States"
"1900","Snap-on","SNA","13000","377.87","United States"
"1901","Werner Enterprises","WERN","13000","31.76","United States"
"1902","Steel Dynamics","STLD","13000","195.3","United States"
"1903","CAE Inc.","CAE","13000","27.97","Canada"
"1904","AptarGroup","ATR","13000","131.01","United States"
"1905","Godrej","GODREJCP.NS","13000","11.3818","India"
"1906","DFDS A/S","DFDS.CO","13000","19.1544","Denmark"
"1907","New World Development Company","0017.HK","13000","1.11538","Hong Kong"
"1908","Peab","PEAB-B.ST","13000","11.1849","Sweden"
"1909","GlobalFoundries","GFS","13000","48.41","United States"
"1910","MasterBrand","MBC","13000","8.72","United States"
"1911","Motilal Oswal Financial Services","MOTILALOFS.NS","13000","8.13127","India"
"1912","Bank of Maharashtra","MAHABANK.NS","12977","0.753205","India"
"1913","Sanwa Holdings","5929.T","12930","23.377","Japan"
"1914","Take-Two Interactive","TTWO","12928","205.1","United States"
"1915","EDP Group","EDP.F","12920","5.50118","Portugal"
"1916","Keio Corporation","9008.T","12918","5.07309","Japan"
"1917","Axalta","AXTA","12900","28.76","United States"
"1918","Sumitomo Realty &amp; Development","8830.T","12898","30.431","Japan"
"1919","MTU Aero Engines","MTX.DE","12892","395.519","Germany"
"1920","SkyWest","SKYW","12876","98.1","United States"
"1921","DMG Mori","6141.T","12839","16.6124","Japan"
"1922","Yaskawa","6506.T","12833","33.1934","Japan"
"1923","Bucher Industries","BUCN.SW","12830","462.75","Switzerland"
"1924","Musashi Seimitsu Industry","7220.T","12830","19.7273","Japan"
"1925","Shake Shack","SHAK","12826","102.76","United States"
"1926","Intercontinental Exchange","ICE","12806","162.04","United States"
"1927","ADT","ADT","12800","6.98","United States"
"1928","The Chugoku Electric Power","9504.T","12776","6.12269","Japan"
"1929","Brambles","BXB.AX","12743","15.7951","Australia"
"1930","Cyient","CYIENT.NS","12733","9.6234","India"
"1931","Camping World","CWH","12701","7.2","United States"
"1932","A. O. Smith","AOS","12700","66.93","United States"
"1933","PHINIA","PHIN","12700","70.11","United States"
"1934","Aflac","AFL","12694","111.94","United States"
"1935","Marcopolo","POMO4.SA","12682","1.39254","Brazil"
"1936","Symrise","SY1.DE","12656","87.2642","Germany"
"1937","Rockwool","ROCK-B.CO","12654","30.199","Denmark"
"1938","Vinhomes","VHM.VN","12643","4.9962","Vietnam"
"1939","Federal Bank","FEDERALBNK.NS","12641","3.09486","India"
"1940","AngloGold Ashanti","AU","12634","109.8","South Africa"
"1941","OC Oerlikon","OERL.SW","12620","4.46749","Switzerland"
"1942","Pierre et Vacances","VAC.PA","12600","2.26415","France"
"1943","M.P. Evans Group PLC","MPE.L","12600","21.9283","United Kingdom"
"1944","Husqvarna","HUSQ-A.ST","12596","4.42714","Sweden"
"1945","Blue Dart Express","BLUEDART.NS","12594","54.2879","India"
"1946","InterContinental Hotels Group","IHG","12587","144.24","United Kingdom"
"1947","BAUER AG","B5A0.HM","12581","6.83962","Germany"
"1948","FactSet","FDS","12579","223.55","United States"
"1949","Taiheiyo Cement","5233.T","12540","23.2385","Japan"
"1950","Villeroy &amp; Boch","VIB3.DE","12516","20.5778","Germany"
"1951","Tapestry","TPR","12500","150.87","United States"
"1952","GCL Technology","3800.HK","12446","0.125066","Hong Kong"
"1953","WuXi Biologics","WXXWY","12435","9.6","China"
"1954","Nabors Industries","NBR","12400","79.33","Bermuda"
"1955","D'Ieteren Group","DIE.BR","12366","203.184","Belgium"
"1956","Computershare","CPU.AX","12359","21.1337","Australia"
"1957","Kingsoft Cloud","KC","12335","17.13","China"
"1958","African Rainbow Minerals","ARI.JO","12335","14.7175","South Africa"
"1959","Lion Finance Group PLC","BGEO.L","12331","151.029","United Kingdom"
"1960","Lanxess","LXS.F","12320","20.8962","Germany"
"1961","Edenred","EDEN.PA","12320","22.0106","France"
"1962","Vonovia","VNA.DE","12306","27.4175","Germany"
"1963","Envista","NVST","12300","27.38","United States"
"1964","Jollibee","JBFCF","12300","2.75","Philippines"
"1965","FirstEnergy","FE","12294","51.04","United States"
"1966","Melrose Industries","MRO.L","12291","7.33025","United Kingdom"
"1967","Keyence","6861.T","12286","389.449","Japan"
"1968","Mitsui Mining &amp; Smelting","5706.T","12285","225.023","Japan"
"1969","Keisei Electric Railway Co., Ltd.","9009.T","12283","7.50706","Japan"
"1970","Keppel","BN4.SI","12245","9.52613","Singapore"
"1971","Erdemir","EREGL.IS","12231","0.703254","Turkey"
"1972","Piramal Enterprises","PEL.NS","12220","12.7318","India"
"1973","Unipol Assicurazioni","UNI.MI","12191","26.0849","Italy"
"1974","Chow Sang Sang Holdings","0116.HK","12175","1.72923","Hong Kong"
"1975","BKW AG","BKW.SW","12139","202.893","Switzerland"
"1976","Trimble","TRMB","12100","66.51","United States"
"1977","nVent Electric","NVT","12100","134.48","United Kingdom"
"1978","Wayfair","W","12100","74.72","United States"
"1979","M3, Inc","2413.T","12100","10.0461","Japan"
"1980","Samsonite International","1SO.F","12100","1.898","Luxembourg"
"1981","Ryohin Keikaku","7453.T","12071","23.8238","Japan"
"1982","Mitsubishi Logisnext","7105.T","12043","9.62767","Japan"
"1983","Yuntianhua","600096.SS","12035","4.84971","China"
"1984","Aperam","APAM.AS","12007","48.3962","Luxembourg"
"1985","Yadea Group","1585.HK","12002","1.67052","China"
"1986","Entergy","ETR","12000","115.57","United States"
"1987","PriceSmart","PSMT","12000","156.72","United States"
"1988","Lincoln Electric","LECO","12000","262.29","United States"
"1989","Constellium","CSTM","12000","30.53","France"
"1990","Sally Beauty Holdings","SBH","12000","14.13","United States"
"1991","Block","XYZ","12000","66.15","United States"
"1992","ICL Group","ICL","12000","5.32","Israel"
"1993","Clarivate","CLVT","12000","2.35","United Kingdom"
"1994","Howden Joinery","HWDN.L","12000","11.3305","United Kingdom"
"1995","Dunelm Group","DNLM.L","12000","11.5816","United Kingdom"
"1996","Enviri Corporation","NVRI","12000","19.65","United States"
"1997","Viking Holdings","VIK","12000","81.43","Bermuda"
"1998","China Everbright Environment Group","0257.HK","12000","0.698072","Hong Kong"
"1999","Halfords Group","HFD.L","12000","1.83188","United Kingdom"
"2000","Primo Brands","PRMB","12000","19.72","United States"
"2001","Somnigroup International","SGI","12000","81.84","United States"
"2002","CMOC","3993.HK","11995","2.47069","China"
"2003","Global Dominion Access","DOM.MC","11977","3.92099","Spain"
"2004","Vulcan Materials","VMC","11971","296.86","United States"
"2005","Upbound Group","UPBD","11970","19.34","United States"
"2006","Legal &amp; General","LGEN.L","11956","3.60474","United Kingdom"
"2007","Daido Steel","5471.T","11941","11.9213","Japan"
"2008","Citizen Watch","7762.T","11935","11.2512","Japan"
"2009","Chart Industries","GTLS","11928","208.4","United States"
"2010","Meiko Electronics","6787.T","11912","177.451","Japan"
"2011","Ströer","SAX.F","11858","42.7358","Germany"
"2012","Stagwell","STGW","11857","6.56","United States"
"2013","Bosideng","3998.HK","11831","0.532168","Hong Kong"
"2014","Getinge","GETI-B.ST","11827","21.3842","Sweden"
"2015","Aker Solutions ASA","AKSO.OL","11825","4.99255","Norway"
"2016","Shengyi Technology (SYTECH)","600183.SS","11819","9.95761","China"
"2017","NCC","NCC-B.ST","11800","24.5729","Sweden"
"2018","Svenska Handelsbanken","SHB-A.ST","11799","14.4086","Sweden"
"2019","Coty","COTY","11791","2.28","United States"
"2020","MGM China Holdings","2282.HK","11786","1.42039","Macau"
"2021","True Corporation","TRUE.BK","11783","0.447714","Thailand"
"2022","Nexstar Media Group","NXST","11773","194.11","United States"
"2023","International Container Terminal Services","ICTEF","11773","11.4375","Philippines"
"2024","ARKO Corp.","ARKO","11772","5.68","United States"
"2025","Umicore","UMI.VI","11754","20.5425","Belgium"
"2026","Seiko Group","8050.T","11740","40.4614","Japan"
"2027","Taishin Financial Holdings","2887.TW","11738","0.780187","Taiwan"
"2028","ConocoPhillips","COP","11700","118.79","United States"
"2029","NetApp","NTAP","11700","98.89","United States"
"2030","TPI Composites","TPIC","11700","0.1271","United States"
"2031","ITT","ITT","11700","221.69","United States"
"2032","Benchmark Electronics","BHE","11700","63.82","United States"
"2033","PB Fintech","POLICYBZR.NS","11694","15.6032","India"
"2034","Johnson Matthey","JMAT.L","11685","27.5461","United Kingdom"
"2035","Tongling Nonferrous Metals Group Co.,Ltd.","000630.SZ","11669","0.925641","China"
"2036","Odakyu Electric Railway","9007.T","11661","10.5527","Japan"
"2037","Air New Zealand","AIR.NZ","11650","0.262645","New Zealand"
"2038","CoreCivic","CXW","11649","19.95","United States"
"2039","Tata Elxsi","TATAELXSI.NS","11639","47.3723","India"
"2040","Tsuruha Holdings","3391.T","11620","12.9344","Japan"
"2041","Banco de Chile","BCH","11614","39.47","Chile"
"2042","Amplifon","AMP.MI","11603","10.8656","Italy"
"2043","Pets at Home","PETS.L","11597","2.55785","United Kingdom"
"2044","Enerjisa Enerji","ENJSA.IS","11583","2.76518","Turkey"
"2045","CTT - Correios De Portugal","CTT.LS","11581","7.93042","Portugal"
"2046","Changchun High-Tech Industry","000661.SZ","11547","12.7184","China"
"2047","Hua Nan Financial Holdings","2880.TW","11533","1.13942","Taiwan"
"2048","eBay","EBAY","11500","100.4","United States"
"2049","LCI Industries","LCII","11500","127.8","United States"
"2050","BLG Logistics","BLH.F","11487","13.3255","Germany"
"2051","Post Holdings","POST","11480","100.59","United States"
"2052","Mowi","MNHVF","11473","24.2","Norway"
"2053","Saudi Ground Services Company","4031.SR","11458","8.9281","Saudi Arabia"
"2054","Orient Overseas Container Line","0316.HK","11447","18.7088","Hong Kong"
"2055","The Weir Group","WEIR.L","11444","42.3912","United Kingdom"
"2056","JCDecaux","DEC.PA","11434","23.3962","France"
"2057","Japan Post Bank","7182.T","11419","17.4336","Japan"
"2058","K+S","SDF.F","11418","17.9245","Germany"
"2059","Transport International Holdings","0062.HK","11410","1.39614","Hong Kong"
"2060","Papa John's Pizza","PZZA","11400","34.99","United States"
"2061","Terex","TEX","11400","63.73","United States"
"2062","Universal Corporation","UVV","11400","52.53","United States"
"2063","Modine Manufacturing","MOD","11400","253.66","United States"
"2064","Glory Ltd.","6457.T","11398","26.259","Japan"
"2065","Bruker","BRKR","11396","39.9","United States"
"2066","Xcel Energy","XEL","11380","79.83","United States"
"2067","Ibiden","4062.T","11375","58.5148","Japan"
"2068","Zhejiang NHU Co., Ltd.","002001.SZ","11369","5.3206","China"
"2069","Endava","DAVA","11365","4.44","United Kingdom"
"2070","BellSystem24","6183.T","11340","9.20606","Japan"
"2071","DMart","DMART.NS","11312","47.7653","India"
"2072","Urban Outfitters","URBN","11310","65.85","United States"
"2073","Wynn Macau","1128.HK","11300","0.727424","Macau"
"2074","Zhejiang Supor","002032.SZ","11298","6.62178","China"
"2075","Santander Polska","SPL.WA","11286","183.233","Poland"
"2076","Grab Holdings","GRAB","11267","3.82","Singapore"
"2077","NLC India","NLCINDIA.NS","11246","2.91875","India"
"2078","Sappi","SAP.JO","11222","1.09764","South Africa"
"2079","VIB (Vietnam International Commercial Joint Stock Bank)","VIB.VN","11214","0.670084","Vietnam"
"2080","Banco de Crédito e Inversiones","BCI.SN","11209","72.6223","Chile"
"2081","Corpay","CPAY","11200","320.48","United States"
"2082","DNB","DNB.OL","11188","33.1037","Norway"
"2083","Bank of Ireland Group","BIRG.IR","11188","19.8467","Ireland"
"2084","Venture Corporation","V03.SI","11180","12.7513","Singapore"
"2085","Bandai Namco","7832.T","11159","24.5977","Japan"
"2086","OFILM Group","002456.SZ","11133","1.38333","China"
"2087","Goldwind Science&amp;Technology","002202.SZ","11126","3.71283","China"
"2088","Southwest Gas","SWX","11122","91.38","United States"
"2089","Asian Paints","ASIANPAINT.NS","11111","25.2615","India"
"2090","YTL Corporation Berhad","1773.T","11110","0.503407","Malaysia"
"2091","The Toro Company","TTC","11108","97.62","United States"
"2092","Hyundai Mobis","012330.KS","11084","280.96","South Korea"
"2093","Kier Group","KIE.L","11083","2.89845","United Kingdom"
"2094","Ingles Markets","IMKTA","11072","90.59","United States"
"2095","Vesuvius plc","VSVS.L","11071","5.95973","United Kingdom"
"2096","Eisai","4523.T","11067","31.0665","Japan"
"2097","Morningstar","MORN","11064","172.21","United States"
"2098","Sunrun","RUN","11058","12.45","United States"
"2099","Aurelius Group","AR4.DE","11057","19.24","Germany"
"2100","Zensar","ZENSARTECH.NS","11051","5.90301","India"
"2101","Mitsubishi Estate","8802.T","11045","29.4179","Japan"
"2102","Daifuku","6383.T","11042","40.5746","Japan"
"2103","Varun Beverages","VBL.NS","11041","4.62404","India"
"2104","MISUMI Group","9962.T","11039","18.9218","Japan"
"2105","Iren","IRE.MI","11004","3.10377","Italy"
"2106","Celanese","CE","11000","65.1","United States"
"2107","IDEXX Laboratories","IDXX","11000","584.05","United States"
"2108","RadNet","RDNT","11000","57.76","United States"
"2109","Matthews International Corporation","MATW","11000","26.99","United States"
"2110","BeOne Medicines","ONC","11000","310","United States"
"2111","Quad","QUAD","11000","7.41","United States"
"2112","Integer Holdings","ITGR","11000","88.63","United States"
"2113","Ingredion","INGR","11000","113.03","United States"
"2114","Top Glove","BVA.SI","11000","0.196658","Malaysia"
"2115","Embracer Group","EMBRAC-B.ST","11000","5.95731","Sweden"
"2116","CIMC Enric","3899.HK","11000","1.38211","China"
"2117","Indah Kiat Pulp &amp; Paper","INKP.JK","11000","0.572096","Indonesia"
"2118","Religare","RELIGARE.NS","11000","2.41275","India"
"2119","Fortune Brands Innovations","FBIN","11000","40.57","United States"
"2120","Revvity","RVTY","11000","93.51","United States"
"2121","Valmont Industries","VMI","10986","429.48","United States"
"2122","Eastroc Beverage Group","605499.SS","10985","28.576","China"
"2123","United Internet","UTDI.F","10964","32.5472","Germany"
"2124","Viohalco","VIO.BR","10955","16.7925","Belgium"
"2125","Akamai","AKAM","10944","88.84","United States"
"2126","Richter Gedeon","RIG2.F","10943","42.3821","Hungary"
"2127","Brunel International","BRNL.AS","10939","8.06604","Netherlands"
"2128","Kinder Morgan","KMI","10933","31.65","United States"
"2129","Verallia","VRLA.PA","10876","22.4057","France"
"2130","NIPPON KANZAI Holdings","9347.T","10876","19.1924","Japan"
"2131","Telenor","TEL.OL","10867","17.5417","Norway"
"2132","EnerSys","ENS","10858","198.94","United States"
"2133","Puig Brands","PUIG.MC","10840","20.4127","Spain"
"2134","Rinnai Corporation","5947.T","10837","22.5652","Japan"
"2135","Unum","UNM","10833","77.53","United States"
"2136","Universal Logistics Holdings","ULH","10821","20.81","United States"
"2137","Coor Service Management Holding AB","COOR.ST","10807","6.46373","Sweden"
"2138","The ONE Group Hospitality","STKS","10800","1.74","United States"
"2139","Sonic Automotive","SAH","10800","68.23","United States"
"2140","Installed Building Products","IBP","10800","288.98","United States"
"2141","Guoco","0053.HK","10800","8.80566","Hong Kong"
"2142","Storskogen Group","STOR-B.ST","10792","1.05925","Sweden"
"2143","Unibel S.A.","UNBL.PA","10764","1370.66","France"
"2144","SBS Holdings","2384.T","10759","26.775","Japan"
"2145","China Resources Microelectronics","688396.SS","10756","7.18949","China"
"2146","Eurobank Ergasias Services and Holdings","EUROB.AT","10749","4.73349","Greece"
"2147","Sage Group","SGE.L","10740","11.4988","United Kingdom"
"2148","SDIC Power Holdings","600886.SS","10740","1.96864","China"
"2149","Guosen Securities","002736.SZ","10738","1.775","China"
"2150","Ally Financial","ALLY","10700","42.57","United States"
"2151","Driven Brands","DRVN","10700","13.33","United States"
"2152","Eversource Energy","ES","10680","69.01","United States"
"2153","Mainfreight","MFT.NZ","10644","34.4272","New Zealand"
"2154","Canadian Natural Resources","CNQ","10640","45.65","Canada"
"2155","GFT Technologies","GFT.DE","10626","21.3443","Germany"
"2156","Middleby","MIDD","10616","142.91","United States"
"2157","Shandong Hi-Speed","600350.SS","10610","1.46988","China"
"2158","ResMed","RMD","10600","230.69","United States"
"2159","Constellation Brands","STZ","10600","164.5","United States"
"2160","Euronet Worldwide","EEFT","10600","71.15","United States"
"2161","West Pharmaceutical Services","WST","10600","267.93","United States"
"2162","ASMPT
 (ASM Pacific Technology)","0522.HK","10600","16.1948","Hong Kong"
"2163","Enhabit","EHAB","10600","13.94","United States"
"2164","Tata Consumer Products","TATACONSUM.NS","10595","11.7083","India"
"2165","COSCO SHIPPING Development","601866.SS","10586","0.40781","China"
"2166","Novonesis","NZYM.VI","10582","60.6604","Denmark"
"2167","Nexi","NEXI.MI","10580","4.08608","Italy"
"2168","Lumentum","LITE","10562","852.79","United States"
"2169","Nordex","NDX1.F","10559","53.1368","Germany"
"2170","Straumann","STMN.SW","10554","111.342","Switzerland"
"2171","AIB Group (Allied Irish Banks)","A5G.IR","10551","11.4811","Ireland"
"2172","LG Energy Solution","373220.KS","10550","276.543","South Korea"
"2173","Sinopac Financial Holdings","2890.TW","10549","1.05238","Taiwan"
"2174","AdaptHealth","AHCO","10500","12.77","United States"
"2175","Suncorp","SUN.AX","10500","11.7715","Australia"
"2176","Valvoline","VVV","10500","33.14","United States"
"2177","Healius Limited","HLS.AX","10500","0.368504","Australia"
"2178","Geberit","GEBN.SW","10493","699.949","Switzerland"
"2179","Convatec Group","CTEC.L","10489","3.22954","United Kingdom"
"2180","Clariant","CLN.SW","10481","10.6567","Switzerland"
"2181","First Financial Holding","2892.TW","10475","0.913119","Taiwan"
"2182","Dr. Sulaiman Al Habib Medical Services Group Company","4013.SR","10475","67.2672","Saudi Arabia"
"2183","E.SUN Bank","2884.TW","10474","1.0413","Taiwan"
"2184","Kandenko","1942.T","10442","39.0644","Japan"
"2185","Floor &amp; Decor","FND","10413","53.26","United States"
"2186","Toyo Tire","5105.T","10410","25.5228","Japan"
"2187","Fox Corporation","FOX","10400","56.82","United States"
"2188","Oceaneering International","OII","10400","35.93","United States"
"2189","De' Longhi","DLG.MI","10384","40","Italy"
"2190","Proximus","PROX.VI","10371","8.26061","Belgium"
"2191","IMI plc","IMI.L","10352","38.6731","United Kingdom"
"2192","Adaro Energy","ADRO.JK","10343","0.145943","Indonesia"
"2193","adesso SE","ADN1.DE","10320","69.3396","Germany"
"2194","Coca-Cola İçecek","CCOLA.IS","10319","1.68325","Turkey"
"2195","Hays plc","HAS.L","10300","0.423369","United Kingdom"
"2196","CAVA Group","CAVA","10300","88.18","United States"
"2197","Elang Mahkota Teknologi","EMTK.JK","10241","0.0531232","Indonesia"
"2198","Nifco Inc.","7988.T","10226","28.8704","Japan"
"2199","Silan Microelectronics","600460.SS","10223","3.93874","China"
"2200","MKS Instruments","MKSI","10200","274.15","United States"
"2201","DexCom","DXCM","10200","62.95","United States"
"2202","La-Z-Boy","LZB","10200","34.11","United States"
"2203","Flowers Foods","FLO","10200","8.26","United States"
"2204","MillerKnoll","MLKN","10200","16.21","United States"
"2205","BIC","BB.PA","10192","68.0425","France"
"2206","Shimano","7309.T","10130","104.52","Japan"
"2207","Agnico Eagle Mines","AEM","10125","219.94","Canada"
"2208","Franklin Resources","BEN","10100","26.43","United States"
"2209","Lamb Weston","LW","10100","43.73","United States"
"2210","Skyworks Solutions","SWKS","10100","57.28","United States"
"2211","Grupo Financiero Inbursa","GFINBURO.MX","10093","2.57217","Mexico"
"2212","Paul Hartmann","PHH2.F","10079","247.642","Germany"
"2213","MFHC","2886.TW","10065","1.24703","Taiwan"
"2214","Buzzi Unicem","BZU.MI","10061","57.2052","Italy"
"2215","Danieli &amp; C. Officine Meccaniche","DAN.MI","10054","78.4788","Italy"
"2216","CrowdStrike","CRWD","10047","398.49","United States"
"2217","Sysmex","6869.T","10042","8.99841","Japan"
"2218","Lisi S.A.","FII.PA","10014","71.816","France"
"2219","Zhuzhou CRRC Times Electric","3898.HK","10010","4.95414","Hong Kong"
"2220","Heidelberger Druckmaschinen","HDD.DE","10008","1.9316","Germany"
"2221","Visteon","VC","10000","93.74","United States"
"2222","Patrick Industries","PATK","10000","111.39","United States"
"2223","Liberty Latin America","LILA","10000","8.11","United States"
"2224","Advanced Energy","AEIS","10000","385.73","United States"
"2225","Voya Financial","VOYA","10000","72.18","United States"
"2226","HEICO","HEI","10000","299.99","United States"
"2227","CBIZ","CBZ","10000","29.09","United States"
"2228","CEAT","CEATLTD.NS","10000","38.3916","India"
"2229","Grafton Group","GFTU.L","10000","12.507","Ireland"
"2230","Bally's Corporation","BALY","10000","10.7","United States"
"2231","Organon","OGN","10000","8.7","United States"
"2232","First Advantage","FA","10000","12.04","United States"
"2233","CapitaLand Investment Limited","9CI.SI","10000","2.25764","Singapore"
"2234","Cineplex","CGX.TO","10000","8.03869","Canada"
"2235","Keller Group","KLR.L","10000","29.7715","United Kingdom"
"2236","Marston's","MARS.L","10000","0.770748","United Kingdom"
"2237","Ultrapar Participacoes","UGP","9999","5.99","Brazil"
"2238","Scientific and Medical Equipment House Company","4014.SR","9980","8.33644","Saudi Arabia"
"2239","Henderson Land Development","0012.HK","9970","3.91022","Hong Kong"
"2240","Fanuc","6954.T","9970","38.6932","Japan"
"2241","Hera Group","HER.MI","9965","4.97642","Italy"
"2242","Spirax-Sarco Engineering","SPX.L","9960","100.903","United Kingdom"
"2243","Investment AB Latour","LATO-B.ST","9948","24.1668","Sweden"
"2244","Charoen Pokphand Indonesia","CPIN.JK","9932","0.255692","Indonesia"
"2245","Vinamilk (Vietnam Dairy Products)","VNM.VN","9926","2.35004","Vietnam"
"2246","Amara Raja Energy &amp; Mobility","ARE&M.NS","9911","7.93207","India"
"2247","Azbil Corporation","6845.T","9909","9.17145","Japan"
"2248","Zebra Technologies","ZBRA","9900","226.7","United States"
"2249","Valero Energy","VLO","9898","235.58","United States"
"2250","Telkom SA","TKG.JO","9894","3.65534","South Africa"
"2251","UNO Minda","UNOMINDA.NS","9881","11.5784","India"
"2252","China Northern Rare Earth (CNREHT)","600111.SS","9867","7.35378","China"
"2253","Industrial Bank of Korea (IBK)","024110.KS","9858","15.2201","South Korea"
"2254","Palfinger","PFI.F","9851","44.2217","Austria"
"2255","Sumco Corporation","3436.T","9850","13.9444","Japan"
"2256","Texwinca Holdings","0321.HK","9849","0.162075","Hong Kong"
"2257","Vicat S.A.","VCT.PA","9840","78.6557","France"
"2258","Tecnoglass","TGLS","9837","45.71","Colombia"
"2259","OTE Group","OTE.F","9831","20.7901","Greece"
"2260","Offshore Oil Engineering Co.,Ltd","600583.SS","9824","1.04593","China"
"2261","Meidensha Corporation","6508.T","9810","52.1027","Japan"
"2262","KPN","KPN.AS","9805","5.62382","Netherlands"
"2263","Fortis","FTS","9800","56.92","Canada"
"2264","Mitsui O.S.K. Lines","9104.T","9795","39.5741","Japan"
"2265","Lincoln National Corporation","LNC","9783","35.35","United States"
"2266","Columbia Sportswear","COLM","9780","57.76","United States"
"2267","Bank of Changsha","601577.SS","9779","1.38773","China"
"2268","UGI Corporation","UGI","9750","37.23","United States"
"2269","Pentair","PNR","9750","90.81","United Kingdom"
"2270","Indutrade","INDT.ST","9727","24.5916","Sweden"
"2271","Oriental Land","4661.T","9719","16.6124","Japan"
"2272","Freedom Holding","FRHC","9715","156.7","Kazakhstan"
"2273","Universal Music Group","UMG.AS","9709","23.4493","Netherlands"
"2274","Capri Holdings","CPRI","9700","19.77","United Kingdom"
"2275","Sino Land","0083.HK","9700","1.50717","Hong Kong"
"2276","West Fraser Timber","WFG","9700","66.44","Canada"
"2277","Otsuka","4768.T","9680","18.9848","Japan"
"2278","Taiwan Cooperative Financial","5880.TW","9678","0.754866","Taiwan"
"2279","Spandana Sphoorty Financial","SPANDANA.NS","9674","2.3044","India"
"2280","Zhongtai Securities","600918.SS","9648","0.894835","China"
"2281","South32","S32.AX","9616","3.30727","Australia"
"2282","ElringKlinger","ZIL2.DE","9606","6.33255","Germany"
"2283","Cross Country Healthcare","CCRN","9605","9.77","United States"
"2284","Ashok Leyland","ASHOKLEY.NS","9603","1.84768","India"
"2285","Dayforce","DAY","9600","69.86","United States"
"2286","CASIO","6952.T","9594","10.9617","Japan"
"2287","Nisshin Seifun Group","2002.T","9574","13.227","Japan"
"2288","Qingdao Port International","601298.SS","9552","1.28504","China"
"2289","Yunnan Energy New Material","002812.SZ","9526","10.2378","China"
"2290","Kimberly-Clark de México","KIMBERA.MX","9513","2.37217","Mexico"
"2291","Aena","AENA.MC","9511","31.5802","Spain"
"2292","Hikma Pharmaceuticals","HIK.L","9500","18.1832","United Kingdom"
"2293","Prime Focus","PFOCUS.NS","9500","3.62481","India"
"2294","Alight","ALIT","9500","0.6188","United States"
"2295","Nasdaq","NDAQ","9492","86.71","United States"
"2296","Merdeka Copper Gold","MDKA.JK","9492","0.193812","Indonesia"
"2297","Teixeira Duarte","TDSA.LS","9489","0.517689","Portugal"
"2298","Compañía Cervecerías Unidas","CCU","9487","12.27","Chile"
"2299","Terveystalo","TTALO.HE","9484","10.4009","Finland"
"2300","Isetan Mitsukoshi Holdings","3099.T","9467","19.7965","Japan"
"2301","Sieyuan Electric","002028.SZ","9456","31.1065","China"
"2302","Weyerhaeuser","WY","9440","24.78","United States"
"2303","Zions Bancorporation","ZION","9440","61.69","United States"
"2304","Siemens India","SIEMENS.NS","9434","35.9045","India"
"2305","Swiss Life","SLHN.SW","9424","1183.56","Switzerland"
"2306","IES Holdings","IESC","9423","544.14","United States"
"2307","Desay SV","002920.SZ","9404","15.4865","China"
"2308","Martin Marietta Materials","MLM","9400","630.8","United States"
"2309","Old Republic International","ORI","9400","41.37","United States"
"2310","LPL Financial","LPLA","9389","322.45","United States"
"2311","Asahi Intecc","7747.T","9371","22.5275","Japan"
"2312","Vodafone Idea","IDEA.NS","9370","0.0993321","India"
"2313","Scandinavian Tobacco Group","STG.CO","9353","10.8237","Denmark"
"2314","Nexon","3659.T","9329","17.119","Japan"
"2315","SIG (Semen Indonesia)","SMGR.JK","9327","0.138938","Indonesia"
"2316","Aldrees Petroleum and Transport Services","4200.SR","9311","34.5397","Saudi Arabia"
"2317","Popular, Inc. (Banco Popular de Puerto Rico)","BPOP","9303","144.61","United States"
"2318","Woodward","WWD","9300","403.25","United States"
"2319","Red Rock Resorts","RRR","9300","57.6","United States"
"2320","Interpump Group","IP.MI","9291","44.3632","Italy"
"2321","SoftwareONE","SWON.SW","9287","8.12852","Switzerland"
"2322","Ottobock","OBCK.F","9256","67.8066","Germany"
"2323","Cinemark Theatres","CNK","9252","30.46","United States"
"2324","PHC Holdings Corporation","6523.T","9245","6.69532","Japan"
"2325","AVI Limited","AVI.JO","9220","6.0551","South Africa"
"2326","South Indian Bank","SOUTHBANK.NS","9219","0.411718","India"
"2327","Patterson-UTI Energy","PTEN","9200","9.88","United States"
"2328","Avient","AVNT","9200","37.92","United States"
"2329","Sabesp","SBS","9190","33.8","Brazil"
"2330","Hero MotoCorp","HEROMOTOCO.NS","9173","56.3454","India"
"2331","Cholamandalam Investment and Finance","CHOLAFIN.NS","9125","16.1852","India"
"2332","Hansoh Pharma","3692.HK","9123","4.97201","China"
"2333","Gray Media","GTN","9118","5.51","United States"
"2334","Trigano","TRI.PA","9115","183.255","France"
"2335","EIH Limited","EIHOTEL.NS","9105","3.31178","India"
"2336","AES","AES","9100","14.4","United States"
"2337","Western Union","WU","9100","9.16","United States"
"2338","UWM Holdings","UWMC","9100","3.72","United States"
"2339","Mitra Keluarga","MIKA.JK","9090","0.127262","Indonesia"
"2340","Canadian Utilities","CU.TO","9084","35.8292","Canada"
"2341","Korn Ferry","KFY","9076","63.3","United States"
"2342","ABC-Mart","2670.T","9075","17.9874","Japan"
"2343","Card Factory plc","CARD.L","9075","0.884732","United Kingdom"
"2344","Hindustan Petroleum","HINDPETRO.NS","9065","3.75207","India"
"2345","Ariston Holding","ARIS.MI","9062","4.74292","Italy"
"2346","UCB","UCB.VI","9052","322.759","Belgium"
"2347","Implenia AG","IMPN.SW","9046","86.4055","Switzerland"
"2348","Prestige Group","PRESTIGE.NS","9024","14.0085","India"
"2349","Pegasus Airlines","PGSUS.IS","9020","4.18242","Turkey"
"2350","Orange Polska","OPL.WA","9012","4.00057","Poland"
"2351","Foshan Haitian Flavouring and Food","603288.SS","9010","5.98806","China"
"2352","Amada Co., Ltd.","6113.T","9005","15.6497","Japan"
"2353","IDEX","IEX","9000","204.9","United States"
"2354","Pan American Silver","PAAS","9000","58.12","Canada"
"2355","ICF International","ICFI","9000","70.23","United States"
"2356","American Eagle Outfitters","AEO","9000","17.77","United States"
"2357","Elanco","ELAN","9000","24.11","United States"
"2358","Reece Group","REH.AX","9000","10.0679","Australia"
"2359","Metcash","MTS.AX","9000","2.13832","Australia"
"2360","Champion Homes","SKY","9000","78.74","United States"
"2361","OneMain Financial","OMF","9000","57.42","United States"
"2362","Curtiss-Wright","CW","9000","742.61","United States"
"2363","Solvay","SOLB.VI","9000","32.9009","Belgium"
"2364","RS Group","RS1.L","9000","7.89746","United Kingdom"
"2365","Zamil Industrial Investment Company","2240.SR","9000","9.8289","Saudi Arabia"
"2366","CVS Group","CVSG.L","9000","16.3241","United Kingdom"
"2367","Magnera","MAGN","9000","10.7","United States"
"2368","ASICS Corporation","7936.T","8987","28.6187","Japan"
"2369","Hensoldt","HAG.F","8986","91.9575","Germany"
"2370","Ameren","AEE","8981","111.86","United States"
"2371","Food &amp; Life Companies","3563.T","8978","59.3895","Japan"
"2372","Bath &amp; Body Works","BBWI","8975","18.3","United States"
"2373","Illumina","ILMN","8970","130.32","United States"
"2374","HORIBA","6856.T","8955","133.655","Japan"
"2375","Endesa","ELE.MC","8948","44.1981","Spain"
"2376","Basic-Fit","BFIT.AS","8937","36.8868","Netherlands"
"2377","Industrial Securities","601377.SS","8936","0.880165","China"
"2378","ACEA","ACE.MI","8928","27.5708","Italy"
"2379","Aisan Industry","7283.T","8920","12.1258","Japan"
"2380","Nankai Electric Railway","9044.T","8919","19.5133","Japan"
"2381","Banco Macro","BMA","8903","81.61","Argentina"
"2382","Shufersal","SAE.TA","8900","14.8689","Israel"
"2383","Adecoagro","AGRO","8896","13.56","Luxembourg"
"2384","Stifel","SF","8887","80.66","United States"
"2385","TIM S.A.","TIMB","8873","27.33","Brazil"
"2386","CenterPoint Energy","CNP","8872","42.9","United States"
"2387","Akwel SA","AKW.PA","8868","8.56132","France"
"2388","Aspen Pharmacare","APN.JO","8867","8.17753","South Africa"
"2389","JGC Holdings","1963.T","8865","16.2349","Japan"
"2390","Bharat Electronics","BEL.NS","8853","4.74163","India"
"2391","Huagong Tech","000988.SZ","8823","16.7085","China"
"2392","Emmi AG","EMMN.SW","8821","1017.67","Switzerland"
"2393","Wizz Air","WIZZ.L","8816","13.8138","Jersey"
"2394","Swiss Steel","STLN.SW","8812","1.60943","Switzerland"
"2395","Samsung Heavy Industries","010140.KS","8809","19.195","South Korea"
"2396","Econocom Group","ECONB.BR","8808","1.69811","Belgium"
"2397","Tiger Brands","TBS.JO","8785","18.4267","South Africa"
"2398","Groupe CRIT","CEN.PA","8784","67.6887","France"
"2399","Eramet","ERA.PA","8770","61.3208","France"
"2400","Snowflake","SNOW","8769","135.47","United States"
"2401","Orient Securities Company Limited (DFZQ)","600958.SS","8766","1.36279","China"
"2402","Concentra Group","CON","8758","22.75","United States"
"2403","Banco Santander-Chile","BSAC","8757","35.92","Chile"
"2404","China Longyuan Power Group","0916.HK","8752","0.807824","China"
"2405","B Communications","BCOM.TA","8737","8.08819","Israel"
"2406","Punjab &amp; Sind Bank","PSB.NS","8735","0.260518","India"
"2407","Pasona Group","2168.T","8735","11.226","Japan"
"2408","Indus Holding","INH.F","8732","32.6651","Germany"
"2409","NICE","NICE","8726","101.19","Israel"
"2410","HubSpot","HUBS","8723","206.44","United States"
"2411","China Merchants Port","0144.HK","8713","1.97298","Hong Kong"
"2412","American Financial Group","AFG","8700","130.57","United States"
"2413","BWX Technologies","BWXT","8700","238.27","United States"
"2414","Morgan Advanced Materials","MGAM.L","8694","2.91745","United Kingdom"
"2415","Himatsingka Seide","HIMATSEIDE.NS","8687","0.952943","India"
"2416","Centuri Holdings","CTRI","8687","33.7","United States"
"2417","Aecon Group","ARE.TO","8684","33.8613","Canada"
"2418","Titan Company","TITAN.NS","8680","47.6719","India"
"2419","Adani Enterprises","ADANIENT.NS","8676","22.8625","India"
"2420","Per Aarsleff Holding A/S B","PAAL-B.CO","8656","128.117","Denmark"
"2421","GELEX Group Joint Stock Company","GEX.VN","8650","1.54518","Vietnam"
"2422","Phu Nhuan Jewelry (PNJ)","PNJ.VN","8641","4.16097","Vietnam"
"2423","Wallenius Wilhelmsen","WAWI.OL","8626","13.1377","Norway"
"2424","Israel Discount Bank","DSCT.TA","8625","11.6196","Israel"
"2425","Sega Sammy Holdings","6460.T","8623","15.7095","Japan"
"2426","W. R. Berkley","WRB","8606","65.99","United States"
"2427","Herbalife","HLF","8600","16.67","United States"
"2428","Bharat Petroleum","BPCL.NS","8594","3.14587","India"
"2429","QinetiQ","QQ.L","8588","6.54458","United Kingdom"
"2430","Ontex Group","ONTEX.BR","8587","3.68514","Belgium"
"2431","Ciena","CIEN","8570","467.19","United States"
"2432","Braskem","BAK","8569","4","Brazil"
"2433","NFI Group","NFI.TO","8566","14.8865","Canada"
"2434","Intercorp Financial Services","IFS","8542","51.48","Peru"
"2435","Zhongji Innolight","300308.SZ","8542","115.268","China"
"2436","Hokuriku Electric Power Company","9505.T","8541","6.78027","Japan"
"2437","Powergrid Corporation of India","POWERGRID.NS","8536","3.22534","India"
"2438","Karnataka Bank","KTKBANK.NS","8520","2.58736","India"
"2439","Grupo Catalana Occidente","GCO.MC","8518","53.2104","Spain"
"2440","Portillo's","PTLO","8512","5.56","United States"
"2441","MYR Group","MYRG","8500","322.07","United States"
"2442","Hyster-Yale Materials Handling","HY","8500","37.18","United States"
"2443","Jain Irrigation Systems","JISLDVREQS.NS","8500","0.249028","India"
"2444","Expro Group","XPRO","8500","16.27","United States"
"2445","Técnicas Reunidas","TRE.MC","8490","40.9198","Spain"
"2446","Spring Airlines","601021.SS","8489","7.00758","China"
"2447","Bank Hapoalim","POLI.TA","8480","26.8835","Israel"
"2448","Outokumpu","OUT1V.HE","8462","6.16156","Finland"
"2449","Burberry","BRBY.L","8459","15.8736","United Kingdom"
"2450","Mineral Resources","MIN.AX","8456","41.9004","Australia"
"2451","Obrascón Huarte Lain","OHLA.MC","8438","0.57783","Spain"
"2452","Mitsubishi HC Capital","8593.T","8424","9.21236","Japan"
"2453","Nestlé India","NESTLEIND.NS","8419","13.1666","India"
"2454","Invesco","IVZ","8407","24.72","United States"
"2455","Resorttrust","4681.T","8404","11.5752","Japan"
"2456","Kennametal","KMT","8400","39.18","United States"
"2457","Leon's Furniture","LNF.TO","8381","19.4105","Canada"
"2458","Perrigo","PRGO","8379","11.47","Ireland"
"2459","Becle","CUERVO.MX","8371","0.96058","Mexico"
"2460","Macmahon Holdings","MAH.AX","8368","0.609421","Australia"
"2461","Bonduelle","BON.PA","8363","10.6132","France"
"2462","Nikkiso Co., Ltd.","6376.T","8337","17.6507","Japan"
"2463","Arm Holdings","ARM","8330","161.22","United Kingdom"
"2464","CMS Energy","CMS","8324","78.82","United States"
"2465","Titan International","TWI","8303","8.42","United States"
"2466","Albemarle","ALB","8300","189.86","United States"
"2467","Aritzia","ATZ.TO","8300","94.5399","Canada"
"2468","Amneal Pharmaceuticals","AMRX","8300","13.12","United States"
"2469","Playtech","PTEC.L","8300","5.37353","Isle of Man"
"2470","IAC Inc.","IAC","8300","41.85","United States"
"2471","Maire Tecnimont","MAIRE.MI","8299","17.7594","Italy"
"2472","Hanwha Ocean (DSME)","042660.KS","8266","85.8847","South Korea"
"2473","Ørsted","ORSTED.CO","8251","25.7459","Denmark"
"2474","Cyfrowy Polsat","CPS.WA","8248","3.20324","Poland"
"2475","Acerinox","ACX.MC","8245","15.7429","Spain"
"2476","BIPROGY","8056.T","8218","30.475","Japan"
"2477","Fannie Mae","FNMA","8200","8.21","United States"
"2478","Nexity","NXI.PA","8185","10.454","France"
"2479","Dätwyler","DAE.SW","8178","192.012","Switzerland"
"2480","Stabilus","STM.DE","8173","21.1792","Luxembourg"
"2481","Shanghai United Imaging Healthcare","688271.SS","8173","16.8112","China"
"2482","Sri Trang Gloves","STGT.BK","8170","0.331872","Thailand"
"2483","Alpha Services and Holdings","ALPHA.AT","8161","4.48113","Greece"
"2484","Netcompany Group","NETC.CO","8150","59.9562","Denmark"
"2485","Kosé","4922.T","8130","36.6229","Japan"
"2486","Commercial International Bank","CIN.F","8106","2.21698","Egypt"
"2487","FTI Consulting","FCN","8105","178.96","United States"
"2488","Newmark","NMRK","8100","15.73","United States"
"2489","First Solar","FSLR","8100","200.61","United States"
"2490","Shopify","SHOP","8100","117.64","Canada"
"2491","City Developments","C09.SI","8083","6.63132","Singapore"
"2492","iHeartMedia","IHRT","8080","3.89","United States"
"2493","Freddie Mac","FMCC","8076","7.12","United States"
"2494","Haitian International Holdings","1882.HK","8074","2.76932","Hong Kong"
"2495","Everbright Securities Company","6178.HK","8064","1.0235","Hong Kong"
"2496","T. Rowe Price","TROW","8063","95.84","United States"
"2497","Kingsoft","3888.HK","8047","2.98882","China"
"2498","Soho House & Co","SHCO","8038","8.99","United States"
"2499","INFRONEER Holdings","5076.T","8037","13.1893","Japan"
"2500","Relaxo Footwear","RELAXO.NS","8026","3.16638","India"
"2501","Extra Space Storage","EXR","8012","141.43","United States"
"2502","National Bank of Greece","ETE.AT","8005","17.842","Greece"
"2503","J.M. Smucker Company","SJM","8000","92.21","United States"
"2504","Option Care Health","OPCH","8000","27.9","United States"
"2505","EZCorp","EZPW","8000","29.69","United States"
"2506","Entegris","ENTG","8000","137.44","United States"
"2507","Veradigm","MDRX","8000","4.74","United States"
"2508","Equitable Holdings","EQH","8000","39.21","United States"
"2509","RB Global","RBA","8000","103.34","Canada"
"2510","Vontier","VNT","8000","37.59","United States"
"2511","Halma","HLMA.L","8000","57.8333","United Kingdom"
"2512","Bénéteau","BEN.PA","8000","8.23113","France"
"2513","Lovisa Holdings","LOV.AX","8000","16.2869","Australia"
"2514","Virgin Australia","VGN.AX","8000","1.80688","Australia"
"2515","Fukuoka Financial Group","8354.T","7995","41.5122","Japan"
"2516","TBS Holdings","9401.T","7992","36.6229","Japan"
"2517","(HLBank) Hong Leong Bank","5819.KL","7987","5.58965","Malaysia"
"2518","Jasa Marga","JSMR.JK","7977","0.189726","Indonesia"
"2519","Sumitomo Bakelite Company","4203.T","7953","32.9858","Japan"
"2520","Sociedad Química y Minera","SQM","7949","88.93","Chile"
"2521","Komerční banka","KOMB.PR","7943","56.2724","Czech Republic"
"2522","China Yangtze Power","600900.SS","7937","3.9006","China"
"2523","Piraeus Financial Holdings","TPEIR.AT","7918","9.97642","Greece"
"2524","Electrica","ECEA.F","7916","14.1509","Romania"
"2525","Crocs","CROX","7910","101.2","United States"
"2526","Copa Holdings","CPA","7909","120.9","Panama"
"2527","Frontier Airlines","ULCC","7906","3.96","United States"
"2528","Telephone and Data Systems","TDS","7900","45.49","United States"
"2529","Bilibili","BILI","7897","25","China"
"2530","Atea ASA","ATEA.OL","7894","15.0962","Norway"
"2531","ING Bank Slaski","ING.WA","7892","127.796","Poland"
"2532","Offcn Education","002607.SZ","7888","0.38874","China"
"2533","MITSUI-SOKO HOLDINGS Co., Ltd.","9302.T","7882","26.7939","Japan"
"2534","Bank of East Asia","0023.HK","7880","1.74709","Hong Kong"
"2535","Bank of Chengdu","601838.SS","7879","2.54221","China"
"2536","Tokyo Century","8439.T","7876","13.312","Japan"
"2537","Veidekke","VEI.OL","7868","20.4953","Norway"
"2538","Sixt","SIX2.F","7864","85.1415","Germany"
"2539","COSCO Shipping Energy","600026.SS","7854","3.30942","China"
"2540","SiteOne Landscape Supply","SITE","7840","137.53","United States"
"2541","Diagnostyka S.A.","DIA.WA","7836","48.0346","Poland"
"2542","Apollo Tyres","APOLLOTYRE.NS","7835","4.64337","India"
"2543","Bank Leumi","LUMI.TA","7833","25.3568","Israel"
"2544","Diodes Incorporated","DIOD","7829","87.52","United States"
"2545","Sabeco Brewery (Saigon Beer)","SAB.VN","7829","1.72551","Vietnam"
"2546","HASEKO Corporation","1808.T","7829","17.3392","Japan"
"2547","Rush Enterprises","RUSHA","7827","71.27","United States"
"2548","Itaú CorpBanca","ITCLY","7817","3.1","Chile"
"2549","Verisk Analytics","VRSK","7800","170.63","United States"
"2550","American Woodmark","AMWD","7800","42.15","United States"
"2551","Stride (K12 Education)","LRN","7800","93.53","United States"
"2552","Lenzing","LEN.F","7798","28.6557","Austria"
"2553","SIG Combibloc","SIGN.SW","7786","15.1562","Switzerland"
"2554","KEC International","KEC.NS","7779","6.05603","India"
"2555","BTG Pactual","BPAC3.SA","7778","5.45779","Brazil"
"2556","Wickes Group","WIX.L","7774","2.99208","United Kingdom"
"2557","Changjiang Securities","000783.SZ","7772","1.07674","China"
"2558","TPBank (Tien Phong Commercial Joint Stock Bank)","TPB.VN","7769","0.624525","Vietnam"
"2559","National Bank of Kuwait","NBK.KW","7760","2855.1","Kuwait"
"2560","Antofagasta","ANTO.L","7753","52.5819","United Kingdom"
"2561","RWS Holdings","RWS.L","7752","1.08556","United Kingdom"
"2562","InPost","INPST.AS","7733","17.8538","Luxembourg"
"2563","AQ Group","AQ.ST","7733","23.655","Sweden"
"2564","G8 Education","GEM.AX","7731","0.171066","Australia"
"2565","Nintendo","7974.T","7724","51.4357","Japan"
"2566","CyberAgent","4751.T","7720","8.27161","Japan"
"2567","Nordson","NDSN","7700","279.01","United States"
"2568","Tidewater","TDW","7700","84.28","United States"
"2569","Bio-Rad Laboratories","BIO","7700","292.23","United States"
"2570","ATI Inc.","ATI","7700","163.03","United States"
"2571","Ryman Healthcare","RYM.NZ","7700","1.2483","New Zealand"
"2572","Kaspi.kz Joint Stock Company","KKS.F","7700","81.8396","Kazakhstan"
"2573","ESAB","ESAB","7700","104.16","United States"
"2574","StandardAero","SARO","7700","27.57","United States"
"2575","Hongkong and Shanghai Hotels","0045.HK","7695","0.750395","Hong Kong"
"2576","Spotify","SPOT","7691","511.36","Sweden"
"2577","NiSource","NI","7687","47.22","United States"
"2578","FLSmidth","FLS.CO","7682","82.8342","Denmark"
"2579","Olin Corporation","OLN","7676","28.17","United States"
"2580","OSG Corporation","6136.T","7674","18.022","Japan"
"2581","Jefferies Financial Group","JEF","7671","47.06","United States"
"2582","Boise Cascade","BCC","7670","81.72","United States"
"2583","Lion Corp","4912.T","7654","10.1783","Japan"
"2584","ARYZTA AG","ARYN.SW","7654","79.8771","Switzerland"
"2585","Baozun","BZUN","7650","2.62","China"
"2586","Kokuyo","7984.T","7647","5.60922","Japan"
"2587","GPI S.p.A.","GPI.MI","7638","18.9151","Italy"
"2588","Nextage Co Ltd","3186.T","7635","20.9858","Japan"
"2589","MTY Food Group","MTY.TO","7632","27.6961","Canada"
"2590","mBank","MBK.WA","7627","353.859","Poland"
"2591","Agrana","AGR.VI","7624","14.033","Austria"
"2592","Asiana Airlines","020560.KS","7622","4.87178","South Korea"
"2593","Biogen","BIIB","7605","178.96","United States"
"2594","Emera","EMA.TO","7605","52.4221","Canada"
"2595","Torrent Power","TORNTPOWER.NS","7603","15.8244","India"
"2596","Clorox","CLX","7600","104.44","United States"
"2597","Waters Corporation","WAT","7600","330.98","United States"
"2598","Vail Resorts","MTN","7600","129.12","United States"
"2599","HNI Corporation","HNI","7600","36.26","United States"
"2600","Herc Holdings","HRI","7600","103.64","United States"
"2601","Noodles &amp; Company","NDLS","7600","8.41","United States"
"2602","Julius Bär","BAER.SW","7595","78.597","Switzerland"
"2603","Vertu Motors","VTU.L","7591","0.854879","United Kingdom"
"2604","Canfor","CFP.TO","7580","9.73793","Canada"
"2605","Hartalega","5168.KL","7562","0.296728","Malaysia"
"2606","Unicaja Banco","UNI.MC","7558","3.33255","Spain"
"2607","Tyler Technologies","TYL","7542","322.31","United States"
"2608","RXO","RXO","7540","16.24","United States"
"2609","LifeStance Health Group","LFST","7535","6.51","United States"
"2610","Havells India","HAVELLS.NS","7532","13.6799","India"
"2611","Nagase &amp; Co.","8012.T","7528","7.82484","Japan"
"2612","Kikkoman","2801.T","7521","9.32248","Japan"
"2613","Founder Securities","601901.SS","7509","1.04593","China"
"2614","ATS Corporation","ATS","7500","31.59","Canada"
"2615","Cleanaway Waste Management","CWY.AX","7500","1.6073","Australia"
"2616","Tutor Perini Corporation","TPC","7500","86.16","United States"
"2617","Methode Electronics","MEI","7500","7.4","United States"
"2618","H.B. Fuller","FUL","7500","62.97","United States"
"2619","Crane Company","CR","7500","193.59","United States"
"2620","Belden","BDC","7500","130.25","United States"
"2621","Kerry Properties","0683.HK","7500","2.86886","Hong Kong"
"2622","Boliden","BOL.ST","7500","59.9869","Sweden"
"2623","JOST Werke SE","JST.DE","7500","61.7925","Germany"
"2624","Accent Group","AX1.AX","7500","0.496803","Australia"
"2625","Zigup","ZIG.L","7500","5.66527","United Kingdom"
"2626","Sumitomo Metal Mining","5713.T","7496","66.5756","Japan"
"2627","EVN Group","EVN.F","7496","34.375","Austria"
"2628","Hua Hong Semiconductor Limited","1347.HK","7487","11.7345","China"
"2629","Aubay","AUB.PA","7483","53.8915","France"
"2630","JOYY","JOYY","7449","62.16","China"
"2631","Universal Entertainment Corporation","6425.T","7437","4.7572","Japan"
"2632","Uniper","UN0.DE","7431","48.3491","Germany"
"2633","Tessenderlo Group","TESB.BR","7428","25","Belgium"
"2634","Lifco","LIFCO-B.ST","7424","32.5855","Sweden"
"2635","Morinaga Milk Industry","2264.T","7415","30.8652","Japan"
"2636","Zoom","ZM","7412","82.4","United States"
"2637","Sangfor Technologies","300454.SZ","7410","15.8841","China"
"2638","Merit Medical","MMSI","7400","70.54","United States"
"2639","Kemper","KMPR","7400","32.17","United States"
"2640","Mullen Group","MTL.TO","7400","13.0928","Canada"
"2641","Transcontinental","TCL-A.TO","7400","4.17547","Canada"
"2642","Monadelphous Group","MND.AX","7400","20.3853","Australia"
"2643","CI&amp;T","CINT","7399","4.7","Brazil"
"2644","Fisher & Paykel Healthcare","FPH.NZ","7384","22.7292","New Zealand"
"2645","Trinity Industries","TRN","7380","34.65","United States"
"2646","Mediclin","MED.DE","7377","3.91509","Germany"
"2647","Enovis","ENOV","7367","25.1","United States"
"2648","CSN Mineração","CMIN3.SA","7366","1.01732","Brazil"
"2649","PageGroup","PAGE.L","7361","1.85631","United Kingdom"
"2650","Monro","MNRO","7360","16.82","United States"
"2651","Moncler","MONC.MI","7354","64.5519","Italy"
"2652","DMG Mori Aktiengesellschaft","GIL.F","7352","56.8396","Germany"
"2653","Encore Capital Group","ECPG","7350","79.71","United States"
"2654","Dometic Group","DOM.ST","7349","3.12786","Sweden"
"2655","Zscaler","ZS","7348","122.68","United States"
"2656","Montana Aerospace","AERO.SW","7345","32.0661","Switzerland"
"2657","Mersen","MRN.PA","7325","30.8726","France"
"2658","Cannae Holdings","CNNE","7317","12.79","United States"
"2659","Pidilite","PIDILITIND.NS","7310","14.2448","India"
"2660","Paycom","PAYC","7306","119.84","United States"
"2661","Logitech","LOGI","7300","95.96","Switzerland"
"2662","Five Below","FIVE","7300","219.85","United States"
"2663","Aristocrat","ALL.AX","7300","33.9423","Australia"
"2664","First Horizon Corporation","FHN","7300","24.25","United States"
"2665","Acushnet Holdings","GOLF","7300","97.9","United States"
"2666","Airbnb","ABNB","7300","133.85","United States"
"2667","PMetal (Press Metal Aluminium)","8869.KL","7300","2.02638","Malaysia"
"2668","The Rank Group","RNK.L","7300","1.22668","United Kingdom"
"2669","Veeva Systems","VEEV","7291","159.09","United States"
"2670","SDIC Capital","600061.SS","7265","1.02393","China"
"2671","Hydro One","H.TO","7261","42.2921","Canada"
"2672","Rohto Pharmaceutical","4527.T","7259","15.2155","Japan"
"2673","Jack Henry &amp; Associates","JKHY","7240","151.42","United States"
"2674","Séché Environnement","SCHP.PA","7238","101.415","France"
"2675","Alior Bank S.A.","ALR.WA","7229","35.525","Poland"
"2676","World Co., Ltd.","3612.T","7225","9.72835","Japan"
"2677","Watsco","WSO","7220","410.63","United States"
"2678","Zhifei Biological Products","300122.SZ","7220","2.30897","China"
"2679","OCB (Orient Commercial Joint Stock Bank)","OCB.VN","7213","0.440395","Vietnam"
"2680","Mizrahi-Tefahot","MZTF.TA","7211","81.779","Israel"
"2681","MINISO Group","MNSO","7204","16","China"
"2682","Sinclair, Inc.","SBGI","7200","15.56","United States"
"2683","Pitney Bowes","PBI","7200","11.74","United States"
"2684","Arch Capital","ACGL","7200","96.2","Bermuda"
"2685","Teck Resources","TECK","7200","58.89","Canada"
"2686","Elkem","ELK.OL","7200","3.12299","Norway"
"2687","MSC Industrial Direct","MSM","7191","95.78","United States"
"2688","ProSiebenSat.1 Media","PSM.F","7188","4.92217","Germany"
"2689","Full Truck Alliance","YMM","7185","8.39","China"
"2690","Ermenegildo Zegna","ZGN","7185","11.54","Italy"
"2691","BOE Varitronix","0710.HK","7182","0.548758","Hong Kong"
"2692","Fresnillo","FNLPF","7179","49.52","Mexico"
"2693","SRF Limited","SRF.NS","7171","26.2366","India"
"2694","Nutanix","NTNX","7150","36.83","United States"
"2695","Cenovus Energy","CVE","7150","25.72","Canada"
"2696","Tata Communications","TATACOMM.NS","7144","16.24","India"
"2697","Kontron AG","KTN.F","7122","24.0094","Austria"
"2698","Superior Group of Companies","SGC","7100","10.7","United States"
"2699","Neurones","NRO.PA","7087","43.2193","France"
"2700","J-POWER (Electric Power Development)","9513.T","7083","24.6984","Japan"
"2701","CLP Group","0002.HK","7069","9.55223","Hong Kong"
"2702","Quanex Building Products","NX","7068","19.5","United States"
"2703","Hologic","HOLX","7063","76.01","United States"
"2704","One Software Technologies","ONE.TA","7057","20.4116","Israel"
"2705","Galp Energia","GZ5.F","7054","22.9422","Portugal"
"2706","Stolt-Nielsen Limited","0OHK.L","7051","32.2641","United Kingdom"
"2707","GN Store Nord","GN.CO","7047","15.4876","Denmark"
"2708","Globe Telecom, Inc.","GTMEY","7046","23.12","Philippines"
"2709","S4 Capital","SFOR.L","7044","0.513606","United Kingdom"
"2710","Marvell Technology","MRVL","7042","133.83","United States"
"2711","Severn Trent","SVT.L","7040","43.3139","United Kingdom"
"2712","Zhaojin Mining Industry Company","1818.HK","7036","4.19609","China"
"2713","Formosa Taffeta","1434.TW","7034","0.53173","Taiwan"
"2714","Fiskars","FSKRS.HE","7008","14.7877","Finland"
"2715","The North West Company","NWC.TO","7003","38.9081","Canada"
"2716","Helmerich &amp; Payne","HP","7000","34.11","United States"
"2717","NVR","NVR","7000","6843.71","United States"
"2718","WEC Energy Group","WEC","7000","116.5","United States"
"2719","ViaSat","VSAT","7000","56.98","United States"
"2720","The Pennant Group","PNTG","7000","30.65","United States"
"2721","PTC","PTC","7000","133.65","United States"
"2722","Kimball Electronics","KE","7000","26.24","United States"
"2723","Cavco Industries","CVCO","7000","519.99","United States"
"2724","Toromont","TIH.TO","7000","155.807","Canada"
"2725","Cato Fashion","CATO","7000","2.87","United States"
"2726","Aurubis","NDA.F","7000","220.165","Germany"
"2727","Leonardo DRS","DRS","7000","47.54","United States"
"2728","OUTsurance Group","OUT.JO","7000","4.52648","South Africa"
"2729","NRW Holdings Limited","NWH.AX","7000","4.28021","Australia"
"2730","Electra Consumer Products","ECP.TA","7000","24.4175","Israel"
"2731","Ralliant Corporation","RAL","7000","46.56","United States"
"2732","Flagstar Bank","FLG","6993","14.07","United States"
"2733","Phoenix Group","PHNX.L","6980","10.4078","United Kingdom"
"2734","Inspur","000977.SZ","6968","10.1322","China"
"2735","VietJet Aviation","VJC.VN","6951","6.40091","Vietnam"
"2736","Shikun &amp; Binui","SKBN.TA","6948","6.11926","Israel"
"2737","Zillow","Z","6944","40.89","United States"
"2738","Adastria","2685.T","6944","19.6014","Japan"
"2739","Nachi-Fujikoshi","6474.T","6943","30.5191","Japan"
"2740","Western Mining","601168.SS","6931","4.16612","China"
"2741","Chifeng Jilong Gold Mining","600988.SS","6911","6.43254","China"
"2742","Austevoll Seafood","AUSS.OL","6908","10.7134","Norway"
"2743","Exact Sciences","EXAS","6900","104.91","United States"
"2744","Trend Micro","4704.T","6869","34.6785","Japan"
"2745","Nomad Foods","NOMD","6864","9.52","United Kingdom"
"2746","Vistra","VST","6850","163.97","United States"
"2747","Syngene International","SYNGENE.NS","6847","4.32605","India"
"2748","Volaris","VLRS","6843","7.83","Mexico"
"2749","DocuSign","DOCU","6838","44.63","United States"
"2750","XP Inc.","XP","6834","21.24","Brazil"
"2751","Liberty Global","LBTYB","6820","14.75","United Kingdom"
"2752","Fuchs Petrolub","FPE.F","6818","37.6769","Germany"
"2753","Exxaro Resources","EXX.JO","6812","13.468","South Africa"
"2754","LNA Santé","LNA.PA","6809","33.9623","France"
"2755","Hamburger Hafen","HHFA.F","6806","26.1792","Germany"
"2756","Stewart Information Services","STC","6800","64.85","United States"
"2757","Applied Industrial Technologies","AIT","6800","292.01","United States"
"2758","Lucid Motors","LCID","6800","8.8","United States"
"2759","Light &amp; Wonder","LNW","6800","86.22","United States"
"2760","THG (The Hut Group)","THG.L","6797","0.474662","United Kingdom"
"2761","PulteGroup","PHM","6793","122.68","United States"
"2762","Europris","EPR.OL","6791","9.82418","Norway"
"2763","Senior plc","SNR.L","6779","3.90802","United Kingdom"
"2764","Tryg","TRYG.CO","6778","24.5347","Denmark"
"2765","UCT (Ultra Clean Holdings)","UCTT","6773","76.92","United States"
"2766","BioNTech","BNTX","6772","98.41","Germany"
"2767","Advantest","6857.T","6766","175.847","Japan"
"2768","Karur Vysya Bank","KARURVYSYA.NS","6761","3.01218","India"
"2769","PagSeguro","PAGS","6751","10.9","Brazil"
"2770","ITV plc","ITV.L","6743","1.06114","United Kingdom"
"2771","Nelnet","NNI","6739","135.29","United States"
"2772","Beijer Ref","BEIJ-B.ST","6733","15.7155","Sweden"
"2773","Systemair AB","SYSR.ST","6729","8.34241","Sweden"
"2774","Orient Corporation","8585.T","6729","6.25484","Japan"
"2775","Bank Millennium","MIL.WA","6726","5.31554","Poland"
"2776","Pihlajalinna Oyj","PIHLIS.HE","6722","14.316","Finland"
"2777","Erie Indemnity","ERIE","6715","249.43","United States"
"2778","Raymond","RAYMOND.NS","6707","4.26591","India"
"2779","SHB (Saigon - Hanoi Commercial Joint Stock Bank)","SHB.VN","6703","0.573273","Vietnam"
"2780","Logista (Compañía de Distribución Integral Logista)","LOG.MC","6702","38.7264","Spain"
"2781","American Water","AWK","6700","133.39","United States"
"2782","Paylocity","PCTY","6700","97.92","United States"
"2783","Edgewell Personal Care","EPC","6700","22.44","United States"
"2784","SIG plc","SHI.L","6700","0.122126","United Kingdom"
"2785","KPIT Technologies","KPITTECH.NS","6698","7.6228","India"
"2786","Vietnam Maritime Commercial Joint Stock Bank","MSB.VN","6685","0.482156","Vietnam"
"2787","OSI Systems","OSIS","6681","296.86","United States"
"2788","MVV Energie","MVV1.F","6680","36.2028","Germany"
"2789","Bankinter","BKT.MC","6674","17.5708","Spain"
"2790","Check Point Software","CHKP","6669","134.78","Israel"
"2791","TC Energy","TRP","6668","61.51","Canada"
"2792","Quess","QUESS.NS","6664","2.04721","India"
"2793","Sundrug","9989.T","6662","24.3083","Japan"
"2794","PPL","PPL","6653","39.61","United States"
"2795","Mister Car Wash","MCW","6640","7","United States"
"2796","Credito Emiliano","CE.MI","6636","18.3726","Italy"
"2797","Aoyama Trading","8219.T","6636","5.27319","Japan"
"2798","Happiest Minds Technologies","HAPPSTMNDS.NS","6632","4.01355","India"
"2799","Eximbank (Vietnam Export Import Commercial Joint Stock Bank)","EIB.VN","6632","0.871298","Vietnam"
"2800","TODA corp","1860.T","6621","9.26584","Japan"
"2801","Takara Standard","7981.T","6616","17.0781","Japan"
"2802","Johnson Service Group PLC","JSG.L","6601","1.87463","United Kingdom"
"2803","QuidelOrtho","QDEL","6600","17.32","United States"
"2804","Garrett Motion","GTX","6600","19.27","Switzerland"
"2805","Abercrombie &amp; Fitch","ANF","6600","91.26","United States"
"2806","Innodata","INOD","6597","41.32","United States"
"2807","Naturgy","NTGY.MC","6594","31.934","Spain"
"2808","CoStar Group","CSGP","6593","37.6","United States"
"2809","China Three Gorges Renewables","600905.SS","6584","0.602913","China"
"2810","Takashimaya Company","8233.T","6574","12.2768","Japan"
"2811","Gold Fields","GFI","6560","50.12","South Africa"
"2812","National Energy Services Reunited","NESR","6554","23.25","United States"
"2813","Semapa","SEM.LS","6549","26.2972","Portugal"
"2814","TKH Group","TWEKA.AS","6538","48.3491","Netherlands"
"2815","Seven Group Holdings
 (SGH)","SGH.AX","6523","29.6157","Australia"
"2816","The Foschini Group","TFG.JO","6508","4.3618","South Africa"
"2817","Under Armour","UA","6500","6.14","United States"
"2818","WEX","WEX","6500","167.99","United States"
"2819","Teradyne","TER","6500","365.51","United States"
"2820","Datadog","DDOG","6500","110.57","United States"
"2821","Harvey Norman","HVN.AX","6500","3.29301","Australia"
"2822","Tronox","TROX","6500","9.28","United States"
"2823","Superior Industries International","SUP","6500","0.3249","United States"
"2824","CNA Financial","CNA","6500","47.25","United States"
"2825","Giordano","0709.HK","6500","0.188875","Hong Kong"
"2826","Sylvamo","SLVM","6500","42.83","United States"
"2827","Arjo AB","ARJO-B.ST","6500","2.82727","Sweden"
"2828","Accendra Health","ACH","6500","3.15","United States"
"2829","Sun Communities","SUI","6491","130.05","United States"
"2830","Churchill Downs","CHDN","6480","91.94","United States"
"2831","Permata Bank","BNLI.JK","6459","0.197898","Indonesia"
"2832","Wüstenrot &amp; Württembergische","WUW.F","6456","17.7123","Germany"
"2833","Shree Cement","SHREECEM.NS","6451","260.948","India"
"2834","Piaggio","PIA.MI","6441","1.85259","Italy"
"2835","SCREEN Holdings","7735.T","6415","69.1241","Japan"
"2836","Norconsult","NORCO.OL","6414","4.34572","Norway"
"2837","Alleima AB","ALLEI.ST","6414","8.91963","Sweden"
"2838","Sweetgreen","SG","6407","6.2","United States"
"2839","Huron Consulting","HURN","6405","128.57","United States"
"2840","Pinnacle West Capital","PNW","6403","102.69","United States"
"2841","Sapporo","2501.T","6402","11.871","Japan"
"2842","Reynolds Consumer Products","REYN","6400","21.73","United States"
"2843","Commercial Vehicle Group (CVG)","CVGI","6400","4.09","United States"
"2844","Domino's Pizza","DPZ","6400","369.17","United States"
"2845","Wharf Holdings","0004.HK","6400","2.74124","Hong Kong"
"2846","John Wiley &amp; Sons","WLY","6400","39.78","United States"
"2847","BBVA Argentina","BBAR","6399","16.06","Argentina"
"2848","Hamamatsu","6965.T","6395","12.0031","Japan"
"2849","Hub Group","HUBG","6386","39.85","United States"
"2850","Coway","021240.KS","6376","55.5805","South Korea"
"2851","SeSa S.p.A.","SES.MI","6367","98.1722","Italy"
"2852","Virbac SA","VIRP.PA","6365","431.014","France"
"2853","Schroders","SDR.L","6363","7.85675","United Kingdom"
"2854","Al-Dawaa Medical Services Company","4163.SR","6359","13.7386","Saudi Arabia"
"2855","Keihan Holdings","9045.T","6353","21.0298","Japan"
"2856","Landis+Gyr","LAND.SW","6347","68.8684","Switzerland"
"2857","Klöckner &amp; Co","KCO.DE","6346","14.5991","Germany"
"2858","Jiangsu Yuyue Medical Equipment &amp; Supply Co., Ltd.","002223.SZ","6346","4.85118","China"
"2859","CenturyPly","CENTURYPLY.NS","6339","7.81018","India"
"2860","FDC India","FDC.NS","6336","3.79663","India"
"2861","Fluidra","FDR.MC","6328","24.8821","Spain"
"2862","Forward Air","FWRD","6319","19.04","United States"
"2863","South State Corp","SSB","6306","98.19","United States"
"2864","Cegedim SA","ALCGM.PA","6306","14.3868","France"
"2865","Franklin Electric","FELE","6300","103.1","United States"
"2866","Huntsman Corporation","HUN","6300","13.57","United States"
"2867","Ardagh Metal Packaging","AMBP","6300","4.09","Luxembourg"
"2868","ParkOhio Holdings Corp.","PKOH","6300","26.65","United States"
"2869","Compagnie des Alpes","CDA.PA","6300","29.8349","France"
"2870","Infortar","INF1T.TL","6296","54.717","Estonia"
"2871","Piramal Pharma","PPLPHARMA.NS","6295","1.57288","India"
"2872","Hankook Tire","161390.KS","6282","41.7873","South Korea"
"2873","SOL S.p.A.","SOL.MI","6278","68.5142","Italy"
"2874","Barratt Redrow","BTRW.L","6270","3.50501","United Kingdom"
"2875","Kadokawa","9468.T","6269","22.1751","Japan"
"2876","Oil India","OIL.NS","6256","5.12392","India"
"2877","Sabre","SABR","6253","1.57","United States"
"2878","Onward Holdings Co., Ltd.","8016.T","6253","5.07183","Japan"
"2879","Arcosa","ACA","6250","114.24","United States"
"2880","Shanghai Lujiazui Finance & Trade Zone Development Co.,Ltd.","600663.SS","6250","1.15155","China"
"2881","Supermicro","SMCI","6238","27.2","United States"
"2882","Norwegian Air Shuttle","NAS.OL","6227","1.53079","Norway"
"2883","Great Eagle","0041.HK","6219","2.2614","Hong Kong"
"2884","Temenos","TEMN.SW","6212","94.5341","Switzerland"
"2885","Lubelski Wegiel Bogdanka","LWB.WA","6212","7.50019","Poland"
"2886","MSCI","MSCI","6208","545.69","United States"
"2887","Altria Group","MO","6200","65.62","United States"
"2888","Qorvo","QRVO","6200","80.61","United States"
"2889","Jindal Steel &amp; Power","JINDALSTEL.NS","6200","13.085","India"
"2890","Birkenstock","BIRK","6200","37.63","Germany"
"2891","Lundin Mining","LUN.TO","6195","29.4171","Canada"
"2892","Barloworld","BAW.JO","6194","7.36393","South Africa"
"2893","Bajaj Auto","BAJAJ-AUTO.NS","6192","105.41","India"
"2894","Aarti Industries","AARTIIND.NS","6185","4.55639","India"
"2895","Gentex","GNTX","6184","21.95","United States"
"2896","Türkiye Petrol Rafinerileri","TUPRS.IS","6167","5.97967","Turkey"
"2897","Addus HomeCare","ADUS","6165","93.23","United States"
"2898","Elisa","ELISA.HE","6162","48.6085","Finland"
"2899","OVS S.p.A.","OVS.MI","6160","5.80425","Italy"
"2900","F5","FFIV","6159","295.19","United States"
"2901","M&G plc","MNG.L","6151","4.00843","United Kingdom"
"2902","Skylark Holdings","3197.T","6150","20.6649","Japan"
"2903","Credit Saison","8253.T","6138","27.8636","Japan"
"2904","Tokmanni","TOKMAN.HE","6128","9.19811","Finland"
"2905","Jumbo S.A.","5JB.F","6112","27.5943","Greece"
"2906","Open House Group","3288.T","6107","61.6171","Japan"
"2907","Vertex Pharmaceuticals","VRTX","6100","444.28","United States"
"2908","Corporación América Airports","CAAP","6100","26.61","Luxembourg"
"2909","Riyad Bank","1010.SR","6087","5.88455","Saudi Arabia"
"2910","Norma Group","NOEJ.F","6077","17.8774","Germany"
"2911","DCM Shriram","DCMSHRIRAM.NS","6067","12.0122","India"
"2912","Info Edge","NAUKRI.NS","6065","10.6811","India"
"2913","Allegiant Air","ALGT","6057","89.85","United States"
"2914","Rithm Capital","RITM","6045","10.12","United States"
"2915","Toho Gas","9533.T","6042","8.18666","Japan"
"2916","Aavas Financiers","AAVAS.NS","6034","13.7841","India"
"2917","Hualu Hengsheng","600426.SS","6033","5.23552","China"
"2918","Croda International","CRDA.L","6027","39.9758","United Kingdom"
"2919","Wacker Neuson","WAC.F","6019","23.4434","Germany"
"2920","Bank of Suzhou","002966.SZ","6016","1.24837","China"
"2921","Laurus Labs","LAURUSLABS.NS","6007","11.6815","India"
"2922","Worthington Enterprises","WOR","6000","55.32","United States"
"2923","POOLCORP","POOL","6000","217.98","United States"
"2924","Medpace","MEDP","6000","520","United States"
"2925","Central Garden &amp; Pet","CENT","6000","36.9","United States"
"2926","Chemours","CC","6000","22.89","United States"
"2927","Wabash National","WNC","6000","9.32","United States"
"2928","Pure Storage","PSTG","6000","64","United States"
"2929","Oxford Industries","OXM","6000","44.22","United States"
"2930","James Hardie Industries","JHX","6000","21.21","Ireland"
"2931","GameStop","GME","6000","24.03","United States"
"2932","Advanced Drainage Systems","WMS","6000","155.62","United States"
"2933","Indoco Remedies","INDOCO.NS","6000","2.27229","India"
"2934","Leroy Seafood","LSG.OL","6000","5.17463","Norway"
"2935","Cenomi Retail (Fawaz Abdulaziz Al Hokair &amp; Company)","4240.SR","6000","4.31214","Saudi Arabia"
"2936","TPG Telecom","TPG.AX","6000","3.0578","Australia"
"2937","United Utilities","UU.L","6000","18.502","United Kingdom"
"2938","ATI Physical Therapy","ATIP","6000","0.675","United States"
"2939","Bread Financial","BFH","6000","82.64","United States"
"2940","Grupa Kety","KTY.WA","6000","302.791","Poland"
"2941","Jubilant Pharmova","JUBLPHARMA.NS","6000","9.58205","India"
"2942","Kossan Rubber Industries","7153.KL","6000","0.28912","Malaysia"
"2943","Wise PLC","WISE.L","6000","14.1734","United Kingdom"
"2944","Bird Construction","BDT.TO","6000","34.9432","Canada"
"2945","Lindex Group","LINDEX.HE","5988","2.76237","Finland"
"2946","Terna","TRN.MI","5984","12.0578","Italy"
"2947","Allegro.eu","ALE.WA","5980","8.01505","Poland"
"2948","360 Security Technology","601360.SS","5975","1.59897","China"
"2949","Romgaz","SNG.RO","5973","2.76444","Romania"
"2950","Edison","EDNR.MI","5957","2.58844","Italy"
"2951","MITSUI E&amp;S","7003.T","5952","35.5091","Japan"
"2952","Neste","NESTE.HE","5942","29.7877","Finland"
"2953","Concordia Financial Group","7186.T","5941","9.73149","Japan"
"2954","Proeduca Altus","PRO.MC","5933","38.6676","Spain"
"2955","Sopharma","3JR.F","5932","1.85731","Bulgaria"
"2956","Latécoère S.A.","LAT.PA","5918","0.0182783","France"
"2957","Okta","OKTA","5914","64.09","United States"
"2958","Digital China Group Co., Ltd.","000034.SZ","5909","5.15777","China"
"2959","NKT A/S","NKT.CO","5904","149.654","Denmark"
"2960","Wintrust Financial","WTFC","5903","145.51","United States"
"2961","Harley-Davidson","HOG","5900","23.17","United States"
"2962","Public Storage","PSA","5900","304","United States"
"2963","Ollie's Bargain Outlet","OLLI","5900","94.25","United States"
"2964","New York Times","NYT","5900","80.72","United States"
"2965","Tegna","TGNA","5900","20.03","United States"
"2966","Murphy USA","MUSA","5900","498.46","United States"
"2967","Groupe SAMSE","SAMS.PA","5900","139.151","France"
"2968","Jay Bharat Maruti","JAYBARMARU.NS","5896","0.966367","India"
"2969","Hexcel","HXL","5894","84.98","United States"
"2970","Jaypee Group","JPASSOCIAT.NS","5893","0.0259874","India"
"2971","Arbonia","ARBN.SW","5878","5.51075","Switzerland"
"2972","Simpson Manufacturing Company","SSD","5872","177.89","United States"
"2973","Mavi Giyim Sanayi ve Ticaret","MAVI.IS","5872","0.97776","Turkey"
"2974","Nissin Corporation","9066.T","5868","51.9081","Japan"
"2975","Wavestone SA","WAVE.PA","5856","56.309","France"
"2976","Mebuki Financial Group","7167.T","5855","8.53905","Japan"
"2977","Cullen/Frost Bankers","CFR","5854","142.36","United States"
"2978","BillerudKorsnäs","BILL.ST","5833","8.1736","Sweden"
"2979","Williams Companies","WMB","5829","71.44","United States"
"2980","Mastek","MASTEK.NS","5810","16.8703","India"
"2981","Yurtec Corporation","1934.T","5809","17.0655","Japan"
"2982","Warner Music Group","WMG","5800","29.05","United States"
"2983","Moderna","MRNA","5800","52.84","United States"
"2984","Eldorado Gold","EGO","5800","36.3","Canada"
"2985","CSG International","CSGS","5800","80.15","United States"
"2986","MOIL","MOIL.NS","5789","3.27903","India"
"2987","Sto SE &amp; Co. KGaA","STO3.DE","5783","130.189","Germany"
"2988","Westports","5246.KL","5773","1.39488","Malaysia"
"2989","SMCP S.A.","SMCP.PA","5767","6.70401","France"
"2990","Dalmia Bharat","DALBHARAT.NS","5763","20.9145","India"
"2991","Taiwan Business Bank","2834.TW","5753","0.489001","Taiwan"
"2992","Church & Dwight","CHD","5750","95.53","United States"
"2993","Fuji Oil Holdings","2607.T","5731","22.6911","Japan"
"2994","Aurizon Holdings","AZJ.AX","5718","2.93306","Australia"
"2995","Carl Zeiss Meditec","AFXA.F","5713","32.783","Germany"
"2996","Allied Group Limited","0373.HK","5713","0.352226","Hong Kong"
"2997","Karooooo","KARO","5711","50.99","Singapore"
"2998","AAR","AIR","5700","125.99","United States"
"2999","FMC Corporation","FMC","5700","17.42","United States"
"3000","Winnebago Industries","WGO","5700","33.35","United States"
"3001","Teradata","TDC","5700","25.72","United States"
"3002","Motorcar Parts of America","MPAA","5700","11.49","United States"
"3003","Qiagen","QGEN","5700","41.76","Netherlands"
"3004","Liberty Energy","LBRT","5700","27.24","United States"
"3005","Brady Corporation","BRC","5700","84.07","United States"
"3006","Swire Properties","1972.HK","5700","3.17004","Hong Kong"
"3007","Amundi","AMUN.PA","5700","91.5094","France"
"3008","Lundbeck","HLUN-B.CO","5700","6.39954","Denmark"
"3009","Fairwood Holdings","0052.HK","5700","0.511749","Hong Kong"
"3010","Titan Cement International","TITC.BR","5700","57.9953","Belgium"
"3011","Toast","TOST","5700","27.1","United States"
"3012","Core &amp; Main","CNM","5700","53.94","United States"
"3013","Ryan Specialty","RYAN","5692","35.7","United States"
"3014","Pop Mart International Group","9992.HK","5692","21.1846","China"
"3015","Perdoceo Education","PRDO","5690","35.03","United States"
"3016","Restoration Hardware","RH","5690","130.72","United States"
"3017","SBI Shinsei Bank","8303.T","5689","10.5904","Japan"
"3018","Française des Jeux","FDJ.VI","5678","30.2476","France"
"3019","Koenig &amp; Bauer","SKB.DE","5673","10.4245","Germany"
"3020","Cancom","COK.F","5671","29.1863","Germany"
"3021","kyowa Kirin","4151.T","5669","15.8227","Japan"
"3022","ARCS Company Limited","9948.T","5663","22.8106","Japan"
"3023","DOF Group","DOFG.OL","5661","14.6092","Norway"
"3024","Endeavour Mining","EDV.TO","5659","66.2992","United Kingdom"
"3025","MongoDB","MDB","5654","233.6","United States"
"3026","Curaleaf","CURLF","5650","2.419","United States"
"3027","Cincinnati Financial","CINF","5624","163.35","United States"
"3028","Zhejiang Century Huatong","002602.SZ","5618","2.46006","China"
"3029","Movida Participações","MOVI3.SA","5614","2.68475","Brazil"
"3030","Tower Semiconductor","TSEM","5613","214.11","Israel"
"3031","Inter Cars","CAR.WA","5610","199.541","Poland"
"3032","Takasago Thermal Engineering","1969.T","5606","28.2223","Japan"
"3033","Standard Motor Products","SMP","5600","37.88","United States"
"3034","Peabody Energy","BTU","5600","27.69","United States"
"3035","Energizer Holdings","ENR","5600","18.99","United States"
"3036","Bapcor Limited","BAP.AX","5600","0.470431","Australia"
"3037","Victoria PLC","VCP.L","5600","0.579418","United Kingdom"
"3038","Air Astana","7YH.F","5586","5.42453","Kazakhstan"
"3039","Galicia Financial Group","GGAL","5578","49.14","Argentina"
"3040","BEML","BEML.NS","5573","17.4298","India"
"3041","Kelly Services","KELYA","5570","9.17","United States"
"3042","Synergie SE","SDG.PA","5570","33.7264","France"
"3043","Genscript Biotech","1548.HK","5568","1.66031","China"
"3044","East Money Information","300059.SZ","5560","2.92362","China"
"3045","AF Gruppen","AFG.OL","5558","18.7379","Norway"
"3046","DEME Group","DEME.BR","5555","220.283","Belgium"
"3047","Hatsun Agro Products","HATSUN.NS","5541","9.78179","India"
"3048","National Mineral Development Corporation","NMDC.NS","5539","0.921479","India"
"3049","Glanbia plc","GL9.IR","5534","20.1061","Ireland"
"3050","Monster Beverage","MNST","5527","75.07","United States"
"3051","National Aluminum &amp; Alloy","NATIONALUM.NS","5525","4.48927","India"
"3052","Kitex Garments","KITEX.NS","5524","1.77778","India"
"3053","Stevanato Group","STVN","5521","14.77","Italy"
"3054","GoDaddy","GDDY","5518","79.32","United States"
"3055","Sirius XM","SIRI","5515","23.72","United States"
"3056","Adeka Corporation","4401.T","5512","25.12","Japan"
"3057","COSMOS Pharmaceutical","3349.T","5512","39.7063","Japan"
"3058","Precision Drilling Corporation","PDS","5504","89.96","Canada"
"3059","Deckers Brands","DECK","5500","107.81","United States"
"3060","Knowles","KN","5500","28.95","United States"
"3061","Carlisle Companies","CSL","5500","357.71","United States"
"3062","Bentley Systems","BSY","5500","33.23","United States"
"3063","Isrotel","ISRO.TA","5500","51.7756","Israel"
"3064","Mears Group plc","MER.L","5500","4.98001","United Kingdom"
"3065","Atour Lifestyle","ATAT","5488","37.37","China"
"3066","Fattal Holdings (Leonardo Hotels)","FTAL.TA","5488","218.719","Israel"
"3067","Guaranty Trust Bank","9JO.F","5487","2.67857","Nigeria"
"3068","Nippon Television Holdings","9404.T","5486","19.9979","Japan"
"3069","Viscofan","VIS.MC","5480","71.2264","Spain"
"3070","Ferrari","RACE","5478","358.13","Italy"
"3071","Transocean","RIG","5470","6.17","Switzerland"
"3072","Baycurrent","6532.T","5467","35.1567","Japan"
"3073","Twilio","TWLO","5466","124","United States"
"3074","TVS Motor","TVSMOTOR.NS","5459","40.142","India"
"3075","Pegasystems","PEGA","5443","41.23","United States"
"3076","Mediobanca","MB.MI","5443","21.5979","Italy"
"3077","Bezeq","BEZQ.TA","5425","2.66379","Israel"
"3078","KITZ Corporation","6498.T","5415","14.0451","Japan"
"3079","Kirby Corporation","KEX","5414","142.63","United States"
"3080","Nolato AB","NOLA-B.ST","5405","5.64147","Sweden"
"3081","Acom","8572.T","5404","3.01352","Japan"
"3082","Team Inc","TISI","5400","16","United States"
"3083","Genesco","GCO","5400","32.93","United States"
"3084","Albany International","AIN","5400","58.36","United States"
"3085","Trulieve Cannabis","TRUL.CN","5400","6.47017","United States"
"3086","Canon Electronics Inc.","7739.T","5394","22.905","Japan"
"3087","Interfor","IFP.TO","5390","7.46502","Canada"
"3088","Generac","GNRC","5389","211.87","United States"
"3089","Finnair","FIA1S.HE","5387","3.63208","Finland"
"3090","Supreme Industries","SUPREMEIND.NS","5374","40.7841","India"
"3091","Bel Fuse","BELFB","5370","237.34","United States"
"3092","City Union Bank","CUB.NS","5367","2.67885","India"
"3093","Ebro Foods","EBRO.MC","5365","22.0519","Spain"
"3094","AUTO1","AG1.F","5356","22.559","Germany"
"3095","Tencent Music Entertainment","TME","5353","9.73","China"
"3096","Haisco Pharmaceutical Group","002653.SZ","5337","8.56108","China"
"3097","Amano Corporation","6436.T","5335","24.3146","Japan"
"3098","RBC Bearings","RBC","5334","598.23","United States"
"3099","Apollo Global Management","APO","5333","114.82","United States"
"3100","Marlowe plc","MRL.L","5332","588.911","United Kingdom"
"3101","Wix.com","WIX","5326","63.84","Israel"
"3102","Ipsen","IPN.PA","5325","194.575","France"
"3103","Dabur","DABUR.NS","5319","4.56122","India"
"3104","Old National Bank","ONB","5313","23.44","United States"
"3105","Bank of Qingdao (BQD)","002948.SZ","5312","0.764277","China"
"3106","Nongshim","004370.KS","5302","255.14","South Korea"
"3107","Zheshang Securities","601878.SS","5302","1.41853","China"
"3108","Element Solutions","ESI","5300","38.19","United States"
"3109","Golden Entertainment","GDEN","5300","28.17","United States"
"3110","ScottsMiracle-Gro","SMG","5300","61.95","United States"
"3111","Griffon Corporation","GFF","5300","82.72","United States"
"3112","Globus Medical","GMED","5300","94.94","United States"
"3113","Tomra","TOM.OL","5300","12.9366","Norway"
"3114","Tiantan Bio","600161.SS","5298","2.17841","China"
"3115","HF Sinclair","DINO","5297","57.17","United States"
"3116","H.U. Group Holdings","4544.T","5295","19.9916","Japan"
"3117","Bunka Shutter","5930.T","5290","11.9622","Japan"
"3118","Bilia AB","BILI-A.ST","5284","13.668","Sweden"
"3119","SeABank (Southeast Asia Commercial Joint Stock Bank)","SSB.VN","5279","0.645406","Vietnam"
"3120","ADES Holding Company","2382.SR","5275","4.96509","Saudi Arabia"
"3121","Manitou Group","MTU.PA","5274","25.7075","France"
"3122","Brookfield Renewable Partners","BEP","5270","34.84","Bermuda"
"3123","Atkore","ATKR","5264","68.89","United States"
"3124","Zumtobel Group","ZAG.VI","5264","4.36321","Austria"
"3125","Nobia AB","NOBI.ST","5262","0.20061","Sweden"
"3126","Atmos Energy","ATO","5260","188.16","United States"
"3127","Renishaw","RSW.L","5256","53.9795","United Kingdom"
"3128","Flughafen Wien (Vienna Airport)","FLU.VI","5232","60.6132","Austria"
"3129","Internet Initiative Japan Inc.","3774.T","5221","16.3859","Japan"
"3130","Heartland Express","HTLD","5220","11","United States"
"3131","Eoptolink Technology","300502.SZ","5212","75.0473","China"
"3132","Snap","SNAP","5206","5.6","United States"
"3133","The Phoenix Holdings","PHOE.TA","5204","61.7325","Israel"
"3134","Dynatrace","DT","5200","33.27","United States"
"3135","Ebos Group","EBO.NZ","5200","13.3743","New Zealand"
"3136","Corebridge Financial","CRBG","5200","25.57","United States"
"3137","Fossil Group","FOSL","5200","5.34","United States"
"3138","OneSpaWorld","OSW","5191","24.75","Bahamas"
"3139","Forbo Holding","FORN.SW","5190","974.142","Switzerland"
"3140","MFE-Mediaforeurope","MFEA.MI","5188","3.31368","Italy"
"3141","Burkhalter Holding","BRKN.SW","5185","229.903","Switzerland"
"3142","Budimex","BDX.WA","5184","212.51","Poland"
"3143","Herfy Food Services Company","6002.SR","5178","3.86973","Saudi Arabia"
"3144","Oneok","OKE","5177","84.84","United States"
"3145","Mueller Industries","MLI","5168","123.76","United States"
"3146","Harel Group","HARL.TA","5158","64.2549","Israel"
"3147","NetDragon Websoft","0777.HK","5155","1.17409","China"
"3148","Exide Industries","EXIDEIND.NS","5151","3.4879","India"
"3149","MakeMyTrip","MMYT","5122","44.62","India"
"3150","DEUTZ","DEZ.DE","5122","11.9811","Germany"
"3151","Yelp","YELP","5116","26.19","United States"
"3152","Australian Clinical Labs","ACL.AX","5115","1.44337","Australia"
"3153","NCC Limited","NCC.NS","5109","1.63098","India"
"3154","DraftKings","DKNG","5100","22.96","United States"
"3155","Imperial Oil","IMO","5100","127.1","Canada"
"3156","Casella Waste Systems","CWST","5100","83.44","United States"
"3157","Rackspace Technology","RXT","5100","1.24","United States"
"3158","Mativ Holdings","MATV","5100","9.26","United States"
"3159","Wuhan Guide Infrared","002414.SZ","5100","1.92903","China"
"3160","NHPC Limited","NHPC.NS","5092","0.83396","India"
"3161","Rieter Holding","RIEN.SW","5081","4.26267","Switzerland"
"3162","Boohoo Group","DEBS.L","5079","0.234074","United Kingdom"
"3163","CorVel Corporation","CRVL","5075","55.12","United States"
"3164","Sotetsu Holdings","9003.T","5075","18.6984","Japan"
"3165","SEI Investments","SEIC","5066","79.8","United States"
"3166","Coromandel","COROMANDEL.NS","5064","22.4823","India"
"3167","Sembcorp","U96.SI","5063","5.53003","Singapore"
"3168","Satellite Chemical","002648.SZ","5057","4.09424","China"
"3169","SK Telecom","SKM","5054","36.61","South Korea"
"3170","Lindab International","LIAB.ST","5046","17.3818","Sweden"
"3171","Focus Media Information Technology","002027.SZ","5042","0.918306","China"
"3172","Itron","ITRI","5040","96.36","United States"
"3173","Anker Innovations","300866.SZ","5034","16.4004","China"
"3174","Taikisha","1979.T","5031","21.9611","Japan"
"3175","BOK Financial","BOKF","5030","135.39","United States"
"3176","Chefs' Warehouse","CHEF","5029","66.19","United States"
"3177","Cemig","CIG","5028","2.69","Brazil"
"3178","Chugai Pharmaceutical","4519.T","5026","54.0408","Japan"
"3179","Federal-Mogul Goetze","FMGOETZE.NS","5025","4.77277","India"
"3180","Wolfspeed","WOLF","5013","23","United States"
"3181","“K” Line","9107.T","5012","16.6817","Japan"
"3182","Aica Kogyo Company","4206.T","5007","22.6659","Japan"
"3183","J&amp;J Snack Foods","JJSF","5000","81.7","United States"
"3184","Origin Energy","ORG.AX","5000","8.63882","Australia"
"3185","E. W. Scripps Company","SSP","5000","4.37","United States"
"3186","Noble Corporation","NE","5000","47.67","United Kingdom"
"3187","MSA Safety","MSA","5000","171.57","United States"
"3188","Six Flags","FUN","5000","20.1","United States"
"3189","Acco Brands","ACCO","5000","3.14","United States"
"3190","Brown Forman","BF-A","5000","29.67","United States"
"3191","3i Infotech","3IINFOLTD.NS","5000","0.172462","India"
"3192","SoFi","SOFI","5000","17.91","United States"
"3193","Worthington Steel","WS","5000","33.86","United States"
"3194","Clas Ohlson AB","CLAS-B.ST","5000","43.716","Sweden"
"3195","Pluxee","PLX.PA","5000","13.3255","France"
"3196","Cochlear","COH.AX","4996","123.738","Australia"
"3197","Hyundai Autoever Corporation","307950.KS","4992","284.697","South Korea"
"3198","Unity Software","U","4987","23.35","United States"
"3199","Hasbro","HAS","4985","92.75","United States"
"3200","Munters Group AB","MTRS.ST","4983","21.9996","Sweden"
"3201","Weibo","WB","4982","9.15","China"
"3202","Pinterest","PINS","4982","18.7","United States"
"3203","Deluxe Corporation","DLX","4981","29.13","United States"
"3204","Dr Lal PathLabs","LALPATHLAB.NS","4980","14.8171","India"
"3205","Sumitomo Pharma","4506.T","4980","13.5605","Japan"
"3206","Tate &amp; Lyle","TATE.L","4971","4.76968","United Kingdom"
"3207","Pacific Industrial","7250.T","4966","18.9722","Japan"
"3208","Malam - Team","MLTM.TA","4965","26.8835","Israel"
"3209","Soochow Securities","601555.SS","4963","1.22196","China"
"3210","Tallink Grupp","T5N.F","4961","0.713443","Estonia"
"3211","Coface","COFA.PA","4960","18.9623","France"
"3212","Shionogi","4507.T","4955","20.8914","Japan"
"3213","Vivara","VIVA3.SA","4950","5.43773","Brazil"
"3214","HEXPOL AB","HPOL-B.ST","4945","8.4132","Sweden"
"3215","TT Electronics","TTG.L","4945","1.62834","United Kingdom"
"3216","Archer Limited","ARCH.OL","4940","3.02771","Norway"
"3217","Calbee, Inc.","2229.T","4939","19.2553","Japan"
"3218","Izumi Co., Ltd.","8273.T","4938","6.46879","Japan"
"3219","Nestle Malaysia","4707.KL","4935","25.1078","Malaysia"
"3220","İsdemir","ISDMR.IS","4928","0.981337","Turkey"
"3221","Vopak","VPK.AS","4928","50.7311","Netherlands"
"3222","Grid Dynamics","GDYN","4926","5.56","United States"
"3223","LIG Nex1","079550.KS","4926","612.201","South Korea"
"3224","Tadano","6395.T","4916","8.96065","Japan"
"3225","AB Akola Group","AKO1L.VS","4913","1.99882","Lithuania"
"3226","Bank Islam Malaysia","5258.KL","4908","0.598529","Malaysia"
"3227","Krosaki Harima","5352.T","4904","26.303","Japan"
"3228","Toll Brothers","TOL","4900","141.94","United States"
"3229","Hanover Insurance Group","THG","4900","178.43","United States"
"3230","Singapore Post","S08.SI","4900","0.267455","Singapore"
"3231","Corticeira Amorim","COR.LS","4900","7.84198","Portugal"
"3232","Kohnan Shoji","7516.T","4898","26.7121","Japan"
"3233","Blackstone Group","BX","4895","126.33","United States"
"3234","Konami Holdings","9766.T","4890","131.106","Japan"
"3235","KWS","KWS.F","4887","88.6792","Germany"
"3236","Disco Corp.","6146.T","4886","443.376","Japan"
"3237","Spark New Zealand","SPK.NZ","4884","1.26306","New Zealand"
"3238","Earth Corporation","4985.T","4878","29.5752","Japan"
"3239","Innovent Biologics","1801.HK","4872","11.3325","China"
"3240","Jagran Prakashan","JAGRAN.NS","4865","0.728507","India"
"3241","Stalprodukt","STP.WA","4855","65.9572","Poland"
"3242","Maisons du Monde","MDM.PA","4853","0.860849","France"
"3243","The National Agricultural Development Company","6010.SR","4852","4.56266","Saudi Arabia"
"3244","ZIM Integrated Shipping Services","ZIM","4850","26.39","Israel"
"3245","Li Ning Company","2331.HK","4845","2.72082","China"
"3246","Polycab India","POLYCAB.NS","4843","81.055","India"
"3247","CATRION Catering Holding Company","6004.SR","4842","18.6557","Saudi Arabia"
"3248","Hangzhou EZVIZ Network","688475.SS","4837","4.33628","China"
"3249","KKR & Co.","KKR","4834","100.43","United States"
"3250","Wendy’s","WEN","4833","6.78","United States"
"3251","Noritake","5331.T","4821","20.388","Japan"
"3252","Agfa-Gevaert","AGFB.BR","4819","0.577241","Belgium"
"3253","Thermax","THERMAX.NS","4818","41.567","India"
"3254","Sanoma","SANOMA.HE","4817","10.7429","Finland"
"3255","Aaon","AAON","4812","93.81","United States"
"3256","Bendigo and Adelaide Bank","BEN.AX","4812","7.97594","Australia"
"3257","Evertec","EVTC","4800","29.22","United States"
"3258","The Manitowoc Company","MTW","4800","13.42","United States"
"3259","Watts Water Technologies","WTS","4800","308.74","United States"
"3260","MISTRAS Group","MG","4800","17.11","United States"
"3261","Caleres","CAL","4800","12.87","United States"
"3262","Amorepacific","090430.KS","4800","88.059","South Korea"
"3263","Korea Aerospace Industries","047810.KS","4796","129.167","South Korea"
"3264","SCHOTT Pharma","1SXP.DE","4790","16.934","Germany"
"3265","Tata Chemicals","TATACHEM.NS","4789","7.70602","India"
"3266","Makino Milling Machine","6135.T","4782","72.8682","Japan"
"3267","Scholastic","SCHL","4770","39.9","United States"
"3268","Square Enix","9684.T","4770","16.3482","Japan"
"3269","Samsung Biologics","207940.KS","4770","1074.92","South Korea"
"3270","Metlen Energy &amp; Metals","MTLN.AT","4769","41.5094","Greece"
"3271","Evotec","EVO","4766","3.12","Germany"
"3272","Nilfisk Holding","NLFSK.CO","4766","21.9313","Denmark"
"3273","Knife River Corporation","KNF","4761","88.64","United States"
"3274","GAIL","GAIL.NS","4754","1.65063","India"
"3275","Rusta AB","RUSTA.ST","4752","11.0325","Sweden"
"3276","Daqo New Energy","DQ","4749","21.21","China"
"3277","Davide Campari-Milano","CPR.MI","4749","7.76415","Italy"
"3278","World Kinect","WKC","4745","23.33","United States"
"3279","Kanzhun","BZ","4743","13.5","China"
"3280","IPG Photonics","IPGP","4740","124.65","United States"
"3281","Xinjiang Daqo New Energy Co.,Ltd.","688303.SS","4740","3.21554","China"
"3282","Eicher Motors","EICHERMOT.NS","4739","75.7071","India"
"3283","Toyo Suisan","2875.T","4738","69.1241","Japan"
"3284","IMCD","IMCD.AS","4736","107.524","Netherlands"
"3285","Heiwado","8276.T","4735","17.6256","Japan"
"3286","Evergy","EVRG","4731","81.92","United States"
"3287","Kemira","KEMIRA.HE","4731","23.3621","Finland"
"3288","Persimmon","PSN.L","4731","15.5235","United Kingdom"
"3289","AB Ignitis grupe","IGN1L.VS","4728","25.2358","Lithuania"
"3290","DFS Furniture","DFS.L","4722","1.81832","United Kingdom"
"3291","Columbia Banking System","COLB","4721","29.05","United States"
"3292","Woodside Energy","WDS","4718","23.63","Australia"
"3293","SunPower","SPWR","4710","1.23","United States"
"3294","StoneX Group","SNEX","4709","102.23","United States"
"3295","Jenoptik","JEN.F","4704","36.9811","Germany"
"3296","KG Mobility (SsangYong Motor)","003620.KS","4703","2.81979","South Korea"
"3297","DTE Energy","DTE","4700","147.74","United States"
"3298","Federal Signal","FSS","4700","117.22","United States"
"3299","Inwido AB","INWI.ST","4700","18.0026","Sweden"
"3300","TKM Grupp AS","TKM1T.TL","4700","10.8726","Estonia"
"3301","American Tower","AMT","4691","176.41","United States"
"3302","Manhattan Associates","MANH","4690","126.6","United States"
"3303","Taiwan High Speed Rail","2633.TW","4690","0.84507","Taiwan"
"3304","iQIYI","IQ","4673","1.41","China"
"3305","Starts Corporation","8850.T","4672","31.8405","Japan"
"3306","Hyundai Engineering and Construction","000720.KS","4670","122.916","South Korea"
"3307","DAIHEN Corporation","6622.T","4669","89.229","Japan"
"3308","GL Events SA","GLO.PA","4668","39.033","France"
"3309","LexinFintech Holdings","LX","4667","2.25","China"
"3310","CRISIL","CRISIL.NS","4666","43.5407","India"
"3311","Gjensidige Forsikring","GJF.OL","4664","27.8211","Norway"
"3312","Kongsberg Automotive ASA","KOA.OL","4664","0.214904","Norway"
"3313","Quadient","QDT.PA","4662","13.5613","France"
"3314","Commerce Bancshares","CBSH","4658","50.68","United States"
"3315","Orora Limited","ORA.AX","4657","1.03138","Australia"
"3316","Hirose Electric","6806.T","4654","132.962","Japan"
"3317","Redington India","REDINGTON.NS","4651","2.34681","India"
"3318","edenor","EDN","4642","26.97","Argentina"
"3319","CSB Bank","CSBBANK.NS","4632","4.35397","India"
"3320","Inabata &amp; Co.,Ltd.","8098.T","4631","25.7996","Japan"
"3321","Tokai Carbon","5301.T","4625","6.43418","Japan"
"3322","Adtalem Global Education","ATGE","4624","98.54","United States"
"3323","Teladoc Health","TDOC","4620","5.24","United States"
"3324","Cloudflare","NET","4616","178.65","United States"
"3325","Xero","XRO.AX","4610","53.8108","New Zealand"
"3326","Mitsui High-tec","6966.T","4609","4.21604","Japan"
"3327","Nippon Shokubai","4114.T","4607","14.1237","Japan"
"3328","Ambu","AMBU-B.CO","4600","10.5476","Denmark"
"3329","Enerflex","EFXT","4600","22.66","Canada"
"3330","Schweiter Technologies","SWTQ.SW","4598","355.223","Switzerland"
"3331","DWS Group","DWS.F","4598","67.8656","Germany"
"3332","Rosenbauer International","ROS.VI","4588","62.5","Austria"
"3333","Towa Pharmaceutical","4553.T","4588","27.0267","Japan"
"3334","Vistry Group","VTY.L","4587","4.57564","United Kingdom"
"3335","IndiaMART","INDIAMART.NS","4583","22.6241","India"
"3336","Sportradar","SRAD","4582","16.58","Switzerland"
"3337","Recordati","REC.MI","4580","57.9245","Italy"
"3338","Asker Healthcare Group AB","ASKER.ST","4580","8.1137","Sweden"
"3339","Aichi Steel","5482.T","4572","17.7136","Japan"
"3340","Stitch Fix","SFIX","4570","3.33","United States"
"3341","Grupo Simec","SIMECB.MX","4565","10.3478","Mexico"
"3342","Lodha Group","LODHA.NS","4560","8.81317","India"
"3343","Hill &amp; Smith PLC","HILS.L","4559","32.2954","United Kingdom"
"3344","ASM International","ASM.AS","4558","887.736","Netherlands"
"3345","loanDepot","LDI","4547","1.5","United States"
"3346","MMG Limited","1208.HK","4542","1.08731","Australia"
"3347","Elekta AB","EKTA-B.ST","4536","6.19691","Sweden"
"3348","SenseTime","0020.HK","4531","0.260341","China"
"3349","Migdal Insurance and Financial Holdings","MGDL.TA","4522","6.43545","Israel"
"3350","SMA Solar Technology","S92.F","4518","57.8066","Germany"
"3351","BML, Inc.","4694.T","4513","24.9816","Japan"
"3352","Tofaş Türk Otomobil Fabrikası","TOASO.IS","4512","6.66147","Turkey"
"3353","Galenica","GALE.SW","4511","114.887","Switzerland"
"3354","Japan Display","6740.T","4507","0.591504","Japan"
"3355","Spencer's Retail","SPENCERS.NS","4505","0.350615","India"
"3356","Saizeriya","7581.T","4504","34.1059","Japan"
"3357","Reliance Infrastructure","RELINFRA.NS","4502","0.935762","India"
"3358","WillScot","WSC","4500","19.09","United States"
"3359","Apogee Enterprises","APOG","4500","36.14","United States"
"3360","Evolent Health","EVH","4500","2.51","United States"
"3361","Tennant Company","TNC","4500","78.75","United States"
"3362","Penumbra","PEN","4500","332.17","United States"
"3363","Carpenter Technology","CRS","4500","438.8","United States"
"3364","Siltronic","WAF.F","4500","76.0613","Germany"
"3365","Green Thumb Industries","GTII.CN","4500","6.76789","United States"
"3366","X-FAB","XFAB.PA","4500","6.42689","Belgium"
"3367","Atmus Filtration Technologies","ATMU","4500","63.98","United States"
"3368","Crane NXT","CXT","4500","45.61","United States"
"3369","Breedon Group","BREE.L","4500","4.34767","United Kingdom"
"3370","discoverIE Group plc","DSCV.L","4500","8.25027","United Kingdom"
"3371","The Japan Wool Textile Co., Ltd. (Nikke Group)","3201.T","4499","11.3644","Japan"
"3372","LOTTE Chemical","011170.KS","4497","61.3559","South Korea"
"3373","Edelweiss Financial Services","EDELWEISS.NS","4490","1.24042","India"
"3374","Arab National Bank","1080.SR","4474","5.92452","Saudi Arabia"
"3375","Addtech AB","ADDT-B.ST","4470","36.1141","Sweden"
"3376","The Saudi British Bank","1060.SR","4470","9.90352","Saudi Arabia"
"3377","Britannia Industries","BRITANNIA.NS","4467","60.018","India"
"3378","Zeon Corporation","4205.T","4462","11.3959","Japan"
"3379","Doosan Enerbility","034020.KS","4460","71.3441","South Korea"
"3380","Taylor Wimpey","TW.L","4458","1.15069","United Kingdom"
"3381","PennyMac Financial Services","PFSI","4457","92.67","United States"
"3382","Fortum","FORTUM.HE","4451","26.3208","Finland"
"3383","Stoneridge","SRI","4450","6.34","United States"
"3384","NEUCA","NEU.WA","4445","194.254","Poland"
"3385","PPB Group Berhad","4065.KL","4433","2.96728","Malaysia"
"3386","Far East Consortium International","0035.HK","4430","0.0982661","Hong Kong"
"3387","Renew Holdings plc","RNWH.L","4429","13.0403","United Kingdom"
"3388","Natera","NTRA","4424","214.64","United States"
"3389","Global Fashion Group","GFG.DE","4413","0.514151","Luxembourg"
"3390","Arista Networks","ANET","4412","154.37","United States"
"3391","abrdn","ABDN.L","4409","2.76682","United Kingdom"
"3392","Rorze Corporation","6323.T","4402","24.1006","Japan"
"3393","Quaker Houghton","KWR","4400","128.11","United States"
"3394","Freshworks","FRSH","4400","7.82","United States"
"3395","Distribution Solutions Group","DSGR","4400","27.18","United States"
"3396","Companhia Paranaense de Energia (COPEL)","ELPC","4396","13.59","Brazil"
"3397","Integra LifeSciences","IART","4396","11.06","United States"
"3398","GVS S.p.A.","GVS.MI","4386","4.91745","Italy"
"3399","Autobacs Seven","9832.T","4385","10.0304","Japan"
"3400","ENAV","ENAV.MI","4382","6.19693","Italy"
"3401","Kajaria Ceramics","KAJARIACER.NS","4380","12.0589","India"
"3402","Bodycote","BOY.L","4379","9.45795","United Kingdom"
"3403","Royal Unibrew","RBREW.CO","4365","86.9365","Denmark"
"3404","Bata India","BATAINDIA.NS","4357","7.87623","India"
"3405","Matson","MATX","4356","171.28","United States"
"3406","YTL Power International","6742.KL","4352","0.935836","Malaysia"
"3407","Autohome","ATHM","4345","18.13","China"
"3408","Adyen","ADYEN.AS","4345","1092.1","Netherlands"
"3409","Chorus Aviation","CHR.TO","4345","17.065","Canada"
"3410","AllianceBernstein","AB","4341","38.8","United States"
"3411","Middle East Healthcare Company","4009.SR","4322","9.83956","Saudi Arabia"
"3412","Bank Mega","MEGA.JK","4320","0.163456","Indonesia"
"3413","Sify Technologies","SIFY","4319","12.955","India"
"3414","China Automotive Systems","CAAS","4313","4.27","China"
"3415","Sohu.com","SOHU","4300","14.75","China"
"3416","Louisiana-Pacific","LPX","4300","75.23","United States"
"3417","SPX Technologies","SPXC","4300","224.82","United States"
"3418","Graco","GGG","4300","87.48","United States"
"3419","YIT","YIT.HE","4300","3.23456","Finland"
"3420","China Railway Materials","000927.SZ","4300","0.440083","China"
"3421","Webster Financial","WBS","4297","72.6","United States"
"3422","ASR Nederland","ASRNL.AS","4294","74.0094","Netherlands"
"3423","SelectQuote","SLQT","4292","0.734","United States"
"3424","Marui Group","8252.T","4290","19.2742","Japan"
"3425","Gland Pharma","GLAND.NS","4286","18.5166","India"
"3426","Metro Bank Holdings","MTRO.L","4286","1.93773","United Kingdom"
"3427","Semperit","SEM.VI","4285","17.6297","Austria"
"3428","Takuma Co., Ltd.","6013.T","4278","17.6381","Japan"
"3429","Biesse","BSS.MI","4274","7.14623","Italy"
"3430","Pacific Basin Shipping","2343.HK","4273","0.371369","Hong Kong"
"3431","Rubis","RUI.PA","4262","41.5566","France"
"3432","Aboitiz Power","ABZPY","4262","12.95","Philippines"
"3433","RingCentral","RNG","4260","37.17","United States"
"3434","TOKAI Corp.","9729.T","4254","17.6444","Japan"
"3435","Mühlbauer Holding","MUB.DE","4230","43.1604","Germany"
"3436","ALSO Holding","ALSN.SW","4229","200.973","Switzerland"
"3437","Menicon Co., Ltd.","7780.T","4221","10.8925","Japan"
"3438","RCM Technologies","RCMT","4220","28.52","United States"
"3439","Gamuda Berhad","5398.KL","4219","1.0525","Malaysia"
"3440","Bayan Resources","BYAN.JK","4216","0.726795","Indonesia"
"3441","Procore","PCOR","4203","49.6","United States"
"3442","H&amp;R Block","HRB","4200","30.52","United States"
"3443","Onity Group","ONIT","4200","44.34","United States"
"3444","Plains All American Pipeline","PAA","4200","21.585","United States"
"3445","Ryerson","RYI","4200","28.16","United States"
"3446","TrueBlue","TBI","4200","3.76","United States"
"3447","Mercury General","MCY","4200","93.32","United States"
"3448","Hang Lung Properties","0101.HK","4200","1.19961","Hong Kong"
"3449","Nürnberger Versicherung","NBG6.F","4200","141.509","Germany"
"3450","Synthomer","SYNT.L","4200","0.697473","United Kingdom"
"3451","Galliford Try","GFRD.L","4198","7.15113","United Kingdom"
"3452","Adani Energy Solutions","ADANIENSOL.NS","4191","12.6211","India"
"3453","VIP Industries","VIPIND.NS","4190","3.38695","India"
"3454","CIE Automotive India","CIEINDIA.NS","4190","5.19319","India"
"3455","Kamigumi","9364.T","4180","34.0744","Japan"
"3456","AL Sydbank A/S","ALSYDB.CO","4180","88.9087","Denmark"
"3457","Adani Power","ADANIPOWER.NS","4176","1.94745","India"
"3458","Alinma Bank","1150.SR","4174","7.97932","Saudi Arabia"
"3459","Planet Fitness","PLNT","4173","71.8","United States"
"3460","Lundbergföretagen","LUND-B.ST","4170","60.6077","Sweden"
"3461","Palantir","PLTR","4164","135.7","United States"
"3462","IONOS Group","IOS.DE","4160","28.467","Germany"
"3463","Japan Pulp and Paper Company","8032.T","4157","6.8841","Japan"
"3464","Mani, Inc.","7730.T","4154","10.4331","Japan"
"3465","Elvalhalcor Hellenic Copper and Aluminium Industry","ELHA.AT","4152","4.81722","Greece"
"3466","Cabot Corporation","CBT","4151","74.57","United States"
"3467","Hikari Tsushin","9435.T","4149","251.137","Japan"
"3468","Astec Industries","ASTE","4148","61.63","United States"
"3469","Sasa Polyester","SASA.IS","4148","0.0608026","Turkey"
"3470","UFP Technologies","UFPT","4146","196.03","United States"
"3471","Astral Poly Technik","ASTRAL.NS","4140","17.4513","India"
"3472","Premier Foods","PFD.L","4137","2.68541","United Kingdom"
"3473","Tele2","TEL2-B.ST","4135","21.1882","Sweden"
"3474","Airtel Africa","AAF.L","4132","5.056","United Kingdom"
"3475","Valaris","VAL","4130","92.01","United Kingdom"
"3476","Indosat","ISAT.JK","4121","0.122008","Indonesia"
"3477","Pediatrix Medical Group","MD","4120","22.61","United States"
"3478","Korea Gas","036460.KS","4120","24.6307","South Korea"
"3479","Sligro Food","SLIGR.AS","4113","15.9198","Netherlands"
"3480","Komeri Co.,Ltd.","8218.T","4110","22.7792","Japan"
"3481","Knowit","KNOW.ST","4109","11.9582","Sweden"
"3482","F.N.B. Corporation","FNB","4104","17.73","United States"
"3483","Fox Factory Holding","FOXF","4100","17.6","United States"
"3484","Transurban","TCL.AX","4100","9.61532","Australia"
"3485","Axon Enterprise","AXON","4100","380.86","United States"
"3486","Reinsurance Group of America","RGA","4100","205.89","United States"
"3487","Clear Channel Outdoor","CCO","4100","2.38","United States"
"3488","Affiliated Managers Group","AMG","4100","303.21","United States"
"3489","JK Cement","JKCEMENT.NS","4097","58.5469","India"
"3490","SK Group","034730.KS","4094","251.063","South Korea"
"3491","Grand Canyon Education","LOPE","4092","168.7","United States"
"3492","ACTIA Group","ALATI.PA","4092","4.33962","France"
"3493","Motor Oil (Hellas) Corinth Refineries","MOH.AT","4090","44.8113","Greece"
"3494","Austal Limited","ASB.AX","4085","3.29301","Australia"
"3495","Mouwasat Medical Services Company","4002.SR","4084","19.1221","Saudi Arabia"
"3496","Unilever Indonesia","UNVR.JK","4081","0.111208","Indonesia"
"3497","OPENLANE Corporate","OPLN","4080","30.72","United States"
"3498","Bharat Forge","BHARATFORG.NS","4079","19.3434","India"
"3499","Chiba Bank","CHBAY","4076","68.76","Japan"
"3500","Vidrala","VID.MC","4076","93.9858","Spain"
"3501","Vossloh AG","VOS.DE","4076","88.5024","Germany"
"3502","RENK Group","R3NK.DE","4071","61.3915","Germany"
"3503","Groupe SFPI","SFPI.PA","4068","1.94575","France"
"3504","Allegro MicroSystems","ALGM","4060","38.27","United States"
"3505","Gulf Insurance Group","GINS.KW","4059","2563.1","Kuwait"
"3506","Asseco South Eastern Europe","ASE.WA","4058","16.8928","Poland"
"3507","SWCC Corporation","5805.T","4054","87.0266","Japan"
"3508","Kapsch TrafficCom","KTCG.VI","4054","6.48585","Austria"
"3509","MarineMax","HZO","4050","29.17","United States"
"3510","Takasago International Corporation","4914.T","4041","7.63921","Japan"
"3511","Kameda Seika","2220.T","4040","9.26899","Japan"
"3512","U.S. Physical Therapy, Inc.","USPH","4034","77.13","United States"
"3513","Aevis Victoria","AEVS.SW","4033","17.8571","Switzerland"
"3514","Italgas","IG.MI","4031","12.3644","Italy"
"3515","Verbund AG","OEWA.F","4030","76.6509","Austria"
"3516","Natco Pharma","NATCOPHARM.NS","4025","11.5682","India"
"3517","Nokian Tyres","TYRES.HE","4025","11.2559","Finland"
"3518","IDOM Inc.","7599.T","4023","8.85368","Japan"
"3519","CLEAR Secure","YOU","4022","48.39","United States"
"3520","Monolithic Power Systems","MPWR","4017","1363.42","United States"
"3521","Sensient Technologies","SXT","4014","93.34","United States"
"3522","Hualan Biological Engineering","002007.SZ","4012","2.19308","China"
"3523","MBB SE","MBB.DE","4011","220.755","Germany"
"3524","Associated Banc-Corp","ASB","4006","27.52","United States"
"3525","Hang Lung Group","0010.HK","4004","2.20524","Hong Kong"
"3526","Shizuoka Financial Group","5831.T","4001","17.8804","Japan"
"3527","Kratos Defense &amp; Security Solutions","KTOS","4000","73.66","United States"
"3528","1-800-Flowers.com, Inc.","FLWS","4000","3.35","United States"
"3529","El Pollo Loco","LOCO","4000","13.89","United States"
"3530","Shift4 Payments","FOUR","4000","46.78","United States"
"3531","Allison Transmission","ALSN","4000","128.26","United States"
"3532","AAK","AAK.ST","4000","26.748","Sweden"
"3533","Lai Sun Development Company","0488.HK","4000","0.0816757","Hong Kong"
"3534","OCI","OCI.AS","4000","4.30189","Netherlands"
"3535","CEWE","CWC.F","4000","112.028","Germany"
"3536","Pennon Group","PNN.L","4000","7.47002","United Kingdom"
"3537","Baldwin Insurance Group","BWIN","4000","22.25","United States"
"3538","Embla Medical","EMBLA.CO","4000","4.29949","Iceland"
"3539","Calian Group","CGY.TO","4000","53.5477","Canada"
"3540","Hafnia Limited","HAFN","4000","8.11","Bermuda"
"3541","ReNew Power","RNW","3988","4.83","India"
"3542","Deceuninck","DECB.BR","3986","2.54127","Belgium"
"3543","Huber+Suhner","HUBN.SW","3975","263.697","Switzerland"
"3544","BGC Group","BGC","3971","11.58","United States"
"3545","Zabka Group","ZAB.WA","3971","6.81836","Poland"
"3546","Russel Metals","RUS.TO","3970","36.4755","Canada"
"3547","Polytec Holding","PYT.VI","3968","4.5283","Austria"
"3548","Anritsu Corporation","6754.T","3966","21.4263","Japan"
"3549","SolarEdge","SEDG","3961","42.98","Israel"
"3550","Alpha Metallurgical Resources","AMR","3960","186.86","United States"
"3551","Itoki Corporation","7972.T","3957","21.6465","Japan"
"3552","Orion Corporation","ORNAV.HE","3943","86.6745","Finland"
"3553","Canada Goose","GOOS","3942","11.47","Canada"
"3554","LACROIX Group SA","LACR.PA","3939","15.1533","France"
"3555","Kyoei Steel","5440.T","3938","14.6932","Japan"
"3556","Digital Realty","DLR","3936","195.79","United States"
"3557","Berger Paints","BERGEPAINT.NS","3931","4.94727","India"
"3558","Force Motors","FORCEMOT.NS","3928","237.022","India"
"3559","Gek Terna","GEKTERNA.AT","3928","47.217","Greece"
"3560","Escorts Kubota","ESCORTS.NS","3920","33.6591","India"
"3561","SBI Card","SBICARD.NS","3907","7.20614","India"
"3562","Shriram Pistons &amp; Rings","SHRIPISTON.NS","3907","38.7717","India"
"3563","Perfect World Entertainment","002624.SZ","3905","2.87521","China"
"3564","Intercos","ICOS.MI","3904","14.2689","Italy"
"3565","Crown Castle","CCI","3900","86.27","United States"
"3566","TriMas","TRS","3900","39.03","United States"
"3567","Kaiser Aluminum","KALU","3900","142.46","United States"
"3568","CONMED","CNMD","3900","39.73","United States"
"3569","Eastman Kodak Company","KODK","3900","12.39","United States"
"3570","Insulet","PODD","3900","201.49","United States"
"3571","ONE Gas","OGS","3900","88.93","United States"
"3572","Verano Holdings","VRNOF","3900","0.94","United States"
"3573","Mobileye","MBLY","3900","7.62","Israel"
"3574","Groupe Partouche","PARP.PA","3900","21.2264","France"
"3575","Prosperity Bancshares","PB","3898","68.67","United States"
"3576","Hannover Rück","HNR1.DE","3895","320.991","Germany"
"3577","Kanamoto","9678.T","3892","28.065","Japan"
"3578","Afcons Infrastructure","AFCONS.NS","3892","3.29031","India"
"3579","Minerals Technologies","MTX","3891","72.86","United States"
"3580","Cigniti Technologies","CIGNITITEC.NS","3891","13.0055","India"
"3581","Sims Limited","SGM.AX","3887","14.5477","Australia"
"3582","Hillman Solutions","HLMN","3886","8.64","United States"
"3583","Ambuja Cements","AMBUJACEM.NS","3883","4.73572","India"
"3584","Jyske Bank","JYSK.CO","3882","146.893","Denmark"
"3585","Kurabo Industries","3106.T","3881","63.1776","Japan"
"3586","NOF Corporation","4403.T","3879","20.1992","Japan"
"3587","Toho Co.","9602.T","3873","9.56159","Japan"
"3588","Banca Mediolanum","BMED.MI","3871","22.27","Italy"
"3589","UiPath","PATH","3868","10.02","United States"
"3590","Santos","STO.AX","3864","5.54894","Australia"
"3591","Nerolac Paints","KANSAINER.NS","3859","2.02584","India"
"3592","Fair Isaac (FICO)","FICO","3855","1007.28","United States"
"3593","PBF Energy","PBF","3855","38.96","United States"
"3594","Ono Pharmaceutical","4528.T","3853","15.4389","Japan"
"3595","Saibu Gas Holdings","9536.T","3852","16.2412","Japan"
"3596","Leslie's","LESL","3850","1.43","United States"
"3597","Etteplan","ETTE.HE","3847","9.2217","Finland"
"3598","Universal Electronics","UEIC","3838","4.35","United States"
"3599","Alan Allman Associates","AAA.PA","3838","3.06604","France"
"3600","CTS Eventim","EVD.F","3836","65.684","Germany"
"3601","ProCredit","PCZ.DE","3834","9.85849","Germany"
"3602","Luzhou Laojiao","000568.SZ","3832","15.0787","China"
"3603","Vantiva","VANTI.PA","3831","0.108491","France"
"3604","Fagron","FAGR.BR","3828","27.0637","Belgium"
"3605","Safilo Group","SFL.MI","3828","2.08019","Italy"
"3606","Siegfried Holding","SFZN.SW","3819","105.799","Switzerland"
"3607","Celcomdigi","6947.KL","3818","0.750697","Malaysia"
"3608","Celesc (Centrais Elétricas de Santa Catarina)","CLSC4.SA","3816","29.5744","Brazil"
"3609","Delfingen Industry","ALDEL.PA","3807","35.0236","France"
"3610","Strategic Education","STRA","3801","79.37","United States"
"3611","Equity LifeStyle Properties","ELS","3800","64.6","United States"
"3612","Ziff Davis","ZD","3800","45.62","United States"
"3613","Black Box","BBOX.NS","3800","5.59696","India"
"3614","Snam","SRG.MI","3797","7.95283","Italy"
"3615","Indus Towers","INDUSTOWER.NS","3791","4.70834","India"
"3616","Beijing Wantai Biological Pharmacy Enterprise","603392.SS","3790","5.74308","China"
"3617","Cairo Communication","CAI.MI","3789","3.14269","Italy"
"3618","Magic Software","MGIC","3787","17.38","Israel"
"3619","Dorman Products","DORM","3787","110.12","United States"
"3620","Algonquin Power & Utilities","AQN","3786","6.3","Canada"
"3621","Yellow Hat","9882.T","3784","9.8542","Japan"
"3622","Marten Transport","MRTN","3776","14.11","United States"
"3623","Ares Management","ARES","3776","112.61","United States"
"3624","Coinbase","COIN","3772","184.41","United States"
"3625","Vetropack","VETN.SW","3772","29.8899","Switzerland"
"3626","DATAGROUP SE","D6H.DE","3770","90.2123","Germany"
"3627","Becamex (Investment and Industrial Development Corporation)","BCM.VN","3768","2.10326","Vietnam"
"3628","Bank Albilad","1140.SR","3767","7.21177","Saudi Arabia"
"3629","Lavoro","LVRO","3767","0.304","Brazil"
"3630","Capcom","9697.T","3766","23.0498","Japan"
"3631","Arclands Corporation","9842.T","3762","11.9056","Japan"
"3632","CME Group","CME","3760","297.03","United States"
"3633","FDM Group","FDM.L","3754","1.35559","United Kingdom"
"3634","Youdao","DAO","3750","9.82","China"
"3635","Alamo Group","ALG","3750","175.96","United States"
"3636","Mahanagar Telephone Nigam","MTNL.NS","3749","0.330427","India"
"3637","Santen Pharmaceutical","4536.T","3744","11.3141","Japan"
"3638","Mahindra Logistics","MAHLOG.NS","3740","4.18107","India"
"3639","GlobalData","DATA.L","3740","1.16019","United Kingdom"
"3640","Synsam","SYNSAM.ST","3739","7.1553","Sweden"
"3641","AGL Energy","AGL.AX","3735","6.85332","Australia"
"3642","Globe Life","GL","3732","148.2","United States"
"3643","Valley Bank","VLY","3732","13.1","United States"
"3644","Banca Popolare di Sondrio","BPSO.MI","3730","21.1557","Italy"
"3645","Elastic NV","ESTC","3711","45.39","United States"
"3646","Reach plc","RCH.L","3706","0.868449","United Kingdom"
"3647","Vital KSK Holdings","3151.T","3705","9.47035","Japan"
"3648","WASGAU Produktions &amp; Handels AG","MSH.F","3702","10.0825","Germany"
"3649","Armstrong World Industries","AWI","3700","179.19","United States"
"3650","Standex International","SXI","3700","269.75","United States"
"3651","Universal Technical Institute","UTI","3700","35.21","United States"
"3652","Select Water Solutions","WTTR","3700","14.81","United States"
"3653","Iamgold","IAG","3700","20.62","Canada"
"3654","TomTom","TOM2.AS","3700","5.27594","Netherlands"
"3655","Abbott India","ABBOTINDIA.NS","3700","276.251","India"
"3656","Delta Plus Group","ALDLT.PA","3700","50.3538","France"
"3657","Canada Packers","CPKR.TO","3700","13.9715","Canada"
"3658","UMB Financial","UMBF","3698","120.63","United States"
"3659","Surteco Group","SUR.DE","3694","12.0283","Germany"
"3660","Equinox Gold","EQX","3692","15.64","Canada"
"3661","Ero Copper","ERO","3690","30.02","Canada"
"3662","Transport Corporation of India","TCI.NS","3687","10.5517","India"
"3663","AZZ","AZZ","3684","138.71","United States"
"3664","Sinfonia Technology","6507.T","3683","83.1251","Japan"
"3665","Hirogin Holdings","7337.T","3682","12.0818","Japan"
"3666","Inpex","1605.T","3679","25.2962","Japan"
"3667","Elia Group","ELI.BR","3677","158.608","Belgium"
"3668","Tian An China Investments Company","0028.HK","3669","0.551311","Hong Kong"
"3669","Western Alliance Bancorporation","WAL","3655","77.61","United States"
"3670","Alliance Resource Partners","ARLP","3653","25.65","United States"
"3671","HELLENiQ ENERGY","ELPE.AT","3646","11.6156","Greece"
"3672","Prima Meat Packers","2281.T","3643","17.1347","Japan"
"3673","Interface, Inc.","TILE","3636","27.62","United States"
"3674","Bastide Le Confort Médical","BLC.PA","3635","28.8915","France"
"3675","Comer Industries","COM.MI","3628","54.717","Italy"
"3676","Pinnacle Financial Partners","PNFP","3627","93.71","United States"
"3677","ABB India","ABB.NS","3625","73.3285","India"
"3678","Scor","SCR.PA","3621","38.6792","France"
"3679","Omnicell","OMCL","3620","36.33","United States"
"3680","Multiconsult","MULTI.OL","3620","17.3405","Norway"
"3681","Suzhou TFC Optical Communication","300394.SZ","3619","49.0912","China"
"3682","Hilltop Holdings","HTH","3616","37.35","United States"
"3683","KOBAYASHI Pharmaceutical","4967.T","3615","37.013","Japan"
"3684","Pfeiffer Vacuum","PFV.F","3614","196.698","Germany"
"3685","RCI Hospitality Holdings","RICK","3613","24.72","United States"
"3686","Menora Mivtachim Holdings","MMHD.TA","3611","167.209","Israel"
"3687","Maxis Berhad","6012.KL","3609","0.907938","Malaysia"
"3688","VIAVI Solutions","VIAV","3600","40.78","United States"
"3689","Sleep Number","SNBR","3600","1.77","United States"
"3690","Masimo","MASI","3600","178.39","United States"
"3691","SharkNinja","SN","3600","116.63","United States"
"3692","Guidewire Software","GWRE","3596","125.09","United States"
"3693","Shenzhen Salubris Pharmaceuticals","002294.SZ","3596","9.0217","China"
"3694","Kangwon Land","035250.KS","3593","11.4966","South Korea"
"3695","Bijou Brigitte","BIJ.DE","3593","57.6651","Germany"
"3696","Allgeier","AEIN.DE","3590","21.0495","Germany"
"3697","Sprinklr","CXM","3589","5.33","United States"
"3698","Super Group","SGHC","3589","10.94","Guernsey"
"3699","Endurance Technologies","ENDURANCE.NS","3588","25.6846","India"
"3700","Grupo Aeroportuario del Pacífico","PAC","3587","235.6","Mexico"
"3701","Mercer International","MERC","3580","1.13","Canada"
"3702","Estun Automation","002747.SZ","3572","3.06298","China"
"3703","Saudi Ceramic Company","2040.SR","3567","7.77677","Saudi Arabia"
"3704","JD Health","6618.HK","3564","6.29413","China"
"3705","Sinch","SINCH.ST","3557","2.70638","Sweden"
"3706","CTS Corporation","CTS","3549","55.56","United States"
"3707","Patanjali Foods","PATANJALI.NS","3547","4.94083","India"
"3708","Scanfil","SCANFL.HE","3545","14.1509","Finland"
"3709","Rathbones Group","RAT.L","3545","28.8352","United Kingdom"
"3710","Qifu Technology","QFIN","3527","13.99","China"
"3711","The Trade Desk","TTD","3522","21.02","United States"
"3712","Grupo Empresarial San José","GSJ.MC","3521","10.2358","Spain"
"3713","Advanced Technology Company K.S.C.P.","ATC.KW","3516","1901.24","Kuwait"
"3714","ZoomInfo","GTM","3508","5.79","United States"
"3715","Hagar hf.","HAGA.IC","3508","1.01999","Iceland"
"3716","Criteo","CRTO","3507","18.54","France"
"3717","First International Bank of Israel","FIBI.TA","3507","84.6996","Israel"
"3718","F.I.B.I. Holdings","FIBIH.TA","3507","105.277","Israel"
"3719","Fuyo General Lease","8424.T","3503","27.1714","Japan"
"3720","Steve Madden","SHOO","3500","38.2","United States"
"3721","Lamar Advertising","LAMR","3500","134.62","United States"
"3722","G-III Apparel Group","GIII","3500","29.46","United States"
"3723","Kadant","KAI","3500","332.15","United States"
"3724","EnPro Industries","NPO","3500","278.15","United States"
"3725","Shapir Civil and Marine Engineering","SPEN.TA","3500","13.2791","Israel"
"3726","Genus","GNS.L","3500","36.4749","United Kingdom"
"3727","Playtika","PLTK","3500","3.36","Israel"
"3728","Samsara","IOT","3500","26.51","United States"
"3729","Gen Digital","GEN","3500","18.91","United States"
"3730","Zehnder Group","ZEHN.SW","3500","93.574","Switzerland"
"3731","Future Corporation","4722.T","3499","10.5338","Japan"
"3732","Saga","SAGA.L","3498","7.89746","United Kingdom"
"3733","Hancock Whitney","HWC","3497","66.97","United States"
"3734","Dermapharm","DMP.F","3497","53.184","Germany"
"3735","Television Broadcasts (TVB)","0511.HK","3496","0.375198","Hong Kong"
"3736","Chiyoda Corporation","6366.T","3496","7.01624","Japan"
"3737","China Great Wall Securities","002939.SZ","3496","1.34959","China"
"3738","Nilkamal","NILKAMAL.NS","3493","13.6928","India"
"3739","Rotork","ROR.L","3493","4.50237","United Kingdom"
"3740","Hindustan Zinc","HINDZINC.NS","3492","6.041","India"
"3741","Komax Holding","KOMN.SW","3490","69.7645","Switzerland"
"3742","OHB SE","OHB.DE","3488","330.189","Germany"
"3743","First Interstate BancSystem","FIBK","3481","34.25","United States"
"3744","Azelis Group","AZE.BR","3481","11.2913","Belgium"
"3745","Columbus McKinnon","CMCO","3478","16.11","United States"
"3746","Spire Inc.","SR","3475","92.61","United States"
"3747","Exacompta Clairefontaine","ALEXA.PA","3475","193.396","France"
"3748","Balkrishna Industries","BALKRISIND.NS","3472","23.9933","India"
"3749","Amper, S.A.","AMP.MC","3471","0.211792","Spain"
"3750","Glacier Bancorp","GBCI","3457","47.87","United States"
"3751","Getlink","GET.PA","3457","22.9127","France"
"3752","Wielton","WLT.WA","3448","1.60858","Poland"
"3753","Bristow Group","VTOL","3447","49.48","United States"
"3754","Grupo Supervielle","SUPV","3442","9.62","Argentina"
"3755","Definity Financial","DFY.TO","3442","46.9977","Canada"
"3756","JEOL Ltd.","6951.T","3435","39.442","Japan"
"3757","Nemetschek","NEM.F","3433","68.2193","Germany"
"3758","Holmen","HOLM-B.ST","3422","36.6151","Sweden"
"3759","Mainova","MNV6.F","3416","436.321","Germany"
"3760","Sonida Senior Living","SNDA","3415","34.39","United States"
"3761","GoTo","GOTO.JK","3413","0.00309399","Indonesia"
"3762","REA Group","REA.AX","3406","114.728","Australia"
"3763","DocGo","DCGO","3404","0.5386","United States"
"3764","Preformed Line Products","PLPC","3401","320.85","United States"
"3765","Fulton Financial","FULT","3400","21.72","United States"
"3766","Yancoal","YAL.AX","3400","5.01436","Australia"
"3767","Mueller Water Products","MWA","3400","30.19","United States"
"3768","Core Laboratories","CLB","3400","16.27","Netherlands"
"3769","CNO Financial Group","CNO","3400","42.86","United States"
"3770","Montrose Environmental","MEG","3400","21.66","United States"
"3771","Scandi Standard AB","SCST.ST","3400","17.9046","Sweden"
"3772","Viridien","VIRI.PA","3400","152.476","France"
"3773","Speedy Hire","SDY.L","3394","0.287674","United Kingdom"
"3774","Salvatore Ferragamo","SFER.MI","3392","9.12146","Italy"
"3775","Shinagawa Refractories","5351.T","3373","13.0005","Japan"
"3776","Targa Resources","TRGP","3370","239.28","United States"
"3777","Strattec Security","STRT","3365","79.42","United States"
"3778","Surya Roshni","SURYAROSNI.NS","3357","2.39052","India"
"3779","Shanghai RAAS Blood Products","002252.SZ","3350","0.833223","China"
"3780","Futu Holdings","FUTU","3343","161.84","Hong Kong"
"3781","Titan Machinery","TITN","3340","19.98","United States"
"3782","Roku","ROKU","3340","106.54","United States"
"3783","Compass Diversified Holdings","CODI","3340","10.42","United States"
"3784","Jacquet Metals","JCQ.PA","3339","26.533","France"
"3785","Nishi-Nippon Financial Holdings","7189.T","3336","26.7561","Japan"
"3786","Feintool International","FTON.SW","3335","11.8024","Switzerland"
"3787","St. James's Place","STJ.L","3334","17.5115","United Kingdom"
"3788","Svenska Cellulosa Aktiebolaget (SCA)","SCA-B.ST","3334","11.8765","Sweden"
"3789","Euroapi","EAPI.PA","3329","1.54009","France"
"3790","Ramco Cements","RAMCOCEM.NS","3326","10.6876","India"
"3791","Icelandair","ICEAIR.IC","3325","0.00658057","Iceland"
"3792","China Overseas Land &amp; Investment","0688.HK","3322","1.56332","Hong Kong"
"3793","en Japan","4849.T","3317","7.19243","Japan"
"3794","Talgo S.A.","TLGO.MC","3315","3.30189","Spain"
"3795","Pakuwon Jati Tbk","PWON.JK","3311","0.0205487","Indonesia"
"3796","Applied Optoelectronics","AAOI","3309","146.39","United States"
"3797","1&1","1U1.DE","3301","28.184","Germany"
"3798","Kura Sushi USA","KRUS","3300","60.77","United States"
"3799","Commvault","CVLT","3300","89.61","United States"
"3800","WiseTech Global","WTC.AX","3300","28.3755","Australia"
"3801","Seadrill","SDRL","3300","46.01","Bermuda"
"3802","Global Partners LP","GLP","3300","45.98","United States"
"3803","Boot Barn Holdings","BOOT","3300","159.19","United States"
"3804","Diploma plc","DPLM.L","3300","91.7299","United Kingdom"
"3805","Paysafe","PSFE","3300","8.25","United States"
"3806","United Parks &amp; Resorts","PRKS","3300","37.7","United States"
"3807","F.I.L.A. - Fabbrica Italiana Lapis ed Affini","FILA.MI","3300","11.4269","Italy"
"3808","Siyaram Silk Mills","SIYSIL.NS","3299","5.62756","India"
"3809","Sunoco","SUN","3298","64.56","United States"
"3810","Ethan Allen","ETD","3294","22.46","United States"
"3811","Robert Walters","RWA.L","3294","1.14798","United Kingdom"
"3812","Essential Utilities","WTRG","3291","39.47","United States"
"3813","Delta Corp","DELTACORP.NS","3286","0.620798","India"
"3814","Sterlite Technologies","STLTECH.NS","3286","2.60712","India"
"3815","Ferroglobe","GSM","3283","4.35","United Kingdom"
"3816","Viña Concha y Toro","CONCHATORO.SN","3272","1.02929","Chile"
"3817","Costain Group","COST.L","3270","2.68948","United Kingdom"
"3818","Bystronic AG","BYS.SW","3268","288.658","Switzerland"
"3819","Instacart (Maplebear Inc.)","CART","3265","39.53","United States"
"3820","On Holding","ONON","3254","35.58","Switzerland"
"3821","Lazard","LAZ","3253","50.02","Bermuda"
"3822","Drax Group","DRX.L","3250","11.8679","United Kingdom"
"3823","DiaSorin","DIA.MI","3249","74.3632","Italy"
"3824","37 Interactive Entertainment","002555.SZ","3249","3.33143","China"
"3825","Uchida Yoko Co., Ltd.","8057.T","3248","12.8872","Japan"
"3826","Cenergy Holdings","CENER.BR","3247","23.7264","Belgium"
"3827","KCC Corp","002380.KS","3245","368.951","South Korea"
"3828","Al Hammadi Holding Company","4007.SR","3245","7.30771","Saudi Arabia"
"3829","ESCO Technologies","ESE","3242","318.24","United States"
"3830","Medibank","MPL.AX","3242","3.28945","Australia"
"3831","OYAK Çimento","OYAKC.IS","3239","0.573601","Turkey"
"3832","Kyokuto Kaihatsu Kogyo","7226.T","3237","18.0409","Japan"
"3833","CPI Property Group","O5G.DE","3235","0.872642","Luxembourg"
"3834","Tube Investments of India","TIINDIA.NS","3233","29.1607","India"
"3835","Plug Power","PLUG","3224","2.94","United States"
"3836","Acciona Energías Renovables","ANE.MC","3224","25.684","Spain"
"3837","The Navigator Company","NVG.LS","3214","3.97406","Portugal"
"3838","Hochschild Mining","HOC.L","3212","9.28155","United Kingdom"
"3839","McBride","MCB.L","3207","2.17655","United Kingdom"
"3840","Corporate Travel Management","CTD.AX","3206","11.4543","Australia"
"3841","WesBanco","WSBC","3205","36.12","United States"
"3842","Emami","EMAMILTD.NS","3205","4.55263","India"
"3843","Natuzzi","NTZ","3205","3.12","Italy"
"3844","Nichiha Corporation","7943.T","3203","20.6082","Japan"
"3845","VAT Group","VACN.SW","3202","706.349","Switzerland"
"3846","Dan Hotels","DANH.TA","3202","9.99004","Israel"
"3847","Rogers Corporation","ROG","3200","117.97","United States"
"3848","Ashland","ASH","3200","55.35","United States"
"3849","ASGN","ASGN","3200","38.04","United States"
"3850","Barito Pacific","BRPT.JK","3200","0.138354","Indonesia"
"3851","Rubrik","RBRK","3200","48.03","United States"
"3852","TruBridge","TBRG","3200","21.54","United States"
"3853","Wajax Corporation","WJX.TO","3200","24.0071","Canada"
"3854","Genuit Group","GEN.L","3200","4.21741","United Kingdom"
"3855","Atul","ATUL.NS","3188","67.7445","India"
"3856","Kagome Co., Ltd.","2811.T","3184","17.4651","Japan"
"3857","Zee Entertainment","ZEEL.NS","3182","0.857907","India"
"3858","Century Casinos","CNTY","3181","1.46","United States"
"3859","Hanza AB","HANZA.ST","3173","17.2947","Sweden"
"3860","ACC","ACC.NS","3170","15.1468","India"
"3861","PWO AG","PWO.DE","3170","31.6038","Germany"
"3862","Bank of Queensland","BOQ.AX","3169","5.21394","Australia"
"3863","Cummins India","CUMMINSIND.NS","3161","53.6007","India"
"3864","LS ELECTRIC Co., Ltd.","010120.KS","3153","127.808","South Korea"
"3865","Ampol","ALD.AX","3152","23.6391","Australia"
"3866","Kudelski SA","KUD.SW","3152","1.65131","Switzerland"
"3867","Tianqi Lithium","002466.SZ","3151","9.05837","China"
"3868","EOG Resources","EOG","3150","133.59","United States"
"3869","Honeywell Automation India","HONAUT.NS","3140","314.641","India"
"3870","Nissan Chemical","4021.T","3137","40.8389","Japan"
"3871","INNOVATE Corp.","VATE","3135","9.63","United States"
"3872","Aegean Airlines","AEGN.AT","3131","15.2123","Greece"
"3873","Knaus Tabbert AG","KTA.DE","3125","13.7028","Germany"
"3874","Sun Country Airlines","SNCY","3124","17.97","United States"
"3875","TX Group","TXGN.SW","3122","164.363","Switzerland"
"3876","Dingdong Maicai","DDL","3120","2.68","China"
"3877","Adani Ports & SEZ","ADANIPORTS.NS","3118","15.7353","India"
"3878","EFG International","EFGN.SW","3114","23.0671","Switzerland"
"3879","KRUK Spólka Akcyjna","KRU.WA","3112","134.717","Poland"
"3880","Nufarm","NUF.AX","3109","1.76768","Australia"
"3881","HealthEquity","HQY","3105","81.36","United States"
"3882","CubeSmart","CUBE","3104","39.61","United States"
"3883","Burckhardt Compression","BCHN.SW","3104","679.724","Switzerland"
"3884","ACI Worldwide","ACIW","3103","41.45","United States"
"3885","Aker ASA","AKER.OL","3102","110.522","Norway"
"3886","Wolverine World Wide","WWW","3100","17.19","United States"
"3887","East West Bancorp","EWBC","3100","117.89","United States"
"3888","Covenant Logistics","CVLG","3100","28.5","United States"
"3889","Bio-Techne","TECH","3100","58.66","United States"
"3890","Spectrum Brands","SPB","3100","80.25","United States"
"3891","Nu Skin","NUS","3100","7.74","United States"
"3892","Mission Produce","AVO","3100","14.85","United States"
"3893","SigmaRoc plc","SRC.L","3100","1.76946","United Kingdom"
"3894","Suburban Propane Partners","SPH","3098","19.63","United States"
"3895","Bank OZK","OZK","3096","48.17","United States"
"3896","ADTRAN","ADTN","3091","15.3","United States"
"3897","Interactive Brokers","IBKR","3087","77.1","United States"
"3898","Banque Saudi Fransi","1050.SR","3087","5.46346","Saudi Arabia"
"3899","Bombay Burmah","BBTC.NS","3087","15.5774","India"
"3900","IDEC Corporation","6652.T","3087","20.3251","Japan"
"3901","Lotus Bakeries","LOTB.BR","3084","11709.9","Belgium"
"3902","Infotel SA","INF.PA","3083","42.8066","France"
"3903","PI Industries","PIIND.NS","3079","31.2429","India"
"3904","ProFrac","ACDC","3077","5.85","United States"
"3905","Tecan","TECN.SW","3074","180.364","Switzerland"
"3906","Five9","FIVN","3073","14.43","United States"
"3907","SalMar ASA","SALM.OL","3073","57.6959","Norway"
"3908","alpataru Projects International","KPIL.NS","3072","12.5738","India"
"3909","BEWi ASA","BEWI.OL","3072","1.48845","Norway"
"3910","MT Højgaard Holding","MTHH.CO","3067","60.3506","Denmark"
"3911","Pigeon","7956.T","3066","10.5558","Japan"
"3912","Vale Indonesia","INCO.JK","3064","0.388208","Indonesia"
"3913","Confluent","CFLT","3060","30.99","United States"
"3914","Jackson Financial","JXN","3060","105.06","United States"
"3915","Waterdrop Inc.","WDH","3057","1.7","China"
"3916","Shibaura Machine","6104.T","3057","26.9952","Japan"
"3917","Shui On Land","0272.HK","3054","0.0689139","China"
"3918","Ribbon Communications","RBBN","3052","2.48","United States"
"3919","Cementir","CEM.MI","3051","19.3632","Italy"
"3920","K-Bro Linen","KBL.TO","3050","27.0135","Canada"
"3921","Valhi","VHI","3050","14.1","United States"
"3922","ServiceTitan","TTAN","3049","57.34","United States"
"3923","Dah Sing Financial","0440.HK","3047","5.37273","Hong Kong"
"3924","AltaGas","ALA.TO","3045","34.7544","Canada"
"3925","National Silicon Industry Group","688126.SS","3044","2.65517","China"
"3926","BioMarin Pharmaceutical","BMRN","3040","55.47","United States"
"3927","Star Group","SGU","3039","12.5","United States"
"3928","Everest Group","EG","3037","341.24","Bermuda"
"3929","Barco NV","BAR.BR","3037","11.4092","Belgium"
"3930","NL Industries","NL","3034","5.87","United States"
"3931","DXP Enterprises","DXPE","3028","154.62","United States"
"3932","ASOS","ASC.L","3027","2.91745","United Kingdom"
"3933","EDP Renováveis","EDPR.LS","3024","16.7099","Spain"
"3934","Haemonetics","HAE","3023","60.48","United States"
"3935","Harbour Energy","HBR.L","3019","3.71533","United Kingdom"
"3936","Ottogi","007310.KS","3018","248.345","South Korea"
"3937","Quilter","QLT.L","3017","2.56735","United Kingdom"
"3938","Godrej Properties","GODREJPROP.NS","3015","18.3286","India"
"3939","Emperador Brandy","EMI.SI","3013","0.271389","Philippines"
"3940","El Al Israel Airlines","ELAL.TA","3013","4.74942","Israel"
"3941","The RealReal","REAL","3011","10.57","United States"
"3942","Analogue Holdings (ATAL)","1977.HK","3010","0.122514","Hong Kong"
"3943","FACC AG","FACC.VI","3010","17.0047","Austria"
"3944","Aston Martin","AML.L","3006","0.592988","United Kingdom"
"3945","Vocento","VOC.MC","3006","0.856132","Spain"
"3946","National Fertilizers","NFL.NS","3003","0.797663","India"
"3947","Sterling Infrastructure","STRL","3000","464.54","United States"
"3948","Novanta","NOVT","3000","128.85","United States"
"3949","Alithya Group","ALYA.TO","3000","1.0239","Canada"
"3950","Materion","MTRN","3000","165.39","United States"
"3951","Stella-Jones","SJ.TO","3000","62.0802","Canada"
"3952","Spin Master","TOY.TO","3000","13.514","Canada"
"3953","Richelieu Hardware","RCH.TO","3000","28.8289","Canada"
"3954","Taylor Morrison","TMHC","3000","59.5","United States"
"3955","Riverstone Holdings","AP4.SI","3000","0.62144","Singapore"
"3956","Sustained Infrastructure Holding Company (sisco)","2190.SR","3000","8.56564","Saudi Arabia"
"3957","Lightspeed Commerce","LSPD","3000","9.06","Canada"
"3958","Utz Brands","UTZ","3000","7.83","United States"
"3959","Hiscox","HSX.L","3000","21.4941","Bermuda"
"3960","Close Brothers Group","CBG.L","3000","5.90545","United Kingdom"
"3961","Sotera Health","SHC","3000","15.93","United States"
"3962","MDA Space","MDA","3000","33.54","Canada"
"3963","Azenta","AZTA","3000","24.26","United States"
"3964","EuroGroup Laminations","EGLA.MI","3000","1.36203","Italy"
"3965","Green Landscaping Group","GREEN.ST","3000","4.82466","Sweden"
"3966","Groupe Guillin","ALGIL.PA","3000","25.3538","France"
"3967","Keyrus","ALKEY.PA","3000","8.70283","France"
"3968","Alliant Energy","LNT","2998","72.3","United States"
"3969","Future plc","FUTR.L","2998","4.3531","United Kingdom"
"3970","OPKO Health","OPK","2997","1.17","United States"
"3971","Pembina Pipeline","PBA","2997","43.48","Canada"
"3972","Vornado Realty Trust","VNO","2996","27.97","United States"
"3973","PRA Group","PRAA","2991","19.84","United States"
"3974","Hongkong Land","H78.SI","2991","8.04","Hong Kong"
"3975","Chugin Financial Group","5832.T","2988","19.2616","Japan"
"3976","Cohu","COHU","2986","38.51","United States"
"3977","Thryv","THRY","2986","3.09","United States"
"3978","United Community Bank","UCB","2982","33.81","United States"
"3979","Riyadh Cables Group Company","4142.SR","2981","34.4331","Saudi Arabia"
"3980","Oceania Healthcare","OCA.NZ","2980","0.424954","New Zealand"
"3981","Essentra plc","ESNT.L","2978","1.14255","United Kingdom"
"3982","Tunas Ridean","TURI.JK","2977","0.1","Indonesia"
"3983","TF1","TFI.PA","2975","8.52005","France"
"3984","Oppenheimer Holdings","OPY","2974","110.73","United States"
"3985","HiteJinro","000080.KS","2974","11.7888","South Korea"
"3986","Bank Handlowy w Warszawie","BHW.WA","2974","33.1177","Poland"
"3987","Century Aluminum","CENX","2971","63.77","United States"
"3988","AMN Healthcare Services","AMN","2968","18.78","United States"
"3989","Pilot Corporation","7846.T","2965","30.4876","Japan"
"3990","Scentre Group","SCG.AX","2964","2.53035","Australia"
"3991","Aker BP","AKRBP.OL","2962","36.4913","Norway"
"3992","Genworth Financial","GNW","2960","8.6","United States"
"3993","Moltiply Group (Gruppo Mutuionline)","MOL.MI","2957","40.2123","Italy"
"3994","Roland Corporation","7944.T","2957","27.1525","Japan"
"3995","Nitta Corporation","5186.T","2952","29.1662","Japan"
"3996","Trinseo","TSE","2950","0.23","United States"
"3997","Games Workshop Group","GAW.L","2950","263.52","United Kingdom"
"3998","Lectra SA","LSS.PA","2950","18.8208","France"
"3999","Simmons First National","SFNC","2949","20.57","United States"
"4000","Sakata Seed","1377.T","2948","26.9952","Japan"
"4001","NTG Nordic Transport Group A/S","NTG.CO","2940","29.5048","Denmark"
"4002","Lyft","LYFT","2934","13.71","United States"
"4003","AvePoint","AVPT","2934","9.4","United States"
"4004","Cal-Maine Foods","CALM","2929","75.56","United States"
"4005","AvalonBay Communities","AVB","2928","171","United States"
"4006","Sanok Rubber Company","SNK.WA","2927","6.06695","Poland"
"4007","Schaeffler India","SCHAEFFLER.NS","2922","41.6389","India"
"4008","Solar A/S","SOLAR-B.CO","2919","32.8181","Denmark"
"4009","OVH Groupe","OVH.PA","2919","11.2559","France"
"4010","Neogen","NEOG","2917","9.61","United States"
"4011","AMC Entertainment","AMC","2915","1.54","United States"
"4012","Portland General Electric","POR","2915","52.7","United States"
"4013","Petrovietnam Gas","GAS.VN","2915","3.01443","Vietnam"
"4014","Cognex","CGNX","2914","55.58","United States"
"4015","WeRide","WRD","2913","7.9","China"
"4016","Marcus Corporation","MCS","2907","19.39","United States"
"4017","Dah Sing Banking Group","2356.HK","2903","1.61054","Hong Kong"
"4018","Monarch Casino &amp; Resort","MCRI","2900","99.01","United States"
"4019","LivaNova","LIVN","2900","64.99","United Kingdom"
"4020","Winpak","WPK.TO","2900","31.7045","Canada"
"4021","Element Fleet Management","EFN.TO","2900","23.9708","Canada"
"4022","Alta Equipment Group","ALTG","2900","6.51","United States"
"4023","Wharf REIC","1997.HK","2900","3.05263","Hong Kong"
"4024","Lassonde Industries","LAS-A.TO","2900","167.585","Canada"
"4025","ACV Auctions","ACVA","2900","4.66","United States"
"4026","Mader Group Limited","MAD.AX","2900","5.63804","Australia"
"4027","International Seaways","INSW","2899","72.49","United States"
"4028","DeNA","2432.T","2897","16.6471","Japan"
"4029","Kawai Musical Instruments Manufacturing","7952.T","2895","19.1609","Japan"
"4030","Arata Corporation","2733.T","2893","18.1478","Japan"
"4031","B3","B3SA3.SA","2889","3.94887","Brazil"
"4032","Sumitomo Osaka Cement","5232.T","2886","26.926","Japan"
"4033","Loma Negra","LOMA","2885","11.59","Argentina"
"4034","Elders Limited","ELD.AX","2884","5.35649","Australia"
"4035","Electrosteel Castings","ELECTCAST.NS","2879","0.879062","India"
"4036","Workiva","WK","2873","55.12","United States"
"4037","Blue Star","BLUESTARCO.NS","2866","18.5778","India"
"4038","IHS Towers","IHS","2864","8.25","United Kingdom"
"4039","Frauenthal Holding","FKA.VI","2862","25.7075","Austria"
"4040","Showa Sangyo","2004.T","2858","20.1992","Japan"
"4041","Capital Limited","CAPD.L","2854","1.70297","United Kingdom"
"4042","Peloton","PTON","2853","4.77","United States"
"4043","Godawari Power &amp; Ispat","GPIL.NS","2851","3.10453","India"
"4044","Elopak ASA","ELO.OL","2850","3.83757","Norway"
"4045","Sunrise Communications AG","SUNN.SW","2850","60.7783","Switzerland"
"4046","B&amp;G Foods","BGS","2846","5.57","United States"
"4047","AO World","AO.L","2842","1.22804","United Kingdom"
"4048","Black Hills","BKH","2841","76.6","United States"
"4049","Shenzhen New Industries Biomedical Engineering","300832.SZ","2841","6.7582","China"
"4050","World Acceptance Corporation","WRLD","2838","138.63","United States"
"4051","United Breweries","UBL.NS","2837","15.6966","India"
"4052","Gujarat Fluorochemicals","FLUOROCHEM.NS","2830","35.8981","India"
"4053","Hulic","3003.T","2828","11.9811","Japan"
"4054","Vamos Locação de Caminhões, Máquinas e Equipamentos S.A.","VAMO3.SA","2827","0.844754","Brazil"
"4055","Compagnie d'Entreprises CFE","CFEB.BR","2826","13.5024","Belgium"
"4056","Hollywood Bowl Group","BOWL.L","2826","3.58914","United Kingdom"
"4057","Ems-Chemie","EMSN.SW","2824","844.214","Switzerland"
"4058","Hindustan Sanitaryware &amp; Industries","HSIL.NS","2818","3.77","India"
"4059","Algoma Steel","ASTL","2818","5.07","Canada"
"4060","Cable One","CABO","2817","93.11","United States"
"4061","Progress Software","PRGS","2815","28.18","United States"
"4062","RCS MediaGroup","RCS.MI","2811","1.14976","Italy"
"4063","Box, Inc.","BOX","2810","22.32","United States"
"4064","Zignago Vetro","ZV.MI","2804","8.39623","Italy"
"4065","Riso Kagaku Corporation","6413.T","2802","7.19243","Japan"
"4066","CF Industries","CF","2800","118.96","United States"
"4067","Seneca Foods","SENEA","2800","162.76","United States"
"4068","Selective Insurance","SIGI","2800","80.9","United States"
"4069","Jazz Pharmaceuticals","JAZZ","2800","201.06","Ireland"
"4070","Ituran","ITRN","2800","54.7","Israel"
"4071","ANGI Homeservices","ANGI","2800","7.59","United States"
"4072","Buckle","BKE","2800","53.31","United States"
"4073","Laurentian Bank of Canada","LB.TO","2800","29.221","Canada"
"4074","SentinelOne","S","2800","12.75","United States"
"4075","Remitly","RELY","2800","17.92","United States"
"4076","Mirion Technologies","MIR","2800","19.76","United States"
"4077","Thule Group AB","THULE.ST","2800","25.2276","Sweden"
"4078","NoHo Partners","NOHO.HE","2800","8.91509","Finland"
"4079","Canaccord Genuity Group","CF.TO","2798","8.92228","Canada"
"4080","Kainos Group","KNOS.L","2796","10.937","United Kingdom"
"4081","Fleury Michon","ALFLE.PA","2794","25.9434","France"
"4082","Bank Mayapada Internasional","MAYA.JK","2793","0.011617","Indonesia"
"4083","The Hyakugo Bank","8368.T","2792","11.8615","Japan"
"4084","Cinda Securities","601059.SS","2792","2.48647","China"
"4085","Hain Celestial","HAIN","2786","0.8833","United States"
"4086","SPS Commerce","SPSC","2783","52.55","United States"
"4087","Enphase Energy","ENPH","2781","32","United States"
"4088","Akeso","9926.HK","2778","18.0069","China"
"4089","Rational AG","RAA.F","2778","804.835","Germany"
"4090","Guerbet","GBT.PA","2778","11.0849","France"
"4091","Okamoto Industries","5122.T","2775","38.0073","Japan"
"4092","AWL Agri Business","AWL.NS","2772","1.93005","India"
"4093","Datalogic S.p.A.","DAL.MI","2772","6.52123","Italy"
"4094","CG Power and Industrial Solutions","CGPOWER.NS","2771","7.68991","India"
"4095","TripAdvisor","TRIP","2770","11.26","United States"
"4096","Betsson AB","BETS-B.ST","2769","10.4389","Sweden"
"4097","Garofalo Health Care","GHC.MI","2767","5.42453","Italy"
"4098","IG Design Group","IGR.L","2766","0.732754","United Kingdom"
"4099","Nohmi Bosai Ltd.","6744.T","2766","27.184","Japan"
"4100","Nykaa","NYKAA.NS","2764","2.75939","India"
"4101","Cresco Labs","CRLBF","2760","0.924","United States"
"4102","Cellcom Israel","CEL.TA","2758","11.5101","Israel"
"4103","MISC Berhad","3816.KL","2756","2.11768","Malaysia"
"4104","Caisse Régionale de Crédit Agricole Mutuel Nord de France","CNDF.PA","2755","29.8939","France"
"4105","Watches of Switzerland Group","WOSG.L","2755","6.97473","United Kingdom"
"4106","CMB.TECH","CMBT","2752","12.92","Belgium"
"4107","Accelleron Industries","ACLN.SW","2749","104.327","Switzerland"
"4108","Powell Industries","POWL","2748","234.42","United States"
"4109","Auto Partner","APR.WA","2748","5.48252","Poland"
"4110","Technoprobe","TPRO.MI","2746","19.5401","Italy"
"4111","Primech Holdings","PMEC","2744","0.697","Singapore"
"4112","SThree","STEM.L","2742","2.06257","United Kingdom"
"4113","SailPoint","SAIL","2738","11.12","United States"
"4114","ALK-Abelló","ALK-B.CO","2736","34.0488","Denmark"
"4115","S Foods Inc.","2292.T","2735","18.2359","Japan"
"4116","Asahi India Glass","ASAHIINDIA.NS","2734","8.89156","India"
"4117","TXT e-solutions","TXT.MI","2734","37.9127","Italy"
"4118","Community Financial System","CBU","2730","61.99","United States"
"4119","Engineers India","ENGINERSIN.NS","2725","2.33618","India"
"4120","Apex Frozen Foods","APEX.NS","2713","4.53921","India"
"4121","TowneBank","TOWN","2704","35.62","United States"
"4122","Prologis","PLD","2703","138.36","United States"
"4123","Houlihan Lokey","HLI","2702","159.07","United States"
"4124","Legend Biotech","LEGN","2700","18.69","United States"
"4125","Myriad Genetics","MYGN","2700","4.91","United States"
"4126","Unifi","UFI","2700","3.7","United States"
"4127","Myers Industries","MYE","2700","22.15","United States"
"4128","Gränges","GRNG.ST","2700","17.8937","Sweden"
"4129","Austriacard Holdings","ACAG.VI","2700","8.14859","Austria"
"4130","Penguin Solutions","PENG","2700","25.72","United States"
"4131","Nitto Boseki","3110.T","2690","172.039","Japan"
"4132","Innovex International","INVX","2683","25.92","United States"
"4133","Kulicke and Soffa Industries","KLIC","2677","79.9","Singapore"
"4134","Lee Enterprises","LEE","2674","8.37","United States"
"4135","Mallinckrodt Pharmaceuticals","MNK","2673","0.3402","United Kingdom"
"4136","ASBISc Enterprises","ASB.WA","2673","14.569","Cyprus"
"4137","Dr. Soliman Abdel Kader Fakeeh","4017.SR","2672","9.32786","Saudi Arabia"
"4138","Copenhagen Airport","KBHL.CO","2671","1000.32","Denmark"
"4139","Whirlpool India","WHIRLPOOL.NS","2668","8.8282","India"
"4140","AMP Limited","AMP.AX","2664","1.00287","Australia"
"4141","Fujimori Kogyo","7917.T","2664","9.03616","Japan"
"4142","Bharat Dynamics","BDL.NS","2662","14.3124","India"
"4143","Bajaj Electricals","BAJAJELEC.NS","2661","4.08121","India"
"4144","Axial Retailing","8255.T","2661","7.51965","Japan"
"4145","Japan Airport Terminal","9706.T","2660","32.9543","Japan"
"4146","Lottomatica Group","LTMC.MI","2660","31.5566","Italy"
"4147","Dor Alon Energy In Israel","DRAL.TA","2660","74.9419","Israel"
"4148","Bellway","BWY.L","2659","26.6234","United Kingdom"
"4149","Sanki Engineering","1961.T","2659","46.8798","Japan"
"4150","Medmix","MEDX.SW","2658","11.4311","Switzerland"
"4151","Elica S.p.A.","ELC.MI","2658","1.45047","Italy"
"4152","Extreme Networks","EXTR","2656","17.53","United States"
"4153","Tokai Tokyo Financial Holdings","8616.T","2655","4.80754","Japan"
"4154","IFB Industries","IFBIND.NS","2653","11.3625","India"
"4155","Tinexta","TNXT.MI","2653","17.8774","Italy"
"4156","Tilray Brands","TLRY","2650","6.91","Canada"
"4157","Tandem Diabetes Care","TNDM","2650","21.11","United States"
"4158","Polyplex","POLYPLEX.NS","2650","9.22553","India"
"4159","Aquafil","ECNL.MI","2650","1.70991","Italy"
"4160","Bossard Holding","BOSN.SW","2649","195.853","Switzerland"
"4161","Freenet","FNTN.F","2648","32.5236","Germany"
"4162","Subros","SUBROS.NS","2647","8.03355","India"
"4163","Strides Pharma","STAR.NS","2647","10.7509","India"
"4164","Maxvalu Tokai","8198.T","2647","22.2758","Japan"
"4165","Ypsomed","YPSN.SW","2644","372.248","Switzerland"
"4166","Cellnex Telecom","CLNX.MC","2642","35.5778","Spain"
"4167","Genmab","GMAB","2639","29.06","Denmark"
"4168","Ratnamani Metals &amp; Tubes","RATNAMANI.NS","2637","24.8255","India"
"4169","Brunello Cucinelli","BC.MI","2623","99.0566","Italy"
"4170","Yuasa Trading","8074.T","2621","38.9511","Japan"
"4171","Custom Truck One Source","CTOS","2619","7.3","United States"
"4172","Incyte","INCY","2617","97.69","United States"
"4173","Totech Corporation","9960.T","2614","25.6109","Japan"
"4174","RS Technologies","3445.T","2614","27.5616","Japan"
"4175","The Berkeley Group","BKG.L","2610","46.0007","United Kingdom"
"4176","Toagosei","4045.T","2609","11.2543","Japan"
"4177","SNDL Inc.","SNDL","2604","1.44","Canada"
"4178","Corbion","CRBN.AS","2601","22.3939","Netherlands"
"4179","Simon Property Group","SPG","2600","202.96","United States"
"4180","NN, Inc.","NNBR","2600","1.57","United States"
"4181","goeasy","GSY.TO","2600","24.3484","Canada"
"4182","CSW Industrials","CSW","2600","307.02","United States"
"4183","Blackbaud","BLKB","2600","35.88","United States"
"4184","Civeo","CVEO","2600","29.46","United States"
"4185","BGF Retail","282330.KS","2600","90.1654","South Korea"
"4186","Pico Far East Holdings","0752.HK","2600","0.319046","Hong Kong"
"4187","PZ Cussons plc","PZC.L","2600","1.09642","United Kingdom"
"4188","United Spirits","UNITDSPR.BO","2598","13.2246","India"
"4189","RPC, Inc.","RES","2597","6.66","United States"
"4190","Money Forward","3994.T","2597","28.5495","Japan"
"4191","Erbud","ERB.WA","2593","7.8759","Poland"
"4192","Shoe Zone","SHOE.L","2593","0.644552","United Kingdom"
"4193","Bank AlJazira","1020.SR","2589","3.14482","Saudi Arabia"
"4194","Hawaiian Electric Industries","HE","2587","15.27","United States"
"4195","Robertet","CBE.PA","2587","872.641","France"
"4196","Kardex Holding","KARN.SW","2586","328.981","Switzerland"
"4197","VNET Group","VNET","2581","9.01","China"
"4198","GEOX","GEO.MI","2581","0.331368","Italy"
"4199","PC Connection","CNXN","2580","64.13","United States"
"4200","Plasson Industries","PLSN.TA","2576","49.4524","Israel"
"4201","DNOW Inc.","DNOW","2575","11.96","United States"
"4202","Kendrion","KENDR.AS","2570","21.3443","Netherlands"
"4203","Geojit Financial Services","GEOJITFSL.NS","2568","0.671163","India"
"4204","Corsair Gaming","CRSR","2567","6.13","United States"
"4205","Compass","COMP","2566","7.09","United States"
"4206","Duc Giang Chemicals Group","DGC.VN","2565","2.11086","Vietnam"
"4207","Addiko Bank","ZYE1.F","2562","33.4906","Austria"
"4208","ZE PAK SA","ZEP.WA","2562","5.07063","Poland"
"4209","Rakus Co., Ltd.","3923.T","2561","5.33108","Japan"
"4210","Arwana Citramulia Tbk","ARNA.JK","2560","0.0315236","Indonesia"
"4211","Grenevia","GEA.WA","2560","0.910042","Poland"
"4212","Beijing Roborock Technology","688169.SS","2560","16.8097","China"
"4213","Cloetta","CLA-B.ST","2559","5.76672","Sweden"
"4214","Atresmedia Corporación de Medios de Comunicación, S.A.","A3M.MC","2558","5.9316","Spain"
"4215","Gabriel India","GABRIEL.NS","2556","9.96166","India"
"4216","Rane (Madras) Limited","RML.NS","2556","7.97878","India"
"4217","APT Medical","688617.SS","2555","37.7268","China"
"4218","United Bankshares","UBSI","2553","43.62","United States"
"4219","Skycity Entertainment Group","SKC.NZ","2553","0.401346","New Zealand"
"4220","Home BancShares","HOMB","2552","27.96","United States"
"4221","Greenply","GREENPLY.NS","2549","2.29495","India"
"4222","Shinsegae","004170.KS","2548","233.057","South Korea"
"4223","Polestar","PSNY","2547","20.83","Sweden"
"4224","Boston Beer Company","SAM","2537","236.38","United States"
"4225","Biglari","BH","2535","334.8","United States"
"4226","Socionext","6526.T","2534","11.6067","Japan"
"4227","Mid-America Apartment Communities","MAA","2532","126.34","United States"
"4228","Koei Tecmo","3635.T","2531","10.7257","Japan"
"4229","Lesaka Technologies","LSAK","2531","4.9","South Africa"
"4230","The Children's Place","PLCE","2530","2.985","United States"
"4231","Rocky Brands","RCKY","2530","41.78","United States"
"4232","Allient","ALNT","2525","71.77","United States"
"4233","Kronos Worldwide","KRO","2524","6.5","United States"
"4234","Betterware de Mexico","BWMX","2524","18.63","Mexico"
"4235","Cera Sanitaryware","CERA.NS","2523","56.0329","India"
"4236","Vp plc","VP.L","2522","6.10628","United Kingdom"
"4237","Time Technoplast","TIMETECHNO.NS","2521","1.9802","India"
"4238","Sichuan Biokin Pharmaceutical","688506.SS","2521","43.423","China"
"4239","Daktronics","DAKT","2520","19.24","United States"
"4240","Barnes &amp; Noble Education","BNED","2520","10.15","United States"
"4241","Maruichi Steel Tube","5463.T","2519","9.28787","Japan"
"4242","McDonald's Japan","2702.T","2517","51.4734","Japan"
"4243","Badger Infrastructure Solutions","BDGI.TO","2517","46.4312","Canada"
"4244","Einhell Germany","EIN.DE","2516","86.3208","Germany"
"4245","Organo Corporation","6368.T","2512","98.2274","Japan"
"4246","Softcat","SCT.L","2509","17.1247","United Kingdom"
"4247","monday.com","MNDY","2508","61.69","Israel"
"4248","Trustmark","TRMK","2506","44.84","United States"
"4249","Emak S.p.A.","EM.MI","2504","1.04481","Italy"
"4250","Marex Group","MRX","2503","53.2","United Kingdom"
"4251","Boiron","BOI.PA","2501","30.6604","France"
"4252","Equity Residential","EQR","2500","61.36","United States"
"4253","Shoe Carnival","SCVL","2500","17.85","United States"
"4254","Treasury Wine Estates","TWE.AX","2500","2.76913","Australia"
"4255","Helios Technologies","HLIO","2500","71.12","United States"
"4256","Astronics Corporation","ATRO","2500","76.06","United States"
"4257","Eagle Materials","EXP","2500","201.57","United States"
"4258","Brookfield Asset Management","BAM","2500","47.48","Canada"
"4259","Huhtamaki India","HUHTAMAKI.NS","2500","1.87593","India"
"4260","Match Group","MTCH","2500","33.59","United States"
"4261","Ayr Wellness","AYRWF","2500","0.013","United States"
"4262","Zurn Elkay Water Solutions","ZWS","2500","49.35","United States"
"4263","Southland Holdings","SLND","2500","1.11","United States"
"4264","Aramis Group","ARAMI.PA","2500","4.59316","France"
"4265","OSB Group Plc","OSB.L","2498","7.59214","United Kingdom"
"4266","American Public Education","APEI","2493","57.32","United States"
"4267","Telecom Plus PLC","TEP.L","2493","18.5631","United Kingdom"
"4268","Nederman Holding","NMAN.ST","2492","15.269","Sweden"
"4269","Shalby","SHALBY.NS","2490","1.65106","India"
"4270","CSPC Innovation Pharmaceutical","300765.SZ","2487","4.83651","China"
"4271","Frequentis","FQT.VI","2486","92.8066","Austria"
"4272","CALIDA Holding","CALN.SW","2484","20.3533","Switzerland"
"4273","Kokusai Electric","6525.T","2483","44.3942","Japan"
"4274","AMEC","688012.SS","2480","47.9074","China"
"4275","KAP AG","IUR.F","2479","1.66274","Germany"
"4276","All for One Group","A1OS.DE","2479","42.5708","Germany"
"4277","V-Guard Industries","VGUARD.NS","2477","3.37031","India"
"4278","Q2","QTWO","2476","48.19","United States"
"4279","Aozora Bank","8304.T","2476","16.9585","Japan"
"4280","Roblox","RBLX","2474","58.3","United States"
"4281","Duni AB","DUNI.ST","2470","10.6404","Sweden"
"4282","LIC Housing Finance","LICHSGFIN.NS","2467","5.58783","India"
"4283","Vaisala","VAIAS.HE","2464","56.6038","Finland"
"4284","NOS","NOS.LS","2458","6.48585","Portugal"
"4285","Groupe Pizzorno Environnement","GPE.PA","2457","72.6415","France"
"4286","Evercore","EVR","2455","357.61","United States"
"4287","Arendals Fossekompani","AFK.OL","2454","18.4203","Norway"
"4288","MONETA Money Bank","MONET.PR","2453","9.57745","Czech Republic"
"4289","Juroku Financial Group","7380.T","2451","13.4032","Japan"
"4290","Innospec","IOSP","2450","75.22","United States"
"4291","Hong Kong Exchanges & Clearing","0388.HK","2444","52.6553","Hong Kong"
"4292","M.Yochananof and Sons","YHNF.TA","2444","123.946","Israel"
"4293","Qualys","QLYS","2443","83.22","United States"
"4294","Vetoquinol","VETO.PA","2440","94.3396","France"
"4295","IG Group","IGG.L","2440","20.5985","United Kingdom"
"4296","VIEL &amp; Cie","VIL.PA","2440","21.0849","France"
"4297","Oil States International","OIS","2439","11.18","United States"
"4298","Fujiya Co., Ltd.","2211.T","2436","15.3602","Japan"
"4299","Marshalls plc","MSLH.L","2435","1.99065","United Kingdom"
"4300","Klaviyo","KVYO","2435","16.94","United States"
"4301","Vincom Retail Joint Stock Company","VRE.VN","2434","1.07821","Vietnam"
"4302","AUB Group","AUB.AX","2433","17.6198","Australia"
"4303","MLP SE","MLP.DE","2433","8.84434","Germany"
"4304","Lands' End","LE","2432","11.42","United States"
"4305","Bonheur ASA","BONHR.OL","2432","26.0425","Norway"
"4306","Credit Acceptance","CACC","2431","489.84","United States"
"4307","Costamare","CMRE","2430","17.4","Monaco"
"4308","Saudia Dairy &amp; Foodstuff Company","2270.SR","2424","57.0599","Saudi Arabia"
"4309","Cicor Technologies","CICN.SW","2424","174.859","Switzerland"
"4310","TOMY Company","7867.T","2423","17.1379","Japan"
"4311","Beazley","BEZ.L","2419","17.2808","United Kingdom"
"4312","New Wave Group","NEWA-B.ST","2419","10.8789","Sweden"
"4313","DLF","DLF.NS","2417","6.10382","India"
"4314","Brookfield Renewable","BEPC","2416","42.53","United States"
"4315","Banco di Desio e della Brianza","BDB.MI","2415","11.0377","Italy"
"4316","Rapid7","RPD","2413","5.35","United States"
"4317","SP Group A/S","SPG.CO","2410","58.694","Denmark"
"4318","Mirza International","MIRZAINT.NS","2409","0.340736","India"
"4319","Euronext","ENX.PA","2407","170.991","Netherlands"
"4320","Payoneer","PAYO","2407","4.97","United States"
"4321","Vista Alegre Atlantis","VAF.LS","2407","1.28538","Portugal"
"4322","Varonis Systems","VRNS","2406","21.76","United States"
"4323","Lanvin Group","LANV","2406","1.5","China"
"4324","Partner Communications","PTNR.TA","2405","12.4461","Israel"
"4325","Yodogawa Steel Works","5451.T","2405","8.82851","Japan"
"4326","Prakash Industries","PRAKASH.NS","2404","1.45991","India"
"4327","Zumiez","ZUMZ","2400","24.25","United States"
"4328","Etsy","ETSY","2400","55.99","United States"
"4329","Savaria Corporation","SIS.TO","2400","21.0226","Canada"
"4330","Alamos Gold","AGI","2400","48.78","Canada"
"4331","Pepkor","PPH.JO","2400","1.40741","South Africa"
"4332","Oscar Health","OSCR","2400","15.29","United States"
"4333","Tempus AI","TEM","2400","49.53","United States"
"4334","Compagnie Financière Tradition","CFT.SW","2400","362.903","Switzerland"
"4335","Calfrac Well Services","CFW.TO","2400","4.21411","Canada"
"4336","Stepan Company","SCL","2396","51.78","United States"
"4337","ZhongAn Insurance","6060.HK","2395","1.63479","China"
"4338","Rain Industries","RAIN.NS","2394","1.33245","India"
"4339","Kitron ASA","KIT.OL","2391","10.4488","Norway"
"4340","Caisse Régionale de Crédit Agricole Mutuel du Languedoc","CRLA.PA","2391","96.2264","France"
"4341","Arhaus","ARHS","2390","6.9","United States"
"4342","West Coast Paper Mills","WSTCSTPAPR.NS","2386","4.94513","India"
"4343","KB Home","KBH","2384","51.93","United States"
"4344","Poonawalla Fincorp","POONAWALLA.NS","2384","4.3894","India"
"4345","B. Riley Financial","RILY","2383","7.92","United States"
"4346","Filatex India","FILATEX.NS","2383","0.469921","India"
"4347","Chandra Asri Petrochemical","TPIA.JK","2381","0.373614","Indonesia"
"4348","KSB ltd","KSB.NS","2380","9.75119","India"
"4349","North Pacific Bank","8524.T","2377","6.56317","Japan"
"4350","Coffee Day Enterprises","COFFEEDAY.NS","2376","0.278774","India"
"4351","GitLab","GTLB","2375","20.08","United States"
"4352","Tamil Nadu Newsprint and Papers Limited","TNPL.NS","2371","1.47645","India"
"4353","Boubyan Bank","BOUBYAN.KW","2371","2115.37","Kuwait"
"4354","Tejas Networks","TEJASNET.NS","2370","4.75237","India"
"4355","Hunting PLC","HTG.L","2367","6.89331","United Kingdom"
"4356","Mercury Systems","MRCY","2364","84.09","United States"
"4357","CK Infrastructure","1038.HK","2358","8.26966","Hong Kong"
"4358","Protolabs","PRLB","2357","61.91","United States"
"4359","Olvi plc","OLVAS.HE","2352","39.5047","Finland"
"4360","The Kiyo Bank","8370.T","2352","26.6177","Japan"
"4361","Rayonier Advanced Materials","RYAM","2350","10.14","United States"
"4362","InnovAge","INNV","2350","8.17","United States"
"4363","Bouvet","BOUV.OL","2347","5.50493","Norway"
"4364","Okumura Corporation","1833.T","2344","39.5175","Japan"
"4365","GreenTree Hospitality Group","GHG","2339","1.28","China"
"4366","Bawan Company","1302.SR","2338","11.9663","Saudi Arabia"
"4367","WSFS Financial","WSFS","2336","69.24","United States"
"4368","Havertys","HVT","2334","22.51","United States"
"4369","Alpha &amp; Omega Semiconductor","AOSL","2332","30.38","United States"
"4370","Teekay Tankers","TNK","2330","72.89","Canada"
"4371","Teekay","TK","2330","12.06","Canada"
"4372","EIZO Corporation","6737.T","2325","13.3403","Japan"
"4373","Storebrand","STB.OL","2324","18.6109","Norway"
"4374","Dollar Industries","DOLLAR.NS","2323","2.86624","India"
"4375","The Commercial Bank (P.S.Q.C.)","CBQK.QA","2320","1.20879","Qatar"
"4376","Mycronic","MYCR.ST","2318","27.4886","Sweden"
"4377","Unibail-Rodamco-Westfield","URW.PA","2316","122.524","France"
"4378","NewPrinces S.p.A.","NWL.MI","2315","21.7689","Italy"
"4379","Helix Energy Solutions","HLX","2313","9.4","United States"
"4380","Oportun Financial","OPRT","2312","5.33","United States"
"4381","National Fuel Gas","NFG","2311","90.01","United States"
"4382","JSW Energy","JSWENERGY.NS","2310","5.47239","India"
"4383","PSI Software","PSAN.DE","2310","54.0094","Germany"
"4384","CCC Intelligent Solutions","CCC","2310","5.17","United States"
"4385","Janus Henderson","JHG","2308","51.54","United Kingdom"
"4386","APA Corporation","APA","2305","37.03","United States"
"4387","Devon Energy","DVN","2300","45.25","United States"
"4388","Varex Imaging","VREX","2300","11.74","United States"
"4389","Carlyle Group","CG","2300","51.19","United States"
"4390","SSR Mining","SSRM","2300","32.84","Canada"
"4391","ScanSource","SCSC","2300","38.61","United States"
"4392","ATN International","ATNI","2300","26.89","United States"
"4393","Tootsie Roll Industries","TR","2300","43.12","United States"
"4394","Granite Construction","GVA","2300","126.98","United States"
"4395","East India Distilleries Parry","EIDPARRY.NS","2300","9.19707","India"
"4396","Robinhood","HOOD","2300","79.09","United States"
"4397","Ascend Wellness (AWH)","AAWH","2300","0.46","United States"
"4398","Johns Lyng Group","JLG.AX","2300","3.99427","Australia"
"4399","TRE Holdings Corporation","9247.T","2300","10.3702","Japan"
"4400","Italtile","ITE.JO","2297","0.53566","South Africa"
"4401","Attica Holdings","ATTICA.AT","2297","1.91981","Greece"
"4402","TAKKT AG","TTK.DE","2295","3.16627","Germany"
"4403","Gurit Holding","GURN.SW","2295","56.1956","Switzerland"
"4404","Interroll","INRN.SW","2294","2099.33","Switzerland"
"4405","SES S.A.","SESG.PA","2294","7.3408","Luxembourg"
"4406","OGE Energy","OGE","2291","48.84","United States"
"4407","Ohsho Food Service","9936.T","2290","18.9092","Japan"
"4408","Primerica","PRI","2289","267.44","United States"
"4409","Müller - Die lila Logistik","MLL.DE","2287","5.58962","Germany"
"4410","Caisse Régionale de Crédit Agricole Mutuel Sud Rhône Alpes","CRSU.PA","2286","235.849","France"
"4411","Technogym","TGYM.MI","2285","22.6651","Italy"
"4412","Cadre Holdings, Inc.","CDRE","2284","33.23","United States"
"4413","Lumax Industries","LUMAXIND.NS","2281","57.982","India"
"4414","America's Car-Mart","CRMT","2280","11.63","United States"
"4415","Cantabil Retail India","CANTABIL.NS","2278","2.49071","India"
"4416","GDS Holdings","GDS","2276","43.22","China"
"4417","China National Uranium","001280.SZ","2276","11.8749","China"
"4418","The Shiga Bank","8366.T","2271","13.2648","Japan"
"4419","Computer Engineering &amp; Consulting","9692.T","2270","12.8684","Japan"
"4420","Caisse régionale de Crédit Agricole Mutuel Atlantique Vendée","CRAV.PA","2266","156.722","France"
"4421","Metsä Board","METSA.HE","2263","5.18868","Finland"
"4422","GoHealth","GOCO","2261","1.07","United States"
"4423","Credit Corp Group","CCP.AX","2261","7.71221","Australia"
"4424","Ellaktor","ELLAKTOR.AT","2260","1.53066","Greece"
"4425","Oracle Corp Japan","4716.T","2257","59.465","Japan"
"4426","Allied Gold Corporation","AAUC.TO","2252","31.6464","Canada"
"4427","Gr. Sarantis S.A.","SAR.AT","2252","18.1604","Greece"
"4428","AddLife AB","ALIF-B.ST","2251","17.3274","Sweden"
"4429","Malibu Boats","MBUU","2250","26.43","United States"
"4430","Chargeurs","CRI.PA","2250","9.82311","France"
"4431","Greenlam Industries","GREENLAM.NS","2249","2.32555","India"
"4432","AMAG Austria Metall","AM8.F","2240","33.8443","Austria"
"4433","FormFactor","FORM","2238","128.28","United States"
"4434","Reddit","RDDT","2233","154.54","United States"
"4435","Alnylam Pharmaceuticals","ALNY","2230","339.41","United States"
"4436","Carel Industries","CRL.MI","2228","31.0142","Italy"
"4437","Avanos Medical","AVNS","2227","24.63","United States"
"4438","The Andersons, Inc.","ANDE","2224","73.27","United States"
"4439","OFG Bancorp","OFG","2223","42.83","United States"
"4440","Benefit Systems","BFT.WA","2222","1071.46","Poland"
"4441","Colgate-Palmolive India","COLPAL.NS","2221","20.5741","India"
"4442","Wheels India","WHEELS.NS","2221","10.9754","India"
"4443","Sheela Foam","SFL.NS","2221","5.58676","India"
"4444","Hypoport","HYQ.F","2220","95.1651","Germany"
"4445","SITC International","1308.HK","2219","4.4794","Hong Kong"
"4446","Warby Parker","WRBY","2218","23.14","United States"
"4447","Hong Kong Technology Venture Company (HKTV)","1137.HK","2214","0.155694","Hong Kong"
"4448","Nippon Shinyaku","4516.T","2213","32.6774","Japan"
"4449","Badger Meter","BMI","2210","161.35","United States"
"4450","MPS Limited","MPSLTD.NS","2210","19.2425","India"
"4451","Bachem","BANB.SW","2207","95.1741","Switzerland"
"4452","Affirm","AFRM","2206","55.82","United States"
"4453","Dropbox","DBX","2204","22.7","United States"
"4454","OneWater Marine","ONEW","2203","10.29","United States"
"4455","Wyndham Hotels &amp; Resorts","WH","2200","87.38","United States"
"4456","Renasant Corp","RNST","2200","39.8","United States"
"4457","Agilysys","AGYS","2200","65.17","United States"
"4458","Vishay Precision Group","VPG","2200","51.8","United States"
"4459","Babcock &amp; Wilcox","BW","2200","17.86","United States"
"4460","NeoGenomics","NEO","2200","8.35","United States"
"4461","Himax Technologies","HIMX","2200","9.98","Taiwan"
"4462","Clearwater Paper","CLW","2200","15.54","United States"
"4463","Grenke","GLJ.F","2200","15.4009","Germany"
"4464","Soitec","SOI.PA","2200","85.3066","France"
"4465","Skillsoft","SKIL","2200","5.47","United States"
"4466","Mayville Engineering Company","MEC","2200","20.72","United States"
"4467","Dustin Group","DUST.ST","2200","0.159225","Sweden"
"4468","Volution Group","FAN.L","2200","8.75234","United Kingdom"
"4469","NCC Group plc","NCC.L","2200","1.61477","United Kingdom"
"4470","ePlus","PLUS","2199","83.01","United States"
"4471","Oberbank","OBS.VI","2193","94.5755","Austria"
"4472","Zeta Global","ZETA","2191","16.2","United States"
"4473","The Cannabist Company","CBSTF","2191","0.0291","United States"
"4474","UBTECH Robotics","9880.HK","2191","13.9614","China"
"4475","Village Super Market","VLGEA","2190","41.21","United States"
"4476","Crompton Greaves Consumer Electricals","CROMPTON.NS","2190","2.55224","India"
"4477","Olympic Steel","ZEUS","2187","47.86","United States"
"4478","Bill.com","BILL","2187","37","United States"
"4479","Pet Valu","PET.TO","2185","15.5763","Canada"
"4480","Kingnet Network","002517.SZ","2184","2.66397","China"
"4481","ZF Commercial Vehicle Control Systems India","ZFCVINDIA.NS","2181","151.081","India"
"4482","Clarkson PLC","CKN.L","2181","65.7036","United Kingdom"
"4483","Ducommun","DCO","2180","141.29","United States"
"4484","Nakanishi","7716.T","2180","17.8835","Japan"
"4485","MBM Resources","5983.KL","2180","1.24017","Malaysia"
"4486","Grindwell Norton","GRINDWELL.NS","2178","16.4934","India"
"4487","What's Cooking Group","WHATS.BR","2174","167.453","Belgium"
"4488","Knr Constructions","KNRCON.NS","2173","1.27038","India"
"4489","Yealink Network Technology","300628.SZ","2169","5.19884","China"
"4490","Jumia","JMIA","2163","7.29","Germany"
"4491","Carborundum Universal","CARBORUNIV.NS","2160","9.48916","India"
"4492","XL Axiata","EXCL.JK","2159","0.186223","Indonesia"
"4493","PetroVietnam Power","POW.VN","2156","0.503037","Vietnam"
"4494","Nittetsu Mining","1515.T","2155","17.657","Japan"
"4495","RITES","RITES.NS","2154","2.20356","India"
"4496","Craftsman Automation","CRAFTSMAN.NS","2154","79.4495","India"
"4497","Nippon Air conditioning Services","4658.T","2154","10.15","Japan"
"4498","GATX","GATX","2150","196.08","United States"
"4499","Outfront Media","OUT","2149","29.12","United States"
"4500","Viking Line Abp","VIK1V.HE","2149","24.4104","Finland"
"4501","Volati AB","VOLO.ST","2147","9.58397","Sweden"
"4502","Ricegrowers Limited","SGLLV.AX","2139","9.50484","Australia"
"4503","APL Apollo","APLAPOLLO.NS","2137","21.2603","India"
"4504","BancFirst","BANF","2135","114.33","United States"
"4505","ORIOR AG","ORON.SW","2135","16.1802","Switzerland"
"4506","Otter Tail","OTTR","2133","88.33","United States"
"4507","Regional Management Corp.","RM","2131","37.96","United States"
"4508","Idacorp","IDA","2130","145.24","United States"
"4509","Altarea","ALTA.PA","2129","139.858","France"
"4510","Atlantic Union Bankshares","AUB","2128","38.03","United States"
"4511","Indian Metals &amp; Ferro Alloys","IMFA.NS","2128","14.9245","India"
"4512","Bloom Energy","BE","2127","219.03","United States"
"4513","RAIZNEXT Corporation","6379.T","2125","14.9638","Japan"
"4514","Frontdoor","FTDR","2120","59.56","United States"
"4515","First Merchants Corporation","FRME","2120","40.86","United States"
"4516","Kunlun Tech","300418.SZ","2117","7.41393","China"
"4517","Coeur Mining","CDE","2116","21.17","United States"
"4518","Texmaco Rail &amp; Engineering","TEXRAIL.NS","2114","1.03284","India"
"4519","Ponsse","PON1V.HE","2114","27.7123","Finland"
"4520","Sitowise Group Oyj","SITOWS.HE","2113","2.83019","Finland"
"4521","Ramkrishna Forgings","RKFORGE.NS","2112","5.72153","India"
"4522","EPC Groupe","EXPL.PA","2112","293.632","France"
"4523","EL.En. S.p.A. (Elen Group)","ELN.MI","2110","15.5189","Italy"
"4524","OBIC","4684.T","2107","25.8122","Japan"
"4525","Calavo Growers","CVGW","2106","27.6","United States"
"4526","BAWAG Group","0B2.F","2106","179.245","Austria"
"4527","International Bancshares Corp","IBOC","2103","72.08","United States"
"4528","NETSCOUT","NTCT","2102","32.45","United States"
"4529","Adtran Networks","ADV.DE","2101","27.0047","Germany"
"4530","TechTarget","TTGT","2100","4.02","United States"
"4531","Navient","NAVI","2100","8.28","United States"
"4532","Skipper Limited","SKIPPER.NS","2100","4.08389","India"
"4533","National Company for Learning and Education","4291.SR","2100","31.6881","Saudi Arabia"
"4534","Rocket Lab","RKLB","2100","72.22","United States"
"4535","Kitwave Group","KITW.L","2100","3.98944","United Kingdom"
"4536","Norcros","NXR.L","2100","3.90802","United Kingdom"
"4537","Gibraltar Industries","ROCK","2097","41.53","United States"
"4538","Gogoro","GGR","2097","4.13","Taiwan"
"4539","ATRenew","RERE","2096","4.79","China"
"4540","TOMONY Holdings","8600.T","2091","5.88357","Japan"
"4541","China Gold International Resources","CGG.TO","2089","23.9259","Canada"
"4542","Banque Cantonale Vaudoise","BCVN.SW","2089","169.995","Switzerland"
"4543","Kyokuyo","1301.T","2089","31.1798","Japan"
"4544","Borr Drilling","BORR","2087","5.7","Bermuda"
"4545","Gérard Perrier Industrie S.A.","PERR.PA","2087","98.3491","France"
"4546","GigaDevice Semiconductor","603986.SS","2087","40.4729","China"
"4547","Ferrari Group PLC","046.F","2084","8.84434","United Kingdom"
"4548","NBT Bancorp","NBTB","2083","45.19","United States"
"4549","Phreesia","PHR","2082","8.6","United States"
"4550","Koppers Holdings","KOP","2082","38.44","United States"
"4551","Solocal Group","LOCAL.PA","2082","4.86439","France"
"4552","Dolby","DLB","2080","61.94","United States"
"4553","Mercari","4385.T","2080","24.1384","Japan"
"4554","Groupon","GRPN","2079","12.59","United States"
"4555","Galaxycore","688728.SS","2073","1.94517","China"
"4556","BELIMO Holding","BEAN.SW","2071","936.38","Switzerland"
"4557","V-ZUG Holding","VZUG.SW","2066","52.8674","Switzerland"
"4558","Mitani Corporation","8066.T","2065","14.1835","Japan"
"4559","Matrix Service Company","MTRX","2064","12.15","United States"
"4560","JBM Auto","JBMA.NS","2063","6.70733","India"
"4561","NewMarket Corp","NEU","2060","654.29","United States"
"4562","Royal holdings","8179.T","2056","9.02358","Japan"
"4563","Genesis Energy  L.P.","GEL","2055","17.16","United States"
"4564","Alm. Brand","ALMB.CO","2055","2.41403","Denmark"
"4565","MM Forgings","MMFL.NS","2054","4.75988","India"
"4566","MDU Resources","MDU","2052","22","United States"
"4567","KMD Brands","KMD.NZ","2051","0.0401346","New Zealand"
"4568","Sportsman's Warehouse","SPWH","2050","1.58","United States"
"4569","Lakeland Industries","LAKE","2050","9.46","United States"
"4570","Townsquare Media","TSQ","2049","6.5","United States"
"4571","Ameris Bancorp","ABCB","2045","82.84","United States"
"4572","Wirtualna Polska (WP Holding)","WPL.WA","2043","15.9744","Poland"
"4573","KYORIN Pharmaceutical","4569.T","2042","10.4142","Japan"
"4574","Sanyo Chemical Industries","4471.T","2042","32.9732","Japan"
"4575","TMX Group","X.TO","2039","37.9859","Canada"
"4576","Yuhan","000100.KS","2038","65.5007","South Korea"
"4577","Appian","APPN","2033","20.7","United States"
"4578","FreightCar America","RAIL","2030","9.41","United States"
"4579","Ashoka Buildcon","ASHOKA.NS","2030","1.31365","India"
"4580","Joby Aviation","JOBY","2029","8.8","United States"
"4581","Amphastar Pharmaceuticals","AMPH","2028","21.38","United States"
"4582","Industrie De Nora","DNR.MI","2028","6.99882","Italy"
"4583","Arnoldo Mondadori Editore","MN.MI","2026","2.44104","Italy"
"4584","Reading International","RDI","2025","1.12","United States"
"4585","Bodal Chemicals","BODALCHEM.NS","2025","0.716802","India"
"4586","ACM Research","ACMR","2023","50.75","United States"
"4587","First Financial Bank","FFBC","2021","29.34","United States"
"4588","Alarm.com","ALRM","2020","43.86","United States"
"4589","WaFd Bank","WAFD","2018","32.71","United States"
"4590","Van Lanschot Kempen","VLK.AS","2018","75.4127","Netherlands"
"4591","VeriSilicon Microelectronics","688521.SS","2014","37.1826","China"
"4592","PayPay Corporation","PAYP","2012","22.19","Japan"
"4593","Integral Diagnostics Limited","IDX.AX","2010","1.63225","Australia"
"4594","Vaudoise Assurances","VAHN.SW","2009","1076.55","Switzerland"
"4595","Fenix Outdoor","FOI-B.ST","2008","53.4742","Switzerland"
"4596","Mengly J. Quach Education","MJQE.KH","2005","0.52","Cambodia"
"4597","Fasadgruppen Group","FG.ST","2005","2.46678","Sweden"
"4598","M&amp;C Saatchi","SAA.L","2003","1.56049","United Kingdom"
"4599","The Musashino Bank","8336.T","2002","15.3539","Japan"
"4600","eXp World Holdings","EXPI","2001","6.15","United States"
"4601","Friedrich Vorwerk Group","VH2.DE","2001","89.9764","Germany"
"4602","Rimini Street","RMNI","2000","3.48","United States"
"4603","LSI Industries","LYTS","2000","19.26","United States"
"4604","iRhythm","IRTC","2000","123.23","United States"
"4605","Compass Minerals","CMP","2000","24.7","United States"
"4606","CAR Group (Carsales)","CAR.AX","2000","17.0638","Australia"
"4607","Federated Hermes","FHI","2000","58.3","United States"
"4608","Enerpac Tool Group","EPAC","2000","36.39","United States"
"4609","Melexis NV","MELE.BR","2000","68.6321","Belgium"
"4610","Saudi Research and Media Group","4210.SR","2000","21.8405","Saudi Arabia"
"4611","Altus Group","AIF.TO","2000","36.2504","Canada"
"4612","Harte Hanks","HHS","2000","2.9","United States"
"4613","EverCommerce","EVCM","2000","11.91","United States"
"4614","Taboola.com","TBLA","2000","3.43","United States"
"4615","Embecta","EMBC","2000","9.46","United States"
"4616","IVE Group","IGL.AX","2000","1.87816","Australia"
"4617","Oxford Instruments","OXIG.L","2000","37.8861","United Kingdom"
"4618","Guardant Health","GH","1999","86.4","United States"
"4619","Eastern Bankshares","EBC","1998","20.67","United States"
"4620","Hexatronic Group AB","HTRO.ST","1997","3.96428","Sweden"
"4621","Northwest Bancshares","NWBI","1996","13.38","United States"
"4622","Lotus Technology","LOT","1996","1.35","China"
"4623","First Hawaiian Bank","FHB","1995","26.46","United States"
"4624","Samyang Foods","003230.KS","1994","856.809","South Korea"
"4625","OPAP (Organization of Football Prognostics)","OPAP.AT","1991","17.1344","Greece"
"4626","Delek US","DK","1987","39.35","United States"
"4627","Ion Beam Applications","IBAB.BR","1986","16.7453","Belgium"
"4628","Bulten AB","BULTEN.ST","1985","5.28752","Sweden"
"4629","TOWA Corporation","6315.T","1985","17.1159","Japan"
"4630","Diamondback Energy","FANG","1983","186.51","United States"
"4631","Bluelinx","BXC","1980","56.65","United States"
"4632","Jindal Worldwide","JINDWORLD.NS","1979","0.258693","India"
"4633","Inotiv","NOTV","1977","0.245","United States"
"4634","IGG Inc","0799.HK","1976","0.385407","Singapore"
"4635","Kinepolis Group","KIN.BR","1976","34.6108","Belgium"
"4636","StarragTornos Group","STGN.SW","1974","44.1628","Switzerland"
"4637","Doosan","000150.KS","1973","939.704","South Korea"
"4638","Ferretti","F3T1.F","1971","4.72877","Italy"
"4639","First Busey","BUSE","1965","26.8","United States"
"4640","Red Eléctrica","RED.MC","1962","17.8538","Spain"
"4641","Kintetsu Department Store","8244.T","1962","10.5716","Japan"
"4642","YouGov plc","YOU.L","1960","2.53207","United Kingdom"
"4643","Vontobel","VONN.SW","1958","92.2939","Switzerland"
"4644","PowerFleet","AIOT","1954","3.14","United States"
"4645","Shenzhen Bingchuan Network","300533.SZ","1952","3.75537","China"
"4646","Ranger Energy Services","RNGR","1950","16.63","United States"
"4647","Saudi Automotive Services Company","4050.SR","1950","14.3249","Saudi Arabia"
"4648","Ibstock plc","IBST.L","1949","1.47094","United Kingdom"
"4649","Dialog Group","7277.KL","1948","0.573168","Malaysia"
"4650","Hampiðjan","HAMP.IC","1947","0.758508","Iceland"
"4651","OdontoPrev","ODPV3.SA","1947","3.20244","Brazil"
"4652","REE (Refrigeration Electrical Engineering Corporation)","REE.VN","1947","2.50949","Vietnam"
"4653","Blue Bird Corporation","BLBD","1945","64.91","United States"
"4654","Amotiv Limited","AOV.AX","1945","4.93596","Australia"
"4655","Isracard","ISCD.TA","1945","5.10326","Israel"
"4656","Summerset Holdings","SUM.NZ","1944","5.21159","New Zealand"
"4657","Rémy Cointreau","RCO.PA","1943","46.6745","France"
"4658","8x8","EGHT","1942","1.71","United States"
"4659","Xi'an Eswin Material Technology Co.,Ltd.","688783.SS","1941","3.32996","China"
"4660","Phibro Animal Health","PAHC","1940","59.02","United States"
"4661","T’way Air","091810.KS","1938","0.648892","South Korea"
"4662","Voltas","VOLTAS.NS","1938","14.6217","India"
"4663","OneConnect","OCFT","1937","7.89","China"
"4664","EQT","EQT.ST","1937","32.9231","Sweden"
"4665","Grupo Aeroportuario del Sureste
(ASUR)","ASR","1936","341.07","Mexico"
"4666","Hayward Holdings, Inc.","HAYW","1934","14.84","United States"
"4667","Avax S.A.","AVAX.AT","1928","3.76769","Greece"
"4668","Gamma Communications","GAMA.L","1926","11.6644","United Kingdom"
"4669","Laboratorios Farmaceuticos Rovi","ROVI.MC","1925","100.059","Spain"
"4670","Exmar","EXM.BR","1923","11.9693","Belgium"
"4671","Microvast","MVST","1921","1.73","United States"
"4672","EQB (Equitable Bank)","EQB.TO","1919","84.8093","Canada"
"4673","Autohellas","OTOEL.AT","1918","14.3632","Greece"
"4674","Hwatsing Technology","688120.SS","1917","26.7996","China"
"4675","Clearwater Analytics","CWAN","1915","24.06","United States"
"4676","Enel Chile","ENIC","1913","4.47","Chile"
"4677","STEICO SE","ST5.DE","1911","26.2972","Germany"
"4678","Banner Bank","BANR","1910","64.07","United States"
"4679","Hikal","HIKAL.NS","1906","1.96237","India"
"4680","Unite Group (Unite Students)","UTG.L","1906","6.35867","United Kingdom"
"4681","Elecom","6750.T","1905","10.301","Japan"
"4682","Qiwi","QIWI.ME","1904","2.56","Cyprus"
"4683","Almirall","ALM.MC","1904","15.8019","Spain"
"4684","Banc of California","BANC","1903","18.52","United States"
"4685","Gobarto","GOB.WA","1903","6.33478","Poland"
"4686","Dai-Dan","1980.T","1901","17.3235","Japan"
"4687","Photronics","PLAB","1900","45.71","United States"
"4688","ProPetro","PUMP","1900","13.67","United States"
"4689","UOL Group","U14.SI","1900","8.15739","Singapore"
"4690","Vertex","VERX","1900","11.45","United States"
"4691","Eurowag (W.A.G payment solutions)","EWG.L","1900","1.58221","United Kingdom"
"4692","TPG Inc.","TPG","1900","42.38","United States"
"4693","Allied Tecnologia","ALLD3.SA","1900","1.37247","Brazil"
"4694","Astrana Health","ASTH","1900","29.07","United States"
"4695","Hammond Power Solutions","HPS-A.TO","1900","175.776","Canada"
"4696","Iress Limited","IRE.AX","1900","4.93239","Australia"
"4697","Haulotte Group","PIG.PA","1900","2.57075","France"
"4698","Severfield","SFR.L","1900","0.371805","United Kingdom"
"4699","Cogent Communications","CCOI","1899","22.54","United States"
"4700","James Fisher and Sons","FSJ.L","1899","6.37767","United Kingdom"
"4701","Meritage Homes","MTH","1898","66.64","United States"
"4702","Swedish Orphan Biovitrum","SOBI.ST","1895","44.7615","Sweden"
"4703","Jensen-Group","JEN.BR","1895","83.0189","Belgium"
"4704","Sasken Technologies","SASKEN.NS","1894","13.201","India"
"4705","Talen Energy","TLN","1894","345.76","United States"
"4706","Dexerials Corporation","4980.T","1892","14.8631","Japan"
"4707","Silicon Labs","SLAB","1889","211.06","United States"
"4708","Somany Ceramics","SOMANYCERA.NS","1888","4.53867","India"
"4709","Zhihu","ZH","1887","3.4","China"
"4710","Helen of Troy","HELE","1883","17.34","United States"
"4711","Enghouse Systems","ENGH.TO","1882","12.4248","Canada"
"4712","Sturm, Ruger &amp; Co","RGR","1880","42.29","United States"
"4713","Voltalia","VLTSA.PA","1880","8.14859","France"
"4714","Metallus","MTUS","1880","17.53","United States"
"4715","nib holdings limited","NHF.AX","1880","4.81479","Australia"
"4716","Hovnanian Enterprises","HOV","1878","110.08","United States"
"4717","Coronado Global Resources","CRN.AX","1878","0.213832","Australia"
"4718","Gesco SE","GSC1.DE","1877","16.6274","Germany"
"4719","Bank of Hawaii","BOH","1876","79.12","United States"
"4720","AXIS Capital","AXS","1876","99.4","Bermuda"
"4721","Lincoln Educational Services","LINC","1875","39.84","United States"
"4722","Century Communities","CCS","1873","60.33","United States"
"4723","Tenable","TENB","1872","17.87","United States"
"4724","Caisse Régionale de Crédit Agricole Mutuel Alpes Provence","CRAP.PA","1872","167.453","France"
"4725","Daiwa Industries","6459.T","1872","12.2517","Japan"
"4726","Perpetual Limited","PPT.AX","1870","11.5968","Australia"
"4727","Zai Lab","ZLAB","1869","21.96","China"
"4728","Tekscend Photomask","429A.T","1869","23.3141","Japan"
"4729","McEwen Mining","MUX","1864","24.74","Canada"
"4730","Danya Cebus","DNYA.TA","1864","56.5217","Israel"
"4731","Regis Corporation","RGS","1860","24.2","United States"
"4732","JM AB","JM.ST","1860","13.2433","Sweden"
"4733","Core Molding Technologies","CMT","1857","25.93","United States"
"4734","GÜBRETAŞ","GUBRF.IS","1856","11.0093","Turkey"
"4735","Eurocell","ECEL.L","1856","1.52657","United Kingdom"
"4736","Cargojet","CJT.TO","1854","60.1776","Canada"
"4737","Topps Tiles","TPT.L","1854","0.484432","United Kingdom"
"4738","Chalet Hotels","CHALET.NS","1853","8.15597","India"
"4739","Genius Sports","GENI","1850","4.27","United Kingdom"
"4740","TAG Immobilien","TEG.F","1848","17.3231","Germany"
"4741","Greenpanel Industries","GREENPANEL.NS","1846","2.2259","India"
"4742","Global Industrial Company","GIC","1845","33.29","United States"
"4743","Janus International Group","JBI","1845","5.6","United States"
"4744","Gelsenwasser","WWG.F","1842","648.585","Germany"
"4745","TGS ASA","TGS.OL","1841","13.4447","Norway"
"4746","Semtech","SMTC","1838","90.12","United States"
"4747","Mesa Air","MESA","1838","1.4","United States"
"4748","Trex","TREX","1838","41.29","United States"
"4749","Takara Bio","4974.T","1838","7.19243","Japan"
"4750","Independent Bank Corp.","INDB","1837","80.04","United States"
"4751","The Gym Group","GYM.L","1837","2.42894","United Kingdom"
"4752","3D Systems","DDD","1833","1.98","United States"
"4753","nCino","NCNO","1833","17.47","United States"
"4754","Hecla Mining","HL","1830","19.69","United States"
"4755","BlackLine","BL","1830","31.03","United States"
"4756","Ichor Systems","ICHR","1820","64.01","United States"
"4757","IDT Corporation","IDT","1820","51.16","United States"
"4758","Calix","CALX","1820","48.79","United States"
"4759","BlackBerry","BB","1820","3.97","Canada"
"4760","Silicon Motion","SIMO","1819","130.15","Hong Kong"
"4761","Befesa","BFSA.DE","1819","41.0967","Luxembourg"
"4762","Asana","ASAN","1819","5.49","United States"
"4763","Texas Capital Bancshares","TCBI","1818","103.15","United States"
"4764","Secure Energy Services","SES.TO","1817","16.3025","Canada"
"4765","Daikokutenbussan","2791.T","1814","28.065","Japan"
"4766","San-Ai Obbli","8097.T","1814","14.8946","Japan"
"4767","HUTCHMED","HCM","1811","15.21","Hong Kong"
"4768","Torrid Holding","CURV","1810","2.05","United States"
"4769","Comet Holding","COTN.SW","1810","387.609","Switzerland"
"4770","Constellation Oil Services Holding","QG21.F","1809","15.2123","Luxembourg"
"4771","Wheels Up","UP","1807","0.4198","United States"
"4772","Monte Carlo Fashions","MONTECARLO.NS","1806","5.73763","India"
"4773","Piper Sandler","PIPR","1801","87.31","United States"
"4774","So-Young International","SY","1800","2.76","China"
"4775","Neurocrine Biosciences","NBIX","1800","130.81","United States"
"4776","AMC Networks","AMCX","1800","7.69","United States"
"4777","Alkermes","ALKS","1800","33.87","Ireland"
"4778","Forum Energy Technologies","FET","1800","59.1","United States"
"4779","Donnelley Financial Solutions","DFIN","1800","48.71","United States"
"4780","Cars.com","CARS","1800","10.11","United States"
"4781","N-Able","NABL","1800","4.66","United States"
"4782","Latham Group","SWIM","1800","5.92","United States"
"4783","Aurora Innovation","AUR","1800","4.67","United States"
"4784","ECARX Holdings","ECX","1800","1.13","China"
"4785","WEBTOON Entertainment","WBTN","1800","11.3","United States"
"4786","Neo Performance Materials","NEO.TO","1800","16.6874","Canada"
"4787","oOh!media Limited","OML.AX","1800","0.674997","Australia"
"4788","Autosports Group","ASG.AX","1800","1.66076","Australia"
"4789","Esprinet","PRT.MI","1800","6.66863","Italy"
"4790","Midwich Group","MIDW.L","1800","2.25797","United Kingdom"
"4791","The Keiyo Bank","8544.T","1793","14.4981","Japan"
"4792","Telia Lietuva","ZWS.F","1792","2.48821","Lithuania"
"4793","Par Pacific Holdings","PARR","1787","63.26","United States"
"4794","Enova International","ENVA","1787","153.84","United States"
"4795","SmarTone Telecommunications","0315.HK","1783","0.634263","Hong Kong"
"4796","Nucleus Software Exports","NUCLEUS.NS","1782","8.51517","India"
"4797","Axos Financial","AX","1781","93.96","United States"
"4798","Solar Industries India","SOLARINDS.NS","1781","155.978","India"
"4799","Exail Technologies","EXA.PA","1781","152.005","France"
"4800","WashTec AG","WSU.DE","1780","54.3632","Germany"
"4801","NRC Group ASA","NRC.OL","1780","0.968656","Norway"
"4802","Stratasys","SSYS","1779","8.45","Israel"
"4803","Kissei Pharmaceutical","4547.T","1779","30.2674","Japan"
"4804","Repligen","RGEN","1778","131.03","United States"
"4805","Sarana Menara Nusantara","TOWR.JK","1777","0.0291886","Indonesia"
"4806","Man Group","EMG.L","1777","3.56607","Jersey"
"4807","Zeria Pharmaceutical","4559.T","1777","14.4667","Japan"
"4808","Partners Group","PGHN.SW","1775","1128.52","Switzerland"
"4809","Zangge Mining Company","000408.SZ","1775","12.4793","China"
"4810","eHealth","EHTH","1773","1.44","United States"
"4811","Sequent Scientific","SEQUENT.NS","1771","2.13731","India"
"4812","Caris Life Sciences","CAI","1769","20.19","United States"
"4813","Orion Group Holdings","ORN","1767","11.87","United States"
"4814","Zurich Airport","FHZN.SW","1764","318.996","Switzerland"
"4815","Amadeus Fire","AAD.DE","1763","28.066","Germany"
"4816","Willdan Group","WLDN","1761","80.15","United States"
"4817","Jindal Stainless","JSL.NS","1761","8.21718","India"
"4818","M/I Homes","MHO","1760","124.16","United States"
"4819","FRoSTA AG","NLM.F","1760","118.514","Germany"
"4820","Giant Biogene","2367.HK","1758","3.67541","China"
"4821","Simona","SIM0.F","1757","56.6038","Germany"
"4822","Unibep","UNI.WA","1756","4.1912","Poland"
"4823","Dixon Technologies","DIXON.NS","1755","112.793","India"
"4824","Bufab AB","BUFAB.ST","1755","12.4592","Sweden"
"4825","Verra Mobility","VRRM","1754","15","United States"
"4826","Voyageurs du Monde","ALVDM.PA","1754","166.274","France"
"4827","Provident Financial Services","PFS","1753","22.33","United States"
"4828","Mitsuuroko Group Holdings","8131.T","1753","14.1017","Japan"
"4829","LEG Immobilien","LEG.DE","1752","71.4033","Germany"
"4830","Tri Pointe Homes","TPH","1750","46.8","United States"
"4831","Invitation Homes","INVH","1750","26.47","United States"
"4832","Horace Mann Educators","HMN","1750","44.36","United States"
"4833","High Tide","HITI","1750","2.34","Canada"
"4834","Faes Farma","FAE.MC","1748","5.82547","Spain"
"4835","Hyderabad Industries Limited","HIL.NS","1745","21.5914","India"
"4836","R. Stahl AG","RSL2.DE","1743","15.566","Germany"
"4837","Mirvac Group","MGR.AX","1738","1.24735","Australia"
"4838","Schloss Wachenheim","SWA.DE","1736","16.5684","Germany"
"4839","Figma","FIG","1736","18.42","United States"
"4840","Hagerty","HGTY","1733","10.92","United States"
"4841","AMH (American Homes 4 Rent)","AMH","1730","30.12","United States"
"4842","KLX Energy Services","KLXE","1726","2.2","United States"
"4843","Vera Bradley","VRA","1725","3.75","United States"
"4844","BE Semiconductor","BESI.AS","1725","257.075","Netherlands"
"4845","Redcare Pharmacy","RDC.DE","1725","50.0708","Netherlands"
"4846","Métropole Télévision (Groupe M6)","MMT.PA","1723","14.5755","France"
"4847","freee K.K.","4478.T","1722","14.1269","Japan"
"4848","The Bank of Nagoya","8522.T","1722","36.6858","Japan"
"4849","Graphite India","GRAPHITE.NS","1721","6.84693","India"
"4850","SBA Communications","SBAC","1720","218.08","United States"
"4851","JTEKT India","JTEKTINDIA.NS","1719","1.41964","India"
"4852","Synaptics","SYNA","1716","76.76","United States"
"4853","Eimskipafélag Íslands","EIM.IC","1716","2.19852","Iceland"
"4854","Shutterstock","SSTK","1715","17.61","United States"
"4855","Cheniere Energy","LNG","1714","259.68","United States"
"4856","Essex Property Trust","ESS","1712","251.42","United States"
"4857","XPS Pensions Group","XPS.L","1712","4.28118","United Kingdom"
"4858","SLM Corporation (Sallie Mae)","SLM","1710","22.05","United States"
"4859","Sonos","SONO","1708","13.66","United States"
"4860","Luceco plc","LUCE.L","1707","2.7139","United Kingdom"
"4861","Soltec Power Holdings","SOL.MC","1701","1.10849","Spain"
"4862","FRIWO","CEA.DE","1701","5.84906","Germany"
"4863","MACOM Technology Solutions","MTSI","1700","263.92","United States"
"4864","Kforce","KFRC","1700","29.82","United States"
"4865","USANA","USNA","1700","18.51","United States"
"4866","Getty Images","GETY","1700","0.8877","United States"
"4867","Alma Media","ALMA.HE","1700","14.9764","Finland"
"4868","Incap Oyj","ICP1V.HE","1700","12.1591","Finland"
"4869","SHW AG","SW10.HM","1700","6.95755","Germany"
"4870","Braze","BRZE","1699","20.51","United States"
"4871","Guardforce AI","GFAI","1698","0.4928","Singapore"
"4872","XXL ASA","XXL.OL","1698","0.988001","Norway"
"4873","Choice Hotels International","CHH","1695","116.75","United States"
"4874","TXNM Energy","TXNM","1695","59.11","United States"
"4875","Deepak Nitrite","DEEPAKNTR.NS","1694","15.8223","India"
"4876","ZOZO","3092.T","1693","7.02883","Japan"
"4877","I.D.I. Insurance Company","IDIN.TA","1693","77.7962","Israel"
"4878","Grocery Outlet","GO","1692","7.18","United States"
"4879","Miller Industries","MLR","1690","48.38","United States"
"4880","Musti Group","MUSTI.HE","1690","21.1085","Finland"
"4881","Better Collective A/S","BETCO-DKK.CO","1688","14.7524","Denmark"
"4882","Nectar Lifesciences","NECLIFE.NS","1686","0.127789","India"
"4883","Dream Finders Homes","DFH","1686","13.84","United States"
"4884","Cboe Global Markets","CBOE","1685","300.75","United States"
"4885","Full House Resorts","FLL","1685","2.49","United States"
"4886","Höegh Autoliners","HAUTO.OL","1681","14.207","Norway"
"4887","Alignment Healthcare","ALHC","1679","21.28","United States"
"4888","Al Majed for Oud Company","4165.SR","1679","42.615","Saudi Arabia"
"4889","T&amp;G Global","TGG.NZ","1677","1.44602","New Zealand"
"4890","Kinaxis","KXS.TO","1674","101.678","Canada"
"4891","Douglas Dynamics","PLOW","1673","46.75","United States"
"4892","Atrys Health","ATRY.MC","1669","3.52005","Spain"
"4893","Galaxy Surfactants","GALAXYSURF.NS","1668","19.3692","India"
"4894","Ubiquiti","UI","1667","991.66","United States"
"4895","Prince Pipes And Fittings","PRINCEPIPE.NS","1665","2.58124","India"
"4896","Indian Telephone Industries","ITI.NS","1665","3.10421","India"
"4897","HBL","HBLENGINE.NS","1663","8.07489","India"
"4898","BankUnited","BKU","1662","47.31","United States"
"4899","SKF India","SKFINDIA.NS","1662","17.2301","India"
"4900","Medacta Group","MOVE.SW","1662","199.949","Switzerland"
"4901","Camden Property Trust","CPT","1660","101.78","United States"
"4902","Vitec Software Group","VIT-B.ST","1660","26.0945","Sweden"
"4903","First National Financial","FN.TO","1659","35.0708","Canada"
"4904","Orion Engineered Carbons","OEC","1658","7.08","United States"
"4905","eDreams ODIGEO","EDR.MC","1658","4.11557","Spain"
"4906","Poujoulat","ALPJT.PA","1658","9.43396","France"
"4907","HK Electric Investments","2638.HK","1657","0.821862","Hong Kong"
"4908","Marico","MARICO.NS","1657","8.08724","India"
"4909","Toyo Construction","1890.T","1656","11.3574","Japan"
"4910","Velan","VLN.TO","1654","11.6187","Canada"
"4911","lastminute.com","LMN.SW","1652","16.001","Netherlands"
"4912","Hyundai Glovis","086280.KS","1651","150.162","South Korea"
"4913","Symbotic","SYM","1650","56.56","United States"
"4914","AS Silvano Fashion Group","SFG1T.TL","1650","1.37972","Estonia"
"4915","Sumitomo Chemical
 India","SUMICHEM.NS","1649","4.53384","India"
"4916","Shin Nippon Air Technologies","1952.T","1649","21.9926","Japan"
"4917","Kewal Kiran Clothing","KKCL.NS","1648","5.15882","India"
"4918","TV TOKYO Holdings","9413.T","1646","26.0513","Japan"
"4919","Mixi","2121.T","1645","16.1531","Japan"
"4920","Bavarian Nordic","BAVA.CO","1645","31.5901","Denmark"
"4921","Cirrus Logic","CRUS","1643","160.75","United States"
"4922","Sonder Holdings","SOND","1642","0.1263","United States"
"4923","Star Micronics","7718.T","1642","13.8563","Japan"
"4924","Sabaf S.p.A.","SAB.MI","1641","16.1557","Italy"
"4925","Ricoh Leasing Company","8566.T","1641","39.0141","Japan"
"4926","Capital Securities Corporation","601136.SS","1641","2.41165","China"
"4927","Hims &amp; Hers Health","HIMS","1637","21.36","United States"
"4928","Saudi International Petrochemical Company (Sipchem)","2310.SR","1636","4.41075","Saudi Arabia"
"4929","AppFolio","APPF","1634","148.84","United States"
"4930","Revolve Group","RVLV","1632","25.08","United States"
"4931","Schoeller-Bleckmann Oilfield Equipment","SBO.VI","1631","43.9269","Austria"
"4932","ThredUp","TDUP","1630","4.03","United States"
"4933","Palram Industries","PLRM.TA","1630","15.2008","Israel"
"4934","Kobe Bussan","3038.T","1629","19.6706","Japan"
"4935","National Industries Company","NICBM.KW","1628","820.842","Kuwait"
"4936","JBCC Holdings","9889.T","1626","8.06081","Japan"
"4937","Genomma Lab Internacional","LABB.MX","1624","1.04058","Mexico"
"4938","MATSUDA SANGYO","7456.T","1624","40.5872","Japan"
"4939","Ovintiv","OVV","1623","54.8","United States"
"4940","Cognyte Software","CGNT","1623","9.57","Israel"
"4941","Xperi","XPER","1620","6.1","United States"
"4942","Park National Corp","PRK","1620","171.3","United States"
"4943","Calumet, Inc.","CLMT","1620","32.24","United States"
"4944","The Hackett Group","HCKT","1618","13.33","United States"
"4945","Banque nationale de Belgique","BNB.BR","1618","472.877","Belgium"
"4946","HDFC Asset Management Company Limited","HDFCAMC.NS","1618","27.3416","India"
"4947","Orthofix Medical","OFIX","1616","12.72","United States"
"4948","INFICON","IFCN.SW","1616","151.562","Switzerland"
"4949","Sinko Industries","6458.T","1616","7.57628","Japan"
"4950","Festi hf.","FESTI.IC","1611","2.78852","Iceland"
"4951","Sandhar","SANDHAR.NS","1609","5.20178","India"
"4952","Jack in the Box","JACK","1606","11.78","United States"
"4953","4imprint Group","FOUR.L","1603","49.963","United Kingdom"
"4954","Dynamic Materials Corporation","BOOM","1600","5.31","United States"
"4955","CECO Environmental","CECO","1600","66.07","United States"
"4956","Cactus Inc","WHD","1600","52.74","United States"
"4957","Stockland","SGP.AX","1600","3.0079","Australia"
"4958","Ingevity","NGVT","1600","76.56","United States"
"4959","Bakkafrost","BAKKA.OL","1600","49.2691","Denmark"
"4960","VA Tech Wabag","WABAG.NS","1600","14.554","India"
"4961","JFrog","FROG","1600","44.36","United States"
"4962","Artivion","AORT","1600","37.95","United States"
"4963","Algoma Central Corporation","ALC.TO","1600","15.7942","Canada"
"4964","Hansen Technologies","HSN.AX","1600","3.28945","Australia"
"4965","Visiativ SA","ALVIV.PA","1600","40.1999","France"
"4966","Advanced Medical Solutions Group","AMS.L","1600","2.97172","United Kingdom"
"4967","Videndum Plc","VID.L","1600","4.38517","United Kingdom"
"4968","Argenx","ARGX","1599","828.35","Netherlands"
"4969","SG Micro","300661.SZ","1598","11.1781","China"
"4970","Argan","AGX","1595","603.91","United States"
"4971","CVR Energy","CVI","1595","30.13","United States"
"4972","Fluence Energy","FLNC","1595","14.8","United States"
"4973","Bank Ochrony Srodowiska","BOS.WA","1595","2.83866","Poland"
"4974","Suzlon","SUZLON.NS","1592","0.492472","India"
"4975","Lindsay Australia","LAU.AX","1592","0.434792","Australia"
"4976","Maxeon Solar Technologies","MAXN","1591","1.54","Singapore"
"4977","Finolex Cables","FINCABLES.NS","1589","9.09291","India"
"4978","Diversified Energy","DEC.L","1589","15.9035","United States"
"4979","Bank für Tirol und Vorarlberg","BTS.VI","1587","84.9057","Austria"
"4980","NorthWestern Energy","NWE","1585","73.28","United States"
"4981","Shawbrook Group PLC","SHAW.L","1584","4.98001","United Kingdom"
"4982","GungHo Online Entertainment","3765.T","1583","15.9706","Japan"
"4983","Crédit Agricole Mutuel de la Touraine et du Poitou","CRTO.PA","1583","150.33","France"
"4984","Westwing Group","WEW.DE","1582","17.8656","Germany"
"4985","PAR Technology","PAR","1581","13.34","United States"
"4986","Goosehead Insurance","GSHD","1580","40.5","United States"
"4987","Gree","3632.T","1580","2.39748","Japan"
"4988","PT Amman Mineral Internasional Tbk","AMMN.JK","1578","0.329831","Indonesia"
"4989","Zuken Inc.","6947.T","1578","27.6559","Japan"
"4990","Parag Milk Foods","PARAGMILK.NS","1572","2.21172","India"
"4991","Thermon Group","THR","1568","55.06","United States"
"4992","TH International (Tims China)","THCH","1568","2.07","China"
"4993","VZ Holding","VZN.SW","1567","204.557","Switzerland"
"4994","Semrush","SEMR","1561","11.95","United States"
"4995","GigaCloud Technology","GCT","1561","44.96","China"
"4996","Talenom","TNOM.HE","1560","1.59434","Finland"
"4997","technotrans","TTR1.DE","1560","34.9057","Germany"
"4998","National Beverage","FIZZ","1559","34.24","United States"
"4999","Rico Auto Industries","RICOAUTO.NS","1558","1.24901","India"
"5000","Boardwalk Real Estate Investment Trust","BEI-UN.TO","1558","47.5641","Canada"
"5001","Van de Velde","VAN.BR","1558","36.9104","Belgium"
"5002","Neuland Laboratories","NEULANDLAB.NS","1554","155.839","India"
"5003","Onto Innovation","ONTO","1551","261.59","United States"
"5004","California Resources Corporation","CRC","1550","63.7","United States"
"5005","MAX Automation","MXHN.DE","1550","4.98821","Germany"
"5006","Mikron Holding","MIKN.SW","1548","22.0174","Switzerland"
"5007","Triumph Financial","TFIN","1547","61.9","United States"
"5008","OEX S.A.","OEX.WA","1546","13.2621","Poland"
"5009","Beijing Airport","0694.HK","1542","0.250132","China"
"5010","Giant Network Group","002558.SZ","1541","4.72942","China"
"5011","Endeavour Silver","EXK","1539","9.98","Canada"
"5012","First Commonwealth Financial Corp","FCF","1538","18.8","United States"
"5013","Gujarat Alkalies and Chemicals","GUJALKALI.NS","1538","6.86841","India"
"5014","Avex Inc.","7860.T","1538","7.58887","Japan"
"5015","Hokkaido Gas","9534.T","1536","5.67592","Japan"
"5016","Funai Soken Holdings Incorporated","9757.T","1535","7.33087","Japan"
"5017","VisEra Technologies","6789.TW","1534","12.8343","Taiwan"
"5018","AppLovin","APP","1533","433.51","United States"
"5019","Caesarstone","CSTE","1532","1.67","Israel"
"5020","YOOZOO Interactive","002174.SZ","1532","1.4112","China"
"5021","Fujita Kanko","9722.T","1530","14.41","Japan"
"5022","AXT Inc","AXTI","1527","67.3","United States"
"5023","Digia Oyj","DIGIA.HE","1527","6.77606","Finland"
"5024","Axcelis Technologies","ACLS","1524","113.06","United States"
"5025","Uzin Utz","UZU.DE","1524","81.6038","Germany"
"5026","Mochida Pharmaceutical","4534.T","1522","22.8421","Japan"
"5027","LEM Holding","LEHN.SW","1520","420.507","Switzerland"
"5028","Korea Zinc","010130.KS","1520","1127.24","South Korea"
"5029","Seacoast Banking","SBCF","1518","32.37","United States"
"5030","Gallantt Ispat","GALLANTT.NS","1516","7.2899","India"
"5031","Suprajit Engineering","SUPRAJIT.NS","1514","4.42001","India"
"5032","Sekisui Jushi Corporation","4212.T","1514","13.8752","Japan"
"5033","Strategy 
 (MicroStrategy)","MSTR","1512","137.41","United States"
"5034","Mercury NZ","MCY.AX","1512","3.92738","New Zealand"
"5035","Ormat Technologies","ORA","1512","114.74","United States"
"5036","Western Midstream","WES","1511","40.67","United States"
"5037","Celulosa Argentina","CELU.BA","1511","0.207326","Argentina"
"5038","Forrester Research","FORR","1510","5.72","United States"
"5039","Hexaom","ALHEX.PA","1510","40.3302","France"
"5040","Westport Fuel Systems","WPRT","1509","2.031","Canada"
"5041","SÜSS MicroTec","SMHN.DE","1509","70.6368","Germany"
"5042","NRJ Group","NRG.PA","1509","8.25472","France"
"5043","AlzChem Group","ACT.DE","1506","221.816","Germany"
"5044","Pandox AB","PNDX-B.ST","1505","21.5613","Sweden"
"5045","Al-Babtain Power and Telecommunications","2320.SR","1502","17.7229","Saudi Arabia"
"5046","Smith &amp; Wesson","SWBI","1501","14.85","United States"
"5047","Indorama Synthetics","INDORAMA.NS","1501","0.398402","India"
"5048","Flexsteel Industries","FLXS","1500","46.49","United States"
"5049","Ameresco","AMRC","1500","25.81","United States"
"5050","Health Catalyst","HCAT","1500","1.12","United States"
"5051","Tredegar","TG","1500","8.82","United States"
"5052","Accel Entertainment","ACEL","1500","11.72","United States"
"5053","Arctic Paper","ARP.ST","1500","2.24352","Poland"
"5054","CPI Card Group","PMTS","1500","17.38","United States"
"5055","Loar Holdings","LOAR","1500","67.15","United States"
"5056","Waystar","WAY","1500","22.43","United States"
"5057","Forterra plc","FORT.L","1500","2.25254","United Kingdom"
"5058","OneStream","OS","1500","24","United States"
"5059","Expand Energy","EXE","1500","95.69","United States"
"5060","Venture Global","VG","1500","12.51","United States"
"5061","Zain Saudi Arabia","7030.SR","1498","3.19546","Saudi Arabia"
"5062","Elm Company","7203.SR","1498","156.042","Saudi Arabia"
"5063","Tiptree","TIPT","1496","17.25","United States"
"5064","Aksa Energy","AKSEN.IS","1496","1.87102","Turkey"
"5065","FB Financial","FBK","1490","54.7","United States"
"5066","Bravura Solutions","BVS.AX","1490","1.45049","Australia"
"5067","Novocure","NVCR","1488","11.3","Jersey"
"5068","Certara","CERT","1487","5.82","United States"
"5069","Medley, Inc.","4480.T","1487","13.7179","Japan"
"5070","Chennai Petroleum","CHENNPETRO.NS","1486","10.1485","India"
"5071","i3 Verticals","IIIV","1480","21.43","United States"
"5072","Vanquis Banking Group","VANQ.L","1478","1.58763","United Kingdom"
"5073","Hindustan Copper","HINDCOPPER.NS","1476","5.65978","India"
"5074","FinecoBank","FBK.MI","1474","25.3302","Italy"
"5075","Tohokushinsha Film","2329.T","1474","3.81331","Japan"
"5076","STRATEC","SBS.F","1473","21.3915","Germany"
"5077","Oberoi Realty","OBEROIRLTY.NS","1470","18.0967","India"
"5078","Regal Hotels International","0078.HK","1470","0.0663615","Hong Kong"
"5079","Opendoor","OPEN","1470","4.51","United States"
"5080","Comtech Telecommunications","CMTL","1468","3.73","United States"
"5081","Oatly","OTLY","1468","12.69","Sweden"
"5082","Holley","HLLY","1467","3.16","United States"
"5083","CarParts.com","PRTS","1466","0.7926","United States"
"5084","National Storage Affiliates Trust","NSA","1466","42.44","United States"
"5085","CBAK Energy Technology","CBAT","1463","0.8181","China"
"5086","TeamViewer","TMV.DE","1461","5.1816","Germany"
"5087","Altareit","AREIT.PA","1461","701.651","France"
"5088","Peoples Bancorp","PEBO","1460","33.91","United States"
"5089","G-bits Network Technology","603444.SS","1460","57.7007","China"
"5090","AJ Bell","AJB.L","1460","7.36825","United Kingdom"
"5091","Pony AI","PONY","1460","10.36","China"
"5092","Vasta Platform","VSTA","1458","4.9","Brazil"
"5093","AeroVironment","AVAV","1456","194.52","United States"
"5094","Gofore Oyj","GOFORE.HE","1456","16.2736","Finland"
"5095","Union Tool","6278.T","1454","106.597","Japan"
"5096","SNP Schneider-Neureither &amp; Partner","SHF.DE","1453","95.7547","Germany"
"5097","DocMorris","DOCM.SW","1453","7.36047","Switzerland"
"5098","Newag","NWG.WA","1453","31.0027","Poland"
"5099","NW Natural","NWN","1452","54.58","United States"
"5100","Atlanta Braves Holdings, Inc.","BATRK","1450","45.24","United States"
"5101","Luxfer","LXFR","1450","13.3","United Kingdom"
"5102","Gorman-Rupp","GRC","1450","71.52","United States"
"5103","AdvanSix","ASIX","1450","23.31","United States"
"5104","Aarti Drugs","AARTIDRUGS.NS","1450","3.78965","India"
"5105","Atlanta Braves Holdings","BATRA","1450","49.78","United States"
"5106","Secuoya, Grupo de Comunicación, S.A.","SEC.MC","1448","35.8491","Spain"
"5107","Destination XL","DXLG","1447","0.5693","United States"
"5108","Data#3 Limited","DTL.AX","1447","4.93952","Australia"
"5109","AB Zemaitijos pienas","ZMP1L.VS","1445","3.04245","Lithuania"
"5110","JM Holdings Co.,Ltd.","3539.T","1444","9.24382","Japan"
"5111","Sichuan Chuantou Energy","600674.SS","1443","2.13587","China"
"5112","Asian Granito India","ASIANTILES.NS","1440","0.795408","India"
"5113","PCC Rokita","PCR.WA","1440","18.9523","Poland"
"5114","Shochiku","9601.T","1439","70.9175","Japan"
"5115","Alibaba Health Information Technology","0241.HK","1435","0.593425","Hong Kong"
"5116","Tuya Inc.","TUYA","1435","2.42","China"
"5117","Monotaro","3064.T","1432","11.6067","Japan"
"5118","Live Ventures","LIVE","1429","13.6","United States"
"5119","HKR International","0480.HK","1428","0.149313","Hong Kong"
"5120","Apar Industries","APARINDS.NS","1428","119.36","India"
"5121","XANO Industri","XANO-B.ST","1424","6.71967","Sweden"
"5122","Tsuburaya Fields Holdings","2767.T","1423","9.16201","Japan"
"5123","Foxtons Group","FOXT.L","1422","0.586203","United Kingdom"
"5124","MARAFIQ (The Power and Water Utility Company for Jubail and Yanbu)","2083.SR","1421","8.523","Saudi Arabia"
"5125","Miko Group","MIKO.BR","1421","72.5236","Belgium"
"5126","Inspired Entertainment","INSE","1420","7.01","United States"
"5127","UDR Apartments","UDR","1419","35.12","United States"
"5128","SJVN","SJVN.NS","1418","0.778441","India"
"5129","Saudi Investment Bank","1030.SR","1418","3.64053","Saudi Arabia"
"5130","Shanghai Allist Pharmaceuticals","688578.SS","1417","14.4376","China"
"5131","Methanex","MEOH","1415","56.92","Canada"
"5132","Tradeweb","TW","1412","121.43","United States"
"5133","Marksans Pharma","MARKSANS.NS","1412","1.8915","India"
"5134","Precia S.A.","ALPM.PA","1411","28.4198","France"
"5135","Tillys","TLYS","1410","5.12","United States"
"5136","Westrock Coffee","WEST","1408","4.97","United States"
"5137","Grupa Kapitałowa Immobile","GKI.WA","1408","1.19669","Poland"
"5138","Hogy Medical","3593.T","1408","41.9087","Japan"
"5139","GE Power India","GEPIL.NS","1405","4.07664","India"
"5140","Stelrad Group","SRAD.L","1405","1.81153","United Kingdom"
"5141","Unicharm","8113.T","1404","6.13905","Japan"
"5142","Planet Image International","YIBO","1404","0.95","China"
"5143","PROG Holdings","PRG","1403","30.57","United States"
"5144","Bergman &amp; Beving","BERG-B.ST","1403","31.9103","Sweden"
"5145","Daiichi Jitsugyo","8059.T","1402","21.206","Japan"
"5146","VSE Corporation","VSEC","1400","222.33","United States"
"5147","Village Farms International","VFF","1400","2.67","Canada"
"5148","Landstar System","LSTR","1400","169.56","United States"
"5149","First Financial Bankshares","FFIN","1400","31.4","United States"
"5150","Cerence","CRNC","1400","7.7","United States"
"5151","Brighthouse Financial","BHF","1400","61.27","United States"
"5152","Tetra Technologies","TTI","1400","8.41","United States"
"5153","XD Inc.","2400.HK","1400","8.15481","China"
"5154","Unipar Carbocloro","UNIP6.SA","1400","13.0526","Brazil"
"5155","Vår Energi","VAR.OL","1400","4.75224","Norway"
"5156","Limbach Holdings","LMB","1400","87.73","United States"
"5157","Dye &amp; Durham","DND.TO","1400","2.80301","Canada"
"5158","Southern Cross Electrical Engineering","SXE.AX","1400","2.33077","Australia"
"5159","NWF Group plc","NWF.L","1400","1.75047","United Kingdom"
"5160","Amber Enterprises India","AMBER.NS","1397","77.087","India"
"5161","Credit Agricole Mutuel Toulouse 31","CAT31.PA","1396","137.901","France"
"5162","ChargePoint","CHPT","1395","6.26","United States"
"5163","Paragon Banking Group","PAG.L","1395","10.8556","United Kingdom"
"5164","Walker &amp; Dunlop","WD","1394","48.21","United States"
"5165","Orient Paper Mills","ORIENTPPR.NS","1394","0.193295","India"
"5166","STS Group","SF3.DE","1392","3.4316","Germany"
"5167","Hello Group Inc.","MOMO","1390","6.11","China"
"5168","Enagás","ENG.MC","1390","20.342","Spain"
"5169","Aeon Hokkaido Corporation","7512.T","1390","5.43051","Japan"
"5170","TOCALO Co.,Ltd.","3433.T","1389","18.1353","Japan"
"5171","The Tinplate Company Of India","TINPLATE.NS","1388","4.62297","India"
"5172","Reworld Media","ALREW.PA","1388","2.04953","France"
"5173","Smiths News","SNWS.L","1388","0.933583","United Kingdom"
"5174","Tubos Reunidos","TRG.MC","1387","0.289505","Spain"
"5175","SRA Holdings","3817.T","1386","30.0786","Japan"
"5176","Duro Felguera","MDF.MC","1386","0.20684","Spain"
"5177","Kirloskar Ferrous Industries","KIRLFER.NS","1385","4.94029","India"
"5178","Sea1 Offshore","SEA1.OL","1385","3.22356","Norway"
"5179","PotlatchDeltic","PCH","1383","41.73","United States"
"5180","Maruwa","5344.T","1380","416.633","Japan"
"5181","Balchem","BCPC","1379","175.57","United States"
"5182","Finolex Industries","FINPIPE.NS","1379","1.77305","India"
"5183","Sano Bruno's Enterprises","SANO1.TA","1378","143.312","Israel"
"5184","Rapala VMC Corporation","RAP1V.HE","1374","1.17925","Finland"
"5185","Raito Kogyo","1926.T","1374","24.8557","Japan"
"5186","Sarepta Therapeutics","SRPT","1372","22.15","United States"
"5187","New Jersey Resources","NJR","1372","56.09","United States"
"5188","iRobot","IRBT","1372","0.4664","United States"
"5189","Tele Columbus","TC1.HM","1372","0.943396","Germany"
"5190","Nebius Group","NBIS","1371","161.94","Netherlands"
"5191","Noevir Holdings","4928.T","1369","28.002","Japan"
"5192","Shofu Inc.","7979.T","1369","11.2071","Japan"
"5193","VTEX","VTEX","1368","3.99","United Kingdom"
"5194","NBCC India","NBCC.NS","1367","0.951977","India"
"5195","Andrew Peller","ADW-A.TO","1367","4.08833","Canada"
"5196","Verbio","VBK.F","1367","44.8113","Germany"
"5197","Doshisha Co.","7483.T","1365","21.6151","Japan"
"5198","BASF India","BASF.NS","1363","38.456","India"
"5199","Indian Railway Catering & Tourism","IRCTC.NS","1363","5.77629","India"
"5200","AMCON Distributing Company","DIT","1362","90","United States"
"5201","Container Corporation of India","CONCOR.NS","1359","5.17117","India"
"5202","Spadel","SPA.BR","1359","391.509","Belgium"
"5203","Northwest Pipe Company","NWPX","1358","87.61","United States"
"5204","SSI Securities Corporation","SSI.VN","1356","1.09719","Vietnam"
"5205","Stillfront Group","SF.ST","1355","0.48704","Sweden"
"5206","Ecclesiastical Insurance Office plc","ELLA.L","1353","1.95401","United Kingdom"
"5207","Yatsen Holding","YSG","1350","3.23","China"
"5208","a.k.a. Brands","AKA","1350","9.98","United States"
"5209","Simplex Holdings","4373.T","1350","5.70109","Japan"
"5210","Harmonic Drive Systems","6324.T","1349","26.8694","Japan"
"5211","Riken Keiki","7734.T","1349","22.2758","Japan"
"5212","Aroundtown","AT1.F","1347","3.0566","Luxembourg"
"5213","BHG Group AB","BHG.ST","1347","2.5795","Sweden"
"5214","Hargreaves Services","HSP.L","1346","10.8285","United Kingdom"
"5215","First Bancorp","FBNC","1345","58.75","United States"
"5216","Caisse Régionale de Crédit Agricole Mutuel Loire Haute-Loire","CRLO.PA","1343","117.925","France"
"5217","YETI Holdings","YETI","1340","39.19","United States"
"5218","BigBen Interactive","BIG.PA","1340","0.340212","France"
"5219","u-blox","UBXN.SW","1339","172.811","Switzerland"
"5220","naturenergie holding","NEAG.SW","1337","41.8587","Switzerland"
"5221","Warrior Met Coal","HCC","1336","85.77","United States"
"5222","Knights Group","KGH.L","1335","2.14398","United Kingdom"
"5223","Afcon Holdings","AFHL.TA","1335","130.568","Israel"
"5224","Novabase","NBA.LS","1334","10.6132","Portugal"
"5225","XTB S.A.","XTB.WA","1331","30.7466","Poland"
"5226","Laboratorio Reig Jofre","RJF.MC","1331","3.06604","Spain"
"5227","SKAN Group","SKAN.SW","1329","61.0599","Switzerland"
"5228","Elmos Semiconductor","ELG.DE","1329","198.113","Germany"
"5229","Martifer SGPS","MAR.LS","1326","2.85377","Portugal"
"5230","Construction Partners","ROAD","1325","114.91","United States"
"5231","Nordic Semiconductor","NOD.OL","1324","17.9757","Norway"
"5232","Sprout Social","SPT","1322","5.24","United States"
"5233","Zojirushi","7965.T","1322","10.5967","Japan"
"5234","Bayer Crop Science","BAYERCROP.NS","1321","52.544","India"
"5235","Cybozu","4776.T","1321","13.2459","Japan"
"5236","WideOpenWest","WOW","1320","5.2","United States"
"5237","iFAST Corporation","AIY.SI","1314","7.59101","Singapore"
"5238","Fulgent Genetics","FLGT","1313","16.02","United States"
"5239","Klingelnberg AG","KLIN.SW","1313","13.4409","Switzerland"
"5240","Moelis &amp; Company","MC","1308","66.37","United States"
"5241","Com2uS","078340.KQ","1307","22.7282","South Korea"
"5242","Minera Valparaíso","MINERA.SN","1307","13.9861","Chile"
"5243","Paymentus","PAY","1307","25.73","United States"
"5244","10x Genomics","TXG","1306","24.8","United States"
"5245","United Therapeutics","UTHR","1305","578.54","United States"
"5246","Reliance Power","RPOWER.NS","1305","0.280385","India"
"5247","Colbún","COLBUN.SN","1305","0.15812","Chile"
"5248","Kuantum Papers","KUANTUM.NS","1304","0.888834","India"
"5249","Miramar Hotel and Investment","0071.HK","1301","1.377","Hong Kong"
"5250","AtriCure","ATRC","1300","29.4","United States"
"5251","LiveRamp","RAMP","1300","26.2","United States"
"5252","Archrock","AROC","1300","36.34","United States"
"5253","Link REIT","0823.HK","1300","4.93627","Hong Kong"
"5254","Information Services Group","III","1300","4.07","United States"
"5255","SpareBank 1","SPOL.OL","1300","22.1785","Norway"
"5256","Saudi Kayan Petrochemical Company","2350.SR","1300","1.40451","Saudi Arabia"
"5257","Blue Owl Capital","OWL","1300","9.17","United States"
"5258","Nextpower","NXT","1300","114.92","United States"
"5259","Kodiak Gas Services","KGS","1300","62.16","United States"
"5260","Rokiskio Suris AB","RSU1L.VS","1300","5.37736","Lithuania"
"5261","Technology One","TNE.AX","1300","20.7346","Australia"
"5262","Ingenia Communities Group","INA.AX","1300","2.90099","Australia"
"5263","Westgold Resources Limited","WGX.AX","1300","4.65085","Australia"
"5264","Sanrio Company","8136.T","1300","6.32406","Japan"
"5265","Fujibo Holdings","3104.T","1299","26.4604","Japan"
"5266","Freshpet","FRPT","1296","69.11","United States"
"5267","Bank of N. T. Butterfield & Son","NTB","1295","55.92","Bermuda"
"5268","Ultragenyx Pharmaceutical","RARE","1294","24.57","United States"
"5269","MaxLinear","MXL","1294","21.56","United States"
"5270","Meyer Burger Technology","MBTN.SW","1294","0.00608813","Switzerland"
"5271","Sectra AB","SECT-B.ST","1294","27.0747","Sweden"
"5272","Mister Spex","MRX.F","1293","1.51533","Germany"
"5273","Maruzen","5982.T","1291","24.7614","Japan"
"5274","Tile Shop Holdings","TTSH","1291","3.01","United States"
"5275","Shoals Technologies","SHLS","1290","7.22","United States"
"5276","McMillan Shakespeare","MMS.AX","1290","10.9339","Australia"
"5277","IRSA Inversiones y Representaciones","IRS","1289","16.22","Argentina"
"5278","AIA Engineering","AIAENG.NS","1287","41.0977","India"
"5279","SNGULAR","SNG.MC","1284","2.35849","Spain"
"5280","Hawesko","HAW.DE","1283","23.9387","Germany"
"5281","CarGurus","CARG","1282","35.77","United States"
"5282","Lindsay Corporation","LNN","1280","112.46","United States"
"5283","California Water Service Group","CWT","1278","45.13","United States"
"5284","Shikoku Kasei Holdings Corp","4099.T","1276","30.6764","Japan"
"5285","Orient Cement","ORIENTCEM.NS","1275","1.49256","India"
"5286","PolyPeptide Group","PPGN.SW","1273","48.0031","Switzerland"
"5287","Insmed","INSM","1271","153.4","United States"
"5288","Equasens","EQS.PA","1271","47.2288","France"
"5289","RPG Life Sciences","RPGLIFE.NS","1270","20.1725","India"
"5290","Basler Kantonalbank","BSKP.SW","1270","132.873","Switzerland"
"5291","Ascom Holding","ASCN.SW","1270","7.30927","Switzerland"
"5292","Kellton Tech Solutions","KELLTONTEC.NS","1269","0.156784","India"
"5293","Yatra","YTRA","1268","1.05","India"
"5294","Genesis Energy","GNE.NZ","1268","1.31618","New Zealand"
"5295","Al-Yamamah Steel Industries Company","1304.SR","1268","10.4365","Saudi Arabia"
"5296","Funko","FNKO","1267","3.68","United States"
"5297","Keiyo Gas","9539.T","1267","8.29993","Japan"
"5298","Cathay General Bancorp","CATY","1266","53.86","United States"
"5299","Vicinity Centres","VCX.AX","1266","1.79975","Australia"
"5300","Banca Generali","BGN.MI","1265","64.7995","Italy"
"5301","Daiseki","9793.T","1264","26.1457","Japan"
"5302","Shengfeng Development","SFWL","1263","0.9801","China"
"5303","The Shikoku Bank","8387.T","1263","16.9648","Japan"
"5304","Philip Morris ČR","TABAK.PR","1262","945.143","Czech Republic"
"5305","ENCE Energía y Celulosa","ENC.MC","1262","2.75472","Spain"
"5306","Coursera","COUR","1260","5.94","United States"
"5307","Meier Tobler Group","MTG.SW","1260","46.659","Switzerland"
"5308","Bet Shemesh Engines","BSEN.TA","1260","230.335","Israel"
"5309","National Bank Holdings","NBHC","1259","41.95","United States"
"5310","Elgi Equipments","ELGIEQUIP.NS","1258","5.53736","India"
"5311","Timken India","TIMKEN.NS","1256","37.2715","India"
"5312","Auto Trader Group","AUTO.L","1255","6.51472","United Kingdom"
"5313","NACL Industries","NACLIND.NS","1254","1.74395","India"
"5314","Hebei Changshan Biochemical Pharmaceutical Co., Ltd.","300255.SZ","1254","6.64378","China"
"5315","Ercros","ECR.MC","1253","4.02123","Spain"
"5316","Avio S.p.A.","AVIO.MI","1253","41.3443","Italy"
"5317","Huya","HUYA","1251","3.34","China"
"5318","flatexDEGIRO AG","FTK.DE","1250","44.033","Germany"
"5319","Flywire","FLYW","1250","12.23","United States"
"5320","Japan Exchange Group","8697.T","1249","12.066","Japan"
"5321","SunOpta","STKL","1248","6.49","Canada"
"5322","Accelya","ACCELYA.NS","1248","12.1099","India"
"5323","Sudarshan Chemical","SUDARSCHEM.NS","1248","8.62363","India"
"5324","Puravankara","PURVA.NS","1248","2.31943","India"
"5325","Adani Green Energy","ADANIGREEN.NS","1247","11.6562","India"
"5326","ENGIE Brasil","EGIE3.SA","1247","7.61482","Brazil"
"5327","CVC Capital Partners plc","CVC.AS","1247","13.9976","Jersey"
"5328","Inspire Medical Systems","INSP","1246","56.83","United States"
"5329","Udemy","UDMY","1246","4.75","United States"
"5330","The Eastern Company","EML","1246","21.82","United States"
"5331","Transcat","TRNS","1245","81.82","United States"
"5332","Bytes Technology","BYIT.L","1245","4.10885","United Kingdom"
"5333","Elementis","ELM.L","1244","2.14127","United Kingdom"
"5334","init innovation in traffic systems","IXX.DE","1244","50","Germany"
"5335","Shinkin Central Bank","8421.T","1243","1205.66","Japan"
"5336","PagerDuty","PD","1242","5.82","United States"
"5337","Contact Energy","CEN.NZ","1242","5.57457","New Zealand"
"5338","Chegg","CHGG","1241","0.9672","United States"
"5339","SEACOR Marine","SMHI","1239","7.5","United States"
"5340","Noritsu Koki","7744.T","1239","13.227","Japan"
"5341","111, Inc.","YI","1238","6.81","China"
"5342","Lemonade","LMND","1235","62.47","United States"
"5343","Intapp","INTA","1235","21.32","United States"
"5344","Enviva","EVA","1234","0.4198","United States"
"5345","Schneider Electric Infrastructure","SCHNEIDER.NS","1232","10.9335","India"
"5346","Fountaine Pajot","ALFPC.PA","1232","113.09","France"
"5347","Veeco","VECO","1231","40.72","United States"
"5348","Veridis Environment","VRDS.TA","1231","14.0989","Israel"
"5349","Lindblad Expeditions","LIND","1230","20","United States"
"5350","Ninety One Group","N91.L","1230","3.00429","South Africa"
"5351","Bassett Furniture","BSET","1228","14.7","United States"
"5352","Hope Bancorp","HOPE","1227","12.2","United States"
"5353","Hangzhou Shunwang Technology","300113.SZ","1226","4.25267","China"
"5354","360 One Wam","360ONE.NS","1226","10.8406","India"
"5355","Sanofi India Limited","SANOFI.NS","1225","37.2382","India"
"5356","Viaplay Group","VPLAY-B.ST","1224","0.130799","Sweden"
"5357","Castings P.L.C.","CGS.L","1224","3.39238","United Kingdom"
"5358","Imeik Technology Development","300896.SZ","1223","17.0591","China"
"5359","Viemed Healthcare","VMD","1222","9.71","United States"
"5360","Ecopro BM","247540.KQ","1222","137.932","South Korea"
"5361","Al-Saif Stores for Development &amp; Investment","4192.SR","1222","1.82293","Saudi Arabia"
"5362","SL Green Realty","SLG","1221","40.66","United States"
"5363","Troax Group AB","TROAX.ST","1221","11.8928","Sweden"
"5364","ABO Energy","AB9.DE","1221","6.78066","Germany"
"5365","Anora Group","ANORA.HE","1220","4.73467","Finland"
"5366","McGrath RentCorp","MGRC","1219","114.24","United States"
"5367","Enterprise Financial Services Corp","EFSC","1218","58.3","United States"
"5368","Gabriel Holding A/S","GABR.CO","1218","36.2893","Denmark"
"5369","Xunlei","XNET","1216","6.19","China"
"5370","Japan Lifeline","7575.T","1216","9.14314","Japan"
"5371","Roularta Media Group","ROU.BR","1214","14.7406","Belgium"
"5372","Dhampur Sugar Mills","DHAMPURSUG.NS","1213","1.50598","India"
"5373","Delta Israel Brands","DLTI.TA","1213","37.0543","Israel"
"5374","Sanlorenzo","SL.MI","1211","38.9387","Italy"
"5375","Shibaura Mechatronics","6590.T","1211","33.0361","Japan"
"5376","DigitalOcean","DOCN","1210","73.45","United States"
"5377","Linedata Services","LIN.PA","1207","52.2406","France"
"5378","S&amp;T Bancorp","STBA","1206","43.87","United States"
"5379","1st Source","SRCE","1205","74.25","United States"
"5380","Global Cord Blood","CORBF","1202","1.05","Hong Kong"
"5381","High Liner Foods","HLF.TO","1202","10.2317","Canada"
"5382","Empyrean Technology","301269.SZ","1202","12.6362","China"
"5383","Plastika Kritis","PLAKR.AT","1201","16.6274","Greece"
"5384","Purple Innovation","PRPL","1200","0.6189","United States"
"5385","Johnson Outdoors","JOUT","1200","52.39","United States"
"5386","Chesapeake Utilities","CPK","1200","129.33","United States"
"5387","Madison Square Garden Entertainment","MSGE","1200","62.08","United States"
"5388","Carriage Services","CSV","1200","47.61","United States"
"5389","Harbour Centre Development","0051.HK","1200","0.564073","Hong Kong"
"5390","Halwani Bros","6001.SR","1200","8.37375","Saudi Arabia"
"5391","Filling and Packing Materials Manufacturing Company","2180.SR","1200","8.26182","Saudi Arabia"
"5392","Golden Matrix Group","GMGI","1200","0.6372","United States"
"5393","Bumble","BMBL","1200","3.77","United States"
"5394","Quipt Home Medical","QIPT","1200","3.65","United States"
"5395","Shimmick","SHIM","1200","4.73","United States"
"5396","Karnov Group","KAR.ST","1200","7.79786","Sweden"
"5397","Austin Engineering","ANG.AX","1200","0.138991","Australia"
"5398","Vimian Group","VIMIAN.ST","1200","3.35983","Sweden"
"5399","Trifast","TRI.L","1200","0.949866","United Kingdom"
"5400","Vaibhav Global","VAIBHAVGBL.NS","1199","2.27551","India"
"5401","Kaveri Seed","KSCL.NS","1198","9.93428","India"
"5402","Axactor ASA","ACR.OL","1198","0.732579","Norway"
"5403","DoubleVerify","DV","1197","10.12","United States"
"5404","Radico Khaitan","RADICO.NS","1196","30.1508","India"
"5405","The Pack Corporation","3950.T","1196","8.54534","Japan"
"5406","Trican Well Service","TCW.TO","1195","4.87986","Canada"
"5407","Oeneo","SBT.PA","1195","11.0849","France"
"5408","CPH Group AG","CPHN.SW","1195","75.5248","Switzerland"
"5409","Toho Titanium","5727.T","1195","21.5836","Japan"
"5410","TriCo Bancshares","TCBK","1194","50.48","United States"
"5411","First Mid-Illinois Bancshares","FMBH","1194","43.58","United States"
"5412","Mensch und Maschine","MUM.F","1194","43.1604","Germany"
"5413","UP Fintech (Tiger Brokers)","TIGR","1193","7.03","China"
"5414","Maytronics","MTRN.TA","1193","0.948888","Israel"
"5415","Upstart","UPST","1193","29.53","United States"
"5416","Praj Industries","PRAJIND.NS","1192","3.68495","India"
"5417","Jushi Holdings","JUSHF","1188","0.507","United States"
"5418","Ooma","OOMA","1186","14.27","United States"
"5419","Action Construction Equipment","ACE.NS","1184","9.53588","India"
"5420","MTI Ltd.","9438.T","1184","3.87624","Japan"
"5421","COLTENE Holding AG","CLTN.SW","1183","67.3323","Switzerland"
"5422","Lifetime Brands","LCUT","1180","7.43","United States"
"5423","JCI Hitachi India","JCHAC.NS","1180","15.7544","India"
"5424","The Saudi Arabian Amiantit Company","2160.SR","1179","4.10426","Saudi Arabia"
"5425","ITOCHU-SHOKUHIN","2692.T","1179","81.3003","Japan"
"5426","Chofu Seisakusho","5946.T","1179","12.5852","Japan"
"5427","PCBL Limited","PCBL.NS","1178","2.88729","India"
"5428","IPH Limited","IPH.AX","1178","2.42343","Australia"
"5429","Nova Ltd.","NVMI","1177","515.03","Israel"
"5430","Clasquin SA","ALCLA.PA","1175","0.869104","France"
"5431","Borregaard","BRG.OL","1174","18.6956","Norway"
"5432","Nordisk Bergteknik AB","NORB-B.ST","1174","1.25245","Sweden"
"5433","Investis Holding","IREN.SW","1170","207.373","Switzerland"
"5434","SunCoke Energy","SXC","1168","6.17","United States"
"5435","Cellebrite","CLBT","1167","11.86","Israel"
"5436","TransAlta","TAC","1165","13.49","Canada"
"5437","Grupo Aeroportuario Centro Norte","OMAB","1163","112.42","Mexico"
"5438","Italmobiliare","ITM.MI","1162","34.1392","Italy"
"5439","Altisource Portfolio","ASPS","1160","6.99","Luxembourg"
"5440","StepStone Group","STEP","1160","52.63","United States"
"5441","Beazer Homes USA","BZH","1158","21.89","United States"
"5442","STAAR Surgical","STAA","1157","24.43","United States"
"5443","Hutchison Telecommunications Hong Kong Holdings","0215.HK","1157","0.15059","Hong Kong"
"5444","J.S.B.Co.","3480.T","1156","32.9103","Japan"
"5445","H&amp;K AG (Heckler &amp; Koch)","MLHK.PA","1156","40.684","Germany"
"5446","Pathward Financial","CASH","1155","96.89","United States"
"5447","Sogeclair","ALSOG.PA","1155","48.9387","France"
"5448","Rupa Company","RUPA.NS","1152","1.46142","India"
"5449","Makkah Construction &amp; Development","4100.SR","1152","22.6001","Saudi Arabia"
"5450","Weathernews Inc.","4825.T","1152","13.0634","Japan"
"5451","India Glycols","INDIAGLYCO.NS","1151","9.92945","India"
"5452","Recticel","RECT.BR","1151","12.217","Belgium"
"5453","Yext","YEXT","1150","3.5","United States"
"5454","OrganiGram Holdings","OGI","1150","1.43","Canada"
"5455","Green Dot","GDOT","1150","11.81","United States"
"5456","Vitrolife AB","VITR.ST","1150","11.3156","Sweden"
"5457","Cosmo First","COSMOFIRST.NS","1148","7.1213","India"
"5458","Salem Media Group","SALM","1147","0.45","United States"
"5459","Exelixis","EXEL","1147","45.86","United States"
"5460","RLI Corp.","RLI","1147","57.83","United States"
"5461","Transportadora de Gas del Sur","TGS","1147","31.59","Argentina"
"5462","Mitani Sekisan","5273.T","1147","11.2323","Japan"
"5463","Artea Bankas","ROE1L.VS","1147","1.07429","Lithuania"
"5464","Hindustan Media Ventures","HMVL.NS","1146","0.726466","India"
"5465","Macfarlane Group","MACF.L","1144","0.963436","United Kingdom"
"5466","XPEL","XPEL","1143","46.55","United States"
"5467","PJT Partners","PJT","1143","162.5","United States"
"5468","Atlas Energy Solutions","AESI","1143","11.99","United States"
"5469","Llorente &amp; Cuenca","LLYC.MC","1143","6.42689","Spain"
"5470","Hesai Group","HSAI","1142","23.49","China"
"5471","SergeFerrari Group","SEFER.PA","1142","8.20755","France"
"5472","Manchester United","MANU","1140","17.92","United Kingdom"
"5473","ASX","ASX.AX","1140","41.8042","Australia"
"5474","Singapore Exchange","S68.SI","1140","16.6216","Singapore"
"5475","Privia Health Group","PRVA","1140","23.12","United States"
"5476","Radware","RDWR","1137","24","Israel"
"5477","ARGO GRAPHICS","7595.T","1135","9.20606","Japan"
"5478","Comgás","CGAS5.SA","1134","26.5265","Brazil"
"5479","3M India","3MINDIA.NS","1132","335.635","India"
"5480","Aixtron","AIXA.F","1132","42.2524","Germany"
"5481","Victrex","VCT.L","1131","8.50809","United Kingdom"
"5482","Trupanion","TRUP","1130","26.26","United States"
"5483","GB Group (GBG)","GBG.L","1127","2.73019","United Kingdom"
"5484","ME Group International","MEGP.L","1127","2.02729","United Kingdom"
"5485","National Presto Industries","NPK","1126","144.44","United States"
"5486","Iwaki Co.","6237.T","1124","17.2795","Japan"
"5487","J.Jill","JILL","1123","12.17","United States"
"5488","Südwestdeutsche Salzwerke","SSH.F","1120","74.8821","Germany"
"5489","Gilat Satellite Networks","GILT","1118","18.73","Israel"
"5490","Comscore","SCOR","1116","7.16","United States"
"5491","Romande Energie","REHN.SW","1116","62.596","Switzerland"
"5492","Mangalam Cement","MANGLMCEM.NS","1114","9.50366","India"
"5493","SmartSens Technology","688213.SS","1113","13.6587","China"
"5494","Lattice Semiconductor","LSCC","1110","110.81","United States"
"5495","Azerion Group","AZRN.AS","1110","0.837264","Netherlands"
"5496","Norse Atlantic ASA","NORSE.OL","1110","0.408635","Norway"
"5497","G Mining Ventures","GMIN.TO","1109","41.3771","Canada"
"5498","Poulaillon","ALPOU.PA","1109","10.3184","France"
"5499","q.beyond","QBY.DE","1109","0.943396","Germany"
"5500","Shanghai BOCHU Electronic Technology","688188.SS","1109","21.2369","China"
"5501","Pekabex","PBX.WA","1108","2.81083","Poland"
"5502","Frontera Energy","FEC.TO","1107","10.0066","Canada"
"5503","Boozt","BOOZT.ST","1106","11.1414","Sweden"
"5504","ARIAKE JAPAN","2815.T","1106","35.4902","Japan"
"5505","Hindustan Construction Company","HCC.NS","1105","0.185456","India"
"5506","Asseco Business Solutions","ABS.WA","1104","22.264","Poland"
"5507","International Money Express","IMXI","1101","15.9","United States"
"5508","Funding Circle","FCH.L","1101","2.00015","United Kingdom"
"5509","Fastly","FSLY","1100","20.95","United States"
"5510","Perseus Mining","PRU.AX","1100","4.0343","Australia"
"5511","Bandwidth","BAND","1100","17.95","United States"
"5512","Nayax","NYAX","1100","61.33","Israel"
"5513","Grupa Pracuj","GPP.WA","1100","12.0087","Poland"
"5514","AS Ekspress Grupp","EEG1T.TL","1100","1.46226","Estonia"
"5515","Lycopodium","LYL.AX","1100","9.19478","Australia"
"5516","Beacon Lighting Group","BLX.AX","1100","1.22027","Australia"
"5517","Toei Company","9605.T","1098","36.1195","Japan"
"5518","Prodware","ALPRO.PA","1096","32.0917","France"
"5519","Swissquote","SQN.SW","1095","542.243","Switzerland"
"5520","Kokuyo Camlin","KOKUYOCMLN.NS","1095","0.899358","India"
"5521","dLocal","DLO","1095","13.51","Uruguay"
"5522","BASSAC","BASS.PA","1092","56.6038","France"
"5523","CryoPort","CYRX","1090","9.95","United States"
"5524","AS LHV Group","LHV1T.TL","1090","4.12146","Estonia"
"5525","Stock Yards Bancorp","SYBT","1089","71.42","United States"
"5526","Shentel","SHEN","1089","15.17","United States"
"5527","CVB Financial","CVBF","1089","20.49","United States"
"5528","Xometry","XMTR","1088","43.7","United States"
"5529","Murano Global Investments","MRNO","1088","0.551","United Kingdom"
"5530","Digital Garage","4819.T","1087","14.41","Japan"
"5531","Sun Hung Kai &amp; Co.","0086.HK","1087","0.552587","Hong Kong"
"5532","Archosaur Games","9990.HK","1087","0.188875","China"
"5533","Similarweb","SMWB","1085","2.44","Israel"
"5534","Franklin Covey","FC","1084","23.01","United States"
"5535","Global-e","GLBE","1084","31.44","Israel"
"5536","HealthStream","HSTM","1083","20.34","United States"
"5537","Fastighets AB Balder","BALD-B.ST","1083","6.50621","Sweden"
"5538","Alliance Aviation Services","AQZ.AX","1082","0.452611","Australia"
"5539","NIPPON PARKING DEVELOPMENT","2353.T","1082","1.75563","Japan"
"5540","Happinet","7552.T","1081","17.3046","Japan"
"5541","Byggmax Group","BMAX.ST","1081","6.088","Sweden"
"5542","Dexus","DXS.AX","1079","4.28733","Australia"
"5543","Breville Group","BRG.AX","1079","19.8222","Australia"
"5544","Caisse Régionale de Crédit Agricole du Morbihan","CMO.PA","1079","133.255","France"
"5545","Canadian Apartment Properties REIT","CAR-UN.TO","1076","26.8831","Canada"
"5546","FriendTimes","6820.HK","1076","0.0612568","China"
"5547","Agilon Health","AGL","1076","22.68","United States"
"5548","Iluka Resources","ILU.AX","1075","5.25671","Australia"
"5549","HEG","HEG.NS","1075","6.07751","India"
"5550","Vicor","VICR","1074","190.1","United States"
"5551","ChinaLin Securities","002945.SZ","1074","2.31777","China"
"5552","Celsius Holdings","CELH","1073","34.51","United States"
"5553","Aurora Cannabis","ACB","1073","3.53","Canada"
"5554","GrafTech","EAF","1072","7.58","United States"
"5555","Eckert &amp; Ziegler","EUZ.F","1072","17.5","Germany"
"5556","Hamat Group","HAMAT.TA","1072","4.6233","Israel"
"5557","Électricite de Strasbourg","ELEC.PA","1072","272.995","France"
"5558","NAPCO Security Technologies","NSSC","1070","44.17","United States"
"5559","Nacon","NACON.PA","1070","0.14434","France"
"5560","Ionis Pharmaceuticals","IONS","1069","76.76","United States"
"5561","Universal Insurance Holdings","UVE","1068","34.14","United States"
"5562","Eutelsat","ETL.PA","1067","2.8066","France"
"5563","Gujarat Mineral Development","GMDCLTD.NS","1064","6.59994","India"
"5564","Heidelbergcement India","HEIDELBERG.NS","1063","1.62561","India"
"5565","Groupe LDLC","ALLDL.PA","1063","13.3255","France"
"5566","secunet","YSN.F","1059","219.34","Germany"
"5567","Astra Microwave","ASTRAMICRO.NS","1058","10.9453","India"
"5568","Osaka Steel","5449.T","1058","15.4357","Japan"
"5569","L.B. Foster","FSTR","1057","30","United States"
"5570","Ceragon Networks","CRNT","1056","2.46","Israel"
"5571","Klépierre","LI.PA","1056","41.5094","France"
"5572","Rakuten Bank","5838.T","1056","42.4247","Japan"
"5573","OEM International","OEM-B.ST","1056","14.9925","Sweden"
"5574","Scout24 (ImmoScout24)","G24.F","1055","77.2406","Germany"
"5575","Stellar Bancorp","STEL","1054","37.44","United States"
"5576","Prevas AB","PREV-B.ST","1053","9.47506","Sweden"
"5577","Monex Group","8698.T","1052","4.41111","Japan"
"5578","Celtic","CCP.L","1051","2.63249","United Kingdom"
"5579","Relais Group Oyj","RELAIS.HE","1051","16.9811","Finland"
"5580","Rosetti Marino","YRM.MI","1051","299.528","Italy"
"5581","Sanford Limited","SAN.NZ","1050","4.35578","New Zealand"
"5582","PubMatic","PUBM","1049","8.79","United States"
"5583","Carlo Gavazzi Holding","GAV.SW","1049","193.292","Switzerland"
"5584","Ryman Hospitality Properties","RHP","1047","102.02","United States"
"5585","Excel Industries","EXCELINDUS.NS","1047","10.0368","India"
"5586","Uxin Limited","UXIN","1045","3","China"
"5587","Piquadro","PQ.MI","1039","3.06604","Italy"
"5588","Roche Bobois","RBO.PA","1038","31.4858","France"
"5589","Tactile Medical","TCMD","1037","25.06","United States"
"5590","Genco Shipping &amp; Trading","GNK","1037","23.82","United States"
"5591","Mpac Group","MPAC.L","1037","3.59592","United Kingdom"
"5592","ProAssurance","PRA","1036","24.63","United States"
"5593","Acacia Research","ACTG","1036","4.95","United States"
"5594","Chambal Fertilisers","CHAMBLFERT.NS","1035","4.91023","India"
"5595","Establishment Labs","ESTA","1034","66.48","Costa Rica"
"5596","Hooker Furnishings","HOFT","1034","14.53","United States"
"5597","Gujarat Gas","GUJGASLTD.NS","1034","3.37514","India"
"5598","Lumi Rental Company","4262.SR","1034","9.58371","Saudi Arabia"
"5599","Byline Bancorp","BY","1032","33.34","United States"
"5600","Origin Bancorp","OBK","1031","44.92","United States"
"5601","Hawkins","HWKN","1031","148.14","United States"
"5602","Somec S.p.A.","SOM.MI","1031","16.5094","Italy"
"5603","Indivior PLC","INDV","1030","32.97","United States"
"5604","Grigeo AB","GRG1L.VS","1030","1.28538","Lithuania"
"5605","Edel SE &amp; Co. KGaA","EDL.DE","1029","6.25","Germany"
"5606","Hydratec Industries","HYDRA.AS","1027","250","Netherlands"
"5607","B.F. S.p.A.","BFG.MI","1025","5.18868","Italy"
"5608","KLCC Property Holdings","5235SS.KL","1023","2.31296","Malaysia"
"5609","Root Insurance","ROOT","1021","46.31","United States"
"5610","Array Technologies","ARRY","1021","7.49","United States"
"5611","German American Bancorp","GABC","1020","43.96","United States"
"5612","MARR S.p.A.","MARR.MI","1020","9.87028","Italy"
"5613","SHO-BOND Holdings","1414.T","1019","8.72468","Japan"
"5614","Ascendis Pharma","ASND","1017","249.84","Denmark"
"5615","Lasertec","6920.T","1017","273.099","Japan"
"5616","Westag AG","WUG3.F","1016","38.9151","Germany"
"5617","HF Foods Group","HFFG","1015","2.11","United States"
"5618","Modern Times Group (MTG)","MTG-B.ST","1015","10.2646","Sweden"
"5619","IVU Traffic Technologies","IVU.DE","1013","21.4623","Germany"
"5620","SiriusPoint","SPNT","1012","22.54","Bermuda"
"5621","Alvotech","ALVO","1012","3.53","Iceland"
"5622","SRP Groupe (Showroomprive.com)","SRP.PA","1011","0.785377","France"
"5623","Meitav Investment House","MTAV.TA","1010","41.9847","Israel"
"5624","Movado Group","MOV","1009","27.22","United States"
"5625","Live Oak Bank","LOB","1008","36.62","United States"
"5626","Cass Information Systems","CASS","1008","46.26","United States"
"5627","Emperor Watch &amp; Jewellery","0887.HK","1008","0.0414759","Hong Kong"
"5628","VP Bank","VPBN.SW","1007","111.623","Liechtenstein"
"5629","Bang &amp; Olufsen A/S","BO.CO","1006","1.44999","Denmark"
"5630","Kewaunee Scientific Corporation","KEQU","1006","34.41","United States"
"5631","Priority Technology Holdings","PRTH","1005","4.93","United States"
"5632","Hexagon Composites","HEX.OL","1005","1.07981","Norway"
"5633","Wawel","WWL.WA","1005","222.084","Poland"
"5634","Safari Industries India","SAFARI.NS","1004","16.4258","India"
"5635","Farmer Brothers","FARM","1003","1.26","United States"
"5636","LendingClub","LC","1002","15.85","United States"
"5637","Orient Electric","ORIENTELEC.NS","1001","1.7927","India"
"5638","BKS Bank","BKS.VI","1001","24.7642","Austria"
"5639","ADLPartner (Dékuple)","DKUPL.PA","1001","30.3066","France"
"5640","The RMR Group","RMR","1000","16.6","United States"
"5641","LGI Homes","LGIH","1000","40.54","United States"
"5642","Build-A-Bear Workshop","BBW","1000","38.04","United States"
"5643","Radian Group","RDN","1000","34.67","United States"
"5644","Culp","CULP","1000","3.01","United States"
"5645","YAKUODO HOLDINGS","7679.T","1000","11.4273","Japan"
"5646","ZipRecruiter","ZIP","1000","2.44","United States"
"5647","GeneDx Holdings","WGS","1000","66.86","United States"
"5648","GRAIL","GRAL","1000","50.49","United States"
"5649","Basellandschaftliche Kantonalbank","BLKB.SW","1000","1459.29","Switzerland"
"5650","D2L Inc.","DTOL.TO","1000","6.39755","Canada"
"5651","Stingray Group","RAY-A.TO","1000","12.3158","Canada"
"5652","Atturra","ATA.AX","1000","0.327876","Australia"
"5653","COG Financial Services","COG.AX","1000","0.923042","Australia"
"5654","Central Asia Metals","CAML.L","1000","2.10327","United Kingdom"
"5655","GPGI, Inc.","GPGI","1000","16.78","United States"
"5656","Upland Software","UPLD","998","0.62","United States"
"5657","Wolford","WOL.VI","998","3.60849","Austria"
"5658","SAKURA Internet","3778.T","997","21.0802","Japan"
"5659","Glaukos","GKOS","995","120.52","United States"
"5660","LLB (Liechtensteinische Landesbank)","LLBN.SW","995","131.08","Liechtenstein"
"5661","Bloomsbury Publishing","BMY.L","994","7.88389","United Kingdom"
"5662","WithSecure Oyj","WITH.HE","993","2.02594","Finland"
"5663","Appen","APX.AX","992","1.03352","Australia"
"5664","Dine Brands Global","DIN","992","26.58","United States"
"5665","Docebo","DCBO","991","15.64","Canada"
"5666","Entravision Communications","EVC","990","3.4","United States"
"5667","Trainline","TRN.L","990","3.18884","United Kingdom"
"5668","SML MAHINDRA LIMITED","SMLMAH.NS","990","44.1206","India"
"5669","Covivio","COV.PA","989","67.7476","France"
"5670","Lumibird","LBIRD.PA","989","27.0637","France"
"5671","Automotive Axles","AUTOAXLES.NS","988","18.1536","India"
"5672","Trustpilot Group","TRST.L","988","3.20512","Denmark"
"5673","Accuray","ARAY","987","0.4004","United States"
"5674","DNO ASA","DNO.OL","987","2.00718","Norway"
"5675","Brødrene A &amp; O Johansen","AOJ-B.CO","987","13.8688","Denmark"
"5676","Adval Tech","ADVN.SW","987","43.0108","Switzerland"
"5677","Quick Heal","QUICKHEAL.NS","986","1.7534","India"
"5678","Lubawa","LBW.WA","986","2.41147","Poland"
"5679","Yanbu National Petrochemical","2290.SR","985","9.29055","Saudi Arabia"
"5680","Zip Co","ZIP.AX","985","1.3115","Australia"
"5681","Ramaco Resources","METC","984","13.23","United States"
"5682","Tuniu Corporation","TOUR","983","0.7287","China"
"5683","Metall Zug AG","METN.SW","983","954.941","Switzerland"
"5684","Republic Bank","RBCAA","981","74.41","United States"
"5685","Diana Shipping","DSX","981","2.51","Greece"
"5686","AG Barr","BAG.L","981","8.78626","United Kingdom"
"5687","Cambricon Technologies","688256.SS","980","191.539","China"
"5688","Sun TV Network","SUNTV.NS","979","6.63216","India"
"5689","Zhejiang Jinke Tom Culture Industry","300459.SZ","979","0.605847","China"
"5690","Nichireki Group","5011.T","977","13.441","Japan"
"5691","OceanFirst Financial","OCFC","975","18.9","United States"
"5692","Zydus Wellness","ZYDUSWELL.NS","975","5.56045","India"
"5693","Auga Group AB","AUG1L.VS","975","0.0775943","Lithuania"
"5694","QCR Holdings","QCRH","972","90.64","United States"
"5695","Capacit'e Infraprojects","CAPACITE.NS","970","2.53592","India"
"5696","Virtu Financial","VIRT","969","51.28","United States"
"5697","Icade","ICAD.PA","969","24.2925","France"
"5698","PayPoint","PAY.L","968","8.11457","United Kingdom"
"5699","Banque Cantonale de Genève","BCGE.SW","968","47.107","Switzerland"
"5700","PEXA Group","PXA.AX","968","8.77424","Australia"
"5701","Exponent","EXPO","966","67.55","United States"
"5702","Berner Kantonalbank","BEKN.SW","966","544.675","Switzerland"
"5703","Hibiya Engineering","1982.T","966","19.1924","Japan"
"5704","LegalZoom","LZ","964","6.01","United States"
"5705","AS Harju Elekter","HAE1T.TL","964","7.00472","Estonia"
"5706","Ourpalm","300315.SZ","963","0.72467","China"
"5707","Anexo Group Plc","ANX.L","963","80.3296","United Kingdom"
"5708","Urban One","UONE","962","5.67","United States"
"5709","KATITAS CO., Ltd.","8919.T","961","19.3183","Japan"
"5710","Canopy Growth","CGC","960","1.09","Canada"
"5711","Allcargo Logistics","ALLCARGO.NS","959","0.091815","India"
"5712","Paisalo Digital","PAISALO.NS","958","0.42353","India"
"5713","Sensirion Holding","SENS.SW","958","88.8377","Switzerland"
"5714","Aumann AG","AAG.DE","958","15.0943","Germany"
"5715","Alfen","ALFEN.AS","956","11.4033","Netherlands"
"5716","Zenvia","ZENV","956","0.4689","Brazil"
"5717","Novolog","NVLG.TA","955","0.365748","Israel"
"5718","Rogers Sugar (Lantic)","RSI.TO","954","4.70557","Canada"
"5719","Kaiser (China) Culture","002425.SZ","953","0.478223","China"
"5720","Hoftex Group AG","NBH.MU","953","4.83491","Germany"
"5721","Novavax","NVAX","952","8.39","United States"
"5722","Emperor International","0163.HK","952","0.0241198","Hong Kong"
"5723","Nicolet Bankshares","NIC","952","158.42","United States"
"5724","ARE Holdings","5857.T","952","23.5658","Japan"
"5725","Cembra Money Bank","CMBN.SW","950","131.08","Switzerland"
"5726","Schaffer Corporation","SFC.AX","950","13.5427","Australia"
"5727","Oil-Dri Corporation Of America","ODC","949","71.51","United States"
"5728","Yiren Digital","YRD","949","1.91","China"
"5729","CRA International","CRAI","947","162.63","United States"
"5730","AudioCodes","AUDC","946","8.73","Israel"
"5731","RenaissanceRe","RNR","945","308.2","Bermuda"
"5732","TerrAscend","TSND.TO","944","0.64629","Canada"
"5733","City Holding Company","CHCO","942","127.35","United States"
"5734","Tompkins Financial","TMP","942","84.32","United States"
"5735","Ambarella","AMBA","941","56.2","United States"
"5736","Safe Bulkers","SB","941","6.48","Monaco"
"5737","Avingtrans","AVG.L","941","7.80247","United Kingdom"
"5738","Capital City Bank Group","CCBG","940","46.59","United States"
"5739","AB Vilkyskiu pienine","VLP1L.VS","940","13.6203","Lithuania"
"5740","PTC Therapeutics","PTCT","939","73.01","United States"
"5741","Community Trust Bancorp","CTBI","939","64.42","United States"
"5742","Steel Connect","STCN","939","12.18","United States"
"5743","Patrizia Immobilien","P1Z.VI","938","8.53774","Germany"
"5744","Alkami Technology","ALKT","938","16.24","United States"
"5745","I'LL inc.","3854.T","938","15.184","Japan"
"5746","First Financial","THFF","937","66.74","United States"
"5747","I.B.I. Investment House","IBI.TA","937","123.365","Israel"
"5748","Mortgage Advice Bureau (Holdings)","MAB1.L","936","7.62607","United Kingdom"
"5749","Cheetah Mobile","CMCM","934","5.69","China"
"5750","Parken Sport (F.C. Copenhagen)","PARKEN.CO","934","28.7159","Denmark"
"5751","JCR Pharmaceuticals","4552.T","934","3.54273","Japan"
"5752","SAL Saudi Logistics Services","4263.SR","933","45.1469","Saudi Arabia"
"5753","Bioventus","BVS","930","9.91","United States"
"5754","Fuso Chemical","4368.T","930","19.507","Japan"
"5755","VeriSign","VRSN","929","268.34","United States"
"5756","Insteel Industries","IIIN","929","37.59","United States"
"5757","Digital Domain","0547.HK","929","0.0338188","Hong Kong"
"5758","Méliuz","CASH3.SA","929","0.822682","Brazil"
"5759","LendingTree","TREE","927","45.29","United States"
"5760","AutoStore Holdings","AUTO.OL","927","1.11051","Norway"
"5761","Ålandsbanken","ALBAV.HE","927","57.9625","Finland"
"5762","Schweizerische Nationalbank","SNBN.SW","927","4480.29","Switzerland"
"5763","Fluxys Belgium","FLUX.BR","926","25.1179","Belgium"
"5764","Cembre S.p.A.","CMB.MI","926","87.2642","Italy"
"5765","DHT Holdings","DHT","924","17.18","Bermuda"
"5766","Twist Bioscience","TWST","923","57.41","United States"
"5767","Green Plains","GPRE","923","15.39","United States"
"5768","Borussia Dortmund","BVB.F","923","3.86203","Germany"
"5769","Azkoyen S.A.","AZK.MC","923","11.7689","Spain"
"5770","DIRTT Environmental Solutions","DRTT","922","0.3343","Canada"
"5771","LoveSac","LOVE","920","16.46","United States"
"5772","MasterCraft Boat","MCFT","920","22.45","United States"
"5773","Lazydays Holdings","GORV","920","0.4211","United States"
"5774","Leifheit","LEI.DE","920","19.6934","Germany"
"5775","Ecovyst","ECVT","920","14.07","United States"
"5776","indie Semiconductor","INDI","920","2.95","United States"
"5777","TFS Financial","TFSL","919","14.73","United States"
"5778","Excelerate Energy","EE","919","33.25","United States"
"5779","Basler Aktiengesellschaft","BSL.DE","918","20.3302","Germany"
"5780","Independence Realty Trust","IRT","917","15.7","United States"
"5781","Avon Protection","AVON.L","917","24.4251","United Kingdom"
"5782","Ambra","AMB.WA","917","5.16525","Poland"
"5783","Orapi SA","ORAP.PA","916","6.69206","France"
"5784","Coterra Energy","CTRA","915","31.67","United States"
"5785","Inox Wind","INOXWIND.NS","913","0.940164","India"
"5786","Rent the Runway","RENT","912","5.22","United States"
"5787","Unimot","UNT.WA","912","41.5781","Poland"
"5788","Gooch &amp; Housego","GHH.L","911","11.4255","United Kingdom"
"5789","Pulsar Group","PULS.L","911","0.597059","United Kingdom"
"5790","Twin Disc","TWIN","910","18.02","United States"
"5791","Radiant Logistics","RLGT","909","8.07","United States"
"5792","Aviat Networks","AVNW","909","22.39","United States"
"5793","Josef Manner &amp; Comp","MAN.VI","908","121.462","Austria"
"5794","Wynnstay Group","WYN.L","908","4.81718","United Kingdom"
"5795","Midland States Bancorp","MSBI","907","23.71","United States"
"5796","ORBIS AG","OBS.DE","907","5.68396","Germany"
"5797","Magnite","MGNI","905","12.46","United States"
"5798","Wallbox","WBX","905","2.95","Spain"
"5799","Tessellis","TSL.MI","904","0.0957547","Italy"
"5800","VusionGroup","VU.PA","904","138.443","France"
"5801","Kulmbacher Brauerei","KUL.MU","903","44.5755","Germany"
"5802","Daiichi Kensetsu","1799.T","903","23.7545","Japan"
"5803","Kamux","KAMUX.HE","902","2.06587","Finland"
"5804","Harmonic Inc.","HLIT","901","9.78","United States"
"5805","Goodman Group","GMG.AX","900","20.2998","Australia"
"5806","Emergent BioSolutions","EBS","900","8.66","United States"
"5807","Rightmove","RMV.L","900","5.87424","United Kingdom"
"5808","Estoril Sol","ESON.LS","900","3.63208","Portugal"
"5809","Prim, S.A.","PRM.MC","900","15.3302","Spain"
"5810","FW Thorpe Plc","TFW.L","900","3.63663","United Kingdom"
"5811","QuinStreet","QNST","899","12.17","United States"
"5812","Dicker Data","DDR.AX","899","6.32943","Australia"
"5813","Bourrelier Group","ALBOU.PA","899","54.2453","France"
"5814","Repco Home Finance","REPCOHOME.NS","898","4.06402","India"
"5815","ANI Pharmaceuticals","ANIP","897","78.29","United States"
"5816","Marcus &amp; Millichap","MMI","897","27.02","United States"
"5817","Jubilee Metals Group","JLP.L","897","0.0447794","United Kingdom"
"5818","LivePerson","LPSN","896","3","United States"
"5819","White Mountains Insurance Group","WTM","893","2300","Bermuda"
"5820","DRDGOLD","DRD","893","32.2","South Africa"
"5821","Univest Financial Corporation","UVSP","892","37.2","United States"
"5822","MarketAxess","MKTX","891","171.03","United States"
"5823","Schrödinger","SDGR","891","11.91","United States"
"5824","C3 AI","AI","891","8.4","United States"
"5825","PT Bumi Resources Minerals Tbk","BRMS.JK","890","0.0496205","Indonesia"
"5826","Aether Industries","AETHER.NS","889","12.7285","India"
"5827","Domo","DOMO","888","2.71","United States"
"5828","Qt Group","QTCOM.HE","888","22.7241","Finland"
"5829","Dime Community Bancshares","DCOM","887","36.19","United States"
"5830","Luzerner Kantonalbank","LUKN.SW","887","138.505","Switzerland"
"5831","Ballard Power Systems","BLDP","887","2.94","Canada"
"5832","NJ Holdings","9421.T","887","4.20974","Japan"
"5833","St. Galler Kantonalbank","SGKN.SW","885","867.896","Switzerland"
"5834","Rush Street Interactive","RSI","883","22.33","United States"
"5835","Arbuthnot Banking Group","ARBB.L","883","11.9751","United Kingdom"
"5836","Great Southern Bancorp","GSBC","882","67.5","United States"
"5837","HUB24 Limited","HUB.AX","882","64.7448","Australia"
"5838","Magnachip Semiconductor","MX","881","3.09","Luxembourg"
"5839","EQT Corporation","EQT","881","56.71","United States"
"5840","Koskisen Oyj","KOSKI.HE","881","11.6745","Finland"
"5841","CoreWeave","CRWV","881","117.2","United States"
"5842","KHD Humboldt Wedag International","KWG.DE","880","2.07547","Germany"
"5843","NEC Capital Solutions","8793.T","880","26.8379","Japan"
"5844","Meridian Energy","MEZ.AX","878","3.27876","New Zealand"
"5845","United Fire Group","UFCS","877","39.32","United States"
"5846","Old Second Bancorp","OSBC","877","21.61","United States"
"5847","American Well","AMWL","877","5.51","United States"
"5848","Answear.com","ANR.WA","876","5.25988","Poland"
"5849","Golub Capital","GBDC","875","13.11","United States"
"5850","CTP N.V.","CTPNV.AS","874","19.0566","Netherlands"
"5851","Iridium Communications","IRDM","873","36.12","United States"
"5852","India Motor Parts and Accessories","IMPAL.NS","872","10.7644","India"
"5853","G5 Entertainment","G5EN.ST","872","6.24047","Sweden"
"5854","Azimut Holding","AZM.MI","872","42.1934","Italy"
"5855","Rakon Limited","RAK.NZ","870","0.885321","New Zealand"
"5856","Turpaz Industries","TRPZ.TA","870","22.6386","Israel"
"5857","Organogenesis","ORGO","869","2.51","United States"
"5858","Momentum Group AB","MMGR-B.ST","869","13.9839","Sweden"
"5859","Ringmetall","HP3A.DE","867","3.25472","Germany"
"5860","mobilezone Holding","MOZN.SW","867","19.6109","Switzerland"
"5861","Monash IVF Group","MVF.AX","867","0.545272","Australia"
"5862","Tribal Group","TRB.L","867","0.746323","United Kingdom"
"5863","Power Integrations","POWI","865","54.03","United States"
"5864","Netel Holding","NETEL.ST","865","0.438902","Sweden"
"5865","Lilium","LILM","864","0.052","Germany"
"5866","Altshuler Shaham Finance","ALTF.TA","864","2.4537","Israel"
"5867","St. Joe Company","JOE","863","67.94","United States"
"5868","SMG Swiss Marketplace Group Holding AG","SMG.SW","863","36.7384","Switzerland"
"5869","Arion banki","ARION.IC","858","1.50119","Iceland"
"5870","MCH Group","MCHN.SW","858","5.09473","Switzerland"
"5871","Ashiana Housing","ASHIANA.NS","857","3.44065","India"
"5872","KCP Limited","KCP.NS","856","1.74749","India"
"5873","thyssenkrupp nucera","NCH2.DE","855","9.78184","Germany"
"5874","USA Compression Partners","USAC","854","27","United States"
"5875","Marqeta","MQ","854","4.06","United States"
"5876","Weave Communications","WEAV","854","5.02","United States"
"5877","Nexxen","NEXN","854","7.05","Israel"
"5878","Taesa (Transmissora Aliança de Energia Elétrica)","TAEE11.SA","854","9.1097","Brazil"
"5879","GMO Payment Gateway","3769.T","853","55.7901","Japan"
"5880","Bushiroad","7803.T","853","1.63607","Japan"
"5881","Chorus","CNU.NZ","852","5.56572","New Zealand"
"5882","Imdex Limited","IMD.AX","851","2.74774","Australia"
"5883","Steel &amp; Tube Holdings","STU.NZ","851","0.241988","New Zealand"
"5884","Oxford Biomedica","OXB.L","850","8.48095","United Kingdom"
"5885","VIA optronics AG","VIAO","849","0.2231","Germany"
"5886","Premium Water Holdings","2588.T","848","22.5904","Japan"
"5887","Alerus Financial","ALRS","846","25.2","United States"
"5888","Fiera Capital","FSZ.TO","845","4.1319","Canada"
"5889","HBT Financial","HBT","844","28.45","United States"
"5890","SoundHound AI","SOUN","842","6.97","United States"
"5891","Horizon Bancorp","HBNC","841","17.74","United States"
"5892","Kandi Technologies Group","KNDI","840","0.8489","China"
"5893","Iovance Biotherapeutics","IOVA","838","3.64","United States"
"5894","Hinduja Ventures","NXTDIGITAL.NS","837","1.43","India"
"5895","MiMedx Group","MDXG","837","3.92","United States"
"5896","BICO Group","BICO.ST","837","2.17817","Sweden"
"5897","Miquel y Costas &amp; Miquel","MCM.MC","837","16.9811","Spain"
"5898","sterling &amp; wilson solar","SWSOLAR.NS","835","1.91716","India"
"5899","Smartgroup Corporation","SIQ.AX","835","6.0764","Australia"
"5900","Apollo Pipes","APOLLOPIPE.NS","834","4.92311","India"
"5901","Ginkgo Bioworks","DNA","834","7.72","United States"
"5902","Kempower","KEMPOWR.HE","834","17.1108","Finland"
"5903","Ebusco Holding","EBUS.AS","834","0.436321","Netherlands"
"5904","CMGE Technology Group","0302.HK","832","0.0312665","China"
"5905","2G Energy AG","2GB.DE","831","53.3491","Germany"
"5906","Doximity","DOCS","830","22.25","United States"
"5907","Duolingo","DUOL","830","91.46","United States"
"5908","Nutex Health","NUTX","830","107.84","United States"
"5909","BFF Bank","BFF.MI","830","2.16392","Italy"
"5910","Hektaş","HEKTS.IS","829","0.0699677","Turkey"
"5911","Mirbud S.A.","MRB.WA","828","3.35074","Poland"
"5912","The Oncology Institute","TOI","825","3.38","United States"
"5913","Senshu Electric","9824.T","825","39.6433","Japan"
"5914","Veracyte","VCYT","824","34.3","United States"
"5915","Deutsche Wohnen","DWNI.DE","824","23.9976","Germany"
"5916","Benchmark Holdings","BMK.L","823","0.295906","United Kingdom"
"5917","H2O America","HTO","822","58.1","United States"
"5918","ESAB India","ESABINDIA.NS","820","58.0013","India"
"5919","Pan Ocean","028670.KS","820","3.63515","South Korea"
"5920","DouYu","DOYU","819","4.91","China"
"5921","Nature's Sunshine Products","NATR","819","26.81","United States"
"5922","Shinpoong Pharm","019170.KS","819","7.39261","South Korea"
"5923","Aktia Bank","AKTIA.HE","819","14.2689","Finland"
"5924","BXP, Inc.","BXP","816","55.03","United States"
"5925","ATOM Corporation","7412.T","816","4.03984","Japan"
"5926","Yalla Group","YALA","815","6.85","United Arab Emirates"
"5927","Standard BioTools","LAB","814","0.885","United States"
"5928","Ateam","3662.T","813","6.31776","Japan"
"5929","MS Industrie","MSAG.DE","813","1.5566","Germany"
"5930","Altri","ALTR.LS","812","5.70755","Portugal"
"5931","Seco S.p.A.","IOT.MI","811","3.40212","Italy"
"5932","Equity Bancshares","EQBK","810","46.51","United States"
"5933","Planet Labs","PL","810","33.93","United States"
"5934","Virco Manufacturing","VIRC","810","6.06","United States"
"5935","Lalique Group","LLQ.SW","810","40.5543","Switzerland"
"5936","Tosei Corporation","8923.T","809","10.861","Japan"
"5937","Lantheus Holdings","LNTH","808","82.74","United States"
"5938","Deutsche Pfandbriefbank","PBB.DE","808","3.74528","Germany"
"5939","Duluth Holdings","DLTH","807","3.14","United States"
"5940","Dexelance","DEX.MI","807","3.57311","Italy"
"5941","Mehadrin","MEDN.TA","807","105.377","Israel"
"5942","Virtus Investment Partners","VRTS","805","141.79","United States"
"5943","Digi International","DGII","805","55.07","United States"
"5944","Springfield Properties","SPR.L","805","1.51979","United Kingdom"
"5945","Netmarble","251270.KS","804","34.7208","South Korea"
"5946","Safestore","SAFE.L","804","9.41724","United Kingdom"
"5947","MP Materials","MP","804","57.36","United States"
"5948","Espressif Systems (Shanghai)","688018.SS","803","22.4677","China"
"5949","Synchronoss","SNCR","802","9","United States"
"5950","Kafrit Industries","KAFR.TA","801","8.89169","Israel"
"5951","nLIGHT","LASR","800","66.87","United States"
"5952","Ranpak","PACK","800","3.79","United States"
"5953","Audax Renovables","ADX.MC","800","1.65094","Spain"
"5954","QuantumScape","QS","800","6.86","United States"
"5955","Recursion Pharmaceuticals","RXRX","800","3.54","United States"
"5956","StorageVault Canada","SVI.TO","800","3.27502","Canada"
"5957","EVI Industries","EVI","800","22.18","United States"
"5958","Saudi Cement Company","3030.SR","800","9.34385","Saudi Arabia"
"5959","SCHMID Group","SHMD","800","5.67","Germany"
"5960","Oriola","OKDBV.HE","800","1.17525","Finland"
"5961","Brickability Group","BRCK.L","800","0.746323","United Kingdom"
"5962","Delek Group","DLEKG.TA","799","336.874","Israel"
"5963","Skellerup Holdings","SKL.NZ","799","3.33471","New Zealand"
"5964","Ibotta","IBTA","798","33.64","United States"
"5965","iDreamSky","1119.HK","797","0.0618949","China"
"5966","Tingo Group","TIO","797","0.69","United States"
"5967","Shankara Building","SHANKARA.NS","796","1.31977","India"
"5968","Dottikon ES","DESN.SW","793","446.109","Switzerland"
"5969","Pattern S.p.A.","PTR.MI","793","3.16038","Italy"
"5970","Aker Horizons","AKH.OL","792","0.00191614","Norway"
"5971","Puuilo","PUUILO.HE","791","15.6534","Finland"
"5972","Gogo Inflight Internet","GOGO","790","4.68","United States"
"5973","Pacira Biosciences","PCRX","788","23.75","United States"
"5974","Customers Bancorp","CUBI","787","75.94","United States"
"5975","Athens International Airport","AIA.AT","787","12.7594","Greece"
"5976","Team Internet Group","TIG.L","787","0.487824","United Kingdom"
"5977","Iceland Seafood International","ICESEA.IC","786","0.0388254","Iceland"
"5978","Metals Exploration","MTL.L","786","0.203543","United Kingdom"
"5979","Kappa Create","7421.T","784","9.74093","Japan"
"5980","Riot Platforms","RIOT","783","18.12","United States"
"5981","Douglas Elliman","DOUG","783","1.71","United States"
"5982","Definitive Healthcare","DH","782","1.01","United States"
"5983","Campus Activewear","CAMPUS.NS","782","2.55246","India"
"5984","Latitude Group Holdings","LFS.AX","782","0.666443","Australia"
"5985","Liquidity Services","LQDT","781","33.08","United States"
"5986","Hangzhou Electronic Soul Network Technology","603258.SS","780","2.6581","China"
"5987","Sparebanken Vest","SVEG.OL","780","13.8817","Norway"
"5988","5N Plus","VNP.TO","780","25.2053","Canada"
"5989","Southside Bancshares","SBSI","778","33.04","United States"
"5990","İşbir Holding","ISBIR.IS","777","1.63184","Turkey"
"5991","Mallplaza","MALLPLAZA.SN","777","4.84562","Chile"
"5992","PVA TePla AG","TPE.DE","777","38.7972","Germany"
"5993","OVB Holding","O4B.DE","777","25.2358","Germany"
"5994","LEWAG Holding","KGR.F","775","34.434","Germany"
"5995","L'azurde Company for Jewelry","4011.SR","774","3.10485","Saudi Arabia"
"5996","Archer Aviation","ACHR","774","5.67","United States"
"5997","Mishra Dhatu Nigam","MIDHANI.NS","773","3.57703","India"
"5998","Acinque","AC5.MI","773","2.5","Italy"
"5999","IT Link SA","ALITL.PA","773","18.809","France"
"6000","The Bancorp, Inc.","TBBK","771","59.53","United States"
"6001","Target Hospitality","TH","770","14.53","United States"
"6002","Quantum","QMCO","770","6.91","United States"
"6003","Douglas Emmett","DEI","770","9.86","United States"
"6004","Íslandsbanki","ISB.IC","770","1.14995","Iceland"
"6005","CNB Financial Corp","CCNE","769","30.88","United States"
"6006","The Beauty Health Company","SKIN","769","0.9898","United States"
"6007","Vivid Seats","SEAT","768","6.79","United States"
"6008","Pilbara Minerals","PLS.AX","768","3.82047","Australia"
"6009","Judges Scientific plc","JDG.L","767","59.0274","United Kingdom"
"6010","Inogen","INGN","766","6.34","United States"
"6011","Tucows","TCX","765","16.49","Canada"
"6012","Zepp Health","ZEPP","765","14.12","China"
"6013","Kuwait International Bank","KIB.KW","764","892.22","Kuwait"
"6014","AvenuesAI Limited","CCAVENUE.NS","764","0.158502","India"
"6015","Bliss GVS Pharma","BLISSGVS.NS","763","2.80256","India"
"6016","Sun Frontier Fudousan","8934.T","763","17.8206","Japan"
"6017","Fiverr","FVRR","762","10.53","Israel"
"6018","Newegg","NEGG","762","43.87","United States"
"6019","Chord Energy","CHRD","762","129.15","United States"
"6020","Atoss","AOF.F","761","91.1557","Germany"
"6021","Hamilton Lane","HLNE","760","101.56","United States"
"6022","Fine Organics","FINEORG.NS","760","48.9809","India"
"6023","Etablissements Maurel &amp; Prom","MAU.PA","760","11.2382","France"
"6024","REN (Redes Energéticas Nacionais)","RENE.LS","759","4.48703","Portugal"
"6025","Uniti","UNIT","758","10.92","United States"
"6026","Tikehau Capital","TKO.PA","758","21.2264","France"
"6027","Helios Towers","HTWS.L","758","2.71933","United Kingdom"
"6028","LakeShore Biopharma","LSB","758","0.627","China"
"6029","Challenger Limited","CGF.AX","758","5.96592","Australia"
"6030","Direct Finance of Direct Group","DIFI.TA","758","172.121","Israel"
"6031","VITA 34","V3V.DE","758","5.53066","Germany"
"6032","MidWestOne Financial Group","MOFG","757","49.31","United States"
"6033","Heritage Financial","HFWA","757","27.12","United States"
"6034","Eiken Chemical","4549.T","757","21.0802","Japan"
"6035","Société Fermière du Casino Municipal de Cannes","FCMC.PA","757","2735.85","France"
"6036","People Can Fly","PCF.WA","756","0.957353","Poland"
"6037","PROCEPT BioRobotics","PRCT","756","24.59","United States"
"6038","edding AG","EDD3.F","756","38.2075","Germany"
"6039","American Vanguard","AVD","755","2.63","United States"
"6040","Digital Turbine","APPS","754","3.12","United States"
"6041","Beyond Meat","BYND","754","0.7198","United States"
"6042","Honda Siel Power Products","HONDAPOWER.NS","754","23.2738","India"
"6043","Boralex","BLX.TO","753","26.6867","Canada"
"6044","Bukalapak.com","BUKA.JK","752","0.0089317","Indonesia"
"6045","Cadeler A/S","CDLR","752","26.58","Denmark"
"6046","Viomi Technology","VIOT","750","1.13","China"
"6047","Murphy Oil","MUR","750","37.64","United States"
"6048","Redwire","RDW","750","9.81","United States"
"6049","Roivant Sciences","ROIV","750","29.12","United Kingdom"
"6050","Perma-Pipe International","PPIH","750","35.29","United States"
"6051","Nordnet AB","SAVE.ST","750","37.4864","Sweden"
"6052","Lithium Americas","LAC","749","4.41","Canada"
"6053","AngioDynamics","ANGO","748","10.47","United States"
"6054","Eventbrite","EB","748","4.51","United States"
"6055","Medartis Holding","MED.SW","747","101.51","Switzerland"
"6056","Craneware","CRW.L","747","19.6215","United Kingdom"
"6057","Motorpoint Group","MOTR.L","746","1.79118","United Kingdom"
"6058","Bell Financial Group","BFG.AX","745","0.937297","Australia"
"6059","Virgin Galactic","SPCE","744","2.89","United States"
"6060","Oriental Aromatics","OAL.NS","744","2.95687","India"
"6061","Vermilion Energy","VET","743","12.53","Canada"
"6062","Thermador Groupe","THEP.PA","742","86.7925","France"
"6063","Capital Power","CPX.TO","741","48.7042","Canada"
"6064","Tower Bersama Infrastructure","TBIG.JK","741","0.101868","Indonesia"
"6065","Trustco Bank","TRST","740","46.67","United States"
"6066","Hudson Pacific Properties","HPP","740","6.16","United States"
"6067","Amplitude","AMPL","740","6.2","United States"
"6068","Tianyu Digital Technology (Dalian)","002354.SZ","738","0.830289","China"
"6069","Gaztransport & Technigaz","GTT.PA","738","237.736","France"
"6070","GoodRx","GDRX","738","2.23","United States"
"6071","Catana Group","ALCAT.PA","738","2.79481","France"
"6072","Enter Air","ENT.WA","737","15.7796","Poland"
"6073","PeptiDream","4587.T","736","7.51965","Japan"
"6074","Itera ASA","ITERA.OL","736","0.738931","Norway"
"6075","Aspo Oyj","ASPO.HE","734","7.66509","Finland"
"6076","Grieg Seafood","GSF.OL","733","7.64338","Norway"
"6077","Independent Bank Corporation","IBCP","732","34.74","United States"
"6078","Mesa Laboratories","MLAB","730","98.97","United States"
"6079","Proficient Auto Logistics","PAL","730","7","United States"
"6080","GTPL Hathway","GTPL.NS","729","0.746655","India"
"6081","Porch Group","PRCH","729","7.06","United States"
"6082","TransMedics Group","TMDX","728","115.68","United States"
"6083","Harvia Oyj","HARVIA.HE","728","41.9222","Finland"
"6084","LPKF Laser &amp; Electronics","LPK.DE","728","12.0283","Germany"
"6085","Jungfraubahn Holding AG","JFN.SW","727","373.144","Switzerland"
"6086","Nick Scali Limited","NCK.AX","726","11.4258","Australia"
"6087","hGears AG","HGEA.DE","726","1.20283","Germany"
"6088","BridgeBio Pharma","BBIO","725","77.93","United States"
"6089","Burgundy Diamond Mines","BDM.AX","724","0.0121172","Australia"
"6090","iHuman","IH","723","1.75","China"
"6091","Churchill China","CHH.L","723","4.47794","United Kingdom"
"6092","RGP","RGP","722","3.77","United States"
"6093","New Fortress Energy","NFE","722","0.618","United States"
"6094","Dynavox Group","DYVOX.ST","722","9.62209","Sweden"
"6095","Bestechnic","688608.SS","722","25.1683","China"
"6096","Fiera Milano","FM.MI","721","9.50472","Italy"
"6097","Appirits","4174.T","720","3.92658","Japan"
"6098","CM.com","CMCOM.AS","720","6.39151","Netherlands"
"6099","Kimco Realty","KIM","717","23.6","United States"
"6100","MGE Energy","MGEE","717","79.89","United States"
"6101","Neuronetics","STIM","716","1.43","United States"
"6102","First Milling Company","2283.SR","716","14.5248","Saudi Arabia"
"6103","Vista Group International","VGL.NZ","716","1.0978","New Zealand"
"6104","Kornit Digital","KRNT","715","16.13","Israel"
"6105","Employers Holdings","EIG","715","41.78","United States"
"6106","Valiant Holding","VATN.SW","715","233.743","Switzerland"
"6107","Victorian Plumbing Group","VIC.L","715","1.05435","United Kingdom"
"6108","Microlise","SAAS.L","715","0.793817","United Kingdom"
"6109","BAIOO Family Interactive","2100.HK","714","0.0650853","China"
"6110","Valneva SE","VALN","713","6.09","France"
"6111","Forsee Power","FORSE.PA","713","0.306014","France"
"6112","Rambus","RMBS","712","121.73","United States"
"6113","Axsome Therapeutics","AXSM","712","184.18","United States"
"6114","AS ONE Corporation","7476.T","711","13.9224","Japan"
"6115","COLOPL","3668.T","710","2.77503","Japan"
"6116","Indraprastha Gas","IGL.NS","710","1.74234","India"
"6117","Gévelot SA","ALGEV.PA","710","216.981","France"
"6118","Shurgard Self Storage","SHUR.BR","709","32.6061","Luxembourg"
"6119","MJ Gleeson plc","GLE.L","709","3.67734","United Kingdom"
"6120","Gauzy","GAUZ","708","0.7101","United States"
"6121","Moonpig Group","MOON.L","708","3.00158","United Kingdom"
"6122","Dom Development","DOM.WA","706","70.41","Poland"
"6123","Apellis Pharmaceuticals","APLS","705","40.85","United States"
"6124","Aiming Inc","3911.T","705","1.20189","Japan"
"6125","Vroom","VRM","704","15.19","United States"
"6126","Galapagos NV","GLPG","704","28.88","Belgium"
"6127","Land Securities Group","LAND.L","704","8.06708","United Kingdom"
"6128","HANMI Semiconductor","042700.KS","704","201.462","South Korea"
"6129","Sygnity","SGN.WA","704","19.0636","Poland"
"6130","Hudco","HUDCO.NS","703","2.01853","India"
"6131","Société Industrielle et Financière de l'Artois","ARTO.PA","702","10849.1","France"
"6132","SkyWater Technology","SKYT","702","31.39","United States"
"6133","Kaufman &amp; Broad","KOF.PA","701","34.4929","France"
"6134","Revolution Medicines","RVMD","700","147.01","United States"
"6135","Talos Energy","TALO","700","14.26","United States"
"6136","Imax Corp","IMAX","700","36.83","Canada"
"6137","Jeudan","JDAN.CO","700","32.0292","Denmark"
"6138","Frontier Developments","FDEV.L","700","5.10214","United Kingdom"
"6139","Perella Weinberg Partners","PWP","700","21.5","United States"
"6140","SW Umwelttechnik Stoiser &amp; Wolschner AG","SWUT.VI","700","39.8585","Austria"
"6141","Solstad Offshore","SOFF.OL","700","7.18817","Norway"
"6142","Suominen","SUY1V.HE","700","1.35613","Finland"
"6143","AerCap","AER","698","148.97","Ireland"
"6144","Mandatum","MANTA.HE","698","8.74159","Finland"
"6145","Emerald Holding","EEX","697","4.66","United States"
"6146","Central Pacific Financial","CPF","697","33.97","United States"
"6147","Syrma SGS Technology","SYRMA.NS","697","9.2513","India"
"6148","Eagle Football Group","EFG.PA","697","2.12264","France"
"6149","GoPro","GPRO","696","0.8795","United States"
"6150","Intermediate Capital Group (ICG)","ICG.L","695","23.3938","United Kingdom"
"6151","Funkwerk AG","FEW.F","695","36.3083","Germany"
"6152","BVZ Holding","BVZN.SW","694","1868.92","Switzerland"
"6153","Southern Missouri Bancorp","SMBC","693","66.86","United States"
"6154","Nordic Paper","NPAPER.ST","693","5.00414","Sweden"
"6155","Findi Limited","FND.AX","692","0.555963","Australia"
"6156","Tadiran Group","TDRN.TA","692","64.2141","Israel"
"6157","The Original BARK Company","BARK","691","0.5066","United States"
"6158","Dukhan Bank","DUBK.QA","690","0.959341","Qatar"
"6159","OFX Group","OFX.AX","690","0.367078","Australia"
"6160","Nusantara Pelabuhan Handal","PORT.JK","689","0.0519556","Indonesia"
"6161","gumi","3903.T","689","2.14577","Japan"
"6162","Hurco Companies","HURC","688","16.85","United States"
"6163","Enad Global 7","EG7.ST","688","1.88848","Sweden"
"6164","The Platform Group","TPG.F","688","5.89726","Germany"
"6165","Gefran","GE.MI","687","12.3231","Italy"
"6166","EnviTec Biogas","ETG.DE","686","30.1887","Germany"
"6167","Welltower","WELL","685","210.99","United States"
"6168","ADMA Biologics","ADMA","685","10.49","United States"
"6169","Naseej International Trading Company","1213.SR","685","6.96658","Saudi Arabia"
"6170","Karat Packaging","KRT","683","29.08","United States"
"6171","Söktas Tekstil","SKTAS.IS","682","0.0737679","Turkey"
"6172","Renta 4 Banco","R4.MC","682","22.6415","Spain"
"6173","accesso Technology Group","ACSO.L","682","3.39916","United Kingdom"
"6174","EnQuest","ENQ.L","681","0.26352","United Kingdom"
"6175","HSC (Ho Chi Minh City Securities Corporation)","HCM.VN","681","0.996583","Vietnam"
"6176","Jakks Pacific","JAKK","680","21.88","United States"
"6177","Iino Kaiun Kaisha","9119.T","680","11.591","Japan"
"6178","Hamilton Beach Brands","HBB","679","20.22","United States"
"6179","SKY Network Television Limited","SKT.NZ","679","1.88278","New Zealand"
"6180","Avanza Bank","AZA.ST","679","43.3566","Sweden"
"6181","Réalités","ALREA.PA","677","1.10849","France"
"6182","centrotherm international","CTNK.F","677","13.5613","Germany"
"6183","A.S. Création Tapeten","ACWN.DE","677","8.78538","Germany"
"6184","Progyny","PGNY","675","17.17","United States"
"6185","IntegraFin","IHP.L","675","4.53222","United Kingdom"
"6186","Supernus Pharmaceuticals","SUPN","674","50.11","United States"
"6187","Burning Rock Biotech","BNR","674","19.89","China"
"6188","Ultralife Corporation","ULBI","671","7.47","United States"
"6189","Marvelous","7844.T","671","2.92606","Japan"
"6190","ImmunityBio","IBRX","671","7.6","United States"
"6191","Sangoma Technologies","SANG","671","4.25","Canada"
"6192","Graines Voltz","GRVO.PA","671","21.2264","France"
"6193","Cameco","CCJ","670","116.06","Canada"
"6194","GTL Infrastructure","GTLINFRA.NS","669","0.0127789","India"
"6195","eMudhra","EMUDHRA.NS","669","5.21574","India"
"6196","trivago","TRVG","668","2.67","Germany"
"6197","Vadilal Industries","VADILALIND.NS","668","47.8598","India"
"6198","Alantra Partners","ALNT.MC","668","12.6179","Spain"
"6199","Empire State Realty Trust","ESRT","667","5.34","United States"
"6200","Ringkjøbing Landbobank","RILBA.CO","666","255.918","Denmark"
"6201","ERG","ERG.MI","665","26.1557","Italy"
"6202","Traeger","COOK","665","0.5983","United States"
"6203","Compleo Charging Solutions","C0M.F","665","0.067217","Germany"
"6204","Orell Füssli AG","OFN.SW","665","202.893","Switzerland"
"6205","Netwealth","NWL.AX","664","17.1565","Australia"
"6206","Cavotec","CCC.ST","664","1.53561","Switzerland"
"6207","Merchants Bancorp","MBIN","663","47.52","United States"
"6208","SM Energy","SM","663","27.65","United States"
"6209","Cytek Biosciences","CTKB","663","4.62","United States"
"6210","Mercantile Bank","MBWM","662","53.53","United States"
"6211","Brim hf.","BRIM.IC","661","0.63338","Iceland"
"6212","MGP Ingredients","MGPI","660","19.72","United States"
"6213","Kinsale Capital Group","KNSL","660","350.51","United States"
"6214","Immofinanz","IMO1.F","660","18.3962","Austria"
"6215","National Storage REIT","NSR.AX","660","1.98507","Australia"
"6216","Arbor Realty Trust","ABR","659","7.8","United States"
"6217","EML Payments","EML.AX","659","0.26729","Australia"
"6218","LINK Mobility Group","LINK.OL","659","2.48357","Norway"
"6219","Hathway","HATHWAY.NS","658","0.121024","India"
"6220","The Cross-Harbour Holdings","0032.HK","657","1.10007","Hong Kong"
"6221","Alliance Entertainment","AENT","657","6.96","United States"
"6222","Ithaca Energy","ITH.L","657","3.36524","United Kingdom"
"6223","Camtek","CAMT","656","180.74","Israel"
"6224","Scott Technology","SCT.NZ","656","1.47554","New Zealand"
"6225","Bank of Jerusalem","JBNK.TA","656","7.22204","Israel"
"6226","Balco Group","BALCO.ST","655","1.69353","Sweden"
"6227","Surf Air Mobility","SRFM","654","1.22","United States"
"6228","ACADIA Pharmaceuticals","ACAD","653","22.02","United States"
"6229","Tose Software","4728.T","653","3.9958","Japan"
"6230","Homeland Interactive Technology","3798.HK","652","0.171008","China"
"6231","Riskified","RSKD","652","4.17","Israel"
"6232","LeMaitre Vascular","LMAT","651","117.39","United States"
"6233","iCandy Interactive","ICI.AX","650","0.0112852","Australia"
"6234","Green Brick Partners","GRBK","650","67.45","United States"
"6235","NerdWallet","NRDS","650","10.79","United States"
"6236","iomart Group","IOM.L","650","0.170297","United Kingdom"
"6237","Vst Tillers Tractors","VSTTILLERS.NS","649","55.3757","India"
"6238","NS United Kaiun Kaisha","9110.T","649","47.0057","Japan"
"6239","Igarashi Motors India","IGARASHI.NS","648","3.47877","India"
"6240","Lakeland Financial Corp","LKFN","647","60.76","United States"
"6241","Autolus Therapeutics","AUTL","647","1.48","United Kingdom"
"6242","Interparfums","IPAR","647","96.12","United States"
"6243","PNE AG","PNE3.DE","647","9.97642","Germany"
"6244","CapitaLand Mall Trust","C38U.SI","646","1.89579","Singapore"
"6245","Immatics","IMTX","646","10.95","Germany"
"6246","Franchise Brands plc","FRAN.L","646","1.66905","United Kingdom"
"6247","James River Group","JRVR","645","6.32","Bermuda"
"6248","JBG SMITH","JBGS","645","15.16","United States"
"6249","British Land","BLND.L","645","5.26362","United Kingdom"
"6250","Acme United","ACU","645","45.22","United States"
"6251","Servcorp Limited","SRV.AX","645","4.83617","Australia"
"6252","WD-40 Company","WDFC","644","204.77","United States"
"6253","CareDx","CDNA","644","17.63","United States"
"6254","Corporación Financiera Alba","ALB.MC","644","97.9515","Spain"
"6255","Scatec ASA","SCATC.OL","644","13.1483","Norway"
"6256","Verkkokauppa.com","VERK.HE","644","3.86203","Finland"
"6257","Wellneo Sugar","2117.T","644","17.7388","Japan"
"6258","MariMed","MRMD","643","0.067","United States"
"6259","Qingci Games","6633.HK","643","0.353503","China"
"6260","NIU","NIU","642","2.92","China"
"6261","Utenos Trikotazas AB","UTR1L.VS","642","0.382075","Lithuania"
"6262","Wiit S.p.A.","WIIT.MI","641","32.5472","Italy"
"6263","United Wire Factories Company","1301.SR","640","4.82384","Saudi Arabia"
"6264","Cricut","CRCT","640","4.23","United States"
"6265","Icape Holding","ALICA.PA","640","5.80189","France"
"6266","Mammoth Energy Services","TUSK","639","2.63","United States"
"6267","Castrol India","CASTROLIND.NS","639","1.91759","India"
"6268","OT Logistics","OTS.WA","637","3.72922","Poland"
"6269","KPS AG","KSC.DE","637","0.385613","Germany"
"6270","ServisFirst Bancshares","SFBS","636","78.29","United States"
"6271","NETGEAR","NTGR","636","24.1","United States"
"6272","Graham Corporation","GHM","636","92.64","United States"
"6273","AerSale","ASLE","636","7.06","United States"
"6274","Iguatemi","IGTI3.SA","636","0.682224","Brazil"
"6275","Al Masane Al Kobra Mining Company","1322.SR","636","24.0659","Saudi Arabia"
"6276","SMASCO (Saudi Manpower Solutions Company)","1834.SR","635","1.4818","Saudi Arabia"
"6277","Shoei Co., Ltd.","7839.T","635","10.8484","Japan"
"6278","CD Projekt","CDR.WA","634","72.4138","Poland"
"6279","TAT Technologies","TATT","634","44.79","Israel"
"6280","e.l.f. Beauty","ELF","633","68.9","United States"
"6281","Plus500","PLUS.L","633","59.0003","Israel"
"6282","BEST S.A.","BST.WA","633","7.51411","Poland"
"6283","Avalon Pharma (Middle East Pharmaceutical)","4016.SR","632","27.9836","Saudi Arabia"
"6284","Belships ASA","BELCO.OL","631","2.00572","Norway"
"6285","Planet13","PLTH.CN","630","0.145234","United States"
"6286","BigBear.ai","BBAI","630","3.52","United States"
"6287","Arcus Biosciences","RCUS","627","23.01","United States"
"6288","Is Yatirim Menkul Degerler Anonim Sirketi","ISMEN.IS","627","1.00548","Turkey"
"6289","Planisware","PLNW.PA","626","18.1604","France"
"6290","Cambium Networks","CMBM","625","0.401","United States"
"6291","Deoleo","OLE.MC","625","0.389151","Spain"
"6292","Air T, Inc.","AIRT","624","22.4","United States"
"6293","Fintel Plc","FNTL.L","624","2.4018","United Kingdom"
"6294","Credo Technology","CRDO","622","159.52","United States"
"6295","FRP Advisory Group","FRP.L","622","1.58763","United Kingdom"
"6296","Asure Software","ASUR","621","8.78","United States"
"6297","AS Merko Ehitus","MRK1T.TL","621","34.375","Estonia"
"6298","Peapack-Gladstone Financial","PGC","620","39.35","United States"
"6299","ECN Capital","ECN.TO","620","2.2366","Canada"
"6300","Network18","NETWORK18.NS","620","0.361354","India"
"6301","Adaptive Biotechnologies","ADPT","619","14.53","United States"
"6302","Humm Group","HUM.AX","619","0.459739","Australia"
"6303","Washington Trust Bancorp","WASH","618","36.43","United States"
"6304","Sparebanken Sør","SOR.OL","618","20.1631","Norway"
"6305","Marine Products Corporation","MPX","617","7.67","United States"
"6306","Southern Petrochemical Industries Corp","SPIC.NS","617","0.717875","India"
"6307","Westamerica Bancorporation","WABC","616","53.57","United States"
"6308","Antero Resources","AR","616","36.11","United States"
"6309","Antero Midstream","AM","616","21.25","United States"
"6310","R&S Group","RSGN.SW","616","31.874","Switzerland"
"6311","Hallador Energy Company","HNRG","615","15.09","United States"
"6312","Macerich","MAC","615","21.46","United States"
"6313","Cerus Corporation","CERS","614","2.01","United States"
"6314","Yellow Pages (Canada)","Y.TO","613","9.36824","Canada"
"6315","WildBrain","WILD.TO","613","1.14009","Canada"
"6316","The Italian Sea Group","TISG.MI","613","1.14741","Italy"
"6317","Swiss Prime Site","SPSN.SW","612","176.651","Switzerland"
"6318","Kayak Inc","3904.T","612","2.67435","Japan"
"6319","Vesuvius India","VESUVIUS.NS","612","4.93331","India"
"6320","Allergy Therapeutics","AGY.L","612","0.145194","United Kingdom"
"6321","Buzzfeed","BZFD","611","0.6968","United States"
"6322","NaaS Technology","NAAS","611","2.3476","China"
"6323","Relatech S.p.A.","RLT.MI","611","2.69088","Italy"
"6324","Telesat","TSAT","610","45.24","Canada"
"6325","Arrowhead Pharmaceuticals","ARWR","609","66.69","United States"
"6326","Agora, Inc.","API","608","3.83","China"
"6327","Orrstown Financial Services","ORRF","607","38.45","United States"
"6328","NCAB Group AB","NCAB.ST","607","7.20976","Sweden"
"6329","Grand City Properties","GYC.DE","606","11.7689","Luxembourg"
"6330","Masterflex","MZX.DE","604","16.4505","Germany"
"6331","Sildarvinnslan","SVN.IC","603","0.810233","Iceland"
"6332","RATH Aktiengesellschaft","RAT.VI","603","24.7642","Austria"
"6333","Cabka","7GW.F","603","2.14623","Germany"
"6334","Borosil","BORORENEW.NS","602","5.02083","India"
"6335","Saga Communications","SGA","601","11.98","United States"
"6336","Waterstone Financial","WSBF","600","18.56","United States"
"6337","Upwork","UPWK","600","11.06","United States"
"6338","Mid Penn Bancorp","MPB","600","33.79","United States"
"6339","Prestige Consumer Healthcare","PBH","600","56.66","United States"
"6340","NACCO Industries","NC","600","49.41","United States"
"6341","Nerdy, Inc,","NRDY","600","0.98","United States"
"6342","Forafric Global PLC","AFRI","600","9.84","Gibraltar"
"6343","Gambling.com Group","GAMB","600","3.67","Jersey"
"6344","Hamilton Insurance Group","HG","600","30.77","Bermuda"
"6345","MA Financial Group","MAF.AX","600","5.09633","Australia"
"6346","Wilmington plc","WIL.L","600","3.13456","United Kingdom"
"6347","audius SE","3ITN.DE","600","13.4434","Germany"
"6348","Opera","OPRA","599","15.71","Norway"
"6349","ATA Creativity Global","AACG","599","0.95","China"
"6350","InMode","INMD","599","14.14","Israel"
"6351","Financial Institutions","FISI","598","34.34","United States"
"6352","Vital Farms","VITL","598","12.75","United States"
"6353","Helloworld Travel","HLO.AX","598","1.09767","Australia"
"6354","SmartFinancial (SmartBank)","SMBK","597","42.49","United States"
"6355","Hanmi Financial","HAFC","597","27.72","United States"
"6356","Mainstreet Equity","MEQ.TO","597","131.186","Canada"
"6357","Paradox Interactive","PDX.ST","596","13.1703","Sweden"
"6358","AbCellera","ABCL","596","3.76","Canada"
"6359","Deezer","DEEZR.PA","595","1.33844","France"
"6360","Genki Global Dining Concepts","9828.T","595","17.6633","Japan"
"6361","Legacy Housing Corporation","LEGH","594","21.54","United States"
"6362","CROOZ","2138.T","594","3.32878","Japan"
"6363","Protector Forsikring","PROT.OL","594","53.1437","Norway"
"6364","Kooth plc","KOO.L","593","1.85224","United Kingdom"
"6365","Primis Financial","FRST","592","13.77","United States"
"6366","China Satellite Communications","601698.SS","592","5.05068","China"
"6367","NewtekOne","NEWT","591","12.56","United States"
"6368","Vecima Networks","VCM.TO","591","9.69436","Canada"
"6369","fuboTV","FUBO","590","12.08","United States"
"6370","Zotefoams","ZTF.L","590","5.14285","United Kingdom"
"6371","GDEV Inc.","GDEV","589","16.1","Cyprus"
"6372","Sigma Lithium","SGML","589","17.57","Canada"
"6373","Compagnie Du Mont-Blanc","MLCMB.PA","589","304.245","France"
"6374","Auckland Airport","AIA.AX","587","4.83261","New Zealand"
"6375","Dorian LPG","LPG","587","34.59","United States"
"6376","Camden National Corporation","CAC","586","51.12","United States"
"6377","Nilörngruppen","NIL-B.ST","586","5.97956","Sweden"
"6378","Marie Brizard Wine &amp; Spirits","MBWS.PA","586","3.20755","France"
"6379","Gulf Oil Lubricants","GULFOILLUB.NS","585","9.57131","India"
"6380","Shore Bancshares","SHBI","584","19.3","United States"
"6381","Artisan Partners","APAM","584","37.86","United States"
"6382","Hester Biosciences","HESTERBIO.NS","584","15.5796","India"
"6383","LSB Industries","LXU","583","13.83","United States"
"6384","Capitol Federal Savings Bank","CFFN","583","7.62","United States"
"6385","National Shipping Company of Saudi Arabia (Bahri)","4030.SR","583","8.61894","Saudi Arabia"
"6386","SHL Telemedicine","SHLT","583","2.05","Israel"
"6387","Rai Way","RWAY.MI","582","7.11085","Italy"
"6388","FTAI Aviation","FTAI","580","269.47","United States"
"6389","BioCryst Pharmaceuticals","BCRX","580","9.67","United States"
"6390","Arrow Financial","AROW","580","36.35","United States"
"6391","Mahindra Lifespaces","MAHLIFE.NS","580","3.62643","India"
"6392","Maravai LifeSciences","MRVI","580","3.28","United States"
"6393","Lulu's Fashion Lounge","LVLU","580","9.03","United States"
"6394","Skyward Specialty Insurance Group","SKWD","580","45.85","United States"
"6395","Gyre Therapeutics","GYRE","579","7.84","United States"
"6396","Vince Holding","VNCE","578","2.81","United States"
"6397","Aeroporto G. Marconi Bologna","ADB.MI","578","10.8962","Italy"
"6398","AST SpaceMobile","ASTS","578","88.57","United States"
"6399","Adani Total Gas","ATGL.NS","578","6.14677","India"
"6400","Ateme SA","ATEME.PA","578","11.4151","France"
"6401","Clean Energy Fuels","CLNE","577","2.28","United States"
"6402","Patria Investments","PAX","577","12.4","Cayman Islands"
"6403","IQE plc","IQE.L","577","0.648623","United Kingdom"
"6404","Caltagirone Editore","CED.MI","576","2.27594","Italy"
"6405","Pacific Biosciences","PACB","575","1.57","United States"
"6406","Wonderla Holidays","WONDERLA.NS","573","5.79294","India"
"6407","Adler Group","ADJ.DE","573","0.194575","Luxembourg"
"6408","Flushing Financial Corp","FFIC","571","15.96","United States"
"6409","Taiga Building Products","TBL.TO","570","2.61421","Canada"
"6410","Clover Health Investments","CLOV","570","2.04","United States"
"6411","Enovix","ENVX","570","6.36","United States"
"6412","MedCap","MCAP.ST","570","54.9445","Sweden"
"6413","NGL Energy Partners","NGL","569","13.11","United States"
"6414","Stem, Inc","STEM","569","10.35","United States"
"6415","Gielda Papierów Wartosciowych w Warszawie","GPW.WA","569","22.0136","Poland"
"6416","Biosynex","ALBIO.PA","569","1.00236","France"
"6417","Celon Pharma","CLN.WA","568","5.87214","Poland"
"6418","India Tourism Development Corp","ITDC.NS","567","6.79378","India"
"6419","Paramount Resources","POU.TO","566","19.6719","Canada"
"6420","Hutter &amp; Schrantz Stahlbau AG","HST.VI","566","32.0755","Austria"
"6421","Leonteq","LEON.SW","566","20.1741","Switzerland"
"6422","Baader Bank","BWB.DE","566","8.13679","Germany"
"6423","Mitek Systems","MITK","565","14.5","United States"
"6424","Unitil Corporation","UTL","565","54.01","United States"
"6425","Range Resources","RRC","565","40.69","United States"
"6426","James Latham plc","LTHM.L","565","13.2981","United Kingdom"
"6427","Focusrite","TUNE.L","565","2.59178","United Kingdom"
"6428","KOMEDA Holdings","3543.T","565","19.4441","Japan"
"6429","CAMGSM Plc. (Cellcard)","CGSM.KH","564","0.64","Cambodia"
"6430","CARE's Ratings","CARERATING.NS","563","16.5052","India"
"6431","Kaltura","KLTR","563","1.09","United States"
"6432","OrthoPediatrics","KIDS","562","17.86","United States"
"6433","First Foundation","FFWM","561","5.9","United States"
"6434","India Nippon Electricals","INDNIPPON.NS","561","8.31758","India"
"6435","CS Disco","LAW","561","3.77","United States"
"6436","SunCar Technology Group","SDA","560","1.7","China"
"6437","ADF Group","DRX.TO","560","8.23476","Canada"
"6438","Bakkt Holdings","BKKT","559","8.98","United States"
"6439","Murapol S.A.","MUR.WA","559","11.2851","Poland"
"6440","Judo Capital Holdings","JDO.AX","557","1.07415","Australia"
"6441","DT Midstream","DTM","556","132.62","United States"
"6442","Playstudios","MYPS","556","0.4638","United States"
"6443","Essent Group","ESNT","555","60.9","Bermuda"
"6444","CompX International","CIX","555","23.51","United States"
"6445","MGIC Investment","MTG","555","27.28","United States"
"6446","AB Dynamics","ABDP.L","555","15.0622","United Kingdom"
"6447","Aspen Aerogels","ASPN","554","3.31","United States"
"6448","Sterling Tools","STERTOOLS.NS","554","2.44561","India"
"6449","Imagicaaworld Entertainment","IMAGICAA.NS","554","0.504714","India"
"6450","On the Beach Group","OTB.L","554","2.40995","United Kingdom"
"6451","Alexandria Real Estate Equities","ARE","552","45.39","United States"
"6452","Kearny Financial","KRNY","552","7.98","United States"
"6453","HCI Group","HCI","552","153.39","United States"
"6454","Safety Insurance","SAFT","551","74.99","United States"
"6455","Astec Lifesciences","ASTEC.NS","551","6.82599","India"
"6456","Black Rifle Coffee Company (BRCC)","BRCC","551","0.83","United States"
"6457","Ekinops","EKI.PA","551","2.53538","France"
"6458","Healthcare Realty Trust","HR","550","17.84","United States"
"6459","TOYA S.A.","TOA.WA","550","2.65777","Poland"
"6460","Tracsis","TRCS.L","550","4.41009","United Kingdom"
"6461","Grosvenor Capital Management","GCMG","549","10.51","United States"
"6462","Ackerstein Group","ACKR.TA","549","2.89944","Israel"
"6463","Nextdoor","NXDR","546","1.44","United States"
"6464","Liberty Financial Group","LFG.AX","546","2.45194","Australia"
"6465","C&amp;F Financial Corporation","CFFI","545","76.2","United States"
"6466","Howard Hughes Holdings","HHH","545","64.99","United States"
"6467","Information Services Corporation","ISC.TO","545","30.8622","Canada"
"6468","Beasley Broadcast Group","BBGI","542","14.75","United States"
"6469","Whitecap Resources","WCP.TO","542","10.377","Canada"
"6470","Blink Charging","BLNK","542","0.6542","United States"
"6471","BMV (Bolsa Mexicana de Valores)","BOLSAA.MX","542","2.12986","Mexico"
"6472","Allbirds","BIRD","542","2.49","United States"
"6473","HomeTrust Bancshares","HTB","541","45.08","United States"
"6474","Science Group","SAG.L","541","7.54465","United Kingdom"
"6475","Heritage Insurance","HRTG","540","26.37","United States"
"6476","Bank Jago","ARTO.JK","540","0.0834793","Indonesia"
"6477","Blend Labs","BLND","540","1.43","United States"
"6478","PDF Solutions","PDFS","539","41.33","United States"
"6479","eGain","EGAN","539","7.57","United States"
"6480","Akatsuki Inc","3932.T","539","18.3303","Japan"
"6481","KORE Group","KORE","539","9.16","United States"
"6482","JCU Corporation","4975.T","538","39.4546","Japan"
"6483","FutureFuel","FF","537","4.15","United States"
"6484","Zengame Technology","2660.HK","537","0.321598","China"
"6485","COVER Corporation","5253.T","537","9.14314","Japan"
"6486","RE/MAX Holdings","RMAX","536","5.92","United States"
"6487","Four Corners Property Trust","FCPT","536","24.9","United States"
"6488","Ingersoll Rand India","INGERRAND.NS","536","42.3724","India"
"6489","Castellum","CAST.ST","535","13.2379","Sweden"
"6490","Hong Leong Capital","5274.KL","535","0.819173","Malaysia"
"6491","DATA MODUL","DAM.DE","535","31.6038","Germany"
"6492","Thurgauer Kantonalbank","TKBP.SW","534","243.216","Switzerland"
"6493","Madison Square Garden Sports","MSGS","533","339.74","United States"
"6494","Wing On Company International","0289.HK","533","1.88875","Hong Kong"
"6495","GuangZhou Wahlap Technology","301011.SZ","533","3.1862","China"
"6496","NAGAWA Co., Ltd.","9663.T","533","34.0429","Japan"
"6497","Nynomic AG","M7U.DE","531","18.5142","Germany"
"6498","BBX Capital Corporation","BBXIA","530","3.02","United States"
"6499","FuRyu","6238.T","529","8.55793","Japan"
"6500","South Plains Financial","SPFI","528","44.3","United States"
"6501","Perion Network","PERI","528","9.78","Israel"
"6502","Madrigal Pharmaceuticals","MDGL","528","524.99","United States"
"6503","Vista Energy","VIST","528","64.56","Mexico"
"6504","CombinedX","CX.ST","528","3.77913","Sweden"
"6505","Hansol Chemical","014680.KS","527","192.629","South Korea"
"6506","FC Porto","FCP.LS","527","3.11321","Portugal"
"6507","Pagaya Technologies","PGY","527","13.01","Israel"
"6508","Mr.Bricolage","ALMRB.PA","527","5.33019","France"
"6509","Heineken Malaysia","3255.KL","526","5.84834","Malaysia"
"6510","Bittium","BITTI.HE","526","47.0519","Finland"
"6511","Shenzhen Zqgame","300052.SZ","525","1.91583","China"
"6512","RattanIndia Power","RTNPOWER.NS","524","0.097936","India"
"6513","Lifecore Biomedical","LFCR","524","5.2","United States"
"6514","Bike24 Holding","BIKE.DE","524","3.53774","Germany"
"6515","Allot","ALLT","523","7.03","Israel"
"6516","SD BioSensor","137310.KS","523","5.6192","South Korea"
"6517","Jupiter Fund Management","JUP.L","522","2.20369","United Kingdom"
"6518","Vilniaus Baldai AB","VBL1L.VS","522","12.0283","Lithuania"
"6519","Investors Title Company","ITIC","521","234.06","United States"
"6520","Talkspace","TALK","521","5.17","United States"
"6521","Chubu Steel Plate","5461.T","521","14.9827","Japan"
"6522","Fonar Corporation","FONR","520","18.76","United States"
"6523","Civista Bancshares","CIVB","520","23.93","United States"
"6524","Al Jouf Cement Company","3091.SR","520","1.34588","Saudi Arabia"
"6525","Hysan Development","0014.HK","520","2.49111","Hong Kong"
"6526","Ashtead Technology","AT.L","520","6.81732","United Kingdom"
"6527","Nano Dimension","NNDM","519","1.73","United States"
"6528","Petronet LNG","PETRONET.NS","519","2.84079","India"
"6529","Maharah for Human Resources Company","1831.SR","518","1.57241","Saudi Arabia"
"6530","Thunderful Group","THUNDR.ST","518","0.0321281","Sweden"
"6531","Consensus Cloud Solutions","CCSI","518","24.65","United States"
"6532","American States Water","AWR","517","75.86","United States"
"6533","Dr. Hönle AG","HNL.DE","515","10.9434","Germany"
"6534","Bragg Gaming Group","BRAG","514","1.85","Canada"
"6535","Berentzen-Gruppe","BEZ.DE","514","4.17453","Germany"
"6536","UMH Properties","UMH","513","15.39","United States"
"6537","Bridgepoint Group plc","BPT.L","513","3.46837","United Kingdom"
"6538","Peoples Financial Services","PFIS","511","57.99","United States"
"6539","Energy Absolute","EA.BK","511","0.0832812","Thailand"
"6540","Lime Technologies AB","LIME.ST","511","22.8708","Sweden"
"6541","Optima bank","OPTIMA.AT","511","10.8314","Greece"
"6542","Kri-Kri Milk Industry","KRI.AT","511","27.2406","Greece"
"6543","Younited Financial","YOUNI.PA","511","8.66745","Luxembourg"
"6544","MapmyIndia","MAPMYINDIA.NS","510","9.89616","India"
"6545","Tide Water Oil","TIDEWATER.NS","509","25.0972","India"
"6546","Juventus Turin","JUVE.MI","509","2.45755","Italy"
"6547","Nabaltec","NTG.DE","509","12.3821","Germany"
"6548","EaseMyTrip","EASEMYTRIP.NS","508","0.0823651","India"
"6549","Installux S.A.","ALLUX.PA","507","351.415","France"
"6550","Prodways Group","ALPWG.PA","507","0.931604","France"
"6551","Adaptimmune Therapeutics","ADAP","506","0.0549","United Kingdom"
"6552","Faraday Future","FFAI","505","0.31","United States"
"6553","Mach Natural Resources LP","MNR","505","12.65","United States"
"6554","Grenergy Renovables","GRE.MC","505","144.575","Spain"
"6555","NSE SA","ALNSE.PA","505","61.5566","France"
"6556","Zuger Kantonalbank","ZUGER.SW","504","13824.9","Switzerland"
"6557","Medifast","MED","504","10.88","United States"
"6558","Telos","TLS","504","4.15","United States"
"6559","Northrim BanCorp","NRIM","503","24.53","United States"
"6560","Norbit ASA","NORBT.OL","502","24.6663","Norway"
"6561","Robex Resources","RBX.V","502","5.33008","Canada"
"6562","Ascopiave","ASC.MI","502","4.09198","Italy"
"6563","Alfa Financial Software","ALFA.L","502","2.11142","United Kingdom"
"6564","MNTN, Inc.","MNTN","502","9.08","United States"
"6565","OraSure Technologies","OSUR","501","3.21","United States"
"6566","Power Finance Corp","PFC.NS","501","4.65572","India"
"6567","Corcept Therapeutics","CORT","500","43.68","United States"
"6568","Pharma Mar","PHM.MC","500","112.441","Spain"
"6569","Medios AG","ILM1.DE","500","15.4481","Germany"
"6570","Largo","LGO","500","1.29","Canada"
"6571","Scana ASA","SCANA.OL","500","0.158796","Norway"
"6572","Qoria Limited","QOR.AX","500","0.20813","Australia"
"6573","The Pebble Group plc","PEBB.L","500","0.700187","United Kingdom"
"6574","SDI Group","SDI.L","500","1.12627","United Kingdom"
"6575","ADM Hamburg","OEL.F","500","268.868","Germany"
"6576","Amicus Therapeutics","FOLD","499","14.46","United States"
"6577","InfuSystem","INFU","499","9.99","United States"
"6578","Brouwerij Handelsmaatschappij","COBH.BR","499","1709.91","Belgium"
"6579","Yubico","YUBICO.ST","499","4.12546","Sweden"
"6580","Ventas","VTR","498","85.34","United States"
"6581","Cytokinetics","CYTK","498","66.35","United States"
"6582","RxSight","RXST","498","7.27","United States"
"6583","Northern Region Cement Company","3004.SR","498","1.86824","Saudi Arabia"
"6584","Fabasoft","FAA.DE","497","12.7358","Austria"
"6585","F-Secure","FSECURE.HE","497","1.98324","Finland"
"6586","RioCan REIT","REI-UN.TO","496","14.8937","Canada"
"6587","Blackline Safety","BLN.TO","496","6.48469","Canada"
"6588","Regency Centers","REG","495","79.57","United States"
"6589","Navkar Corp","NAVKARCORP.NS","495","1.01329","India"
"6590","REC Silicon","RECSI.OL","495","0.0281069","Norway"
"6591","Walliser Kantonalbank","WKBN.SW","495","206.733","Switzerland"
"6592","SmartRent","SMRT","494","1.44","United States"
"6593","General Insurance Corporation of India","GICRE.NS","494","4.18268","India"
"6594","D/S Norden (Dampskibsselskabet Norden)","DNORD.CO","494","44.8094","Denmark"
"6595","Immunocore","IMCR","493","31.69","United Kingdom"
"6596","Onex","ONEX.TO","492","79.3049","Canada"
"6597","Mahanagar Gas","MGL.NS","491","11.501","India"
"6598","SUNeVision","1686.HK","491","0.792509","Hong Kong"
"6599","Merkur PrivatBank","MBK.DE","491","19.4575","Germany"
"6600","Polenergia","PEP.WA","490","14.251","Poland"
"6601","APG|SGA","APGN.SW","490","254.096","Switzerland"
"6602","Sierra Bancorp","BSRR","489","36.09","United States"
"6603","ConnectOne Bancorp","CNOB","489","28.47","United States"
"6604","ODDITY Tech","ODD","489","14.43","Israel"
"6605","Materialise NV","MTLS","488","5.2","Belgium"
"6606","East Pipes Integrated Company for Industry","1321.SR","487","50.7702","Saudi Arabia"
"6607","Cy4gate","CY4.MI","487","8.89151","Italy"
"6608","Agios Pharmaceuticals","AGIO","486","33.3","United States"
"6609","BellRing Brands","BRBR","485","15.47","United States"
"6610","BSE","BSE.NS","485","35.476","India"
"6611","Methanol Chemicals Company","2001.SR","485","2.40925","Saudi Arabia"
"6612","Big Yellow Group","BYG.L","485","12.0158","United Kingdom"
"6613","Black Diamond Group","BDI.TO","485","12.7007","Canada"
"6614","Aeria","3758.T","484","1.59203","Japan"
"6615","Nankai Tatsumura Construction","1850.T","484","2.92606","Japan"
"6616","EHang Holdings","EH","483","11.29","China"
"6617","Farmers &amp; Merchants Bancorp","FMAO","482","26.8","United States"
"6618","Permian Resources","PR","482","20.01","United States"
"6619","Nanosonics Limited","NAN.AX","482","2.53391","Australia"
"6620","Water Intelligence plc","WATR.L","482","3.18884","United Kingdom"
"6621","Vertex Energy","VTNR","481","0.0521","United States"
"6622","A10 Networks","ATEN","481","25.05","United States"
"6623","TORM","TRMD","479","29.5","United Kingdom"
"6624","Replimune","REPL","479","1.95","United States"
"6625","Ceres Power","CWR.L","478","4.71676","United Kingdom"
"6626","Hippo Holdings","HIPO","478","27.21","United States"
"6627","GAM Holding AG","GAM.SW","478","0.115207","Switzerland"
"6628","Detection Technology","DETEC.HE","478","10.8962","Finland"
"6629","Two Harbors Investment","TWO","477","11.1","United States"
"6630","GAG Immobilien","GWK3.HM","477","58.0189","Germany"
"6631","Treace Medical Concepts","TMCI","477","2.13","United States"
"6632","Geopark","GPRK","476","9.91","Chile"
"6633","Select Harvests Limited","SHV.AX","476","2.68716","Australia"
"6634","Ready Capital","RC","475","1.62","United States"
"6635","Golar LNG","GLNG","474","52.99","Bermuda"
"6636","Ebixcash India","EBIXFOREX.NS","474","7.31","India"
"6637","North American Construction Group","NOA","473","14.7","Canada"
"6638","Gecina","GFC.PA","473","84.6698","France"
"6639","Yü Group","YU.L","472","24.4251","United Kingdom"
"6640","Quanterix","QTRX","471","3.39","United States"
"6641","Home Bancorp","HBCP","471","64.55","United States"
"6642","Clarus","CLAR","470","2.71","United States"
"6643","Serviceware","SJJ.DE","470","14.6226","Germany"
"6644","High Co.","HCO.PA","470","4.33962","France"
"6645","Veritone","VERI","469","2.28","United States"
"6646","Realty Income","O","468","63.81","United States"
"6647","Universal Display Corporation","OLED","468","97.13","United States"
"6648","Intrepid Potash","IPI","468","37.48","United States"
"6649","Omaxe","OMAXE.NS","468","0.828268","India"
"6650","Macquarie Technology Group","MAQ.AX","468","48.3118","Australia"
"6651","G City","GCT.TA","467","3.73714","Israel"
"6652","Delignit AG","DLX.DE","467","3.01887","Germany"
"6653","SEGRO","SGRO.L","466","9.55837","United Kingdom"
"6654","MilDef Group","MILDEF.ST","466","14.4849","Sweden"
"6655","TCM Group A/S","TCM.CO","466","10.161","Denmark"
"6656","Innovatec","INC.MI","466","0.223585","Italy"
"6657","Repay Holdings","RPAY","465","3.07","United States"
"6658","OneSpan","OSPN","465","10.93","United States"
"6659","The a2 Milk Company","A2M.AX","465","5.54894","New Zealand"
"6660","Reliance Communications","RCOM.NS","464","0.010846","India"
"6661","Canaan","CAN","463","0.5116","China"
"6662","DocCheck","AJ91.DE","463","14.7406","Germany"
"6663","Bar Harbor Bankshares","BHB","462","34.96","United States"
"6664","Symphony Limited","SYMPHONY.NS","462","7.97717","India"
"6665","Propel Holdings","PRL.TO","462","15.7579","Canada"
"6666","Kid ASA","KID.OL","462","14.2493","Norway"
"6667","I.g. Petrochemicals","IGPL.NS","461","4.43719","India"
"6668","Victory Capital","VCTR","460","71.97","United States"
"6669","Gibson Energy","GEI.TO","460","20.0568","Canada"
"6670","Kinetik","KNTK","460","47.02","United States"
"6671","Dutch Lady Milk Industries","3026.KL","460","8.11565","Malaysia"
"6672","Cronos Group","CRON","459","2.57","Canada"
"6673","KLab","3656.T","459","1.957","Japan"
"6674","Ratch Group","RATCH.BK","459","0.939261","Thailand"
"6675","CNX Resources","CNX","458","38.37","United States"
"6676","Aptech","APTECHT.NS","458","0.904942","India"
"6677","Sýn hf.","SYN.IC","458","0.177675","Iceland"
"6678","Victory Supermarket Chain","VCTR.TA","458","18.835","Israel"
"6679","Arabian Cement Company","3010.SR","457","6.4229","Saudi Arabia"
"6680","Nicolás Correa","NEA.MC","457","12.3231","Spain"
"6681","Infas Holding AG","IFS.F","456","8.01887","Germany"
"6682","Life360","LIF","455","39.78","United States"
"6683","MS INTERNATIONAL plc","MSI.L","455","19.9472","United Kingdom"
"6684","MVB Financial","MVBF","453","26.32","United States"
"6685","Brixmor Property Group","BRX","453","30.05","United States"
"6686","Sunteck Realty","SUNTECK.NS","453","3.36977","India"
"6687","Modern Dairies Limited","MODAIRY.BO","453","0.372629","India"
"6688","Matador Resources","MTDR","452","57.33","United States"
"6689","Saudi Vitrified Clay Pipe Company","2360.SR","452","4.8878","Saudi Arabia"
"6690","Impinj","PI","451","106.34","United States"
"6691","Eagle Bancorp","EGBN","451","26.61","United States"
"6692","Axogen","AXGN","451","34.46","United States"
"6693","Geospace Technologies","GEOS","450","9.21","United States"
"6694","Escalade Sports","ESCA","450","18.88","United States"
"6695","Wing Tai Properties","0369.HK","450","0.274379","Hong Kong"
"6696","Huuuge","HUG.WA","450","6.38699","United States"
"6697","Andrews Sykes Group","ASY.L","450","6.58122","United Kingdom"
"6698","Parex Resources","PXT.TO","449","18.9893","Canada"
"6699","Serverworks","4434.T","449","12.9627","Japan"
"6700","PLAID,Inc.","4165.T","449","3.8259","Japan"
"6701","MotorK","MTRK.AS","449","3.50236","Italy"
"6702","Aptitude Software Group","APTD.L","449","3.14813","United Kingdom"
"6703","Bear Creek Mining","BCM.V","448","0.891161","Canada"
"6704","Drilling Tools International","DTI","447","2.91","United States"
"6705","Marimekko","MEKKO.HE","446","12.5","Finland"
"6706","Willis Lease Finance Corporation","WLFC","445","210.01","United States"
"6707","OppFi","OPFI","445","8.47","United States"
"6708","Smith Douglas Homes","SDHC","445","13.73","United States"
"6709","The Joint Corp.","JYNT","443","8.98","United States"
"6710","Denali Therapeutics","DNLI","443","20.16","United States"
"6711","Chinese Estates Holdings","0127.HK","443","0.153142","Hong Kong"
"6712","TF Bank AB","TFBANK.ST","443","19.3422","Sweden"
"6713","Villar International","VILR.TA","443","58.6127","Israel"
"6714","Azrieli Group","AZRG.TA","442","153.336","Israel"
"6715","Cherry SE","C3RY.DE","442","0.589033","Germany"
"6716","ES-CON JAPAN","8892.T","442","7.17356","Japan"
"6717","Koh Young Technology","098460.KQ","441","19.6706","South Korea"
"6718","Galaxy Digital Holdings","7LX.F","441","22.3715","United States"
"6719","The Arena Group","AREN","441","1.89","United States"
"6720","Forestar Group","FOR","440","26.58","United States"
"6721","Cardlytics","CDLX","440","0.9661","United States"
"6722","Rural Electrification Corp","RECLTD.NS","440","3.72629","India"
"6723","WM Technology","MAPS","440","0.36","United States"
"6724","Latch","LTCH","440","0.21","United States"
"6725","Astera Labs","ALAB","440","170.6","United States"
"6726","Columbus Energy","CLC.WA","440","1.0478","Poland"
"6727","Procter &amp; Gamble India","PGHH.NS","439","105.179","India"
"6728","Tabuk Agricultural Development Company","6040.SR","439","1.83892","Saudi Arabia"
"6729","Spire Global","SPIR","439","20.74","United States"
"6730","Sporting Clube de Portugal","SCP.LS","439","1.14976","Portugal"
"6731","MarketWise","MKTW","439","16.26","United States"
"6732","Crinetics Pharmaceuticals","CRNX","437","39.75","United States"
"6733","ON24","ONTF","437","8.1","United States"
"6734","Sláturfélags Suðurlands","SFS-B.IC","437","0.0205643","Iceland"
"6735","Garo Aktiebolag","GARO.ST","437","1.22849","Sweden"
"6736","InterRent Real Estate Investment Trust","IIP-UN.TO","435","9.73066","Canada"
"6737","Intuitive Machines","LUNR","435","23.67","United States"
"6738","Wolftank-Adisa Holding","WOLF.VI","434","4.48113","Austria"
"6739","Pyramid AG","M3B.DE","434","0.919811","Germany"
"6740","Kingsway Financial Services","KFS","433","11.96","Canada"
"6741","AS Tallinna Sadam","TSM1T.TL","433","1.6533","Estonia"
"6742","Cutera","CUTR","430","0.0969","United States"
"6743","InterDigital","IDCC","430","352.32","United States"
"6744","Arvinas","ARVN","430","11","United States"
"6745","Eos Energy Enterprises","EOSE","430","6.32","United States"
"6746","AlTi Global","ALTI","430","3.79","United States"
"6747","Catapult Group International","CAT.AX","430","2.23455","Australia"
"6748","Softing AG","SYT.DE","430","3.41981","Germany"
"6749","Amalgamated Financial","AMAL","429","41.77","United States"
"6750","Mapletree Commercial Trust","N2IU.SI","429","1.10129","Singapore"
"6751","Plus Alpha Consulting","4071.T","429","13.2711","Japan"
"6752","AS Amber Latvijas balzams","BAL1R.RG","428","3.13679","Latvia"
"6753","Phathom Pharmaceuticals","PHAT","427","12.67","United States"
"6754","Azure Power","AZREF","427","1","India"
"6755","COPT Defense Properties","CDP","427","32.33","United States"
"6756","Linz Textil","LTH.VI","427","200.472","Austria"
"6757","LUDWIG BECK am Rathauseck - Textilhaus Feldmeier","ECK.DE","427","20.9906","Germany"
"6758","FuelCell Energy","FCEL","426","7.3","United States"
"6759","Wittchen","WTN.WA","425","4.5363","Poland"
"6760","Rayonier","RYN","424","21.29","United States"
"6761","Redefine Properties","RDF.JO","424","0.391185","South Africa"
"6762","Ethos Watches","ETHOSLTD.NS","424","26.0529","India"
"6763","Westshore Terminals Investment","WTE.TO","423","26.3381","Canada"
"6764","SOPHiA GENETICS","SOPH","423","4.96","Switzerland"
"6765","Nordecon AS","NCN1T.TL","423","0.707547","Estonia"
"6766","7Road","0797.HK","422","0.090609","China"
"6767","LightInTheBox Holding","LITB","422","2.38","Singapore"
"6768","Enact Holdings","ACT","421","42","United States"
"6769","CAB Payments","CABP.L","421","1.15341","United Kingdom"
"6770","Kamada","KMDA","420","8.42","Israel"
"6771","FGI Industries","FGI","420","3.9","United States"
"6772","Nyab AB","NYAB.ST","419","0.664343","Sweden"
"6773","Litgrid AB","LGD1L.VS","419","1.09198","Lithuania"
"6774","NFON AG","NFN.DE","419","4.02123","Germany"
"6775","Spok Holdings","SPOK","418","11.1","United States"
"6776","Atlanticus","ATLC","417","68.18","United States"
"6777","Sparebanken Møre","MORG.OL","417","12.348","Norway"
"6778","JYP Entertainment","035900.KQ","416","41.4475","South Korea"
"6779","Eidesvik Offshore","EIOF.OL","416","1.77322","Norway"
"6780","Bilendi SA","ALBLD.PA","416","18.6321","France"
"6781","Telix Pharmaceuticals","TLX.AX","415","10.3637","Australia"
"6782","Radio City","RADIOCITY.NS","415","0.0665793","India"
"6783","Innoviz Technologies","INVZ","415","0.6508","Israel"
"6784","Vaxcyte","PCVX","414","62.76","United States"
"6785","DHI Group","DHX","414","2.85","United States"
"6786","Gravity Co.","GRVY","414","60.56","South Korea"
"6787","Weyco Group","WEYS","413","34.49","United States"
"6788","SFC Energy AG","F3C.DE","413","18.3255","Germany"
"6789","Nordwest Handel","NWX.F","413","21.4623","Germany"
"6790","Almawave","AIW.MI","412","5.07032","Italy"
"6791","Sloman Neptun","NEP.HM","412","71.3443","Germany"
"6792","Broadwind","BWEN","411","2.19","United States"
"6793","Cohen &amp; Steers","CNS","411","66.28","United States"
"6794","Gulf Keystone Petroleum","GKP.L","411","2.57821","Bermuda"
"6795","Braemar","BMS.L","411","2.90388","United Kingdom"
"6796","Real Brokerage Inc.","REAX","410","2.57","Canada"
"6797","Vedant Fashions","MANYAVAR.NS","409","4.48981","India"
"6798","Vir Biotechnology","VIR","408","10.05","United States"
"6799","Xaar","XAR.L","408","1.74368","United Kingdom"
"6800","Richardson Electronics","RELL","407","13.56","United States"
"6801","MediaCo Holding","MDIA","407","0.82","United States"
"6802","Boston Omaha","BOC","407","12.07","United States"
"6803","IonQ","IONQ","407","35.76","United States"
"6804","AB KN Energies","KNE1L.VS","407","0.510613","Lithuania"
"6805","CEVA","CEVA","406","21.47","United States"
"6806","POSCO","PKX","406","62.51","South Korea"
"6807","Truecaller","TRUE-B.ST","406","1.16369","Sweden"
"6808","Oma Säästöpankki","OMASP.HE","405","14.2689","Finland"
"6809","Aya Gold &amp; Silver","AYA.TO","405","18.343","Canada"
"6810","Pharming Group","PHAR","404","17.68","Netherlands"
"6811","uCloudlink Group","UCL","404","1.3","Hong Kong"
"6812","Ölgerðin Egill Skallagrímsson","OLGERD.IC","404","0.132434","Iceland"
"6813","Nueva Expresión Textil","NXT.MC","404","0.98467","Spain"
"6814","Parrot S.A.","PARRO.PA","404","14.1509","France"
"6815","Eslead Corporation","8877.T","404","39.6433","Japan"
"6816","MannKind Corp","MNKD","403","2.74","United States"
"6817","Intellia Therapeutics","NTLA","403","14.78","United States"
"6818","SPARC","SPARC.NS","403","1.52907","India"
"6819","Marti Technologies","MRT","403","2.12","Turkey"
"6820","Sezzle","SEZL","402","68","United States"
"6821","Trinity Biotech","TRIB","401","0.715","Ireland"
"6822","International General Insurance Holdings Ltd.","IGIC","401","26.32","Jordan"
"6823","Daily Journal","DJCO","400","517.66","United States"
"6824","Ellington Financial","EFC","400","12.71","United States"
"6825","W&amp;T Offshore","WTI","400","2.8","United States"
"6826","Clearfield","CLFD","400","27.62","United States"
"6827","BG Staffing","BGSF","400","5.74","United States"
"6828","tinyBuild","8Z3.F","400","0.113208","United States"
"6829","Solo Brands","SBDS","400","7.02","United States"
"6830","engcon AB","ENGCON-B.ST","400","7.54737","Sweden"
"6831","Nuix Limited","NXL.AX","400","0.80686","Australia"
"6832","Pioneer Credit","PNC.AX","400","0.434792","Australia"
"6833","Solid State Group","SOLI.L","400","2.17112","United Kingdom"
"6834","Bullish","BLSH","400","40.62","Cayman Islands"
"6835","OPTiM","3694.T","398","2.7184","Japan"
"6836","RaySearch Laboratories AB","RAY-B.ST","398","23.1322","Sweden"
"6837","Tullow Oil","TLW.L","397","0.16392","United Kingdom"
"6838","Canacol Energy","CNE.TO","396","1.10603","Canada"
"6839","Coop Pank AS","CPA1T.TL","396","2.87146","Estonia"
"6840","Greenthesis S.p.A.","GTH.MI","396","2.48305","Italy"
"6841","SiTime","SITM","395","446.04","United States"
"6842","Ardelyx","ARDX","395","6.33","United States"
"6843","Xeris Pharmaceuticals","XERS","394","6.07","United States"
"6844","Nel ASA","NEL.OL","394","0.229725","Norway"
"6845","2CRSI","AL2SI.PA","394","45.5425","France"
"6846","JDC Group AG","JDC.DE","394","25.1179","Germany"
"6847","Beam Therapeutics","BEAM","393","30.3","United States"
"6848","CRISPR Therapeutics","CRSP","393","56.86","Switzerland"
"6849","Alto Ingredients","ALTO","393","4.87","United States"
"6850","Atal S.A.","1AT.WA","392","15.9188","Poland"
"6851","Energean","ENOG.L","392","11.317","United Kingdom"
"6852","ACNB Corporation","ACNB","391","51.15","United States"
"6853","Avidity Biosciences","RNAM","391","72.82","United States"
"6854","Brockhaus Technologies","BKHT.DE","391","19.2807","Germany"
"6855","AB Kauno Energija","KNR1L.VS","391","2.35849","Lithuania"
"6856","CBL Properties","CBL","390","42.38","United States"
"6857","Tata Teleservices","TTML.NS","390","0.44737","India"
"6858","Naked Wines","WINE.L","390","0.990575","United Kingdom"
"6859","EQT Holdings Limited","EQT.AX","390","14.2555","Australia"
"6860","Globalstar","GSAT","389","79.91","United States"
"6861","Tourmaline Oil","TOU.TO","389","43.9405","Canada"
"6862","AirSculpt Technologies","AIRS","389","2.62","United States"
"6863","Muehlhan AG","M4N.HM","389","1.74528","Germany"
"6864","Vietcap Securities","VCI.VN","389","1.06112","Vietnam"
"6865","Wendt India","WENDT.NS","388","73.5755","India"
"6866","DelfinGroup AS","DGR1R.RG","388","1.7158","Latvia"
"6867","Healthpeak Properties","DOC","387","16.87","United States"
"6868","Selvita","SLV.WA","387","9.18391","Poland"
"6869","Nxera Pharma","4565.T","387","6.52542","Japan"
"6870","Citizens &amp; Northern Corp","CZNC","386","23.59","United States"
"6871","Chesnara plc","CSN.L","386","4.03693","United Kingdom"
"6872","Zealand Pharma","ZEAL.CO","385","46.7816","Denmark"
"6873","Travere Therapeutics","TVTX","385","42.13","United States"
"6874","Mediterranean Towers","MDTR.TA","385","6.04049","Israel"
"6875","Viant Technology","DSP","383","10.17","United States"
"6876","LanzaTech Global","LNZA","383","37.93","United States"
"6877","Acadian Asset Management","AAMI","383","64.97","United States"
"6878","Harrow, Inc.","HROW","382","37.9","United States"
"6879","Foresight Group","FSG.L","382","5.45495","United Kingdom"
"6880","Instone Real Estate Group","INS.DE","382","9.85849","Germany"
"6881","Great Lakes Dredge &amp; Dock Corp.","GLDD","381","17","United States"
"6882","Workman","7564.T","381","39.4546","Japan"
"6883","LEW (Lechwerke)","LEC.F","381","81.3679","Germany"
"6884","RLX Technology","RLX","381","2.17","China"
"6885","First Guaranty Bancshares","FGBI","380","9.73","United States"
"6886","Fever-Tree Drinks","FEVR.L","380","11.3102","United Kingdom"
"6887","3P Learning","3PL.AX","380","0.199577","Australia"
"6888","Freightos","CRGO","378","1.72","Israel"
"6889","Enento Group","ENENTO.HE","377","16.8396","Finland"
"6890","Dish TV","DISHTV.NS","376","0.0330749","India"
"6891","Third Coast Bancshares","TCBX","376","41.56","United States"
"6892","Maison Solutions","MSS","376","0.1399","United States"
"6893","NB Bancorp","NBBK","376","22.56","United States"
"6894","Italian Wine Brands","IWB.MI","376","22.783","Italy"
"6895","Red River Bancshares","RRBI","375","95.32","United States"
"6896","Cantaloupe","CTLP","375","10.84","United States"
"6897","Anima Holding","ANIM.MI","375","7.93632","Italy"
"6898","4Front Ventures","FFNTF","374","5.0E-5","United States"
"6899","Outdoor Holding Company","POWW","374","2.06","United States"
"6900","Centerspace","CSR","374","62.49","United States"
"6901","Schwälbchen Molkerei","SMB.F","374","53.066","Germany"
"6902","ALBA SE","ABA.F","373","8.08808","Germany"
"6903","Norion Bank","NORION.ST","373","6.4474","Sweden"
"6904","RBB Bancorp","RBB","372","22.63","United States"
"6905","MeiraGTx","MGTX","372","11.29","United States"
"6906","Evolus","EOLS","372","4.44","United States"
"6907","Tanger Inc.","SKT","372","36.66","United States"
"6908","Laurent-Perrier","LPE.PA","372","104.717","France"
"6909","Schlatter Industries AG","STRN.SW","371","24.3216","Switzerland"
"6910","Vulcan Energy Resources","VUL.AX","371","2.46263","Australia"
"6911","Mount Gibson Iron","MGX.AX","371","0.288673","Australia"
"6912","Baytex Energy","BTE","370","4.21","Canada"
"6913","Ramelius Resources","RMS.AX","370","2.85822","Australia"
"6914","Auction Technology Group","ATG.L","370","5.15913","United Kingdom"
"6915","Drecom","3793.T","369","2.60513","Japan"
"6916","West Holdings","1407.T","369","13.1893","Japan"
"6917","Vanda Pharmaceuticals","VNDA","368","7.32","United States"
"6918","NRC Health","NRC","368","17.04","United States"
"6919","Strike Company","6196.T","368","9.40743","Japan"
"6920","Lantronix","LTRX","367","5.87","United States"
"6921","Grainger plc","GRI.L","367","2.3611","United Kingdom"
"6922","BKV Corporation","BKV","366","26.44","United States"
"6923","NantHealth","NHIQ","365","0.012","United States"
"6924","Akatsuki Corp.","8737.T","365","4.34189","Japan"
"6925","The Property Franchise Group","TPFG.L","365","6.00451","United Kingdom"
"6926","Solaris Energy Infrastructure","SEI","364","65.03","United States"
"6927","First Capital REIT","FCR-UN.TO","364","15.7579","Canada"
"6928","Toscana Aeroporti","TYA.MI","364","21.1085","Italy"
"6929","AS Latvijas Juras medicinas centrs","LJM1R.RG","364","9.19811","Latvia"
"6930","Yunji","YJ","363","1.6899","China"
"6931","Immunovant","IMVT","362","26.55","United States"
"6932","AMERISAFE","AMSF","362","33.69","United States"
"6933","Bank First","BFC","362","142.52","United States"
"6934","Glass House Brands","GLASF","362","8.08","United States"
"6935","Leclanché","LECN.SW","362","0.12724","Switzerland"
"6936","Assured Guaranty","AGO","361","82.44","Bermuda"
"6937","Middlesex Water Company","MSEX","360","51.86","United States"
"6938","Arlo Technologies","ARLO","360","13.92","United States"
"6939","Enlight Renewable Energy","ENLT","360","80.99","Israel"
"6940","P3 Health Partners","PIII","360","2.41","United States"
"6941","Erayak Power Solution","RAYA","360","0.6244","China"
"6942","ITM Power","ITM.L","359","1.26196","United Kingdom"
"6943","Gigas Hosting","GIGA.MC","359","4.08019","Spain"
"6944","Vericel","VCEL","357","35.14","United States"
"6945","Northfield Bancorp","NFBK","357","13.85","United States"
"6946","Collegium Pharmaceutical","COLL","357","35.64","United States"
"6947","Intracom Holdings","INTRK.AT","357","3.50236","Greece"
"6948","Shoper","SHO.WA","356","12.0504","Poland"
"6949","The Beachbody Company","BODI","355","11.12","United States"
"6950","Easy Software","ESY.HM","355","23.467","Germany"
"6951","First Business Financial Services","FBIZ","354","58.44","United States"
"6952","Outset Medical","OM","354","4.35","United States"
"6953","Tabuk Cement Company","3090.SR","354","2.13741","Saudi Arabia"
"6954","Acast AB","ACAST.ST","354","3.15891","Sweden"
"6955","REGENXBIO","RGNX","353","9.3","United States"
"6956","TG Therapeutics","TGTX","352","34.56","United States"
"6957","Remedy Entertainment","REMEDY.HE","352","14.8821","Finland"
"6958","Gran Tierra Energy","GTE","351","7.85","Canada"
"6959","Halozyme Therapeutics","HALO","350","67.31","United States"
"6960","Heritage Commerce","HTBK","350","13.3","United States"
"6961","Highwoods Properties","HIW","350","22.84","United States"
"6962","Vertical Aerospace","EVTL","350","2.63","United Kingdom"
"6963","Ultimate Products","ULTP.L","350","0.626912","United Kingdom"
"6964","SI-BONE","SIBN","349","14.43","United States"
"6965","MFA Financial","MFA","348","10.08","United States"
"6966","Hypothekarbank Lenzburg","HBLN.SW","347","5299.54","Switzerland"
"6967","AS Tallinna Vesi","TVE1T.TL","347","13.4434","Estonia"
"6968","Y.D. More Investments","MRIN.TA","347","13.3422","Israel"
"6969","Vente-Unique.com","ALVU.PA","347","16.0377","France"
"6970","LCNB Corp.","LCNB","346","16.92","United States"
"6971","Backblaze","BLZE","346","3.58","United States"
"6972","Michelmersh Brick Holdings plc","MBH.L","346","1.01093","United Kingdom"
"6973","United States Lime &amp; Minerals","USLM","345","137.29","United States"
"6974","Allied Properties REIT","AP-UN.TO","345","7.65382","Canada"
"6975","Mapletree Logistics Trust","M44U.SI","345","0.983292","Singapore"
"6976","Kenon Holdings","KEN","344","81.97","Singapore"
"6977","Raisio plc","RAIVV.HE","344","3.26651","Finland"
"6978","Teikoku Sen-i Co., Ltd.","3302.T","344","18.0157","Japan"
"6979","VGP NV","VGP.BR","343","108.137","Belgium"
"6980","Arcutis Biotherapeutics","ARQT","342","25.09","United States"
"6981","Asia Financial Holdings","0662.HK","342","0.603634","Hong Kong"
"6982","Perfect Corp.","PERF","342","1.69","Taiwan"
"6983","Community West Bancshares","CWBC","342","24.15","United States"
"6984","MacroGenics","MGNX","341","3.49","United States"
"6985","Branicks Group","BRNK.DE","341","1.53302","Germany"
"6986","OPAL Fuels","OPAL","341","2.42","United States"
"6987","BlackSky Technology","BKSY","340","32.04","United States"
"6988","Grove Collaborative","GROV","339","1.32","United States"
"6989","Luna Innovations","LUNA","337","1.5","United States"
"6990","Olectra Greentech","OLECTRA.NS","337","13.0275","India"
"6991","Don't Nod Entertainment","ALDNE.PA","337","0.567217","France"
"6992","Serko Limited","SKO.NZ","337","1.08009","New Zealand"
"6993","Sichuan Xunyou Network Technology","300467.SZ","336","4.55192","China"
"6994","TANLA","TANLA.NS","336","4.95855","India"
"6995","TENDA","4198.T","336","3.53014","Japan"
"6996","Waldencast","WALD","335","1.06","United States"
"6997","Mirum Pharmaceuticals","MIRM","334","96.9","United States"
"6998","Feiyu Technology International Company","1022.HK","334","0.0650853","China"
"6999","Melisron","MLSR.TA","334","145.835","Israel"
"7000","Klil Industries","KLIL.TA","334","64.3213","Israel"
"7001","Local Bounti","LOCL","333","1.32","United States"
"7002","Urgent.ly Inc.","ULY","333","5.38","United States"
"7003","Netfonds AG","NF4.DE","332","92.5708","Germany"
"7004","BoomBit","BBT.WA","331","1.73103","Poland"
"7005","NuScale Power","SMR","330","10.25","United States"
"7006","Harvard Bioscience","HBIO","330","4.91","United States"
"7007","1Spatial","SPA.L","330","0.977005","United Kingdom"
"7008","Investar Holding","ISTR","329","28.52","United States"
"7009","EVgo","EVGO","329","2.05","United States"
"7010","Amtech Systems","ASYS","328","15.97","United States"
"7011","Orla Mining","ORLA","327","17.79","Canada"
"7012","Ridgepost Capital","RPC","326","7.55","United States"
"7013","Wingstop Restaurants","WING","325","198.08","United States"
"7014","Advanced Petrochemical","2330.SR","325","7.53158","Saudi Arabia"
"7015","Cosmo Pharmaceuticals","C43.F","325","124.764","Ireland"
"7016","Core Scientific","CORZ","325","18.68","United States"
"7017","InfraCom Group AB","INFRA.ST","325","2.24352","Sweden"
"7018","Admicom Oyj","ADMCM.HE","325","35.8491","Finland"
"7019","EverQuote","EVER","324","15.88","United States"
"7020","DigitalBridge Group","DBRG","324","15.58","United States"
"7021","PCC Exol","PCX.WA","324","0.584431","Poland"
"7022","Esentia Energy Systems","ESENTIAII.MX","324","3.35478","Mexico"
"7023","Preferred Bank","PFBC","323","94.9","United States"
"7024","First Internet Bancorp","INBK","323","23.45","United States"
"7025","Tarsus Pharmaceuticals","TARS","323","73.81","United States"
"7026","inTEST Corporation","INTT","323","15.41","United States"
"7027","Bastei Lübbe","BST.DE","323","7.87736","Germany"
"7028","ISE Chemicals","4107.T","323","32.7215","Japan"
"7029","Centrus Energy","LEU","322","193.11","United States"
"7030","HUB Cyber Security","HUBC","322","0.127","Israel"
"7031","Y.H. Dimri Construction &amp; Development","DIMRI.TA","322","159.608","Israel"
"7032","BRAIN Biotech","BNN.DE","322","2.84198","Germany"
"7033","First Western Financial","MYFW","321","26.72","United States"
"7034","Bergbahnen Engelberg-Trübsee-Titlis","TIBN.SW","321","66.5643","Switzerland"
"7035","Archicom","ARH.WA","321","13.5532","Poland"
"7036","Freelance.com SA","ALFRE.PA","321","2.40566","France"
"7037","BayCom (United Business Bank)","BCML","320","28.34","United States"
"7038","Voltamp Transformers","VOLTAMP.NS","320","101.619","India"
"7039","InterCure","INCR","320","0.76","Israel"
"7040","Rekor Systems","REKR","319","0.8564","United States"
"7041","The Vita Coco Company","COCO","319","49.63","United States"
"7042","Perimeter Solutions","PRM","319","26.45","United States"
"7043","Lucas GC","LGCL","319","1.64","China"
"7044","freelancer.com","FLN.AX","318","0.0997883","Australia"
"7045","Xenon Pharmaceuticals","XENE","316","59.35","Canada"
"7046","Simply Good Foods","SMPL","316","11.39","United States"
"7047","SPI Energy","SPI","316","0.766","United States"
"7048","SoundThinking 
 (ShotSpotter)","SSTI","316","6.57","United States"
"7049","Agenus","AGEN","316","4.72","United States"
"7050","CVR Partners","UAN","316","119.22","United States"
"7051","WisdomTree","WT","315","17.27","United States"
"7052","Kiniksa Pharmaceuticals","KNSA","315","46.92","Bermuda"
"7053","MSTC Limited","MSTCLTD.NS","315","4.53384","India"
"7054","Gencor Industries","GENC","314","15.2","United States"
"7055","Mynaric","M0YN.DE","314","0.613256","Germany"
"7056","INWIT","INW.MI","312","8.82665","Italy"
"7057","MDxHealth","MDXH","312","2.27","Belgium"
"7058","Swvl Holdings","SWVL","312","1.5","United Arab Emirates"
"7059","DoubleUGames","192080.KS","311","34.6529","South Korea"
"7060","Síminn hf.","SIMINN.IC","311","0.110225","Iceland"
"7061","Turning Point Brands","TPB","310","81.51","United States"
"7062","eMemory Technology","3529.TWO","310","108.087","Taiwan"
"7063","EDAP TMS","EDAP","310","3.37","France"
"7064","Velocity Financial","VEL","309","19.51","United States"
"7065","Sidetrade","ALBFR.PA","309","184.434","France"
"7066","U10 Corp","ALU10.PA","309","1.34434","France"
"7067","Multi Commodity Exchange","MCX.NS","308","29.6987","India"
"7068","Consolidated Water","CWCO","307","34.07","Cayman Islands"
"7069","RADCOM","RDCM","307","12.25","Israel"
"7070","Cousins Properties","CUZ","306","23.23","United States"
"7071","Aedas Homes","AEDAS.MC","306","27.0047","Spain"
"7072","LEENO Industrial","058470.KQ","306","76.0325","South Korea"
"7073","Bicycle Therapeutics","BCYC","305","5.06","United Kingdom"
"7074","Digital Bros","DIB.MI","305","11.6156","Italy"
"7075","Mama's Creations","MAMA","305","15.75","United States"
"7076","Federal Realty Investment Trust","FRT","304","110.21","United States"
"7077","LightPath Technologies","LPTH","304","14.29","United States"
"7078","Esperion Therapeutics","ESPR","304","2.05","United States"
"7079","LifeMD","LFMD","304","3.77","United States"
"7080","Crombie Real Estate Investment Trust","CRR-UN.TO","303","12.0471","Canada"
"7081","FIGS","FIGS","303","14.52","United States"
"7082","EKF Diagnostics","EKF.L","303","0.325668","United Kingdom"
"7083","ADS-TEC Energy","ADSE","302","11.3","Ireland"
"7084","Star Bulk Carriers","SBLK","301","24.58","Greece"
"7085","Sun Corp","6736.T","301","47.8237","Japan"
"7086","FingerTango","6860.HK","301","0.0236094","China"
"7087","Eurobio Scientific","ALERS.PA","300","28.3019","France"
"7088","The National Company for Glass Industries","2150.SR","300","9.92484","Saudi Arabia"
"7089","Lyell Immunopharma","LYEL","300","23.37","United States"
"7090","Angel Oak Mortgage REIT","AOMR","300","8.92","United States"
"7091","Phillips Edison &amp; Company","PECO","300","38.49","United States"
"7092","System1","SST","300","2.26","United States"
"7093","Genius Group","GNS","300","0.45","Singapore"
"7094","Forge Global","FRGE","300","45","United States"
"7095","Acrow Limited","ACF.AX","300","0.659316","Australia"
"7096","Zymeworks","ZYME","299","26.98","Canada"
"7097","Rocket Pharmaceuticals","RCKT","299","3.64","United States"
"7098","OMER S.p.A.","OMER.MI","298","4.12736","Italy"
"7099","Eleco","ELCO.L","298","1.66905","United Kingdom"
"7100","Southern First Bancshares","SFST","297","58.85","United States"
"7101","Sport Lisboa e Benfica","SLBEN.LS","297","7.07547","Portugal"
"7102","Nichols plc","NICL.L","297","12.6196","United Kingdom"
"7103","Piscines Desjoyaux","ALPDX.PA","296","12.559","France"
"7104","Caspian Sunrise","CASP.L","296","0.0298529","United Kingdom"
"7105","Quirin Privatbank","QB7.DE","296","3.89151","Germany"
"7106","Iberpapel Gestión","IBG.MC","294","24.5283","Spain"
"7107","kneat.com","FOBK.F","293","2.64151","Ireland"
"7108","Perma-Fix Environmental Services","PESI","293","12.13","United States"
"7109","TWFG, Inc.","TWFG","293","18.07","United States"
"7110","INTERSHOP Communications","ISHA.DE","293","1.19104","Germany"
"7111","Bridgewater Bancshares","BWB","292","18.9","United States"
"7112","Ouster","OUST","292","23.42","United States"
"7113","Lifeway Foods","LWAY","291","24.79","United States"
"7114","Bank of Marin Bancorp","BMRC","291","26.69","United States"
"7115","Metropolitan Bank Holding","MCB","291","89.73","United States"
"7116","Pulmonx","LUNG","291","1.42","United States"
"7117","YanGuFang International Group","YGF","291","0.7332","China"
"7118","California BanCorp","BCAL","290","18.44","United States"
"7119","Groupe Minoteries SA","GMI.SW","290","294.419","Switzerland"
"7120","Agile Content","AGIL.MC","290","2.35849","Spain"
"7121","GrowGeneration","GRWG","289","1.08","United States"
"7122","GEN Restaurant Group","GENK","289","1.59","United States"
"7123","Anika Therapeutics","ANIK","288","15.3","United States"
"7124","Rottneros","RROS.ST","288","0.267915","Sweden"
"7125","Xponential Fitness","XPOF","288","7.33","United States"
"7126","Envela Corporation","ELA","288","17.55","United States"
"7127","Avantium N.V.","AVTX.AS","288","8.46698","Netherlands"
"7128","Wave Life Sciences","WVE","287","7.39","Singapore"
"7129","1-800-PetMeds","PETS","287","2.35","United States"
"7130","Evolv Technologies","EVLV","287","6.3","United States"
"7131","Computer Modelling Group","CMG.TO","287","2.99908","Canada"
"7132","RENOVA, Inc.","9519.T","287","6.52542","Japan"
"7133","Western New England Bancorp","WNEB","286","13.89","United States"
"7134","Starwood Property Trust","STWD","286","18.02","United States"
"7135","Nurix Therapeutics","NRIX","286","16.3","United States"
"7136","Hydrofarm","HYFM","286","0.93","United States"
"7137","MoneyHero","MNY","286","1.3","Singapore"
"7138","Navigator Global Investments","NGI.AX","286","1.53246","Australia"
"7139","Smart Sand","SND","285","4.76","United States"
"7140","Brandywine Realty Trust","BDN","285","2.76","United States"
"7141","Choice Properties REIT","CHP-UN.TO","285","11.7276","Canada"
"7142","Prenetics","PRE","285","18.01","Hong Kong"
"7143","First Bancorp","FNLC","284","29.225","United States"
"7144","1stdibs.com","DIBS","284","5.82","United States"
"7145","gremz, Inc.","3150.T","284","18.324","Japan"
"7146","Rhythm Pharmaceuticals","RYTM","283","87.28","United States"
"7147","Redwood Trust","RWT","283","6.05","United States"
"7148","Ashmore Group","ASHM.L","283","2.99344","United Kingdom"
"7149","Landmark Bancorp","LARK","283","26.76","United States"
"7150","Neinor Homes","HOME.MC","282","19.8113","Spain"
"7151","SAF Tehnika A/S","SAF1R.RG","282","10.7311","Latvia"
"7152","ZK International Group","ZKIN","281","1.4245","China"
"7153","Peoples Bancorp of North Carolina","PEBK","281","41.925","United States"
"7154","Kojamo","KOJAMO.HE","281","10.2771","Finland"
"7155","Ten Square Games","TEN.WA","281","30.3069","Poland"
"7156","Prosafe SE","PRS.OL","281","0.367348","Norway"
"7157","CeriBell","CBLL","281","19.55","United States"
"7158","UNITED","2497.T","280","3.2281","Japan"
"7159","National Gypsum Company","2090.SR","280","3.89372","Saudi Arabia"
"7160","Navitas Semiconductor","NVTS","280","9.87","Ireland"
"7161","Corem Property Group AB","CORE-PREF.ST","280","26.4648","Sweden"
"7162","Karyopharm Therapeutics","KPTI","279","8.45","United States"
"7163","Pexip","PEXIP.OL","279","6.7753","Norway"
"7164","Silvaco Group","SVCO","279","7.88","United States"
"7165","Jindal Poly Films","JINDALPOLY.NS","278","7.9165","India"
"7166","Australian Finance Group","AFG.AX","278","1.33645","Australia"
"7167","Anaam International","4061.SR","277","3.02223","Saudi Arabia"
"7168","Hong Kong Ferry","0050.HK","276","0.652129","Hong Kong"
"7169","Aeva Technologies","AEVA","276","14.12","United States"
"7170","Krystal Biotech","KRYS","275","270","United States"
"7171","Amarin Corporation","AMRN","275","14.55","Ireland"
"7172","Global Atomic","GLO.TO","275","0.595459","Canada"
"7173","The Tel-Aviv Stock Exchange","TASE.TA","275","50.78","Israel"
"7174","Timberland Bancorp","TSBK","274","41.39","United States"
"7175","Ocular Therapeutix","OCUL","274","8.76","United States"
"7176","Carmila","CARM.PA","274","20.7547","France"
"7177","Dave Inc.","DAVE","274","213.76","United States"
"7178","hVIVO","HVO.L","274","0.118055","United Kingdom"
"7179","Bango","BGO.L","274","0.84131","United Kingdom"
"7180","Tri Chemical Laboratories","4369.T","274","18.7268","Japan"
"7181","Biodesix","BDSX","273","12.14","United States"
"7182","Nuvation Bio","NUVB","273","4.85","United States"
"7183","CCSC Technology International Holdings","CCTG","273","0.5099","Hong Kong"
"7184","Evli","EVLI.HE","273","27.3585","Finland"
"7185","IVF Hartmann","VBSN.SW","273","174.091","Switzerland"
"7186","Scienjoy Holding Corporation","SJ","272","1.26","China"
"7187","Summit Midstream","SMC","272","29.29","United States"
"7188","Glarner Kantonalbank","GLKBN.SW","272","32.002","Switzerland"
"7189","Guillemot Corporation","GUI.PA","272","4.81132","France"
"7190","Rexford Industrial","REXR","271","35.29","United States"
"7191","Alembic Limited","ALEMBICLTD.NS","271","0.908915","India"
"7192","Friedman Industries","FRD","271","18.66","United States"
"7193","Atrium Ljungberg","ATRLJ-B.ST","271","3.29993","Sweden"
"7194","Japan Securities Finance","8511.T","271","14.1709","Japan"
"7195","CITIC Metal","601061.SS","271","1.81021","China"
"7196","Syndax Pharmaceuticals","SNDX","270","24.43","United States"
"7197","Arteris","AIP","270","20.17","United States"
"7198","Benson Hill","BHIL","270","0.249","United States"
"7199","SmartCraft ASA","SMCRT.OL","270","1.95848","Norway"
"7200","Netcall","NET.L","270","1.48586","United Kingdom"
"7201","Sutro Biopharma","STRO","269","28.78","United States"
"7202","Dolphin Entertainment","DLPN","269","1.47","United States"
"7203","Thinkific Labs","THNC.TO","269","1.00211","Canada"
"7204","coly","4175.T","269","13.2962","Japan"
"7205","Apetit Oyj","APETIT.HE","269","17.3349","Finland"
"7206","Pioneer Bancorp","PBFS","268","14.57","United States"
"7207","geechs","7060.T","268","3.62453","Japan"
"7208","Harmony Biosciences","HRMY","268","29.29","United States"
"7209","Lightning eMotors","ZEVY","268","0.0001","United States"
"7210","HWA AG","H9W.DE","268","3.93868","Germany"
"7211","Energix Renewable Energies","ENRG.TA","267","6.43545","Israel"
"7212","Global Indemnity","GBLI","266","28.33","Cayman Islands"
"7213","Yuke's","4334.T","265","2.50445","Japan"
"7214","McPhy Energy","MCPHY.PA","265","2.53774","France"
"7215","Cemtrex","CETX","264","1.21","United States"
"7216","BCB Bancorp","BCBP","264","9.52","United States"
"7217","CyberStep","3810.T","264","1.40325","Japan"
"7218","Hawthorn Bancshares","HWBK","264","34.23","United States"
"7219","Kuwait Insurance Company","KINS.KW","264","2271.1","Kuwait"
"7220","Campine","CAMB.BR","264","264.151","Belgium"
"7221","ADC Therapeutics","ADCT","263","3.86","Switzerland"
"7222","LOTTE Corporation","004990.KS","263","19.3988","South Korea"
"7223","KDH (Khang Dien House Trading and Investment)","KDH.VN","263","1.01367","Vietnam"
"7224","Silicon Studio","3907.T","262","3.8196","Japan"
"7225","Northern Technologies International","NTIC","262","8.05","United States"
"7226","SB Financial Group","SBFG","262","22.53","United States"
"7227","Bahnhof AB","3B7.F","261","5.74882","Sweden"
"7228","Orion Energy Systems","OESX","260","9.65","United States"
"7229","AVITA Medical","RCEL","260","5.6","United States"
"7230","Mynet","3928.T","260","1.74305","Japan"
"7231","Solid Power","SLDP","260","3.15","United States"
"7232","Cenntro Electric Group","CENN","260","0.0775","United States"
"7233","Castellum","CTM","260","0.682","United States"
"7234","ToughBuilt Industries","TBLT","259","0.0003","United States"
"7235","Energiekontor","EKT.DE","259","45.8137","Germany"
"7236","Relay Therapeutics","RLAY","259","14.75","United States"
"7237","Ames National Corp.","ATLO","258","28.78","United States"
"7238","Arabian Contracting Services Company","4071.SR","258","31.1817","Saudi Arabia"
"7239","Allied Cooperative Insurance Group","8150.SR","258","1.73498","Saudi Arabia"
"7240","PCB Bancorp","PCB","257","24.2","United States"
"7241","Hallmark Financial Services","HALL","257","0.0781","United States"
"7242","Danimer Scientific","DNMR","257","0.35","United States"
"7243","IREN (Iris Energy)","IREN","257","47.37","Australia"
"7244","Techstep ASA","TECH.OL","257","1.08511","Norway"
"7245","Eagle Eye Solutions Group","EYE.L","257","4.51186","United Kingdom"
"7246","Comstock Resources","CRK","256","16.25","United States"
"7247","CleanSpark","CLSK","256","11.27","United States"
"7248","Biohaven","BHVN","256","10.44","United States"
"7249","Port of Tauranga","POT.NZ","256","4.71581","New Zealand"
"7250","Merlin Properties","MRL.MC","256","17.9009","Spain"
"7251","Sanghi Industries","SANGHIIND.NS","256","0.535749","India"
"7252","Valens Semiconductor","VLN","256","1.38","Israel"
"7253","Hufvudstaden AB","HUFV-A.ST","256","13.6027","Sweden"
"7254","Squirrel Media","SQRL.MC","256","2.91274","Spain"
"7255","Median Technologies SA","ALMDT.PA","256","5.19458","France"
"7256","Elme Communities","ELME","255","2.15","United States"
"7257","China Everbright Limited","0165.HK","255","0.824414","Hong Kong"
"7258","Heiwa Real Estate","8803.T","255","15.7315","Japan"
"7259","Energy Recovery","ERII","254","11.29","United States"
"7260","National CineMedia","NCMI","254","3.45","United States"
"7261","Palomar Holdings","PLMR","253","130.89","United States"
"7262","Ironwood Pharmaceuticals","IRWD","253","4.04","United States"
"7263","Kvika banki","KVIKA.IC","253","0.142716","Iceland"
"7264","Turtle Beach Corp","TBCH","252","10.71","United States"
"7265","Ohio Valley Banc Corp","OVBC","252","45.61","United States"
"7266","Magnolia Oil &amp; Gas","MGY","252","28.6","United States"
"7267","NCS Multistage","NCSM","252","69.48","United States"
"7268","ATHEX  (Athens Stock Exchange)","EXAE.AT","252","8.25472","Greece"
"7269","Jumbo Interactive Limited","JIN.AX","252","5.65942","Australia"
"7270","Digital Arts Inc.","2326.T","252","34.9868","Japan"
"7271","GEE Group","JOB","251","0.248","United States"
"7272","Xencor","XNCR","250","12.51","United States"
"7273","SES AI","SES","250","1.1","United States"
"7274","Mo-BRUK S.A.","MBR.WA","250","94.6221","Poland"
"7275","BSR Real Estate Investment Trust","HOM-UN.TO","250","11.7567","Canada"
"7276","Kraken Robotics","PNG.V","250","6.17584","Canada"
"7277","Marks Electrical Group","MRK.L","250","0.664906","United Kingdom"
"7278","3i Group","III.L","249","37.5265","United Kingdom"
"7279","PLBY Group (Playboy)","PLBY","249","1.64","United States"
"7280","SPAR Group","SGRP","249","0.5899","United States"
"7281","Bowhead Specialty Holdings","BOW","249","24.12","United States"
"7282","Villars Holding","VILN.SW","249","742.448","Switzerland"
"7283","Aker BioMarine","AKBM.OL","249","11.0099","Norway"
"7284","Citizens Inc","CIA","247","5.5","United States"
"7285","S.S. Lazio","SSL.MI","247","1.67453","Italy"
"7286","Middlefield Banc","MBCN","246","33.67","United States"
"7287","Editas Medicine","EDIT","246","3.39","United States"
"7288","CDSL","CDSL.NS","246","13.8592","India"
"7289","908 Devices","MASS","246","7.32","United States"
"7290","Sporting Clube de Braga","SCB.LS","246","18.1604","Portugal"
"7291","Artesian Resources","ARTNA","245","32.65","United States"
"7292","Beam Global","BEEM","245","1.5","United States"
"7293","11 bit studios","11B.WA","245","37.8489","Poland"
"7294","National Bankshares","NKSH","245","37.06","United States"
"7295","Rockwell Medical","RMTI","244","0.9269","United States"
"7296","Kennedy Wilson","KW","244","10.9","United States"
"7297","Vinci Partners","VINP","244","10.8","Brazil"
"7298","Ivanhoe Electric","IE","244","14.39","Canada"
"7299","Touax SCA","TOUP.PA","244","6.36395","France"
"7300","Simulations Plus","SLP","243","13.37","United States"
"7301","Kosmos Energy","KOS","243","2.5","United States"
"7302","illumin","ILLM.TO","243","0.573673","Canada"
"7303","Linde India","LINDEINDIA.NS","242","77.7475","India"
"7304","Indoritel","DNET.JK","242","0.534151","Indonesia"
"7305","Princeton Bancorp","BPRN","242","35.83","United States"
"7306","Kartoon Studios","TOON","242","0.6163","United States"
"7307","Limoneira","LMNR","241","13.25","United States"
"7308","Inmobiliaria Colonial","COL.MC","241","6.46226","Spain"
"7309","Solaria Energía","SLR.MC","241","27.3349","Spain"
"7310","Movella","MVLA","241","0.0004","United States"
"7311","MetroCity Bankshares","MCBS","240","31.23","United States"
"7312","Zeal Network","TIMA.F","240","57.783","Germany"
"7313","ESS Tech","GWH","240","1.2","United States"
"7314","Djurslands Bank A/S","DJUR.CO","240","153.046","Denmark"
"7315","Smartbroker Holding","SB1.DE","240","14.2689","Germany"
"7316","Virginia National Bankshares","VABK","239","41.1","United States"
"7317","Bredband2 i Skandinavien AB","BRE2.ST","239","0.353953","Sweden"
"7318","Synthaverse","SVE.WA","239","1.01301","Poland"
"7319","Riverview Bancorp","RVSB","238","5.53","United States"
"7320","Hudson Technologies","HDSN","238","6.18","United States"
"7321","Formycon AG","FYB.DE","238","21.8868","Germany"
"7322","NextDecade Corp","NEXT","237","7.41","United States"
"7323","PolyNovo","PNV.AX","237","0.751976","Australia"
"7324","Velo3D","VLDX","237","6.15","United States"
"7325","Verimatrix","VMX.PA","237","0.208726","France"
"7326","FORTEC Elektronik AG","FEV.DE","237","13.6203","Germany"
"7327","Gulfport Energy","GPOR","235","191","United States"
"7328","Devolver Digital","DEVO.L","235","0.298529","United States"
"7329","Polaris Renewable Energy","PIF.TO","235","9.51281","Canada"
"7330","Gaumont SA","GAM.PA","235","125","France"
"7331","UroGen Pharma","URGN","234","21.22","United States"
"7332","CASI Pharmaceuticals","CASI","233","0.2075","United States"
"7333","Helia Group","HLI.AX","233","3.80978","Australia"
"7334","Tristel","TSTL.L","233","5.19034","United Kingdom"
"7335","UmweltBank","UBK.DE","232","4.59906","Germany"
"7336","Xior Student Housing","XIOR.BR","232","33.1368","Belgium"
"7337","OP Bancorp (Open Bank)","OPBK","231","14.17","United States"
"7338","Olaplex","OLPX","231","2.02","United States"
"7339","Atland SAS","ATLD.PA","231","47.0519","France"
"7340","NMI Holdings","NMIH","230","38.85","United States"
"7341","American Assets Trust","AAT","230","20.15","United States"
"7342","Vaalco Energy","EGY","230","5.77","United States"
"7343","Geron","GERN","229","1.77","United States"
"7344","Kilroy Realty","KRC","229","29.19","United States"
"7345","Amplify Energy","AMPY","229","5.5","United States"
"7346","Plejd AB","PLEJD.ST","229","108.243","Sweden"
"7347","Allreal Holding","ALLN.SW","228","291.859","Switzerland"
"7348","Boyaa Interactive","0434.HK","228","0.363712","China"
"7349","Personalis","PSNL","228","6.68","United States"
"7350","Peach Property Group AG","PEAN.SW","228","6.47721","Switzerland"
"7351","Fabege AB","FABG.ST","228","8.53844","Sweden"
"7352","Unity Bancorp","UNTY","227","55","United States"
"7353","First Northwest Bancorp","FNWB","227","9.65","United States"
"7354","Kite Realty","KRG","227","25.65","United States"
"7355","4D Molecular Therapeutics","FDMT","227","9.66","United States"
"7356","Antin Infrastructure Partners","ANTIN.PA","227","12.6887","France"
"7357","Travelzoo","TZOO","227","6.73","United States"
"7358","Moulinvest","ALMOU.PA","227","26.4151","France"
"7359","Allogene Therapeutics","ALLO","226","2.28","United States"
"7360","M-tron Industries","MPTI","226","67.46","United States"
"7361","Wihlborgs Fastigheter AB","WIHL.ST","226","9.81812","Sweden"
"7362","Skillz","SKLZ","225","2.8","United States"
"7363","Orange County Bancorp","OBT","225","35.33","United States"
"7364","Kyntra Bio","KYNB","225","7.37","United States"
"7365","Quest Resource Holding","QRHC","224","1.12","United States"
"7366","Omni Bridgeway","OBL.AX","224","1.22953","Australia"
"7367","IBU-tec advanced materials AG","IBU.DE","224","16.0377","Germany"
"7368","Lifenet Insurance Company","7157.T","224","14.4541","Japan"
"7369","Aemetis","AMTX","223","2.28","United States"
"7370","Foseco India","FOSECOIND.NS","223","48.3226","India"
"7371","Metrovacesa","MVC.MC","223","14.717","Spain"
"7372","Lifevantage","LFVN","222","4.135","United States"
"7373","Hut 8","HUT","222","71.74","Canada"
"7374","Coherus BioSciences","CHRS","221","1.8","United States"
"7375","Kingfa Science & Technology","KINGFA.NS","221","47.3776","India"
"7376","Develia","DVL.WA","221","2.72178","Poland"
"7377","Texaf","TEXF.BR","221","48.5849","Belgium"
"7378","Citycon","CTY1S.HE","220","4.16274","Finland"
"7379","Apyx Medical","APYX","220","3.84","United States"
"7380","Lemonsoft","LEMON.HE","220","5.66038","Finland"
"7381","SBF AG","CY1K.DE","220","4.26887","Germany"
"7382","Revenio","REG1V.HE","219","21.2736","Finland"
"7383","M1 Kliniken AG","M12.DE","219","17.7594","Germany"
"7384","Abdullah Saad Mohammed Abo Moati for Bookstores Company","4191.SR","219","11.8597","Saudi Arabia"
"7385","Globe Trade Centre","GTC.WA","219","0.751411","Poland"
"7386","Birchcliff Energy","BIR.TO","218","4.37154","Canada"
"7387","Inseego","INSG","218","14.18","United States"
"7388","Humacyte","HUMA","218","0.6911","United States"
"7389","AltPlus","3672.T","217","0.251704","Japan"
"7390","Golden Sun Education Group","GSUN","217","0.4601","China"
"7391","Cellectis","CLLS","216","4.16","France"
"7392","Sight Sciences","SGHT","216","3.82","United States"
"7393","D-Wave Quantum","QBTS","216","16.97","Canada"
"7394","Ekopak","EKOP.BR","216","5.86675","Belgium"
"7395","Red Violet","RDVT","215","36.9","United States"
"7396","Digimarc","DMRC","215","6.4","United States"
"7397","Solar Integrated Roofing","SIRC","214","0.0001","United States"
"7398","AMTD IDEA Group","AMTD","214","1.02","Hong Kong"
"7399","Prime Medicine","PRME","214","3.7","United States"
"7400","ecotel communication","E4C.DE","214","7.78302","Germany"
"7401","Orbit Communication Systems","ORBI.TA","213","14.0491","Israel"
"7402","Liontrust Asset Management PLC","LIO.L","213","3.43987","United Kingdom"
"7403","ad pepper media International","APM.DE","213","3.16038","Germany"
"7404","Accsys Technologies","AXS.L","212","0.860307","United Kingdom"
"7405","Performance Shipping","PSHG","211","1.88","Greece"
"7406","Ponce Financial Group","PDLB","211","17.6","United States"
"7407","REE Automotive","REE","211","0.623","Israel"
"7408","QXO, Inc.","QXO","211","23.34","United States"
"7409","Veru","VERU","210","2.42","United States"
"7410","Groupe OKwind","ALOKW.PA","210","0.574292","France"
"7411","uniQure","QURE","209","17.09","Netherlands"
"7412","TELA Bio","TELA","209","0.6021","United States"
"7413","CTEK AB","CTEK.ST","209","1.70987","Sweden"
"7414","Inmobiliaria del Sur","ISUR.MC","209","19.5755","Spain"
"7415","WALLIX Group","ALLIX.PA","209","28.5377","France"
"7416","Fluent","FLNT","208","3.18","United States"
"7417","Protalix BioTherapeutics","PLX","208","2.36","Israel"
"7418","Kymera Therapeutics","KYMR","208","89.865","United States"
"7419","REVO Insurance S.p.A.","REVO.MI","208","27.2995","Italy"
"7420","Xtant Medical","XTNT","207","0.51","United States"
"7421","Naturhouse Health","NTH.MC","207","3.17217","Spain"
"7422","Dar Global","DAR.L","207","7.3","United Kingdom"
"7423","Southern States Bancshares","SSBK","206","36.37","United States"
"7424","CVRx","CVRX","206","7.72","United States"
"7425","Open Lending","LPRO","205","1.61","United States"
"7426","Anup Engineering","ANUP.NS","205","20.7416","India"
"7427","Cogent Biosciences","COGT","205","36.49","United States"
"7428","Five Star Bancorp","FSBC","205","40.74","United States"
"7429","MGI Digital Technology","ALMDG.PA","205","16.2736","France"
"7430","BOC Aviation","2588.HK","204","10.7008","Singapore"
"7431","Anant Raj","ANANTRAJ.NS","204","5.21144","India"
"7432","ProKidney","PROK","204","1.91","United States"
"7433","Pricer AB","PRIC-B.ST","204","0.357221","Sweden"
"7434","Audinate Group","AD8.AX","204","1.7463","Australia"
"7435","Polar Capital Holdings","POLR.L","204","9.32226","United Kingdom"
"7436","PensionBee Group","PBEE.L","204","1.95401","United Kingdom"
"7437","W. P. Carey","WPC","203","71.61","United States"
"7438","Omeros Corporation","OMER","202","11.84","United States"
"7439","NI Holdings","NODK","202","12.82","United States"
"7440","Genasys","GNSS","202","1.9","United States"
"7441","Derwent London","DLN.L","201","23.3124","United Kingdom"
"7442","A2Z Smart Technologies","AZ","201","7.94","Canada"
"7443","TXO Partners, L.P.","TXO","201","11.92","United States"
"7444","Animalcare Group","ANCR.L","201","3.3381","United Kingdom"
"7445","Shen Zhen Shengxunda Technology (gamexun)","300518.SZ","200","2.98229","China"
"7446","Offerpad","OPAD","200","0.788","United States"
"7447","Sonendo","SONX","200","0.33","United States"
"7448","TScan Therapeutics","TCRX","200","1.06","United States"
"7449","Frequency Electronics","FEIM","200","56.58","United States"
"7450","Arq Inc.","ARQ","200","2.24","United States"
"7451","Integrated Wind Solutions","IWS.OL","200","6.2248","Norway"
"7452","Waga Energy","WAGA.PA","200","27.6533","France"
"7453","Serica Energy","SQZ.L","200","3.6122","United Kingdom"
"7454","Enapter AG","H2O.DE","200","1.52123","Germany"
"7455","Alico","ALCO","199","43.05","United States"
"7456","Bank of Innovation","4393.T","199","32.4069","Japan"
"7457","Banca Profilo","PRO.MI","199","0.206368","Italy"
"7458","Obsidian Energy","OBE","198","9.53","Canada"
"7459","HiPay Group","ALHYP.PA","198","6.08491","France"
"7460","ReneSola","SOL","197","1.94","United States"
"7461","Sadr Logistics Company","1832.SR","197","0.708917","Saudi Arabia"
"7462","Pixelworks","PXLW","196","5.36","United States"
"7463","BB Seguridade Participações","BBSE3.SA","196","7.16937","Brazil"
"7464","FinWise Bancorp","FINW","196","16.29","United States"
"7465","AMTD Digital","HKD","196","1.74","Hong Kong"
"7466","Apogee Therapeutics","APGE","196","88.47","United States"
"7467","Energy Fuels","UUUU","195","19.54","United States"
"7468","NeuroPace","NPCE","195","15.35","United States"
"7469","Lhyfe SA","LHYFE.PA","195","2.74175","France"
"7470","Kalray","ALKAL.PA","195","6.06132","France"
"7471","Streamwide","ALSTW.PA","195","92.9245","France"
"7472","Laiqon AG","LQAG.DE","195","4.97642","Germany"
"7473","Legacy Education","LGCY","195","13.79","United States"
"7474","Shanghai Zhangjiang Hi-Tech Park Development","600895.SS","195","5.39541","China"
"7475","Northeast Bank","NBN","194","123.15","United States"
"7476","Golden Minerals","AUMN","194","0.22","United States"
"7477","Sana Biotechnology","SANA","194","3.48","United States"
"7478","Peet Limited","PPC.AX","194","1.37922","Australia"
"7479","Mivne Real Estate (K.D)","MVNE.TA","194","4.74942","Israel"
"7480","Zee Learn","ZEELEARN.NS","193","0.052297","India"
"7481","Sundaram Finance","SUNDARMHLD.NS","193","7.58155","India"
"7482","Maximum Entertainment","8R7.F","193","0.0271226","Sweden"
"7483","Strathcona Resources","SCR.TO","193","27.2241","Canada"
"7484","Greenfire Resources","GFR","193","6.15","Canada"
"7485","Xvivo Perfusion AB","XVIVO.ST","193","30.4944","Sweden"
"7486","Otovo ASA","OTOVO.OL","193","1.27037","Norway"
"7487","Equita Group","EQUI.MI","193","7.1934","Italy"
"7488","Exasol AG","EXL.DE","193","2.3408","Germany"
"7489","Kura Oncology","KURA","192","9.14","United States"
"7490","CA Immo","BZY.F","192","30.4245","Austria"
"7491","Starbreeze","STAR-B.ST","192","0.0109998","Sweden"
"7492","Dyne Therapeutics","DYN","192","19.81","United States"
"7493","Saudi Real Estate Company (Al Akaria)","4020.SR","192","3.62454","Saudi Arabia"
"7494","Micro Systemation","MSAB-B.ST","192","7.79786","Sweden"
"7495","Passat SA","PSAT.PA","192","5.08455","France"
"7496","Union Bankshares","UNB","191","24.3","United States"
"7497","Federal Agricultural Mortgage Corporation","AGM","191","163.08","United States"
"7498","Annaly Capital Management","NLY","191","22.4","United States"
"7499","CI Games","CI7.F","191","0.836085","Poland"
"7500","Geratherm Medical","GME.DE","191","3.19575","Germany"
"7501","Energy Resources of Australia","ERA.AX","190","0.00213832","Australia"
"7502","DoubleDown Interactive","DDI","190","8.83","United States"
"7503","Butterfly Network","BFLY","190","4.44","United States"
"7504","Zeo Energy","ZEO","190","0.5768","United States"
"7505","eGuarantee","8771.T","190","10.9428","Japan"
"7506","Greene County Bancorp","GCBC","189","23.48","United States"
"7507","Shinhan Financial Group","SHG","189","68.28","South Korea"
"7508","cBrain","CBRAIN.CO","189","11.2023","Denmark"
"7509","Codexis","CDXS","188","2.37","United States"
"7510","Veris Residential","VRE","188","18.9","United States"
"7511","Almawarid Manpower Company","1833.SR","188","22.8399","Saudi Arabia"
"7512","Celldex Therapeutics","CLDX","186","33.33","United States"
"7513","Vátryggingafélag Íslands","SKAGI.IC","186","0.120289","Iceland"
"7514","Mapletree Industrial Trust","ME8U.SI","186","1.60473","Singapore"
"7515","MicroVision","MVIS","185","0.6465","United States"
"7516","Nippon Ichi Software","3851.T","185","5.34241","Japan"
"7517","BranchOut Food","BOF","185","4.22","United States"
"7518","ChemoMetec","CHEMM.CO","184","50.9628","Denmark"
"7519","GOLDCREST Co.,Ltd.","8871.T","184","21.8353","Japan"
"7520","Sangamo Therapeutics","SGMO","183","0.2558","United States"
"7521","Plumas Bancorp","PLBC","183","51.1","United States"
"7522","Aljazira Takaful Taawuni Company","8012.SR","183","3.09152","Saudi Arabia"
"7523","Entrada Therapeutics","TRDA","183","14.03","United States"
"7524","Nyxoah","NYXH","183","3.27","Belgium"
"7525","Structure Therapeutics","GPCR","183","53.22","United States"
"7526","Bitdeer Technologies Group","BTDR","183","11.97","Singapore"
"7527","Sjóvá-Almennar tryggingar","SJOVA.IC","183","0.312577","Iceland"
"7528","Intred","ITD.MI","183","10.8019","Italy"
"7529","MainStreet Bancshares","MNSB","182","23.285","United States"
"7530","Entra","ENTRA.OL","182","11.3698","Norway"
"7531","LiveWire Group","LVWR","182","1.79","United States"
"7532","Alumis","ALMS","182","22.89","United States"
"7533","Kopin Corporation","KOPN","181","2.72","United States"
"7534","Fate Therapeutics","FATE","181","1.34","United States"
"7535","Akebia Therapeutics","AKBA","181","1.56","United States"
"7536","Catalyst Pharmaceuticals","CPRX","181","26.19","United States"
"7537","Innate Pharma","IPHA","181","1.63","France"
"7538","Day One Biopharmaceuticals","DAWN","181","21.46","United States"
"7539","AS PRFoods","PRF1T.TL","181","0.0825472","Estonia"
"7540","Dominion Hosting","DHH.MI","181","25.9434","Italy"
"7541","West Bancorporation","WTBA","180","24.93","United States"
"7542","Air Industries Group","AIRI","180","3.25","United States"
"7543","PDS Multinational","PDSL.NS","180","3.10131","India"
"7544","Genfit","GNFT","180","4.85","France"
"7545","Creotech Instruments","CRI.WA","180","185.07","Poland"
"7546","Enzo Biochem","ENZB","179","0.69887","United States"
"7547","Crexendo","CXDO","179","6.19","United States"
"7548","Amot Investment","AMOT.TA","179","6.72419","Israel"
"7549","Dadelo","DAD.WA","179","20.4272","Poland"
"7550","Minto Apartment Real Estate Investment Trust","MI-UN.TO","179","12.8314","Canada"
"7551","Rasan Information Technology Company","8313.SR","178","36.9916","Saudi Arabia"
"7552","GAMCO Investors","GAMI","177","23.48","United States"
"7553","Railcare Group AB","RAIL.ST","177","3.1039","Sweden"
"7554","Hanover Bancorp","HNVR","176","22.4","United States"
"7555","Metagenomi","MGX","176","1.43","United States"
"7556","Omega Flex","OFLX","175","33","United States"
"7557","Alector","ALEC","175","2.41","United States"
"7558","Unitech Group","UNITECH.NS","175","0.0516527","India"
"7559","Ourgame International","6899.HK","175","0.0302455","China"
"7560","Ice Fish Farm","IFISH.OL","175","3.07006","Iceland"
"7561","Ategrity Specialty Insurance Company","ASIC","175","20.51","United States"
"7562","Arcturus Therapeutics","ARCT","174","8.68","United States"
"7563","Navigator Holdings","NVGS","174","20.1","United Kingdom"
"7564","Minerva Surgical","UTRS","174","0.0001","United States"
"7565","Eve Holding, Inc.","EVEX","174","2.7","United States"
"7566","Webuy Global","WBUY","174","1.17","Singapore"
"7567","Ecoener","ENER.MC","174","5.50708","Spain"
"7568","Paysign","PAYS","173","5.72","United States"
"7569","Quartix Technologies","QTX.L","173","3.73162","United Kingdom"
"7570","Cake Box Holdings","CBOX.L","173","2.61213","United Kingdom"
"7571","Voyager Therapeutics","VYGR","172","3.94","United States"
"7572","SITE Centers","SITC","172","5.3","United States"
"7573","Puma Biotechnology","PBYI","172","7.57","United States"
"7574","Pathfinder Bancorp","PBHC","172","13.57","United States"
"7575","Delticom AG","DEX.DE","172","3.08962","Germany"
"7576","Pliant Therapeutics","PLRX","171","1.3","United States"
"7577","MARA Holdings","MARA","171","10.49","United States"
"7578","Clipper Realty","CLPR","171","3.28","United States"
"7579","Jabal Omar Development","4250.SR","171","4.11758","Saudi Arabia"
"7580","CAVE Interactive","3760.T","171","3.89511","Japan"
"7581","Richmond Mutual Bancorporation","RMBI","171","14.3","United States"
"7582","Hunyvers","ALHUN.PA","171","8.60849","France"
"7583","Pangaea Logistics Solutions","PANL","170","7.54","United States"
"7584","Liquidia Corporation","LQDA","170","38.71","United States"
"7585","Bitfarms","BITF","170","1.98","Canada"
"7586","Independent Petroleum Group K.S.C.P.","IPG.KW","170","2050.48","Kuwait"
"7587","Athabasca Oil Corporation","ATH.TO","170","7.72644","Canada"
"7588","W5 Solutions AB","W5.ST","170","5.36851","Sweden"
"7589","Payton Industries","PAYT.TA","170","23.1829","Israel"
"7590","Alerion Clean Power","ARN.MI","169","28.066","Italy"
"7591","Firefly AB","FIRE.ST","168","21.4469","Sweden"
"7592","CARGO Therapeutics","CRGX","167","4.47","United States"
"7593","Zentalis Pharmaceuticals","ZNTL","166","5.2","United States"
"7594","ProQR Therapeutics","PRQR","166","1.99","Netherlands"
"7595","Identiv","INVE","166","3.66","United States"
"7596","Saudi Industrial Development Company","2130.SR","166","3.15282","Saudi Arabia"
"7597","COMPASS Pathways","CMPS","166","5.75","United Kingdom"
"7598","Smith-Midland Corporation","SMID","166","32.07","United States"
"7599","Montauk Renewables","MNTK","166","1.19","United States"
"7600","Nanoform Finland","NANOFS.ST","166","0.678501","Finland"
"7601","Host Hotels & Resorts","HST","165","20.91","United States"
"7602","EyePoint Pharmaceuticals","EYPT","165","14.34","United States"
"7603","Air Lease Corporation","AL","165","65","United States"
"7604","Voltage","3639.T","165","1.50393","Japan"
"7605","Nano-X Imaging","NNOX","165","2.47","Israel"
"7606","Spruce Power","SPRU","165","4.05","United States"
"7607","Carasent ASA","CARA.OL","165","1.57626","Norway"
"7608","Alcadon Group AB","ALCA.ST","165","3.44152","Sweden"
"7609","Smith Micro Software","SMSI","164","0.6863","United States"
"7610","Charlotte's Web","CWEB.TO","164","0.603053","United States"
"7611","The Honest Company","HNST","164","3.06","United States"
"7612","Synektik Spólka Akcyjna","SNT.WA","164","83.8362","Poland"
"7613","Basilea Pharmaceutica","BSLN.SW","164","71.6846","Switzerland"
"7614","Premier Miton Group plc","PMI.L","164","0.600451","United Kingdom"
"7615","Prothena","PRTA","163","10.61","Ireland"
"7616","Keros Therapeutics","KROS","163","11.55","United States"
"7617","Confidence Petroleum","CONFIPET.NS","163","0.586435","India"
"7618","LianBio","LIAN","163","0.319","United States"
"7619","Arcellx","ACLX","163","114.89","United States"
"7620","Rapid Micro Biosystems","RPID","163","2.19","United States"
"7621","Cabaletta Bio","CABA","163","3.26","United States"
"7622","Marchex","MCHX","163","1.5454","United States"
"7623","Rigel Pharmaceuticals","RIGL","162","31.39","United States"
"7624","TechPrecision","TPCS","162","3.67","United States"
"7625","Marpai","MRAI","162","0.28","United States"
"7626","Nuvalent","NUVL","162","105.02","United States"
"7627","Xiao-I","AIXI","162","1.08","China"
"7628","Crown Crafts","CRWS","162","2.72","United States"
"7629","Stille AB","STIL.ST","162","23.7421","Sweden"
"7630","Gulf General Cooperative Insurance Company","8260.SR","161","1.05538","Saudi Arabia"
"7631","Mercialys","MERY.PA","161","15","France"
"7632","Sable Offshore","SOC","161","12.76","United States"
"7633","Mobimo Holding","MOBN.SW","161","495.392","Switzerland"
"7634","TSS, Inc.","TSSI","161","14.48","United States"
"7635","Silvercrest Asset Management Group","SAMG","160","13.59","United States"
"7636","IRadimed","IRMD","160","93.56","United States"
"7637","Capricor Therapeutics","CAPR","160","34.72","United States"
"7638","Fitaihi Holding Group","4180.SR","160","0.708917","Saudi Arabia"
"7639","Burford Capital","BUR","160","4.71","Guernsey"
"7640","United Bankers Oyj","UNITED.HE","160","22.3467","Finland"
"7641","Lifestyle Communities Limited","LIC.AX","160","3.27876","Australia"
"7642","System1 Group","SYS1.L","160","4.00301","United Kingdom"
"7643","3U Holding","UUU.DE","160","1.27948","Germany"
"7644","Summit Therapeutics","SMMT","159","20.85","United Kingdom"
"7645","DAVIDsTEA","DTEAF","159","0.58","Canada"
"7646","Boxlight","BOXL","159","1.14","United States"
"7647","Biolife Solutions","BLFS","159","20.27","United States"
"7648","Vor Biopharma","VOR","159","15.87","United States"
"7649","Atlantic Sapphire","ASA.OL","158","0.185262","Norway"
"7650","Molecular Partners","MOLN","158","4.14","Switzerland"
"7651","Arnarlax (Icelandic Salmon)","ISLAX.OL","158","7.9398","Iceland"
"7652","Energy Vault","NRGV","158","3.23","United States"
"7653","Zwahlen &amp; Mayr SA","ZWM.SW","158","183.052","Switzerland"
"7654","Kiwi Property","KPG.NZ","157","0.550375","New Zealand"
"7655","Northern Data AG","NB2.DE","157","11.3915","Germany"
"7656","PureCycle Technologies","PCT","157","6.73","United States"
"7657","Gentili Mosconi","GM.MI","157","2.93632","Italy"
"7658","Rhinebeck Bancorp","RBKB","157","15.64","United States"
"7659","Abacus Global Management","ABX","157","8.72","United States"
"7660","CorEnergy Infrastructure Trust","CORR","156","0.0198","United States"
"7661","Inhibrx Biosciences","INBX","156","83.19","United States"
"7662","Absci","ABSI","156","3.15","United States"
"7663","Hemnet Group AB","HEM.ST","156","11.9582","Sweden"
"7664","Utah Medical Products","UTMD","155","68.37","United States"
"7665","Tango Therapeutics","TNGX","155","24.06","United States"
"7666","Sequans Communications","SQNS","155","2.61","France"
"7667","ARS Pharmaceuticals","SPRY","155","8.14","United States"
"7668","Alteogen","196170.KQ","155","250.044","South Korea"
"7669","Adgar Investments and Development","ADGR.TA","155","1.4922","Israel"
"7670","Warpaint London PLC","W7L.L","155","3.12099","United Kingdom"
"7671","Concurrent Technologies","CNC.L","155","2.78175","United Kingdom"
"7672","Avacta Group","AVCT.L","154","0.977005","United Kingdom"
"7673","Medistim","MEDI.OL","154","24.7722","Norway"
"7674","Celebrus Technologies","CLBS.L","154","1.12627","United Kingdom"
"7675","HASI (HA Sustainable Infrastructure Capita)","HASI","153","39.65","United States"
"7676","Electreon Wireless","ELWS.TA","153","15.7285","Israel"
"7677","Genie Energy","GNE","152","13.85","United States"
"7678","GasLog","GLOP-PA","152","25.82","Greece"
"7679","Adicet Bio","ACET","152","7","United States"
"7680","Vera Therapeutics","VERA","152","44.36","United States"
"7681","Great Portland Estates","GPE.L","152","4.30425","United Kingdom"
"7682","Sandnes Sparebank","SADG.OL","152","9.64521","Norway"
"7683","MCAN Mortgage Corporation","MKP.TO","152","17.4934","Canada"
"7684","Unitronics","UNIT.TA","152","7.36807","Israel"
"7685","Halloren Schokoladenfabrik","H2RB.HM","152","5.7783","Germany"
"7686","Westwood Holdings Group","WHG","151","16.58","United States"
"7687","First Industrial Realty Trust","FR","151","61.1","United States"
"7688","Björn Borg","BORG.ST","151","8.12459","Sweden"
"7689","Hour Loop","HOUR","151","1.89","United States"
"7690","HydrogenPro ASA","HYPRO.OL","151","0.175734","Norway"
"7691","Staffing 360 Solutions","STAF","150","1.615","United States"
"7692","KalVista Pharmaceuticals","KALV","150","20.29","United States"
"7693","Piedmont Realty Trust","PDM","150","7.46","United States"
"7694","Cofinimmo","COFB.BR","150","101.415","Belgium"
"7695","Applied Digital","APLD","150","31.47","United States"
"7696","Vivakor","VIVK","150","0.0159","United States"
"7697","PopReach","INIK.V","150","0.0435701","Canada"
"7698","Adeia","ADEA","150","27.3","United States"
"7699","Nova Klúbburinn","NOVA.IC","150","0.0329029","Iceland"
"7700","Banque Cantonale du Jura","BCJ.SW","150","128.008","Switzerland"
"7701","Tuas Limited","TUA.AX","150","4.25169","Australia"
"7702","Samhällsbyggnadsbolaget i Norden","SBB-B.ST","150","0.398824","Sweden"
"7703","Town Centre Securities","TOWN.L","150","1.57406","United Kingdom"
"7704","Invalda INVL, AB","IVL1L.VS","150","31.8396","Lithuania"
"7705","Cytosorbents","CTSO","149","0.589","United States"
"7706","PREIT (Pennsylvania Real Estate Investment Trust)","PRET","149","0.4974","United States"
"7707","OPC Energy","OPCE.TA","149","38.4998","Israel"
"7708","Quantum-Si","QSI","149","0.8408","United States"
"7709","Snail Inc","SNAL","149","1.7","China"
"7710","EuroTeleSites","ETS.VI","149","5.36557","Austria"
"7711","Retractable Technologies","RVP","148","0.6741","United States"
"7712","Armada Hoffler Properties","AHH","148","6.25","United States"
"7713","Syntec Optics","OPTX","148","11.28","United States"
"7714","Borealis Foods","BRLS","147","0.94","Canada"
"7715","Witbe S.A.","ALWIT.PA","146","1.65094","France"
"7716","Siebert Financial","SIEB","146","1.86","United States"
"7717","Pro-Dex","PDEX","146","52.77","United States"
"7718","Chrysos Corporation Limited","C79.AX","146","5.19612","Australia"
"7719","Powersoft","PWS.MI","146","21.4623","Italy"
"7720","Bankwell Financial Group","BWFG","145","52.64","United States"
"7721","Immobel","IMMO.BR","145","26.0613","Belgium"
"7722","Research Solutions","RSSS","145","2.33","United States"
"7723","Bourse Direct","BSD.PA","145","5.99057","France"
"7724","Zomedica Pharmaceuticals","ZOM","144","0.0973","United States"
"7725","Gossamer Bio","GOSS","144","0.4316","United States"
"7726","Pollux Properti Indonesia","POLL.JK","144","0.00690974","Indonesia"
"7727","MediaAlpha","MAX","144","9.42","United States"
"7728","X4 Pharmaceuticals","XFOR","143","4.2","United States"
"7729","Workhorse Group","WKHS","143","2.69","United States"
"7730","Precigen","PGEN","143","3.98","United States"
"7731","Viridian Therapeutics","VRDN","143","15.19","United States"
"7732","Gorilla Technology","GRRR","143","11.81","Taiwan"
"7733","Kits Eyecare","KITS.TO","143","11.1685","Canada"
"7734","Baird Medical Investment Holdings","BDMD","143","1.75","China"
"7735","RFA Financial Inc.","RFA.TO","143","18.2631","Canada"
"7736","Aquestive Therapeutics","AQST","142","4.15","United States"
"7737","KB Financial Group","KB","142","109.58","South Korea"
"7738","Flotek Industries","FTK","142","15.69","United States"
"7739","Digital Hollywood Interactive","2022.HK","142","0.00612568","China"
"7740","Grindr","GRND","142","12.64","United States"
"7741","Monte Rosa Therapeutics","GLUE","142","17.5","United States"
"7742","Profound Medical","PROF","142","6.26","Canada"
"7743","Lifezone Metals","LZM","142","3.81","United Kingdom"
"7744","Saul Centers","BFS","141","34.09","United States"
"7745","Ascot Resources","AOT.TO","141","0.0399384","Canada"
"7746","Sanara MedTech","SMTI","141","18.51","United States"
"7747","CISO Global","CISO","141","0.36","United States"
"7748","Aura Investments","AURA.TA","141","6.52174","Israel"
"7749","Transgene SA","TNG.PA","141","0.893868","France"
"7750","Cliq Digital AG","CLIQ.DE","141","3.84434","Germany"
"7751","LENSAR","LNSR","140","6.04","United States"
"7752","Tigo Energy","TYGO","140","3.82","United States"
"7753","LiveOne","LVO","140","4.31","United States"
"7754","Bonesupport Holding AB","BONEX.ST","140","27.7717","Sweden"
"7755","Dragonfly Energy","DFLI","139","2.03","United States"
"7756","Daldrup &amp; Söhne","4DS.DE","139","29.4811","Germany"
"7757","Umm Al Qura for development and construction","4325.SR","139","4.46405","Saudi Arabia"
"7758","Adagene","ADAG","138","3.81","China"
"7759","Arbe Robotics","ARBE","138","0.701","Israel"
"7760","Navigo Invest","NAVIGO-STAM.ST","138","0.338706","Sweden"
"7761","Asetek","ASTK.CO","138","0.269172","Denmark"
"7762","Immobiliare Grande Distribuzione SIIQ","IGD.MI","138","5.10024","Italy"
"7763","Harworth Group","HWG.L","138","1.98658","United Kingdom"
"7764","Rigetti Computing","RGTI","137","16.87","United States"
"7765","Satellogic","SATL","137","7.3","United States"
"7766","Presto Automation","PRST","137","0.0001","United States"
"7767","Dierig Holding AG","DIE.DE","137","9.90566","Germany"
"7768","AnaptysBio","ANAB","136","70.22","United States"
"7769","Abeona Therapeutics","ABEO","136","5.19","United States"
"7770","John Marshall Bancorp","JMSB","136","20.84","United States"
"7771","AFC Energy","AFC.L","136","0.164191","United Kingdom"
"7772","ASP Isotopes","ASPI","136","5","United States"
"7773","Tradegate Exchange","T2G.F","135","100.236","Germany"
"7774","Rumble","RUM","135","5.22","United States"
"7775","Nekkar ASA","NKR.OL","135","1.55091","Norway"
"7776","Rocky Mountain Chocolate Factory","RMCF","135","2.36","United States"
"7777","Prashkovsky Investments and Construction","PRSK.TA","135","50.2821","Israel"
"7778","Zug Estates Holding","ZUGN.SW","134","3046.6","Switzerland"
"7779","Inovio Pharmaceuticals","INO","134","1.11","United States"
"7780","Eagle Pharmaceuticals","EGRX","134","0.25","United States"
"7781","Seer Inc","SEER","134","1.94","United States"
"7782","Nautilus Biotechnology","NAUT","134","3.06","United States"
"7783","Allurion Technologies","ALUR","134","0.84","United States"
"7784","Carbios SAS","ALCRB.PA","134","9.66981","France"
"7785","Raspberry Pi","RPI.L","134","7.55144","United Kingdom"
"7786","NexGen Energy","NXE","133","11.92","Canada"
"7787","AC Immune","ACIU","133","3.19","Switzerland"
"7788","Natural Health Trends","NHTC","133","2.8","United States"
"7789","Innovative Solutions and Support","ISSC","133","24.48","United States"
"7790","Intchains Group","ICG","133","1.38","China"
"7791","Dolphin Drilling","DDRIL.OL","133","0.262543","Norway"
"7792","Gav-Yam Lands","GVYM.TA","133","12.5423","Israel"
"7793","Co-Diagnostics","CODX","132","1.38","United States"
"7794","Senseonics Holdings","SENS","132","6.75","United States"
"7795","Park Aerospace","PKE","132","32.56","United States"
"7796","Sprott Inc","SII","132","149.74","Canada"
"7797","reAlpha Tech","AIRE","132","0.275","United States"
"7798","RVRC Holding","RVRC.ST","132","7.6944","Sweden"
"7799","Wild Bunch","WBAH.F","132","23.5849","Germany"
"7800","Sonim Technologies","SONM","131","3.35","United States"
"7801","IDEAYA Biosciences","IDYA","131","32.35","United States"
"7802","Enanta Pharmaceuticals","ENTA","131","14.63","United States"
"7803","Nathan's Famous","NATH","131","101.47","United States"
"7804","OTC Markets Group","OTCM","131","54.2","United States"
"7805","Prelude Therapeutics","PRLD","131","4.4","United States"
"7806","Immunome","IMNM","131","22.9","United States"
"7807","4DMedical Limited","4DX.AX","131","4.59383","Australia"
"7808","Aurinia Pharmaceuticals","AUPH","130","16.07","Canada"
"7809","Tanzanian Gold Corporation","TRX","130","1.57","Canada"
"7810","SurgePays","SURG","130","0.8285","United States"
"7811","Real Good Food plc","RGF","130","1.25","United Kingdom"
"7812","Fragbite Group","FRAG.ST","130","0.795034","Sweden"
"7813","Urban-gro","UGRO","130","12.72","United States"
"7814","Barinthus Biotherapeutics","BRNS","130","0.601","United Kingdom"
"7815","Automatic Bank Services","SHVA.TA","130","8.03186","Israel"
"7816","Zenas BioPharma","ZBIO","130","21.34","United States"
"7817","Camber Energy","CEI","129","0.0954","United States"
"7818","Acadia Realty Trust","AKR","129","20.97","United States"
"7819","QNB Finans Finansal Kiralama (QNB Finansleasing)","QNBFK.IS","129","1.02828","Turkey"
"7820","Aedifica","AED.BR","129","86.8514","Belgium"
"7821","Smartoptics Group","SMOP.OL","129","5.31437","Norway"
"7822","Creo Medical Group","CREO.L","129","0.159442","United Kingdom"
"7823","Stoke Therapeutics","STOK","128","35.86","United States"
"7824","Scholar Rock Holding","SRRK","128","49.55","United States"
"7825","OptimizeRx","OPRX","128","6.05","United States"
"7826","Warehouses De Pauw","WDP.BR","128","28.3962","Belgium"
"7827","Taylor Devices","TAYD","128","50.56","United States"
"7828","York Water","YORW","127","31.45","United States"
"7829","Diamond Hill Investment Group","DHIL","127","172.01","United States"
"7830","Innoviva","INVA","127","24.19","United States"
"7831","Imagineer","4644.T","127","6.42474","Japan"
"7832","Novo Integrated Sciences","NVOS","127","0.0033","United States"
"7833","Arctic Fish Holding","AFISH.OL","127","3.76876","Iceland"
"7834","Mentice AB","MNTC.ST","127","1.40492","Sweden"
"7835","CeoTronics","CEK.DE","127","13.0896","Germany"
"7836","Australian Ethical Investment Limited","AEF.AX","126","3.5211","Australia"
"7837","SofWave Medical","SOFW.TA","126","13.2692","Israel"
"7838","Cimbeton","CMBTN.IS","125","38.6723","Turkey"
"7839","Aker Carbon Capture","ACC.OL","125","0.00035151","Norway"
"7840","Alpha Tau Medical","DRTS","125","7.83","Israel"
"7841","Hammerson Plc","HMSO.L","125","4.46166","United Kingdom"
"7842","Filtronic","FTC.L","125","2.79532","United Kingdom"
"7843","Presidio Production Company","FTW","125","10.17","United States"
"7844","Protagonist Therapeutics","PTGX","124","104.72","United States"
"7845","Bank7","BSVN","124","43.95","United States"
"7846","Melcor Developments","MRD.TO","124","13.1437","Canada"
"7847","South Port NZ","SPN.NZ","124","4.66269","New Zealand"
"7848","cyan AG","CYR.DE","124","2.40566","Germany"
"7849","The NAGA Group","N4G.DE","124","0.40047","Germany"
"7850","AlphaPolis","9467.T","123","7.18614","Japan"
"7851","Amylyx Pharmaceuticals","AMLX","123","16.92","United States"
"7852","Vicarious Surgical","RBOT","123","0.71","United States"
"7853","Celularity","CELU","123","1.3","United States"
"7854","Momentus Inc.","MNTS","123","4.96","United States"
"7855","Adlai Nortye","ANL","123","15.68","Cayman Islands"
"7856","CLS Holdings plc","CLI.L","123","0.672369","United Kingdom"
"7857","Value Line","VALU","122","35.68","United States"
"7858","RAPT Therapeutics","RAPT","122","58.02","United States"
"7859","ORIC Pharmaceuticals","ORIC","122","10.53","United States"
"7860","REX American Resources","REX","122","43.04","United States"
"7861","Heron Therapeutics","HRTX","122","0.9371","United States"
"7862","Global Water Resources","GWRS","122","7.7","United States"
"7863","Stereotaxis","STXS","122","2.03","United States"
"7864","Hydrogen-Refueling-Solutions","ALHRS.PA","122","1.90094","France"
"7865","VersaBank","VBNK","121","16.31","Canada"
"7866","Leafly Holdings","LFLY","121","37","United States"
"7867","Airgain","AIRG","121","6.04","United States"
"7868","GCT Semiconductor","GCTS","121","1.34","United States"
"7869","Malteries Franco-Belges","MALT.PA","121","1049.53","France"
"7870","KIOCL","KIOCL.NS","120","3.83422","India"
"7871","PyroGenesis Canada","PYR.TO","120","0.326776","Canada"
"7872","Serve Robotics","SERV","120","8.95","United States"
"7873","Oklo","OKLO","120","58.58","United States"
"7874","BrainsWay","BWAY","120","14.97","Israel"
"7875","PT DCI Indonesia Tbk","DCII.JK","120","11.6316","Indonesia"
"7876","Econergy Renewable Energy","ECNR.TA","120","22.7348","Israel"
"7877","CytomX Therapeutics","CTMX","119","4.54","United States"
"7878","Pharvaris","PHVS","119","28.68","Netherlands"
"7879","Flux Power","FLUX","119","1.21","United States"
"7880","Kyverna Therapeutics","KYTX","119","9.36","United States"
"7881","Bonei Hatichon Civil Engineering &amp; Infrastructures","BOTI.TA","119","13.3024","Israel"
"7882","Medical Properties Trust","MPW","118","5.02","United States"
"7883","Pharmanutra","PHN.MI","118","95.9906","Italy"
"7884","TransAct Technologies","TACT","117","3.4","United States"
"7885","AudioEye","AEYE","117","6.56","United States"
"7886","EUDA Health","EUDA","117","0.3661","Singapore"
"7887","City of London Investment Group Plc","CLIG.L","117","5.82132","United Kingdom"
"7888","Psychemedics","PMD","116","2.67","United States"
"7889","Praxis Precision Medicines","PRAX","116","343.6","United States"
"7890","Silence Therapeutics","SLN","116","6.12","United Kingdom"
"7891","GreenPower Motor Company","GP","116","0.959","Canada"
"7892","the Marygold Companies","MGLD","116","1.25","United States"
"7893","i-80 Gold","IAUX","116","1.66","United States"
"7894","Perspective Therapeutics","CATX","116","4.25","United States"
"7895","BioArctic AB","BIOA-B.ST","116","37.225","Sweden"
"7896","Varengold Bank AG","VG8.DE","116","3.36779","Germany"
"7897","Aehr Test Systems","AEHR","115","74.38","United States"
"7898","Rane Holdings","RANEHOLDIN.NS","115","11.094","India"
"7899","Red Cat Holdings","RCAT","115","12.64","United States"
"7900","Expensify","EXFY","115","0.87","United States"
"7901","East Side Games","EAGR.TO","115","0.116466","Canada"
"7902","Soleno Therapeutics","SLNO","115","52.62","United States"
"7903","Inventiva Pharma","IVA","114","5.51","France"
"7904","MaxCyte","MXCT","114","0.8814","United States"
"7905","OmniAb","OABI","114","1.46","United States"
"7906","American Healthcare REIT","AHR","114","48.82","United States"
"7907","United Security Bancshares","UBFO","114","10.51","United States"
"7908","Optomed","OPTOMED.HE","114","2.79481","Finland"
"7909","T2 Biosystems","TTOO","113","0.0002","United States"
"7910","Kodiak Sciences","KOD","113","45.07","United States"
"7911","Ondas Holdings","ONDS","113","9.4","United States"
"7912","Nouveau Monde Graphite","NMG","113","1.87","Canada"
"7913","F45 Training","FXLV","113","0.011","United States"
"7914","CG Oncology","CGON","113","67.28","United States"
"7915","Netgem","ALNTG.PA","113","0.872642","France"
"7916","Vislink Technologies","VISL","112","2.11","United States"
"7917","enish","3667.T","112","0.36497","Japan"
"7918","Foghorn Therapeutics","FHTX","112","4.85","United States"
"7919","Addentax Group","ATXG","112","5.66","China"
"7920","Korro Bio","KRRO","112","13.93","United States"
"7921","VirTra","VTSI","111","4.71","United States"
"7922","Texas Pacific Land Corporation","TPL","111","412.2","United States"
"7923","Magellan Financial Group","MFG.AX","111","6.68225","Australia"
"7924","Carver Bancorp","CARV","111","1.78","United States"
"7925","Nam Tai Property","NTPIF","111","5","China"
"7926","Rajesh Exports","RAJESHEXPO.NS","111","1.23752","India"
"7927","MEP Infrastructure","MEP.NS","111","0.00944997","India"
"7928","Cullinan Therapeutics","CGEM","111","14.35","United States"
"7929","Hyperfine","HYPR","111","1.25","United States"
"7930","Scilex Holding","SCLX","111","5.93","United States"
"7931","MediWound","MDWD","111","17.7","Israel"
"7932","IZEA Worldwide","IZEA","110","4.3","United States"
"7933","C4 Therapeutics","CCCC","110","2.76","United States"
"7934","Artifex Mundi","ART.WA","110","6.08086","Poland"
"7935","TriSalus Life Sciences","TLSI","110","4.4","United States"
"7936","Fractal Gaming Group","FRACTL.ST","110","1.96907","Sweden"
"7937","AFT Pharmaceuticals","AFT.NZ","110","2.14838","New Zealand"
"7938","Mips AB","MIPS.ST","110","28.0113","Sweden"
"7939","4basebio","4BB.L","110","6.85261","United Kingdom"
"7940","Urban Edge Properties","UE","109","21.24","United States"
"7941","BV Financial","BVFL","109","20.11","United States"
"7942","Nkarta","NKTX","109","2.29","United States"
"7943","Origin Materials","ORGN","109","0.113","United States"
"7944","XOS","XOS","109","1.78","United States"
"7945","Fractyl Health","GUTS","109","0.5087","United States"
"7946","WISeKey International","WKEY","109","7.11","Switzerland"
"7947","AFYREN","ALAFY.PA","109","3.03066","France"
"7948","Ring Energy","REI","108","1.31","United States"
"7949","Fire Rock","1909.HK","108","0.25396","China"
"7950","Nanobiotix","NBTX","108","31.83","France"
"7951","Zevia","ZVIA","108","1.19","United States"
"7952","Ohmyhome","OMH","108","1.06","Singapore"
"7953","Sound Financial Bancorp","SFBC","108","45.19","United States"
"7954","Usio","USIO","107","1.19","United States"
"7955","SeaChange International","SEAC","107","3.25","United States"
"7956","Precision BioSciences","DTIL","107","7.23","United States"
"7957","Tamarack Valley Energy","TVE.TO","107","8.01691","Canada"
"7958","Beyond Air","XAIR","107","0.57","United States"
"7959","Doosan Bobcat","241560.KS","107","47.0871","South Korea"
"7960","MAG Interactive","MAGI.ST","107","0.776906","Sweden"
"7961","WiMi Hologram Cloud","WIMI","107","2.04","China"
"7962","Foran Mining","FOM.TO","107","4.11239","Canada"
"7963","Neurogene","NGNE","107","20.76","United States"
"7964","YOC AG","YOC.DE","107","8.56132","Germany"
"7965","DBV Technologies","DBVT","106","21.64","France"
"7966","Annexon","ANNX","106","5.8","United States"
"7967","Aura Biosciences","AURA","106","7.09","United States"
"7968","Summit State Bank","SSBI","106","13.7","United States"
"7969","Perrot Duval","PEDU.SW","106","57.3477","Switzerland"
"7970","Fiducial Real Estate","ORIA.PA","106","199.292","France"
"7971","Steyr Motors AG","4X0.DE","106","44.4811","Germany"
"7972","Vaxart","VXRT","105","0.71","United States"
"7973","Rani Therapeutics","RANI","105","0.8373","United States"
"7974","Møns Bank","MNBA.CO","105","62.6385","Denmark"
"7975","Captor Therapeutics","CTX.WA","105","21.9022","Poland"
"7976","BIG Shopping Centers","BIG.TA","105","253.9","Israel"
"7977","Crossject","ALCJ.PA","105","2.45283","France"
"7978","Nebelhornbahn-Aktiengesellschaft","NHB0.MU","105","21.1085","Germany"
"7979","Definium Therapeutics","DFTX","105","21.93","United States"
"7980","RGC Resources","RGCO","104","22.99","United States"
"7981","Marin Software","MRIN","104","0.8981","United States"
"7982","Gaia","GAIA","104","2.78","United States"
"7983","Main Street Capital","MAIN","104","56.39","United States"
"7984","SandRidge Energy","SD","104","14.79","United States"
"7985","Nelco","NELCO.NS","104","6.75028","India"
"7986","Saudi Enaya Cooperative Insurance Company","8311.SR","104","2.32397","Saudi Arabia"
"7987","Stabilis Solutions","SLNG","104","3.57","United States"
"7988","Ontrak","OTRK","104","0.0601","United States"
"7989","Sidus Space","SIDU","104","5.31","United States"
"7990","DDC Enterprise","DDC","104","1.98","Hong Kong"
"7991","Israel Canada (T.R) Ltd","ISCN.TA","104","6.077","Israel"
"7992","Seres Therapeutics","MCRB","103","8.61","United States"
"7993","Lexicon Pharmaceuticals","LXRX","103","1.75","United States"
"7994","Balaji Telefilms","BALAJITELE.NS","103","1.05797","India"
"7995","Erasca","ERAS","103","17.85","United States"
"7996","Starbox Group","STBX","103","2.11","Malaysia"
"7997","One Stop Systems","OSS","103","8.76","United States"
"7998","Neumora Therapeutics","NMRA","103","2.03","United States"
"7999","Tatton Asset Management","TAM.L","103","8.76591","United Kingdom"
"8000","Beeks Financial Cloud Group","BKS.L","103","2.27289","United Kingdom"
"8001","Aytu BioScience","AYTU","102","2.56","United States"
"8002","PTC India","PTC.NS","102","1.82223","India"
"8003","Interlink Electronics","LINK","102","3.065","United States"
"8004","Renalytix","RENX.L","102","0.0264606","United Kingdom"
"8005","Healwell AI","AIDX.TO","102","0.60272","Canada"
"8006","Gevo","GEVO","101","2","United States"
"8007","Fortress Biotech","FBIO","101","2.42","United States"
"8008","EastGroup Properties","EGP","101","195.1","United States"
"8009","Mobcast","3664.T","101","0.239119","Japan"
"8010","Edia","3935.T","101","4.17199","Japan"
"8011","Frey SA","FREY.PA","101","38.9151","France"
"8012","InvenTrust Properties","IVT","101","31.98","United States"
"8013","Shaftesbury Capital","SHC.L","101","1.88209","United Kingdom"
"8014","VolitionRx","VNRX","101","0.1601","United States"
"8015","Telesis Bio","TBIO","101","0.055","United States"
"8016","Myomo","MYO","101","0.792","United States"
"8017","iLearningEngines","AILE","101","0.42","United States"
"8018","Wedia SA","ALWED.PA","101","31.7526","France"
"8019","Collective Mining","CNL","101","19.49","Canada"
"8020","EMB Mission Bound AB (publ)","EMB.ST","101","0.0679591","Sweden"
"8021","Solid Biosciences","SLDB","100","8.23","United States"
"8022","Esports Entertainment","GMBL","100","0.19","Malta"
"8023","Hercules Capital","HTGC","100","15.28","United States"
"8024","Osisko Development","ODV","100","3.43","Canada"
"8025","MoonLake Immunotherapeutics","MLTX","100","18.78","Switzerland"
"8026","Reservoir Media","RSVR","100","9.94","United States"
"8027","Massimo Motor","MAMO","100","1.02","United States"
"8028","eQ Oyj","EQV1V.HE","100","11.7217","Finland"
"8029","eVISO S.p.A.","EVISO.MI","100","9.64623","Italy"
"8030","Parke Bancorp","PKBK","99","29.6","United States"
"8031","Kingstone Companies","KINS","99","16.61","United States"
"8032","Talis Biomedical","TLIS","99","2.84","United States"
"8033","Invivyd","IVVD","99","1.61","United States"
"8034","Amprius Technologies","AMPX","99","17.89","United States"
"8035","bet-at-home.com","ACX.DE","99","2.92453","Germany"
"8036","Impac Mortgage Holdings","IMPM","98","0.06","United States"
"8037","Bionano Genomics","BNGO","98","1.21","United States"
"8038","Sagax","SAGA-B.ST","98","20.7907","Sweden"
"8039","New Found Gold","NFGC","98","2.15","Canada"
"8040","Edible Garden","EDBL","98","0.9811","United States"
"8041","Ispire Technology","ISPR","98","1.91","United States"
"8042","Fidelis Insurance","FIHL","98","20.15","Bermuda"
"8043","O.Y. Nofar Energy","NOFR.TA","98","52.2735","Israel"
"8044","Record Financial Group","REC.L","98","0.719184","United Kingdom"
"8045","Theravance Biopharma","TBPH","97","16.6","Cayman Islands"
"8046","Eurocommercial Properties","ECMPA.AS","97","33.1368","Netherlands"
"8047","Aterian","ATER","97","0.692","United States"
"8048","Tenaya Therapeutics","TNYA","97","0.739","United States"
"8049","Electrovaya","ELVA","97","9.57","Canada"
"8050","Gaming Realms","GMR.L","97","0.428797","United Kingdom"
"8051","Heidelberg Pharma","HPHA.DE","97","3.2783","Germany"
"8052","Alexander &amp; Baldwin","ALEX","96","20.84","United States"
"8053","Phoenix Mills","PHOENIXLTD.NS","96","18.7915","India"
"8054","American Battery Technology Company","ABAT","96","3.03","United States"
"8055","NextNav","NN","96","16.12","United States"
"8056","ProPhase Labs","PRPH","96","0.14","United States"
"8057","Artiva Biotherapeutics","ARTV","96","7.49","United States"
"8058","Ocugen","OCGN","95","1.8","United States"
"8059","DSS, Inc. (Document Security Systems)","DSS","95","0.8636","United States"
"8060","IM Cannabis","IMCC","95","0.365","Israel"
"8061","Armah Sports","9590.SR","95","18.1227","Saudi Arabia"
"8062","Provident Financial Holdings","PROV","94","17.17","United States"
"8063","Uranium Energy","UEC","94","14.13","United States"
"8064","Hindustan Oil Exploration Company","HINDOILEXP.NS","94","1.69874","India"
"8065","Gimv NV","GIMB.BR","94","56.1321","Belgium"
"8066","Trinity Capital","TRIN","94","15.5","United States"
"8067","Katapult Holdings","KPLT","94","7.09","United States"
"8068","Disc Medicine","IRON","94","70.48","United States"
"8069","Vesta Real Estate","VTMX","94","35.79","Mexico"
"8070","Western Bulk","WEST.OL","94","2.01142","Norway"
"8071","Bellevue Group","BBN.SW","94","11.0087","Switzerland"
"8072","Seanergy Maritime","SHIP","93","14.58","Greece"
"8073","Gala Incorporated","4777.T","93","1.28369","Japan"
"8074","Lake Shore Bancorp","LSBK","93","15.6","United States"
"8075","Cavatina Holding Spólka Akcyjna","CAV.WA","93","3.82663","Poland"
"8076","Surge Energy","SGY.TO","93","6.521","Canada"
"8077","Cedar Woods Properties Limited","CWP.AX","93","5.31373","Australia"
"8078","Biofrontera","BFRI","92","1.09","United States"
"8079","HireQuest","HQI","92","10.38","United States"
"8080","Chapel Down Group","CDGP.L","92","0.474933","United Kingdom"
"8081","Veganz Group","VEZ.DE","92","4.58726","Germany"
"8082","STAG Industrial","STAG","91","38.65","United States"
"8083","Park Hotels &amp; Resorts","PK","91","11.49","United States"
"8084","Janux Therapeutics","JANX","91","15.24","United States"
"8085","Magyar Bancorp","MGYR","91","17.62","United States"
"8086","NIOX Group","NIOX.L","91","0.773462","United Kingdom"
"8087","XBiotech","XBIT","90","2.43","United States"
"8088","Immunic","IMUX","90","1.18","United States"
"8089","Alexander's, Inc.","ALX","90","245.8","United States"
"8090","Where Food Comes From","WFCF","90","12.5","United States"
"8091","Riley Exploration Permian","REPX","90","34.86","United States"
"8092","Winmark","WINA","89","417","United States"
"8093","Atara Biotherapeutics","ATRA","89","5.15","United States"
"8094","PharmaSGP","PSG.DE","89","33.6779","Germany"
"8095","Allied Esports","AESE","88","1.3899","United States"
"8096","Linekong Interactive","8267.HK","88","0.0357331","China"
"8097","Affinity Bancshares","AFBI","88","22.39","United States"
"8098","Nano Labs","NA","88","3.21","China"
"8099","NextVision Stabilized Systems","NXSN.TA","88","91.6031","Israel"
"8100","Haffner Energy","ALHAF.PA","88","0.0613208","France"
"8101","Pollen Street Group","POLN.L","88","11.6969","United Kingdom"
"8102","GigaMedia","GIGM","87","1.36","Taiwan"
"8103","Hingham Institution for Savings","HIFS","87","304.15","United States"
"8104","CMON","1792.HK","87","0.177752","Singapore"
"8105","Anterix","ATEX","86","37.93","United States"
"8106","Heritage Global","HGBL","86","1.43","United States"
"8107","Grom Social Enterprises","GROM","86","0.0001","United States"
"8108","Stryve Foods","SNAX","86","0.003","United States"
"8109","Sow Good","SOWG","86","0.3087","United States"
"8110","Centessa Pharmaceuticals","CNTA","86","39.59","United Kingdom"
"8111","Everspin Technologies","MRAM","86","11.6","United States"
"8112","Lokum Deweloper","LKD.WA","86","6.7627","Poland"
"8113","AS Pro Kapital Grupp","PKG1T.TL","86","1.0908","Estonia"
"8114","OpGen","OPGN","85","24.75","United States"
"8115","Summit Hotel Properties","INN","85","4.87","United States"
"8116","Frontline","FRO","85","34.16","Bermuda"
"8117","Hyliion","HYLN","85","1.9","United States"
"8118","Isras Investment Company","ISRS.TA","85","269.731","Israel"
"8119","Mobile Factory","3912.T","84","7.58257","Japan"
"8120","G Medical Innovations","GMVD","84","0.181","Israel"
"8121","Sky Harbour Group","SKYH","84","10.77","United States"
"8122","Chain Bridge Bancorp","CBNA","84","36.11","United States"
"8123","Inuvo","INUV","83","1.86","United States"
"8124","NNN REIT","NNN","83","44.08","United States"
"8125","Skeena Resources","SKE","83","33.36","Canada"
"8126","Fastighets AB Trianon","TRIAN-B.ST","83","2.00392","Sweden"
"8127","United States Antimony Corporation","UAMY","83","9.37","United States"
"8128","Tera Light","TRLT.TA","83","6.13342","Israel"
"8129","Polar Power","POLA","82","1.83","United States"
"8130","Tejon Ranch","TRC","82","19.41","United States"
"8131","Cryo-Cell","CCEL","82","3.67","United States"
"8132","Fr8Tech 
 (Freight Technologies)","FRGT","82","0.8809","United States"
"8133","HOOKIPA Pharma","HOOK","82","1.14","United States"
"8134","Aquaporin","AQP.CO","82","0.0906825","Denmark"
"8135","Keystone Law Group","KEYS.L","82","6.54729","United Kingdom"
"8136","Integral Corporation","5842.T","82","21.8668","Japan"
"8137","Old Market Capital Corporation","OMCC","82","4.5","United States"
"8138","Tonix Pharmaceuticals","TNXP","81","13.35","United States"
"8139","Foresight Autonomous Holdings","FRSX","81","2.44","Israel"
"8140","PSP Swiss Property","PSPN.SW","81","201.613","Switzerland"
"8141","Boss Energy","BOE.AX","81","1.08342","Australia"
"8142","Selvaag Bolig","SBO.OL","81","3.69465","Norway"
"8143","Sofina","SOF.VI","81","265.802","Belgium"
"8144","Ventyx Biosciences","VTYX","81","14","United States"
"8145","CaliberCos","CWD","81","1.29","United States"
"8146","HIAG Immobilien","HIAG.SW","81","179.98","Switzerland"
"8147","Nightingale Health","HEALTH.HE","81","1.53302","Finland"
"8148","Owlet, Inc.","OWLT","80","5.42","United States"
"8149","KORU Medical Systems","KRMD","80","4.3","United States"
"8150","U Power","UCAR","80","1.51","China"
"8151","DigiAsia Corp","FAAS","80","0.0807","Indonesia"
"8152","Lifeward","LFWD","80","0.3829","Israel"
"8153","Wiener Privatbank","WPB.VI","80","12.7358","Austria"
"8154","Kuros Biosciences","KURN.SW","80","33.0773","Switzerland"
"8155","Nordic Mining ASA","NOM.OL","80","1.26613","Norway"
"8156","Oconee Federal Financial","OFED","79","15.1","United States"
"8157","Duos Technologies Group","DUOT","79","7.7","United States"
"8158","Ur-Energy","URG","79","1.59","United States"
"8159","Sono-Tek Corporation","SOTK","79","4.07","United States"
"8160","IO Biotech","IOBT","79","0.048","Denmark"
"8161","Direct Digital Holdings","DRCT","79","0.6859","United States"
"8162","PepGen","PEPG","79","1.69","United States"
"8163","Aiforia Technologies Oyj","AIFORIA.HE","79","2.02358","Finland"
"8164","Paref SA","PAR.PA","79","30.4245","France"
"8165","Verastem Oncology","VSTM","78","6.14","United States"
"8166","PrimeEnergy Resources","PNRG","78","198.1","United States"
"8167","BrainChip","BRN.AX","78","0.11048","Australia"
"8168","Home Federal Bancorp (HFB Bank)","HFBL","78","18.97","United States"
"8169","Ricoh Company","7752.T","78","8.67749","Japan"
"8170","Warimpex Finanz- und Beteiligungs AG","WXF.VI","78","0.580189","Austria"
"8171","Neobo Fastigheter","NEOBO.ST","78","1.91679","Sweden"
"8172","zSpace","ZSPC","78","0.08","United States"
"8173","Amerant Bancorp","AMTB","77","23.92","United States"
"8174","Chimera Investment Corporation","CIM","77","13.56","United States"
"8175","Kelt Exploration","KEL.TO","77","6.17244","Canada"
"8176","NewAmsterdam Pharma Company","NAMS","77","34.44","Netherlands"
"8177","Vuzix","VUZI","76","2.57","United States"
"8178","Affimed","AFMD","76","0.1815","Germany"
"8179","SKYX Platforms","SKYX","76","1.17","United States"
"8180","Alto Neuroscience","ANRO","76","25.82","United States"
"8181","SolarMax Technology","SMXT","76","0.6026","United States"
"8182","Realia Business","RLIA.MC","76","1.22052","Spain"
"8183","Duniec Bros.","DUNI.TA","76","80.9492","Israel"
"8184","Rotshtein Realestate","ROTS.TA","76","27.0793","Israel"
"8185","Genel Energy","GENL.L","76","0.713756","United Kingdom"
"8186","Corero Network Security","CNS.L","76","0.169619","United Kingdom"
"8187","Pulse Biosciences","PLSE","75","20.12","United States"
"8188","KVH Industries","KVHI","75","9.25","United States"
"8189","PrairieSky Royalty","PSK.TO","75","22.9832","Canada"
"8190","Greenlight Re","GLRE","75","18.11","Cayman Islands"
"8191","Agree Realty","ADC","75","77.8","United States"
"8192","Nykode Therapeutics","NYKD.OL","75","0.33453","Norway"
"8193","Acrivon Therapeutics","ACRV","75","1.64","United States"
"8194","Lexeo Therapeutics","LXEO","75","6.67","United States"
"8195","Ernst Russ","ERAG.DE","75","8.84434","Germany"
"8196","Septerna","SEPN","75","24.13","United States"
"8197","InflaRx","IFRX","74","1.14","Germany"
"8198","Compugen","CGEN","74","2.88","Israel"
"8199","Safehold","SAFE","74","15.45","United States"
"8200","Loop Media","LPTV","74","0.0007","United States"
"8201","Olema Pharmaceuticals","OLMA","74","16.3","United States"
"8202","Mesoblast","MESO","73","14.61","Australia"
"8203","Global Net Lease","GNL","73","9.49","United States"
"8204","RLJ Lodging Trust","RLJ","73","8.18","United States"
"8205","electroCore","ECOR","73","6.55","United States"
"8206","Broadstone Net Lease","BNL","73","20.09","United States"
"8207","Taysha Gene Therapies","TSHA","73","4.71","United States"
"8208","Umm Al-Qura Cement Company","3005.SR","73","3.18213","Saudi Arabia"
"8209","Nazara Technologies","NAZARA.NS","73","2.67617","India"
"8210","Northann Corp","NCL","73","0.162","United States"
"8211","Spyre Therapeutics","SYRE","73","64.01","United States"
"8212","ReposiTrak","TRAK","73","7.63","United States"
"8213","Mobile-health Network Solutions","MNDR","73","0.8421","Singapore"
"8214","Kvutzat Acro","ACRO.TA","73","14.9286","Israel"
"8215","Lang &amp; Schwarz","LUS1.DE","73","32.9009","Germany"
"8216","Super League Enterprise","SLE","72","4.04","United States"
"8217","Trust Stamp","IDAI","72","2.56","United States"
"8218","Arqit Quantum","ARQQ","72","13.97","United Kingdom"
"8219","Lucid Diagnostics","LUCD","72","1.35","United States"
"8220","Catena AB","CATE.ST","72","50.6861","Sweden"
"8221","Hydrogène de France","HDF.PA","72","4.71698","France"
"8222","Coheris SA","COH.PA","72","13.0896","France"
"8223","Stock3 AG","BOG.DE","72","35.3774","Germany"
"8224","CT REIT","CRT-UN.TO","71","12.7225","Canada"
"8225","Vidhi Specialty Food","VIDHIING.NS","71","3.453","India"
"8226","Knightscope","KSCP","71","3.4","United States"
"8227","Verrica Pharmaceuticals","VRCA","71","5.72","United States"
"8228","Scully Royalty","SRL","71","7.1698","China"
"8229","NP3 Fastigheter AB","NP3.ST","71","28.6975","Sweden"
"8230","Palladyne AI","PDYN","71","6.32","United States"
"8231","Arise AB","ARISE.ST","71","4.67444","Sweden"
"8232","Vistin Pharma","VISTN.OL","71","2.37135","Norway"
"8233","Generalfinance","GF.MI","71","34.1981","Italy"
"8234","Africa Israel Residences","AFRE.TA","71","80.6826","Israel"
"8235","Groupe Airwell","ALAIR.PA","71","1.59198","France"
"8236","Granite REIT","GRP-UN","70","59.19","Canada"
"8237","EZGO Technologies","EZGO","70","1.32","China"
"8238","Atlas Lithium","ATLX","70","4.7","United States"
"8239","Orchestra BioMed","OBIO","70","4.51","United States"
"8240","Lead Real Estate","LRE","70","1.35","Japan"
"8241","LumenRadio","LUMEN.ST","70","6.70878","Sweden"
"8242","Titanium Oyj","TITAN.HE","70","8.13679","Finland"
"8243","Fermentalg","ALGAE.PA","70","0.659198","France"
"8244","Whitestone REIT","WSR","69","18.92","United States"
"8245","GBL","GBLB.VI","69","95.5189","Belgium"
"8246","Femasys","FEMY","69","0.4302","United States"
"8247","HomeBiogas","HMGS.TA","69","0.218055","Israel"
"8248","Abivax","ABVX","69","125.8","France"
"8249","Rapport Therapeutics","RAPP","69","36.15","United States"
"8250","Nextensa","NEXTA.BR","69","54.829","Belgium"
"8251","IP Group","IPO.L","69","0.776176","United Kingdom"
"8252","Woori Financial Group","WF","68","72.66","South Korea"
"8253","Syros Pharmaceuticals","SYRS","68","0.0002","United States"
"8254","Ligand Pharmaceuticals","LGND","68","232.34","United States"
"8255","Lineage Cell Therapeutics","LCTX","68","1.59","United States"
"8256","Rezolute","RZLT","68","3.55","United States"
"8257","NET Power","NPWR","68","1.56","United States"
"8258","Alarum Technologies","ALAR","68","6.33","Israel"
"8259","ALM Equity","ALM.ST","68","6.09889","Sweden"
"8260","Discovery Silver Corp.","DSV.TO","68","7.58847","Canada"
"8261","Mauna Kea Technologies","ALMKT.PA","68","0.224057","France"
"8262","FCR Immobilien","FC9.DE","68","13.9151","Germany"
"8263","India Globalization Capital","IGC","67","0.3101","United States"
"8264","SEALSQ","LAES","67","2.59","Switzerland"
"8265","Pareto Bank","PARB.OL","67","8.25739","Norway"
"8266","Heimar","HEIMAR.IC","67","0.287077","Iceland"
"8267","mwb fairtrade AG","MWB0.DE","67","12.1462","Germany"
"8268","Advantage Energy","AAV.TO","66","7.19633","Canada"
"8269","Nihon Falcom","3723.T","66","13.032","Japan"
"8270","Kalyani Steels","KSL.NS","66","7.20184","India"
"8271","Vizsla Silver","VZLA","66","3.46","Canada"
"8272","Armata Pharmaceuticals","ARMP","66","12.88","United States"
"8273","InspireMD","NSPR","66","1.35","Israel"
"8274","Cartesian Therapeutics","RNAC","66","6.35","United States"
"8275","CDON AB","CDON.ST","66","7.81965","Sweden"
"8276","Apple Hospitality REIT","APLE","65","12.66","United States"
"8277","FingerMotion","FNGR","65","0.9184","United States"
"8278","ALX Oncology","ALXO","65","1.615","United States"
"8279","SOS Limited","SOS","65","1.05","China"
"8280","American Coastal Insurance Corporation","ACIC","65","11.62","United States"
"8281","Larimar Therapeutics","LRMR","65","4.87","United States"
"8282","Enliven Therapeutics","ELVN","65","44.85","United States"
"8283","Winton Land","WIN.NZ","65","1.03287","New Zealand"
"8284","Société Marseillaise du Tunnel Prado-Carénage","ALTPC.PA","65","33.8443","France"
"8285","AgEagle Aerial Systems","UAVS","64","1.04","United States"
"8286","Biomerica","BMRA","64","2.1","United States"
"8287","CorMedix","CRMD","64","7.3","United States"
"8288","Société Foncière Lyonnaise","FLY.PA","64","86.0641","France"
"8289","ÖKOWORLD","VVV3.DE","64","31.6038","Germany"
"8290","Xilio Therapeutics","XLO","64","0.5101","United States"
"8291","ECB Bancorp","ECBK","64","18.035","United States"
"8292","Vivid Games","VVD.WA","64","0.18006","Poland"
"8293","Upexi","UPXI","64","1.2","United States"
"8294","Jasper Therapeutics","JSPR","64","0.9324","United States"
"8295","Boundless Bio","BOLD","64","1.56","United States"
"8296","KlaraBo Sverige","KLARA-B.ST","64","1.66413","Sweden"
"8297","Nordic Fibreboard AS","SKN1T.TL","64","0.825472","Estonia"
"8298","Brüder Mannesmann AG","BMM.F","64","1.02594","Germany"
"8299","Bloober Team","6BO.SG","63","6.58019","Poland"
"8300","Sera Prognostics","SERA","63","2.14","United States"
"8301","Proximar Seafood","PROXI.OL","63","0.0486974","Norway"
"8302","J-Long Group","JL","62","6.76","Hong Kong"
"8303","Sequana Medical","SEQUA.BR","62","0.57783","Belgium"
"8304","Growthpoint Properties Australia","GOZ.AX","62","1.5289","Australia"
"8305","BioAge Labs","BIOA","62","16.57","United States"
"8306","Aclaris Therapeutics","ACRS","61","3.92","United States"
"8307","Nektar Therapeutics","NKTR","61","81.26","United States"
"8308","Ekso Bionics","EKSO","61","10","United States"
"8309","BioAtla","BCAB","61","4.27","United States"
"8310","Acumen Pharmaceuticals","ABOS","61","2.68","United States"
"8311","National Industries Group Holding","NIND.KW","61","785.153","Kuwait"
"8312","Odysight.ai","ODYS","61","5.46","Israel"
"8313","ArcticZymes Technologies ASA","AZT.OL","61","2.07493","Norway"
"8314","Orangekloud Technology","ORKT","61","1.02","Singapore"
"8315","Pebblebrook Hotel Trust","PEB","60","14.11","United States"
"8316","Omega Healthcare Investors","OHI","60","45.53","United States"
"8317","Clearway Energy","CWEN","60","40.14","United States"
"8318","Tyra Biosciences","TYRA","60","35.27","United States"
"8319","Passage Bio","PASG","60","10.86","United States"
"8320","iPower","IPW","60","1.14","United States"
"8321","Knowledge Economic City Company","4310.SR","60","3.16081","Saudi Arabia"
"8322","Solaris Resources","SLSR","60","10.26","Canada"
"8323","Keihanshin Building","8818.T","60","12.3524","Japan"
"8324","Socket Mobile","SCKT","59","0.85","United States"
"8325","Savara","SVRA","59","6.07","United States"
"8326","Quicklogic","QUIK","59","11.79","United States"
"8327","Pioneer Power Solutions","PPSI","59","2.53","United States"
"8328","Altimmune","ALT","59","3.29","United States"
"8329","LXP Industrial Trust","LXP","59","49.91","United States"
"8330","Kuke Music Holding","KUKE","59","1.39","China"
"8331","Terns Pharmaceuticals","TERN","59","52.68","United States"
"8332","Zevra Therapeutics","ZVRA","59","9.79","United States"
"8333","VIGO Photonics","VGO.WA","59","146.943","Poland"
"8334","Hvidbjerg Bank","HVID.CO","59","29.8203","Denmark"
"8335","Aimco","AIV","58","4.1","United States"
"8336","Assertio Holdings","ASRT","58","18.02","United States"
"8337","Forgame","0484.HK","58","0.0957137","China"
"8338","Montea Comm","MONT.BR","58","83.3726","Belgium"
"8339","Primary Health Properties","PHP.L","58","1.29589","United Kingdom"
"8340","Cyngn","CYN","58","1.6","United States"
"8341","VCI Global","VCIG","58","1.1","Malaysia"
"8342","Semilux International","SELX","58","0.3361","Taiwan"
"8343","Gentian Diagnostics ASA","GENT.OL","58","4.32984","Norway"
"8344","MBIA","MBI","57","5.83","United States"
"8345","Misto Holdings (Fila)","081660.KS","57","29.1831","South Korea"
"8346","KULR Technology Group","KULR","57","2.37","United States"
"8347","Cullman Bancorp","CULL","57","13.8","United States"
"8348","Vaxxinity","VAXX","57","0.0001","United States"
"8349","5E Advanced Materials","FEAM","57","1.66","United States"
"8350","bioAffinity Technologies","BIAF","57","2.81","United States"
"8351","Richtech Robotics","RR","57","2.23","United States"
"8352","Fly-E Group","FLYE","57","2.22","United States"
"8353","Meshek Energy - Renewable Energies","MSKE.TA","57","3.98433","Israel"
"8354","Sensorion","ALSEN.PA","57","0.458726","France"
"8355","Wheeler Real Estate Investment Trust","WHLR","56","0.775","United States"
"8356","Hycroft Mining","HYMC","56","41.7","United States"
"8357","aTyr Pharma","ATYR","56","0.8409","United States"
"8358","22nd Century Group","XXII","56","2.05","United States"
"8359","Washington H. Soul Pattinson and Company (Soul Patts)","SOL.AX","56","30.7989","Australia"
"8360","Ardmore Shipping","ASC","56","15.28","Bermuda"
"8361","Atea Pharmaceuticals","AVIR","56","5.8","United States"
"8362","PureTech Health","PRTC","56","17.87","United States"
"8363","Design Therapeutics","DSGN","56","12.64","United States"
"8364","Laser Photonics","LASE","56","1.05","United States"
"8365","enGene","ENGN","56","7.6","Canada"
"8366","PAL Next AG","PAL.DE","56","1.14387","Germany"
"8367","Kezar Life Sciences","KZR","55","7.36","United States"
"8368","EPR Properties","EPR","55","56.08","United States"
"8369","CJ Group","001040.KS","55","135.01","South Korea"
"8370","Pineapple Financial","PAPL","55","0.658","Canada"
"8371","Prodea Real Estate Investment Company","PRODEA.AT","55","7.25236","Greece"
"8372","OSE Immunotherapeutics","OSE.PA","55","3.82075","France"
"8373","Bicara Therapeutics","BCAX","55","22.98","United States"
"8374","CAMP4 Therapeutics","CAMP","55","4.52","United States"
"8375","Precipio","PRPO","54","28.5","United States"
"8376","Ladder Capital","LADR","54","10.33","United States"
"8377","Sedlmayr Grund und Immobilien AG","SPB.F","54","1485.85","Germany"
"8378","Bit Digital","BTBT","54","1.51","United States"
"8379","atai Life Sciences","ATAI","54","3.85","Germany"
"8380","Immuneering","IMRX","54","5.41","United States"
"8381","Sensus Healthcare","SRTS","54","4.49","United States"
"8382","Franchi Umberto Marmi","FUM.MI","54","3.93868","Italy"
"8383","Société de la Tour Eiffel","EIFF.PA","54","9.48113","France"
"8384","Fernheizwerk Neukölln","FHW.F","54","22.1698","Germany"
"8385","AGNC Investment","AGNC","53","10.64","United States"
"8386","POET Technologies","POET","53","6.71","Canada"
"8387","cbdMD","YCBD","52","0.728","United States"
"8388","Gameone","8282.HK","52","0.0727424","Hong Kong"
"8389","Rail Vision","RVSN","52","8.82","Israel"
"8390","NSTS Bancorp","NSTS","52","12.03","United States"
"8391","Moolec Science","MLEC","52","7.94","Luxembourg"
"8392","ArriVent BioPharma","AVBP","52","27.64","United States"
"8393","Airship AI","AISP","52","2.31","United States"
"8394","Brinova Fastigheter","BRIN-B.ST","52","1.47307","Sweden"
"8395","Senzime AB","SEZI.ST","52","0.522217","Sweden"
"8396","Hoffmann Green Cement Technologies","ALHGR.PA","52","4.91745","France"
"8397","Kistos Holdings","KIST.L","52","3.59592","United Kingdom"
"8398","Reitar Logtech Holdings","RITR","52","0.4956","Hong Kong"
"8399","Upstream Bio","UPB","52","10.34","United States"
"8400","Infinities Tech (Jiu Zun Digital)","1961.HK","51","0.0126342","China"
"8401","Draganfly","DPRO","51","5.78","Canada"
"8402","Mineralys Therapeutics","MLYS","51","27.32","United States"
"8403","Elutia","ELUT","51","1.14","United States"
"8404","Tectonic Therapeutic","TECX","51","29.95","United States"
"8405","Alligator Bioscience AB","ATORX.ST","51","0.0376824","Sweden"
"8406","The9","NCTY","50","5.38","China"
"8407","Sabra Health Care REIT","SBRA","50","20.34","United States"
"8408","Easterly Government Properties","DEA","50","23.22","United States"
"8409","SaverOne 2014","SVRE","50","3.53","Israel"
"8410","GH Research","GHRS","50","16.77","Ireland"
"8411","BlueNord ASA","BNOR.OL","50","58.6487","Norway"
"8412","Mobix Labs","MOBX","50","2.63","United States"
"8413","Asmallworld AG","ASWN.SW","50","0.800051","Switzerland"
"8414","Fonix Mobile","FNX.L","50","2.34753","United Kingdom"
"8415","Hamborner REIT","HABA.DE","50","5.625","Germany"
"8416","Loop Industries","LOOP","49","1.39","Canada"
"8417","Jaguar Health","JAGX","49","0.406","United States"
"8418","Northern Oil and Gas","NOG","49","25.68","United States"
"8419","Actinium Pharmaceuticals","ATNM","49","1.1","United States"
"8420","Terreno Realty","TRNO","49","65.65","United States"
"8421","Greenlane Holdings, Inc.","GNLN","49","3.6","United States"
"8422","Forever Entertainment","8FE.SG","49","0.707547","Poland"
"8423","Triterras","TRIRF","49","0.0001","Singapore"
"8424","Oculis Holding AG","OCS","49","27.6","Switzerland"
"8425","Sila Realty Trust","SILA","49","24.97","United States"
"8426","Instabank ASA","INSTA.OL","49","0.419221","Norway"
"8427","Artmarket.com","PRC.PA","49","3.33726","France"
"8428","VistaGen Therapeutics","VTGN","48","0.6","United States"
"8429","Essential Properties Realty Trust","EPRT","48","32.3","United States"
"8430","Porsche SE","PAH3.DE","48","38.5024","Germany"
"8431","PTC Financial Services","PFS.NS","48","0.310882","India"
"8432","Axel Mark","3624.T","48","0.522285","Japan"
"8433","BrightSpire Capital","BRSP","48","5.93","United States"
"8434","Sunrise New Energy","EPOW","48","0.765","China"
"8435","Al Imtiaz Investment Group Company","ALIMTIAZ.KW","48","159.302","Kuwait"
"8436","Abitare In S.p.A.","ABT.MI","48","3.30189","Italy"
"8437","FreeCast, Inc.","CAST","48","3.97","United States"
"8438","Viveve Medical","VIVE","47","0.0002","United States"
"8439","Clairvest Group","CVG.TO","47","55.1598","Canada"
"8440","Intellicheck","IDN","47","8.45","United States"
"8441","Kinnevik","KINV-A.ST","47","6.76323","Sweden"
"8442","PMV Pharmaceuticals","PMVP","47","1.47","United States"
"8443","HighPeak Energy","HPK","47","5.89","United States"
"8444","LondonMetric Property","LMP.L","47","2.59042","United Kingdom"
"8445","Forian","FORA","47","2.15","United States"
"8446","Soluna Holdings","SLNH","47","1.05","United States"
"8447","The Metals Company","TMC","47","4.72","Canada"
"8448","Nauticus Robotics","KITT","47","0.5299","United States"
"8449","Global Mofy Metaverse","GMM","47","1.53","China"
"8450","Xenia Hotels &amp; Resorts","XHR","46","16.3","United States"
"8451","SIGA Technologies","SIGA","46","4.58","United States"
"8452","Remark Holdings","MARK","46","0.0012","United States"
"8453","Peninsula Energy","PEN.AX","46","0.425526","Australia"
"8454","EMX Royalty","EMX","46","4.16","Canada"
"8455","Focus Universal","FCUV","46","2.65","United States"
"8456","Werewolf Therapeutics","HOWL","46","0.9175","United States"
"8457","Akanda","AKAN","46","3.13","United Kingdom"
"8458","Jianzhi Education Technology Group","JZ","46","0.9045","China"
"8459","Carisma Therapeutics","CARM","46","0.032","United States"
"8460","authID","AUID","46","1.07","United States"
"8461","VS Media","VSME","46","1","Hong Kong"
"8462","John Mattson Fastighetsföretagen","JOMA.ST","46","6.61076","Sweden"
"8463","Navitas Petroleum","NVPT.TA","46","45.0714","Israel"
"8464","Global Bioenergies","ALGBE.PA","46","0.0218702","France"
"8465","Insight Molecular Diagnostics","IMDX","46","3.61","United States"
"8466","Viking Therapeutics","VKTX","45","35.52","United States"
"8467","Fulcrum Therapeutics","FULC","45","7.9","United States"
"8468","Postal Realty Trust","PSTL","45","19.78","United States"
"8469","Intershop Holding","ISN.SW","45","219.15","Switzerland"
"8470","Nitro Games","NITRO.ST","45","0.140492","Finland"
"8471","CuriosityStream","CURI","45","3.29","United States"
"8472","Vinco Ventures","BBIG","45","0.0026","United States"
"8473","AEye","LIDR","45","1.65","United States"
"8474","CBo Territoria","CBOT.PA","45","4.6816","France"
"8475","Capricorn Energy","CNE.L","45","4.32868","United Kingdom"
"8476","Wheaton Precious Metals","WPM","44","147.69","Canada"
"8477","Arbutus Biopharma","ABUS","44","4.35","United States"
"8478","The Glimpse Group","VRAR","44","0.68","United States"
"8479","Shattuck Labs","STTK","44","6.78","United States"
"8480","Pyxis Oncology","PYXS","44","1.7","United States"
"8481","Santhera Pharmaceuticals","SANN.SW","44","22.6318","Switzerland"
"8482","Fortinova Fastigheter AB","FNOVA-B.ST","44","2.77717","Sweden"
"8483","Deutsche Rohstoff","DR0.DE","44","112.264","Germany"
"8484","Ocean Power Technologies","OPTT","43","0.3815","United States"
"8485","Zoom Telephonics","MINM","43","3.61","United States"
"8486","Cipher Mining","CIFR","43","18.45","United States"
"8487","CytoMed Therapeutics","GDTC","43","0.9999","Singapore"
"8488","Turbo Energy","TURB","43","2.05","Spain"
"8489","MBX Biosciences","MBX","43","32.81","United States"
"8490","Farmmi","FAMI","42","1.24","China"
"8491","Anavex Life Sciences","AVXL","42","3.12","United States"
"8492","Retail Estates NV","RET.BR","42","82.783","Belgium"
"8493","Vincerx Pharma","VINC","42","0.013","United States"
"8494","TROOPS, Inc.","TROO","42","2.39","Hong Kong"
"8495","Idaho Strategic Resources","IDR","42","39.04","United States"
"8496","NVE Corporation","NVEC","41","76.64","United States"
"8497","BIO-key International","BKYI","41","0.581","United States"
"8498","Integra Resources","ITRG","41","3.13","Canada"
"8499","Quantum Computing","QUBT","41","8.11","United States"
"8500","Journey Medical","DERM","41","5.26","United States"
"8501","Dakota Gold","DC","41","5.71","United States"
"8502","Trophy Games","TGAMES.CO","41","2.13791","Denmark"
"8503","Cue Biopharma","CUE","41","0.438","United States"
"8504","CXApp","CXAI","41","0.165","United States"
"8505","Contineum Therapeutics","CTNM","41","12.97","United States"
"8506","BeyondSpring","BYSI","40","1.73","United States"
"8507","VIB Vermögen","VIH1.F","40","8.79717","Germany"
"8508","Viracta Therapeutics","VIRX","40","0.00978","United States"
"8509","Orion Properties","ONL","40","2.52","United States"
"8510","Neonode","NEON","40","1.51","Sweden"
"8511","PodcastOne","PODC","40","2.18","United States"
"8512","Home Invest Belgium","HOMI.BR","40","22.6415","Belgium"
"8513","HMS Bergbau","HMU.DE","40","51.2972","Germany"
"8514","Venu Holding Corporation","VENU","40","3.99","United States"
"8515","Pure Cycle (water)","PCYO","39","11.3","United States"
"8516","PAVmed","PAVM","39","9.16","United States"
"8517","CBL International","BANL","39","0.4291","Malaysia"
"8518","La Rosa Holdings","LRHC","39","0.445","United States"
"8519","Perfect Moment","PMNT","39","0.356","United Kingdom"
"8520","Tamboran Resources","TBN","39","35.45","Australia"
"8521","Empire Energy Group","EEG.AX","39","0.119432","Australia"
"8522","KALA BIO","KALA","38","0.2258","United States"
"8523","MPC Container Ships","MPCC.OL","38","2.44122","Norway"
"8524","GoldMining Inc.","GLDG","38","1.33","Canada"
"8525","Nuwellis","NUWE","38","1.23","United States"
"8526","Actelis Networks","ASNS","38","0.13245","United States"
"8527","Battalion Oil","BATL","38","3.35","United States"
"8528","Beamr Imaging","BMR","38","1.52","Israel"
"8529","Peakstone Realty Trust","PKST","38","20.94","United States"
"8530","Scandinavian Enviro Systems","SES.ST","38","0.0275539","Sweden"
"8531","IDI","IDIP.PA","38","81.6038","France"
"8532","Vaccinex","VCNX","37","1.2","United States"
"8533","Evofem Biosciences","EVFM","37","0.009","United States"
"8534","BioXcel Therapeutics","BTAI","37","1.06","United States"
"8535","CTO Realty Growth","CTO","37","19.76","United States"
"8536","Nexstim","NXTMH.HE","37","10.7311","Finland"
"8537","Indian Railway Finance","IRFC.NS","37","1.06226","India"
"8538","Tidewater Renewables","LCFS.TO","37","6.28136","Canada"
"8539","Inspira Technologies","IINN","37","0.475","Israel"
"8540","enVVeno Medical Corporation","NVNO","37","11","United States"
"8541","Curbline Properties","CURB","37","27.31","United States"
"8542","Community Healthcare Trust","CHCT","36","17.38","United States"
"8543","Quince Therapeutics","QNCX","36","1.25","United States"
"8544","Comstock Inc.","LODE","36","3.04","United States"
"8545","Sunstone Hotel Investors","SHO","36","9.74","United States"
"8546","Perpetua Resources","PPTA","36","32.11","United States"
"8547","Vivani Medical","VANI","36","1.07","United States"
"8548","Mereo BioPharma Group","MREO","36","0.329","United Kingdom"
"8549","La Française de l'Energie","FDE.PA","36","48.0542","France"
"8550","Pharos Energy","PHAR.L","36","0.379946","United Kingdom"
"8551","Redhill Biopharma","RDHL","35","0.81","Israel"
"8552","Headwater Exploration","HWX.TO","35","8.77212","Canada"
"8553","WeTrade Group","WETG","35","5.05","China"
"8554","Compass Therapeutics","CMPX","35","5.44","United States"
"8555","Greenidge Generation Holdings","GREE","35","1.21","United States"
"8556","Equillium","EQ","35","1.92","United States"
"8557","SIMPPLE","SPPL","35","1.91","Singapore"
"8558","Lapidoth Capital","LAPD.TA","35","29.7345","Israel"
"8559","FORIS AG","FRS.DE","35","3.89151","Germany"
"8560","Stratus Properties","STRS","34","31.57","United States"
"8561","Curis","CRIS","34","0.6247","United States"
"8562","Senti Biosciences","SNTI","34","0.9283","United States"
"8563","Brera Holdings","SLMT","34","0.84","Ireland"
"8564","Sol-Gel Technologies","SLGL","34","76.5","Israel"
"8565","ryde","RYDE","34","1.39","Singapore"
"8566","BitFuFu","FUFU","34","2.44","Singapore"
"8567","Milestone Pharmaceuticals","MIST","33","2.03","Canada"
"8568","Indonesia Energy","INDO","33","3.29","Indonesia"
"8569","Granite Point Mortgage Trust","GPMT","33","1.44","United States"
"8570","Opthea","OPT","33","3.41","Australia"
"8571","Alkaline Water Company","WTER","33","0.06","United States"
"8572","Vitesse Energy","VTS","33","18.04","United States"
"8573","Global Self Storage","SELF","33","5.41","United States"
"8574","Magnora ASA","MGN.OL","33","2.68365","Norway"
"8575","Genovis AB","GENO.ST","33","2.19996","Sweden"
"8576","Buligo Capital","BLGO.TA","33","3.43511","Israel"
"8577","Bait Vegag Real Estate Development","BVGG.TA","33","2.26253","Israel"
"8578","Spero Therapeutics","SPRO","32","2.78","United States"
"8579","ShiftPixy","PIXY","32","6.53","United States"
"8580","Matinas BioPharma","MTNB","32","0.529","United States"
"8581","Alligator Energy","AGE.AX","32","0.031362","Australia"
"8582","Clearside Biomedical","CLSD","32","0.41","United States"
"8583","Greatland Resources","GGP.L","32","10.2586","Australia"
"8584","Movano","MOVE","32","13.82","United States"
"8585","Orrön Energy","ORRON.ST","32","0.800479","Sweden"
"8586","Bien Sparebank","BIEN.OL","32","16.1972","Norway"
"8587","Omer-Decugis & Cie","ALODC.PA","32","10.8962","France"
"8588","Bitcoin Group","ADE.DE","32","35.684","Germany"
"8589","Diamondrock Hospitality Company","DRH","31","10.41","United States"
"8590","Corvus Pharmaceuticals","CRVS","31","15.25","United States"
"8591","BioLargo","BLGO","31","0.16","United States"
"8592","Lightwave Logic","LWLG","31","12.22","United States"
"8593","Great Elm Group","GEG","31","2","United States"
"8594","Baosheng Media Group","BAOS","31","2.6","China"
"8595","Third Harmonic Bio","THRD","31","5.38","United States"
"8596","Trevi Therapeutics","TRVI","31","14.04","United States"
"8597","Eledon Pharmaceuticals","ELDN","31","3.2","United States"
"8598","Zephyrus Wing Energies","ZPRS.TA","31","9.37645","Israel"
"8599","Royal Gold","RGLD","30","271.52","United States"
"8600","Palatin Technologies","PTN","30","20.49","United States"
"8601","Cassava Sciences","SAVA","30","2.38","United States"
"8602","Astrotech","ASTC","30","3.33","United States"
"8603","National Health Investors","NHI","30","84.94","United States"
"8604","BioNexus Gene Lab","BGLC","30","2.17","Malaysia"
"8605","Phoenix Motor","PEV","30","0.23","United States"
"8606","Lyra Therapeutics","LYRA","30","0.66","United States"
"8607","Zura Bio","ZURA","30","5.72","United States"
"8608","Haoxi Health Technology","HAO","30","1.13","China"
"8609","Logistic Properties of the Americas","LPA","30","3.75","United States"
"8610","Senvest Capital","SEC.TO","30","246.897","Canada"
"8611","Phunware","PHUN","29","2.02","United States"
"8612","BrainStorm Cell Therapeutics","BCLI","29","0.86","United States"
"8613","Sachem Capital","SACH","29","1.03","United States"
"8614","Getty Realty","GTY","29","33.7","United States"
"8615","Argan SA","ARG.PA","29","72.5236","France"
"8616","Onfolio Holdings","ONFO","29","0.6143","United States"
"8617","T-Bull","TBL.WA","29","0.840467","Poland"
"8618","Trump Media &amp; Technology Group","DJT","29","9.95","United States"
"8619","Altea Green Power S.p.A.","AGP.MI","29","8.58491","Italy"
"8620","Panoro Energy ASA","PEN.OL","29","3.41941","United Kingdom"
"8621","Lunai Bioworks","LNAI","29","0.3388","United States"
"8622","SCYNEXIS","SCYX","28","1.02","United States"
"8623","Oncolytics Biotech","ONCY","28","1.02","Canada"
"8624","Koss","KOSS","28","3.9199","United States"
"8625","Corbus Pharmaceuticals","CRBP","28","10.02","United States"
"8626","Franklin Street Properties","FSP","28","0.65","United States"
"8627","Rafael Holdings","RFL","28","1.28","United States"
"8628","Sino-Entertainment Technology","6933.HK","28","0.0931613","China"
"8629","IperionX","IPX","28","33.55","United States"
"8630","BioLineRx","BLRX","28","2.38","Israel"
"8631","Protara Therapeutics","TARA","28","5.13","United States"
"8632","The InterGroup Corporation","INTG","28","35.82","United States"
"8633","Q32 Bio","QTTB","28","5.88","United States"
"8634","Solidion Technology","STI","28","6.86","United States"
"8635","AS Siguldas Ciltslietu Un Maksligas Apseklosanas Stacija","SCM1R.RG","28","5.7783","Latvia"
"8636","Dorchester Minerals","DMLP","27","27.79","United States"
"8637","VICI Properties","VICI","27","28.36","United States"
"8638","All in! Games","ALG.WA","27","0.234329","Poland"
"8639","374Water","SCWO","27","3.3","United States"
"8640","BioPorto","BIOPOR.CO","27","0.148313","Denmark"
"8641","Silver Mines Limited","SVL.AX","27","0.129725","Australia"
"8642","Helical","HLCL.L","27","2.52393","United Kingdom"
"8643","SWK Holdings","SWKH","26","15.9","United States"
"8644","Energous","WATT","26","16.4","United States"
"8645","AIM ImmunoTech","AIM","26","0.57855","United States"
"8646","Global Medical REIT","GMRE","26","35.98","United States"
"8647","Ellomay Capital","ELLO","26","24.37","Israel"
"8648","Care Property Invest NV","CPINV.BR","26","15.0472","Belgium"
"8649","Advent Technologies","ADN","26","0.9185","United States"
"8650","Locafy","LCFY","26","4.59","Australia"
"8651","Miyakoshi Holdings","6620.T","26","4.05872","Japan"
"8652","Aardvark Therapeutics","AARD","26","4.64","United States"
"8653","LeonaBio","LONA","26","9.07","United States"
"8654","BNB Plus Corp.","BNBX","26","0.5757","United States"
"8655","Achieve Life Sciences","ACHV","25","3.61","Canada"
"8656","Cadiz Inc.","CDZI","25","4.69","United States"
"8657","Reitir fasteignafélag","REITIR.IC","25","0.962409","Iceland"
"8658","Clean Energy Technologies","CETY","25","0.8254","United States"
"8659","Gateway Real Estate","GTY.F","25","0.413915","Germany"
"8660","Laird Superfood","LSF","25","2.44","United States"
"8661","Al Gassim Investment Holding","6020.SR","25","3.66718","Saudi Arabia"
"8662","Longeveron","LGVN","25","1.12","United States"
"8663","Belite Bio","BLTE","25","171.93","United States"
"8664","Treasure Global","TGL","25","3.74","Malaysia"
"8665","Argo Blockchain","ARBK","25","3","United Kingdom"
"8666","Imunon","IMNN","25","3.1","United States"
"8667","Solowin Holdings","SWIN","25","3.28","Hong Kong"
"8668","EcoSynthetix","ECO.TO","25","2.40362","Canada"
"8669","Logistea AB","LOGI-A.ST","25","1.4975","Sweden"
"8670","Sino AG","XTP.DE","25","112.264","Germany"
"8671","Westwater Resources","WWR","24","0.6422","United States"
"8672","PDS Biotechnology","PDSB","24","1.06","United States"
"8673","Lantern Pharma","LTRN","24","2.33","United States"
"8674","SFL Corp","SFL","24","10.76","Bermuda"
"8675","Scorpio Tankers","STNG","24","73.55","Monaco"
"8676","Tempest Therapeutics","TPST","24","2.25","United States"
"8677","iSpecimen","ISPC","24","0.109","United States"
"8678","Reborn Coffee","REBN","24","2.86","United States"
"8679","Rallybio","RLYB","24","8.25","United States"
"8680","Zentek","ZTEK","24","0.509","Canada"
"8681","Genelux","GNLX","24","2.64","United States"
"8682","Neo-Concept International Group","NCI","24","0.51","Hong Kong"
"8683","Tata Investment Corporation","TATAINVEST.NS","24","7.65877","India"
"8684","Hepsor AS","HPR1T.TL","24","7.09906","Estonia"
"8685","vTv Therapeutics","VTVT","23","38.33","United States"
"8686","Trevena","TRVN","23","0.011","United States"
"8687","Ovid Therapeutics","OVID","23","2.96","United States"
"8688","Outlook Therapeutics","OTLK","23","0.253","United States"
"8689","American Resources Corp","AREC","23","2.25","United States"
"8690","Farmland Partners","FPI","23","11.78","United States"
"8691","LTC Properties","LTC","23","39.37","United States"
"8692","Citius Pharmaceuticals","CTXR","23","0.824","United States"
"8693","Keppel REIT","K71U.SI","23","0.723703","Singapore"
"8694","Marimaca Copper","MARI.TO","23","6.58635","Canada"
"8695","CGN Mining Company","1164.HK","23","0.525787","Hong Kong"
"8696","Gaming Corps","GCOR.ST","23","0.0980179","Sweden"
"8697","Exor","EXO.AS","23","82.6061","Netherlands"
"8698","MiNK Therapeutics","INKT","23","13.51","United States"
"8699","U.S. Global Investors","GROW","23","2.51","United States"
"8700","Fintech Scion (FintechCashier)","FINR","23","0.001","United Kingdom"
"8701","Deutsche Konsum REIT-AG","DKG.DE","23","1.96934","Germany"
"8702","Hepion Pharmaceuticals","HEPA","22","0.048","United States"
"8703","Dynex Capital","DX","22","13.25","United States"
"8704","Frasers Logistics &amp; Industrial Trust","BUOU.SI","22","0.751235","Singapore"
"8705","Property For Industry","PFI.NZ","22","1.35749","New Zealand"
"8706","Netstreit","NTST","22","20","United States"
"8707","Spruce Biosciences","SPRB","22","67.8","United States"
"8708","Motorsport Gaming","MSGM","22","3.87","United States"
"8709","AN2 Therapeutics","ANTX","22","2.98","United States"
"8710","Sozap","SOZAP.ST","22","0.0270876","Sweden"
"8711","ParaZero Technologies","PRZO","22","0.695","Israel"
"8712","Newron Pharmaceuticals","NWRN.SW","22","21.3262","Italy"
"8713","Amoéba S.A.","ALMIB.PA","22","1.00943","France"
"8714","Rave Restaurant Group","RAVE","21","2.37","United States"
"8715","Dare Bioscience","DARE","21","1.75","United States"
"8716","Brooge Energy","BROG","21","2.6","United Arab Emirates"
"8717","Helius Medical Technologies","HSDT","21","1.98","United States"
"8718","CareTrust REIT","CTRE","21","39.35","United States"
"8719","Innovative Industrial Properties","IIPR","21","51.18","United States"
"8720","Netcapital","NCPL","21","0.421","United States"
"8721","Mobilicom","MOB","21","4.84","Australia"
"8722","Solid Clouds","SOLID.IC","21","0.00271449","Iceland"
"8723","Davis Commodities","DTCK","21","1","Singapore"
"8724","Ascencio","ASCE.BR","21","60.1415","Belgium"
"8725","Reed's, Inc.","REED","21","4.34","United States"
"8726","Kore Potash plc","KP2.L","21","0.044508","United Kingdom"
"8727","Synergy CHC","SNYR","21","0.62","United States"
"8728","Metatek-Group","MTEK.TO","21","3.55823","United Kingdom"
"8729","Zion Oil &amp; Gas","ZNOG","20","0.39","United States"
"8730","SINTX Technologies","SINT","20","2.8","United States"
"8731","NuCana","NCNA","20","2.16","United Kingdom"
"8732","Microbot Medical","MBOT","20","2.43","United States"
"8733","Atomera","ATOM","20","5.04","United States"
"8734","Srei Infrastructure Finance","SREINFRA.NS","20","0.03","India"
"8735","Gati","GATI.NS","20","1.65","India"
"8736","HIVE Digital Technologies","HIVE","20","2.42","Canada"
"8737","Expion360","XPON","20","0.75","United States"
"8738","Plazza AG","PLAN.SW","20","567.076","Switzerland"
"8739","STINAG Stuttgart Invest","STG.F","20","17.3349","Germany"
"8740","Wrap Technologies","WRAP","19","1.53","United States"
"8741","Kaixin Auto","KXIN","19","5.6","China"
"8742","Gaming and Leisure Properties","GLPI","19","46.73","United States"
"8743","FRP Holdings","FRPH","19","22.07","United States"
"8744","Prairie Operating","PROP","19","1.28","United States"
"8745","Mainz Biomed","MYNZ","19","0.8441","Germany"
"8746","HeartBeam","BEAT","19","1.2","United States"
"8747","SeaStar Medical","ICU","19","3.75","United States"
"8748","EPIC Suisse","EPIC.SW","19","115.975","Switzerland"
"8749","Altius Minerals","ALS.TO","19","37.4558","Canada"
"8750","Klaveness Combination Carriers","KCC.OL","19","10.0359","Norway"
"8751","Nanexa AB","NANEXA.ST","19","0.440536","Sweden"
"8752","Oncodesign Precision Medicine","ALOPM.PA","19","0.566038","France"
"8753","Aimia","AIM.TO","18","1.96792","Canada"
"8754","Covivio Hotels","COVH.PA","18","28.3019","France"
"8755","iEntertainment Network","IENT","18","0.0081","United States"
"8756","Trulite","TRUL","18","0.0001","United States"
"8757","Bajaj Holdings &amp; Investment","BAJAJHLDNG.NS","18","105.861","India"
"8758","Petros Pharmaceuticals","PTPI","18","0.006","United States"
"8759","Qiiwi Games","QIIWI.ST","18","0.184056","Sweden"
"8760","Immix Biopharma","IMMX","18","9.85","United States"
"8761","Entera Bio","ENTX","18","1.13","Israel"
"8762","Tevogen Bio","TVGN","18","0.1551","United States"
"8763","MCI Capital Alternatywna Spólka Inwestycyjna","MCI.WA","18","7.84807","Poland"
"8764","Arco Vara AS","ARC1T.TL","18","1.73349","Estonia"
"8765","Predilife","ALPRE.PA","18","3.70283","France"
"8766","Afentra","AET.L","18","1.14798","United Kingdom"
"8767","DF Deutsche Forfait AG","DFTK.DE","18","2.15802","Germany"
"8768","TON Strategy Co.","TONX","18","2.36","United States"
"8769","Relmada Therapeutics","RLMD","17","7.19","United States"
"8770","LMP Automotive Holdings","LMPX","17","0.07","United States"
"8771","Chatham Lodging Trust","CLDT","17","8.67","United States"
"8772","Virax Biolabs","VRAX","17","0.148","United Kingdom"
"8773","Milestone Scientific","MLSS","17","0.292","United States"
"8774","Hennessy Advisors","HNNA","17","9.93","United States"
"8775","Xlife Sciences","XLS.SW","17","27.1377","Switzerland"
"8776","Annehem Fastigheter","ANNE-B.ST","17","2.02026","Sweden"
"8777","Electra Real Estate","ELCRE.TA","17","17.6734","Israel"
"8778","Bioventix","BVXP.L","17","24.7644","United Kingdom"
"8779","Metaplanet Inc.","3350.T","17","2.07026","Japan"
"8780","Unity Biotechnology","UBX","16","0.2001","United States"
"8781","Lipocine","LPCN","16","2.53","United States"
"8782","iBio","IBIO","16","2.19","United States"
"8783","Benitec Biopharma","BNTC","16","13.25","United States"
"8784","Melbourne Enterprises","0158.HK","16","7.56776","Hong Kong"
"8785","Ascent Solar Technologies","ASTI","16","3.98","United States"
"8786","Skye Bioscience","SKYE","16","0.8152","United States"
"8787","Mobile Global Esports (Mogo)","MGAM","16","0.022","United States"
"8788","Ideal Power","IPWR","16","2.89","United States"
"8789","Agape ATP","ATPC","16","2.71","Malaysia"
"8790","GenSight Biologics","SIGHT.PA","16","0.0966981","France"
"8791","B.P. Marsh &amp; Partners","BPM.L","16","9.02373","United Kingdom"
"8792","SELLAS Life Sciences","SLS","15","4.86","United States"
"8793","Genprex","GNPX","15","1.21","United States"
"8794","Galectin Therapeutics","GALT","15","2.47","United States"
"8795","Atossa Therapeutics","ATOS","15","5.35","United States"
"8796","PEDEVCO","PED","15","15.9","United States"
"8797","Nordic American Tankers","NAT","15","5.71","Bermuda"
"8798","Industrivarden","INDU-A.ST","15","53.7791","Sweden"
"8799","China Motor Bus Company","0026.HK","15","7.34443","Hong Kong"
"8800","OLB Group","OLB","15","0.4998","United States"
"8801","Heart Test Laboratories","HSCS","15","1.97","United States"
"8802","Games Operators","GOP.WA","15","3.3396","Poland"
"8803","Know Labs","KNW","15","2.24","United States"
"8804","Maui Land &amp; Pineapple Company","MLP","15","16.1","United States"
"8805","CervoMed","CRVO","15","4.04","United States"
"8806","SolarBank","SUUN","15","0.62","Canada"
"8807","Vivoryon Therapeutics","05Y.F","15","1.58608","Germany"
"8808","VivoPower","VVPR","14","2.07","United Kingdom"
"8809","Soligenix","SNGX","14","1.15","United States"
"8810","Monopar Therapeutics","MNPR","14","57.92","United States"
"8811","Immersion Corporation","IMMR","14","5.8","United States"
"8812","Aethlon Medical","AEMD","14","2.31","United States"
"8813","Blue Hat","BHAT","14","0.675","China"
"8814","Power Assets","0006.HK","14","8.16119","Hong Kong"
"8815","SOBR Safe","SOBR","14","0.588","United States"
"8816","Instil Bio","TIL","14","8.44","United States"
"8817","Uranium Royalty","UROY","14","3.73","Canada"
"8818","Kidpik","PIK","14","2.38","United States"
"8819","HilleVax","HLVX","14","2.09","United States"
"8820","eFFECTOR Therapeutics","EFTR","14","0.0002","United States"
"8821","Sagimet Biosciences","SGMT","14","5.54","United States"
"8822","Signing Day Sports","SGN","14","0.5401","United States"
"8823","AXIL Brands","AXIL","14","7.2","United States"
"8824","KMC Properties","KMCP.OL","14","2.66777","Norway"
"8825","Inclusio","INCLU.BR","14","20.5778","Belgium"
"8826","Vitruvio Real Estate","YVIT.MC","14","20.5189","Spain"
"8827","clearvise AG","ABO.DE","14","1.44458","Germany"
"8828","VivoSim Labs","VIVS","14","1.52","United States"
"8829","Palvella Therapeutics","PVLA","14","129.53","United States"
"8830","VYNE Therapeutics","VYNE","13","0.6229","United States"
"8831","MediciNova","MNOV","13","1.41","United States"
"8832","Platinum Group Metals","PLG","13","1.93","Canada"
"8833","NovaGold Resources","NG","13","10.13","Canada"
"8834","Western Copper and Gold","WRN","13","2.95","Canada"
"8835","Nuvectis Pharma","NVCT","13","8.73","United States"
"8836","Cingulate","CING","13","5.35","United States"
"8837","MAIA Biotechnology","MAIA","13","1.37","United States"
"8838","Creepy Jar","CRJ.WA","13","169.207","Poland"
"8839","Genenta Science","GNTA","13","0.6412","Italy"
"8840","XOMA Royalty","XOMA","13","39.41","United States"
"8841","INmune Bio","INMB","13","1.26","United States"
"8842","Cheetah Net Supply Chain Service","CTNT","13","1.43","United States"
"8843","FibroBiologics","FBLG","13","1.41","United States"
"8844","Talphera","TLPH","13","0.847","United States"
"8845","Warteck Invest","WARN.SW","13","2649.77","Switzerland"
"8846","AHT Syngas Technology","3SQ1.DE","13","3.53774","Germany"
"8847","Forsys Metals","FSY.TO","12","0.279575","Canada"
"8848","Vista Gold","VGZ","12","2.11","United States"
"8849","Max Financial Services","MFSL.NS","12","17.68","India"
"8850","Freeze Tag","FRZT","12","0.008","United States"
"8851","Gold Royalty Corp","GROY","12","3.73","Canada"
"8852","Context Therapeutics","CNTX","12","2.51","United States"
"8853","TeraWulf","WULF","12","20.95","United States"
"8854","Modiv","MDV","12","15.58","United States"
"8855","Coelacanth Energy","CEI.V","12","0.660814","Canada"
"8856","Adamas One","JEWL","12","0.015","United States"
"8857","Regencell Bioscience","RGC","12","30.11","Hong Kong"
"8858","Eco Wave Power Global","WAVE","12","6.3","Israel"
"8859","Cherry Hill Mortgage Investment","CHMI","12","2.67","United States"
"8860","Bure Equity AB","BURE.ST","12","26.2034","Sweden"
"8861","Pantheon Resources","PANR.L","12","0.156321","United Kingdom"
"8862","Ecora Resources","ECOR.L","12","1.94587","United Kingdom"
"8863","Futura Medical","FUM.L","12","0.0166905","United Kingdom"
"8864","Global Interactive Technologies","GITS","12","2.32","South Korea"
"8865","Cocrystal Pharma","COCP","11","1.53","United States"
"8866","IMTE","IMTE","11","0.6842","Australia"
"8867","Barfresh Food Group","BRFH","11","2.8001","United States"
"8868","Innovative Eyewear","LUCY","11","1.09","United States"
"8869","TOP Financial Group Limited","TOP","11","0.7915","Hong Kong"
"8870","Odyssey Marine Exploration","OMEX","11","1.17","United States"
"8871","Aeluma","ALMU","11","14.26","United States"
"8872","Árima Real Estate","ARM.MC","11","12.9717","Spain"
"8873","Helios Underwriting","HUW.L","11","2.7139","United Kingdom"
"8874","RYTHM, Inc.","RYM","11","24.5","United States"
"8875","Sonoma Pharmaceuticals","SNOA","10","2.18","United States"
"8876","BB Biotech","BION.SW","10","59.3958","Switzerland"
"8877","One Liberty Properties","OLP","10","22.74","United States"
"8878","Pacific Century Regional Developments","P15.SI","10","0.412983","Singapore"
"8879","Fury Gold Mines","FURY","10","0.6399","Canada"
"8880","Fairfax India Holdings","FIH-U.TO","10","16.9","Canada"
"8881","Blackboxstocks","BLBX","10","18.15","United States"
"8882","Altamira Therapeutics","CYTO","10","0.3","Bermuda"
"8883","NeoVolta","NEOV","10","3.09","United States"
"8884","Forza X1","FRZA","10","0.2","United States"
"8885","Jeffs' Brands","JFBR","10","3.08","Israel"
"8886","Verde Clean Fuels","VGAS","10","1.78","United States"
"8887","Azitra","AZTR","10","0.216","United States"
"8888","SuRo Capital","SSSS","10","13.01","United States"
"8889","Epsilon Energy","EPSN","10","6.03","United States"
"8890","Lightbridge Corporation","LTBR","10","11.85","United States"
"8891","Cibus Nordic Real Estate","CIBUS.ST","10","16.5759","Sweden"
"8892","Orascom Development","ODHN.SW","10","6.66163","Switzerland"
"8893","Airesis SA","AIRE.SW","10","0.0298641","Switzerland"
"8894","BloomZ","BLMZ","10","0.128","United States"
"8895","SM Wirtschaftsberatungs AG","SMWN.DE","10","5.75472","Germany"
"8896","ALT5 Sigma","ALTS","10","0.89","United States"
"8897","The Metals Royalty Company","TMCR","10","14.3","Canada"
"8898","Tiziana Life Sciences","TLSA","9","1.29","United Kingdom"
"8899","Sotherly Hotels","SOHO","9","2.25","United States"
"8900","Iterum Therapeutics","ITRM","9","0.03","Ireland"
"8901","Energy Focus","EFOI","9","2.13","United States"
"8902","Arcadia Biosciences","RKDA","9","1.33","United States"
"8903","Flex LNG","FLNG","9","30.88","Bermuda"
"8904","AppTech Payments","APCX","9","0.5","United States"
"8905","PhenixFIN","PFX","9","41.08","United States"
"8906","Patriot Battery Metals","PMET.TO","9","3.80513","Canada"
"8907","Incannex Healthcare","IXHL","9","0.167","Australia"
"8908","Strawberry Fields REIT","STRW","9","13.29","United States"
"8909","Strive Asset Management, LLC","ASST","9","12.43","United States"
"8910","LM Funding America","LMFA","9","0.2879","United States"
"8911","Serina Therapeutics","SER","9","1.93","United States"
"8912","Akastor ASA","AKAST.OL","9","1.56255","Norway"
"8913","DeFi Technologies","DEFI.NE","9","0.791524","Canada"
"8914","Lithium Royalty Corp.","LIRC.TO","9","7.6393","Canada"
"8915","Creades AB","CRED-A.ST","9","7.90677","Sweden"
"8916","Rockhopper Exploration","RKH.L","9","1.12898","United Kingdom"
"8917","Clere AG","CAG0.HM","9","13.2075","Germany"
"8918","Minerva Neurosciences","NERV","8","5.87","United States"
"8919","Aprea Therapeutics","APRE","8","0.941","United States"
"8920","Aldeyra Therapeutics","ALDX","8","1.79","United States"
"8921","Almaden Minerals","AAU","8","0.1465","Canada"
"8922","BRT Apartments","BRT","8","14.23","United States"
"8923","Can Fite Biopharma","CANF","8","3.05","Israel"
"8924","Laramide Resources","LAM.TO","8","0.530103","Canada"
"8925","Calithera Biosciences","CALA","8","0.0003","United States"
"8926","Topaz Energy","TPZ.TO","8","22.1699","Canada"
"8927","Deterra Royalties","DRR.AX","8","2.95801","Australia"
"8928","AiRWA Inc.","YYAI","8","0.9589","United States"
"8929","Magic Empire Global (Giraffe Capital)","MEGL","8","1.12","Hong Kong"
"8930","Coya Therapeutics","COYA","8","4.46","United States"
"8931","Annovis Bio","ANVS","8","1.73","United States"
"8932","Jet.AI","JTAI","8","7.38","United States"
"8933","Kolibri Global Energy","KGEI","8","4.98","United States"
"8934","Infant Bacterial Therapeutics AB","IBT-B.ST","8","5.49989","Sweden"
"8935","Acanthe Développement","ACAN.PA","8","0.272406","France"
"8936","Heliad AG","A7A.DE","8","16.5684","Germany"
"8937","NanoViricides","NNVC","7","1.04","United States"
"8938","Seritage Growth Properties","SRG","7","2.58","United States"
"8939","PennyMac Mortgage Investment Trust","PMT","7","12.07","United States"
"8940","Global Ship Lease","GSL","7","38.8","United Kingdom"
"8941","Brederode","BREB.BR","7","121.934","Luxembourg"
"8942","Tivic Health Systems","TIVC","7","0.93","United States"
"8943","Ensysce Biosciences","ENSC","7","0.52","United States"
"8944","Trio Petroleum","TPET","7","0.51","United States"
"8945","NioCorp Developments","NB","7","4.99","United States"
"8946","Gamer Pakistan","GPAK","7","0.0009","United States"
"8947","Globavend","GVH","7","2.41","Australia"
"8948","MBC Group Co.","4072.SR","7","7.20111","Saudi Arabia"
"8949","CleanCore Solutions","ZONE","7","0.3403","United States"
"8950","Qrf","QRF.BR","7","13.0896","Belgium"
"8951","MRM","MRM.PA","7","36.549","France"
"8952","AGROB Immobilien","AGR.F","7","38.6792","Germany"
"8953","Gelteq Limited","GELS","7","0.6967","Australia"
"8954","Resolute Holdings Management","RHLD","7","153","United States"
"8955","Synlogic","SYBX","6","0.635","United States"
"8956","Manhattan Bridge Capital","LOAN","6","4.63","United States"
"8957","Solitario Zinc","XPL","6","0.91","United States"
"8958","Ampio Pharmaceuticals","AMPE","6","0.215","United States"
"8959","Trinity Place Holdings","TPHS","6","0.0253","United States"
"8960","Contango Ore","CTGO","6","25.72","United States"
"8961","Deutsche EuroShop","DEQ.F","6","23.2547","Germany"
"8962","Skel fjárfestingafélag","SKEL.IC","6","0.133257","Iceland"
"8963","Eterna Therapeutics","ERNA","6","0.2021","United States"
"8964","PaxMedica","PXMD","6","0.0005","United States"
"8965","Vox Royalty","VOXR","6","5.65","Canada"
"8966","U.S. GoldMining","USGO","6","13","United States"
"8967","Doxa AB","DOXA.ST","6","0.0468308","Sweden"
"8968","Prime Office A/S","PRIMOF.CO","6","31.8715","Denmark"
"8969","Bitmine Immersion Technologies","BMNR","6","21.48","United States"
"8970","Patrimoine et Commerce SA","PAT.PA","6","28.3019","France"
"8971","Phio Pharmaceuticals","PHIO","5","1.29","United States"
"8972","Anixa Biosciences","ANIX","5","2.88","United States"
"8973","Adial Pharmaceuticals","ADIL","5","1.58","United States"
"8974","Oragenics","OGEN","5","0.655","United States"
"8975","Trilogy Metals","TMQ","5","4.14","Canada"
"8976","N.B.I. Industrial Finance","NBIFIN.NS","5","19.7408","India"
"8977","Wearable Health Solutions","WHSI","5","0.0001","United States"
"8978","Versus Systems","VS","5","1.07","Canada"
"8979","Intensity Therapeutics","INTS","5","5.36","United States"
"8980","Lipella Pharmaceuticals","LIPO","5","0.022","United States"
"8981","Kaldalón","KALD.IC","5","0.207288","Iceland"
"8982","AEON Biopharma","AEON","5","0.889","United States"
"8983","NANO Nuclear Energy","NNE","5","23.52","United States"
"8984","Athos Immobilien","ATH.VI","5","53.7736","Austria"
"8985","Cereno Scientific","CRNO-B.ST","5","0.683402","Sweden"
"8986","CR Energy","CRZK.DE","5","0.417453","Germany"
"8987","Streamex Corp.","STEX","5","1.03","United States"
"8988","U.S. Gold Corp","USAU","4","16.55","United States"
"8989","Titan Medical","TMD.TO","4","0.0326591","Canada"
"8990","Danaos","DAC","4","118.41","Greece"
"8991","Avalon GloboCare","ALBT","4","0.413","United States"
"8992","AquaBounty","AQB","4","1.02","United States"
"8993","Greenwich LifeSciences","GLSI","4","26.02","United States"
"8994","180 Life Sciences","ATNF","4","3.58","United States"
"8995","Cadrenal Therapeutics","CVKD","4","4.79","United States"
"8996","Bullfrog AI","BFRG","4","1.01","United States"
"8997","Metalla Royalty & Streaming","MTA","4","6.98","Canada"
"8998","LandBridge","LB","4","66.08","United States"
"8999","Züblin Immobilien","ZUBN.SW","4","62.852","Switzerland"
"9000","Byggmästare Anders J Ahlström","AJA-B.ST","4","5.82662","Sweden"
"9001","Vastned Belgium NV","VASTB.BR","4","35.7901","Belgium"
"9002","Zegona Communications","ZEG.L","4","23.7467","United Kingdom"
"9003","Aurelion Inc.","AURE","4","2.54","Hong Kong"
"9004","Galmed Pharmaceuticals","GLMD","3","0.709","Israel"
"9005","Aptorum Group","APM","3","0.8811","Hong Kong"
"9006","Jump Networks","JUMPNET.NS","3","0.12","India"
"9007","Solvac","SOLV.BR","3","86.6745","Belgium"
"9008","Labrador Iron Ore Royalty Corp.","LIF.TO","3","21.5672","Canada"
"9009","HOMAG Group","HG1.F","3","29.0094","Germany"
"9010","ATARI","ALATA.PA","3","0.119811","France"
"9011","OKYO Pharma","OKYO","3","1.58","United Kingdom"
"9012","Kaival Brands Innovations","KAVL","3","0.016","United States"
"9013","Quoin Pharmaceuticals","QNRX","3","6.3","United States"
"9014","Granite Ridge Resources","GRNT","3","5.32","United States"
"9015","Mangoceuticals","MGRX","3","0.388","United States"
"9016","Himalaya Shipping","HSHP","3","13.77","Bermuda"
"9017","International Tower Hill Mines","THM","3","2.57","Canada"
"9018","Unusual Machines","UMAC","3","13.99","United States"
"9019","Gaxos.ai","GXAI","3","1.22","United States"
"9020","Vitura SA","VTR.PA","3","5.70755","France"
"9021","Scherzer &amp; Co. AG","PZS.DE","3","2.99528","Germany"
"9022","AlphaTON Capital Corp","ATON","3","0.33","British Virgin Islands"
"9023","AMC Robotics Corporation","AMCI","3","6.73","United States"
"9024","Sphere 3D","ANY","2","1.48","Canada"
"9025","Pulmatrix","PULM","2","1.245","United States"
"9026","NexPoint Residential Trust","NXRT","2","26.62","United States"
"9027","JSW Holdings","JSWHL.NS","2","144.08","India"
"9028","Bakhu Holdings","BKUH","2","0.02","United States"
"9029","Yellow Cake plc","YCA.L","2","8.19599","Jersey"
"9030","PainReform","PRFX","2","2.75","Israel"
"9031","5th Planet Games","5PG.OL","2","0.187379","Denmark"
"9032","PunkPirates","PUN.WA","2","0.13","Poland"
"9033","Hoth Therapeutics","HOTH","2","0.6459","United States"
"9034","Lucy Scientific Discovery","LSDI","2","0.5139","Canada"
"9035","Xenetic Biosciences","XBIO","2","3.26","United States"
"9036","Elevai Labs","ELAB","2","4.38","United States"
"9037","Tharimmune","THAR","2","4.74","United States"
"9038","Addex Therapeutics","ADXN","2","7.2004","Switzerland"
"9039","Linc AB","LINC.ST","2","8.26617","Sweden"
"9040","Flat Capital AB","FLAT-B.ST","2","1.03354","Sweden"
"9041","Carlton Investments","CIN.AX","2","25.5886","Australia"
"9042","Eisen- und Hüttenwerke","EIS.F","2","17.8066","Germany"
"9043","MPH Health Care AG","93M1.DE","2","22.7005","Germany"
"9044","CGRE AG","CGX.F","2","17.6887","Germany"
"9045","AB INVL Baltic Farmland","INL1L.VS","2","7.72406","Lithuania"
"9046","Pelagic Credit Plc","PLGC.OL","2","1.91085","Cyprus"
"9047","Top Ships","TOPS","1","3.03","Greece"
"9048","TherapeuticsMD","TXMD","1","2.11","United States"
"9049","Cyclerion Therapeutics","CYCN","1","3.22","United States"
"9050","NexPoint Real Estate Finance","NREF","1","14","United States"
"9051","Mega Uranium","MGA.TO","1","0.537365","Canada"
"9052","Greene Concepts","INKW","1","0.0002","United States"
"9053","Alaunos Therapeutics","TCRT","1","2.99","United States"
"9054","ManyDev Studio","MAN.WA","1","0.171433","Poland"
"9055","KNOT Offshore Partners","KNOP","1","10.12","United Kingdom"
"9056","Propanc Biopharma","PPCB","1","0.0975","Australia"
"9057","Deep Value Driller","DVD.OL","1","2.21256","Norway"
"9058","Bever Holding","BEVER.AS","1","2.94811","Netherlands"
"9059","Olimpo Real Estate","YORE.MC","1","1.16745","Spain"
"9060","GBK Beteiligungen AG","GBQ.HM","1","6.36792","Germany"
"9061","Samsung","005930.KS","0","145.746","South Korea"
"9062","AIA","1299.HK","0","10.8986","Hong Kong"
"9063","SABIC","2010.SR","0","16.2571","Saudi Arabia"
"9064","Westlake Chemical Partners","WLKP","0","22.6","United States"
"9065","WhiteHorse Finance","WHF","0","7.6","United States"
"9066","Viper Energy","VNOM","0","45.06","United States"
"9067","Descartes Systems Group","DSGX","0","68.49","Canada"
"9068","TCG BDC","CGBD","0","11.44","United States"
"9069","Tapinator","TAPM","0","0.247","United States"
"9070","StoneCo","STNE","0","14.61","Brazil"
"9071","SLR Investment","SLRC","0","15.82","United States"
"9072","Silicom","SILC","0","23.17","Israel"
"9073","Service Properties Trust","SVC","0","1.33","United States"
"9074","Prospect Capital","PSEC","0","2.73","United States"
"9075","PennantPark Investment","PNNT","0","4.6","United States"
"9076","PennantPark Floating Rate","PFLT","0","8.61","United States"
"9077","Oxford Square Capital","OXSQ","0","1.91","United States"
"9078","Oxford Lane Capital","OXLC","0","10","United States"
"9079","Oramed Pharmaceuticals","ORMP","0","3.8","United States"
"9080","Office Properties Income Trust","OPI","0","0.2","United States"
"9081","Nymox Pharmaceutical","NYMX","0","0.2","Bahamas"
"9082","Martin Midstream Partners","MMLP","0","2.59","United States"
"9083","Liberty Live Group","LLYVA","0","98.23","United States"
"9084","Liberty Broadband","LBRDA","0","50.31","United States"
"9085","Industrial Logistics Properties Trust","ILPT","0","5.8","United States"
"9086","Immutep","IMMP","0","0.3148","Australia"
"9087","Gladstone Land","LAND","0","10.65","United States"
"9088","Gladstone Investment","GAIN","0","15.14","United States"
"9089","Gladstone Commercial","GOOD","0","12.41","United States"
"9090","Gladstone Capital Corporation","GLAD","0","18.56","United States"
"9091","Euroseas","ESEA","0","69.92","Greece"
"9092","Donegal Group","DGICA","0","17.15","United States"
"9093","Afya","AFYA","0","15.46","Brazil"
"9094","Taseko Mines","TGB","0","7.79","Canada"
"9095","Silvercorp Metals","SVM","0","12.4","Canada"
"9096","Northern Dynasty Minerals","NAK","0","1.9","Canada"
"9097","New Gold","NGD","0","9.08","Canada"
"9098","Galiano Gold","GAU","0","2.66","Canada"
"9099","Bioceres Crop Solutions","BIOX","0","0.5863","Argentina"
"9100","B2Gold","BTG","0","4.94","Canada"
"9101","Avino Silver &amp; Gold Mines","ASM","0","7.23","Canada"
"9102","Americas Gold and Silver Corp","USAS","0","6.03","Canada"
"9103","ARMOUR Residential REIT","ARR","0","17.78","United States"
"9104","ASA Gold and Precious Metals","ASA","0","69.32","United States"
"9105","Bain Capital Specialty Finance","BCSF","0","13.01","United States"
"9106","Banco Latinoamericano de Comercio Exterior","BLX","0","54.94","Panama"
"9107","Buenaventura Mining Company","BVN","0","37.52","Peru"
"9108","GPA","PCAR3.SA","0","0.499629","Brazil"
"9109","Delek Logistics Partners","DKL","0","48.57","United States"
"9110","Ellington Credit Company","EARN","0","4.63","United States"
"9111","Fortuna Mining","FSM","0","10.75","Canada"
"9112","Kimbell Royalty Partners","KRP","0","14.2","United States"
"9113","Mechel PAO","MTLR.ME","0","0.85","Russia"
"9114","Nexa Resources","NEXA","0","11.94","Luxembourg"
"9115","Saratoga Investment","SAR","0","22.75","United States"
"9116","Tsakos Energy Navigation","TEN","0","38.38","Greece"
"9117","Cel-Sci","CVM","0","4.36","United States"
"9118","Central Securities","CET","0","52.3","United States"
"9119","Idorsia","IDIA.SW","0","4.7235","Switzerland"
"9120","HBM Healthcare Investments","HBMN.SW","0","296.339","Switzerland"
"9121","Wesdome Gold Mines","WDO.TO","0","20.6813","Canada"
"9122","Trisura Group","TSU.TO","0","33.9557","Canada"
"9123","Superior Plus","SPB.TO","0","4.69831","Canada"
"9124","Premium Brands","PBH.TO","0","60.8239","Canada"
"9125","Power Corporation of Canada","POW.TO","0","53.3008","Canada"
"9126","Pizza Pizza","PZA.TO","0","11.4662","Canada"
"9127","Peyto Exploration &amp; Development","PEY.TO","0","18.2559","Canada"
"9128","Northland Power","NPI.TO","0","16.898","Canada"
"9129","Lundin Gold","LUG.TO","0","84.4825","Canada"
"9130","Keyera","KEY.TO","0","36.5118","Canada"
"9131","Jamieson Wellness","JWEL.TO","0","24.8858","Canada"
"9132","Ivanhoe Mines","IVN.TO","0","9.21508","Canada"
"9133","International Petroleum","IPCO.TO","0","26.418","Canada"
"9134","IGM Financial","IGM.TO","0","52.669","Canada"
"9135","iA Financial","IAG.TO","0","124.313","Canada"
"9136","GDI Integrated Facility Services","GDI.TO","0","26.556","Canada"
"9137","Freehold Royalties","FRU.TO","0","12.3158","Canada"
"9138","Franco-Nevada","FNV","0","257.29","Canada"
"9139","First Quantum Minerals","FM.TO","0","28.0301","Canada"
"9140","Finning","FTT.TO","0","67.6209","Canada"
"9141","Exchange Income Corporation","EIF.TO","0","77.6565","Canada"
"9142","E-L Financial","ELF.TO","0","12.1633","Canada"
"9143","Dundee Precious Metals","DPM.TO","0","39.9248","Canada"
"9144","Dollarama","DOL.TO","0","128.241","Canada"
"9145","Cogeco","CCA.TO","0","45.2653","Canada"
"9146","Cardinal Energy","CJ.TO","0","8.06774","Canada"
"9147","Capstone Copper","CS.TO","0","9.31675","Canada"
"9148","ARC Resources","ARX.TO","0","18.1397","Canada"
"9149","VIP Gloves","VIP.AX","0","0.00213832","Malaysia"
"9150","Toro Energy","TOE.AX","0","0.388462","Australia"
"9151","Tabcorp","TAH.AX","0","0.670007","Australia"
"9152","Seek Limited","SEK.AX","0","10.2497","Australia"
"9153","Steadfast Group","SDF.AX","0","3.04354","Australia"
"9154","Qube Holdings","QUB.AX","0","3.55674","Australia"
"9155","Paladin Energy","PDN.AX","0","9.87191","Australia"
"9156","NEXTDC","NXT.AX","0","9.5476","Australia"
"9157","Northern Star","NST.AX","0","17.5128","Australia"
"9158","Liontown Resources","LTR.AX","0","1.3557","Australia"
"9159","Lendlease","LLC.AX","0","2.26306","Australia"
"9160","IDP Education","IEL.AX","0","2.56599","Australia"
"9161","Insurance Australia Group","IAG.AX","0","5.28878","Australia"
"9162","GPT Group","GPT.AX","0","3.30014","Australia"
"9163","Evolution Mining","EVN.AX","0","10.0929","Australia"
"9164","Deep Yellow","DYL.AX","0","1.41628","Australia"
"9165","Domino's Pizza Enterprises (Australia)","DMP.AX","0","12.5413","Australia"
"9166","Charter Hall Group","CHC.AX","0","14.6261","Australia"
"9167","Beach Energy","BPT.AX","0","0.878137","Australia"
"9168","Bannerman Energy","BMN.AX","0","2.97939","Australia"
"9169","Argo Investments","ARG.AX","0","6.30805","Australia"
"9170","APA Group","APA.AX","0","6.98875","Australia"
"9171","Atlas Arteria","ALX.AX","0","3.04711","Australia"
"9172","Australian Foundation Investment Company","AFI.AX","0","4.80409","Australia"
"9173","Royalty Pharma","RPRX","0","48.82","United Kingdom"
"9174","Great Elm Capital","GECC","0","5.22","United States"
"9175","ChipMOS Technologies","IMOS","0","41.05","Taiwan"
"9176","Ares Capital","ARCC","0","18.63","United States"
"9177","Denison Mines","DNN","0","3.76","Canada"
"9178","Cheniere Energy
Partners","CQP","0","62.06","United States"
"9179","USD Partners","USDP","0","0.003","United States"
"9180","Universal Health Realty Income Trust","UHT","0","43.11","United States"
"9181","Turkcell","TKC","0","6.42","Turkey"
"9182","Transcontinental Realty Investors","TCI","0","41","United States"
"9183","TPG Real Estate Finance Trust","TRTX","0","8.19","United States"
"9184","Telefonica Brasil","VIV","0","16.55","Brazil"
"9185","Suzano","SUZ","0","9.69","Brazil"
"9186","Stellus Capital Investment Corporation","SCM","0","9.68","United States"
"9187","Sixth Street Specialty Lending","TSLX","0","18.69","United States"
"9188","Seabridge Gold","SA","0","31.73","Canada"
"9189","Pampa Energía","PAM","0","83.35","Argentina"
"9190","OR Royalties","OR","0","40.11","Canada"
"9191","Orchid Island Capital","ORC","0","7.3","United States"
"9192","Navios Maritime Partners","NMM","0","69.37","Monaco"
"9193","MPLX","MPLX","0","55.01","United States"
"9194","Mobile TeleSystems","MTSS.ME","0","2.93","Russia"
"9195","KKR Real Estate Finance Trust","KREF","0","6.59","United States"
"9196","Kinross Gold","KGC","0","34.01","Canada"
"9197","Kayne Anderson Capital Advisors","KYN","0","13.64","United States"
"9198","Itaú Unibanco","ITUB","0","9.31","Brazil"
"9199","Hudbay Minerals","HBM","0","25.22","Canada"
"9200","Hess Midstream","HESM","0","37.55","United States"
"9201","FS KKR Capital","FSK","0","10.73","United States"
"9202","First Majestic Silver","AG","0","21.53","Canada"
"9203","Enterprise Products","EPD","0","37.25","United States"
"9204","Eagle Point Credit Company","ECC","0","3.84","United States"
"9205","Dillard's","DDS","0","604.09","United States"
"9206","CrossAmerica Partners","CAPL","0","21.18","United States"
"9207","Central Puerto","CEPU","0","15.41","Argentina"
"9208","Blackstone Mortgage Trust","BXMT","0","19.97","United States"
"9209","Brookfield Infrastructure Partners","BIP","0","37.23","Bermuda"
"9210","BrasilAgro","LND","0","4.14","Brazil"
"9211","Braemar Hotels &amp; Resorts","BHR","0","2.52","United States"
"9212","Black Stone Minerals","BSM","0","13.5","United States"
"9213","Barrick Gold","B","0","43.82","Canada"
"9214","Barings BDC","BBDC","0","8.7","United States"
"9215","Avista","AVA","0","41.7","United States"
"9216","Ashford Hospitality Trust","AHT","0","2.88","United States"
"9217","Ares Commercial Real Estate","ACRE","0","5.17","United States"
"9218","Arcos Dorados Holdings","ARCO","0","8.72","Uruguay"
"9219","Apollo Commercial Real Estate Finance","ARI","0","11.07","United States"
"9220","American Realty Investors","ARL","0","14.19","United States"
"9221","Alpine Income Property Trust","PINE","0","19.45","United States"
"9222","TPG Mortgage Investment Trust","MITT","0","7.9","United States"
"9223","momo.com Inc.","8454.TW","0","5.72875","Taiwan"
"9224","Muangthai Capital","MTC.BK","0","0.954915","Thailand"
"9225","Osotspa","OSP.BK","0","0.472761","Thailand"
"9226","Asset World Corp","AWC.BK","0","0.0695053","Thailand"
"9227","B.Grimm Power","BGRIM.BK","0","0.372574","Thailand"
"9228","Wiwynn","6669.TW","0","119.797","Taiwan"
"9229","Krung Thai Bank","KTB.BK","0","1.03319","Thailand"
"9230","Bangkok Expressway and Metro (BEM)","BEM.BK","0","0.165936","Thailand"
"9231","China Gas","0384.HK","0","0.934166","China"
"9232","Far Eastern New Century","1402.TW","0","0.833993","Taiwan"
"9233","Realtek","2379.TW","0","16.6166","Taiwan"
"9234","Berli Jucker (BJC)","BJC.BK","0","0.472761","Thailand"
"9235","Chailease Holding","5871.TW","0","3.70312","Taiwan"
"9236","ASUS","2357.TW","0","18.5472","Taiwan"
"9237","PTT PCL","PTT-R.BK","0","1.08798","Thailand"
"9238","Pegatron","4938.TW","0","2.48457","Taiwan"
"9239","Nanya Technology","2408.TW","0","6.93148","Taiwan"
"9240","Nat Games (Nexon Games)","225570.KQ","0","8.07887","South Korea"
"9241","Central Retail Corporation","CRC.BK","0","0.619912","Thailand"
"9242","Chang Hwa Commercial Bank","2801.TW","0","0.67574","Taiwan"
"9243","Home Product Center","HMPRO.BK","0","0.197245","Thailand"
"9244","Air Busan","298690.KS","0","1.37932","South Korea"
"9245","Shanghai Commercial and Savings Bank","5876.TW","0","1.24862","Taiwan"
"9246","PTT Global Chemical","PTTGC.BK","0","1.14277","Thailand"
"9247","Advantech","2395.TW","0","11.0461","Taiwan"
"9248","Global Power Synergy","GPSC.BK","0","1.08798","Thailand"
"9249","Bangkok Bank","BBL.BK","0","5.19724","Thailand"
"9250","Mitsui Fudosan Logistics Park","3471.T","0","736.863","Japan"
"9251","AEON REIT Investment","3292.T","0","808.598","Japan"
"9252","Far EasTone","4904.TW","0","2.99414","Taiwan"
"9253","Kasikornbank","KBANK.BK","0","6.01127","Thailand"
"9254","Central Pattana","CPN.BK","0","1.9881","Thailand"
"9255","Taiwan Cement","1101.TW","0","0.789682","Taiwan"
"9256","Charoen Pokphand Foods","CPF.BK","0","0.651221","Thailand"
"9257","Quanta Computer","2382.TW","0","9.96993","Taiwan"
"9258","Jin Air","272450.KS","0","4.47769","South Korea"
"9259","Taiwan Mobile","3045.TW","0","3.48156","Taiwan"
"9260","Rosseti","RSTI.ME","0","0","Russia"
"9261","President Chain Store (PSCS)","2912.TW","0","7.26381","Taiwan"
"9262","China Steel","2002A.TW","0","1.22488","Taiwan"
"9263","PhosAgro","PHOR.ME","0","92.97","Russia"
"9264","PTT Exploration and Production","PTTEP.BK","0","4.74327","Thailand"
"9265","Hotai Motor","2207.TW","0","16.3317","Taiwan"
"9266","Gulf Development Public Company","GULF.BK","0","1.86287","Thailand"
"9267","Uni-President Enterprises","1216.TW","0","2.29467","Taiwan"
"9268","Delta Electronics","2308.TW","0","57.2875","Taiwan"
"9269","Formosa Chemicals &amp; Fibre","1326.TW","0","1.62367","Taiwan"
"9270","Jeju Air","089590.KS","0","3.5808","South Korea"
"9271","Nan Ya Plastics","1303.TW","0","2.86438","Taiwan"
"9272","SM Entertainment","041510.KQ","0","61.8995","South Korea"
"9273","Largan Precision","3008.TW","0","87.5138","Taiwan"
"9274","Advanced Info Service (AIS)","ADVANC.BK","0","11.3651","Thailand"
"9275","Neowiz Games","095660.KQ","0","16.2053","South Korea"
"9276","GLP J-REIT","3281.T","0","892.919","Japan"
"9277","Nomura Real Estate Master Fund","3462.T","0","1035.13","Japan"
"9278","CP All","CPALL.BK","0","1.49499","Thailand"
"9279","YG Entertainment","122870.KQ","0","35.6721","South Korea"
"9280","Wemade","112040.KQ","0","14.6765","South Korea"
"9281","Webzen","069080.KQ","0","8.5545","South Korea"
"9282","Ecopro","086520.KQ","0","101.309","South Korea"
"9283","Severstal","CHMF.ME","0","10.71","Russia"
"9284","Japan Real Estate Investment","8952.T","0","771.472","Japan"
"9285","Nippon Prologis REIT","3283.T","0","567.592","Japan"
"9286","Novolipetsk Steel","NLMK.ME","0","1.25","Russia"
"9287","Airports of Thailand","AOT.BK","0","1.69067","Thailand"
"9288","Formosa Petrochemical","6505.TW","0","1.73445","Taiwan"
"9289","Marubeni","8002.T","0","37.2144","Japan"
"9290","Nippon Building Fund","8951.T","0","865.231","Japan"
"9291","MediaTek","2454.TW","0","58.2371","Taiwan"
"9292","Hanwha Aerospace","012450.KS","0","1028.03","South Korea"
"9293","HMM","011200.KS","0","14.2349","South Korea"
"9294","Polyus","PLZL.ME","0","28.33","Russia"
"9295","NHN Corp","181710.KS","0","28.6396","South Korea"
"9296","Sumitomo","8053.T","0","38.303","Japan"
"9297","Kumho Petrochemical","011780.KS","0","91.932","South Korea"
"9298","Hanmi Pharmaceutical","008930.KS","0","26.6012","South Korea"
"9299","Ascendas Reit","A17U.SI","0","2.03738","Singapore"
"9300","Petro Rabigh","2380.SR","0","2.83567","Saudi Arabia"
"9301","Bradespar","BRAP3.SA","0","4.25186","Brazil"
"9302","Thai Beverage","Y92.SI","0","0.334319","Thailand"
"9303","Bangkok Airways","BA.BK","0","0.425798","Thailand"
"9304","Fortune REIT","0778.HK","0","0.620225","Hong Kong"
"9305","Bupa Arabia for Cooperative Insurance Company","8210.SR","0","49.5923","Saudi Arabia"
"9306","Yang Ming","2609.TW","0","1.61734","Taiwan"
"9307","Jarir","4190.SR","0","3.84574","Saudi Arabia"
"9308","Tatneft","TATN.ME","0","8.3","Russia"
"9309","Etihad Etisalat (Mobily)","7020.SR","0","18.1227","Saudi Arabia"
"9310","Equatorial Energia","EQTL3.SA","0","9.03746","Brazil"
"9311","Cathay Real Estate Development","2501.TW","0","0.783352","Taiwan"
"9312","Champion REIT","2778.HK","0","0.310112","Hong Kong"
"9313","China State Construction International","3311.HK","0","1.10773","Hong Kong"
"9314","Banco del Bajío","BBAJIOO.MX","0","3.33971","Mexico"
"9315","Kingdom Holding","4280.SR","0","2.77171","Saudi Arabia"
"9316","Eik fasteignafélag","EIK.IC","0","0.122563","Iceland"
"9317","MMTC","MMTC.NS","0","0.63347","India"
"9318","SpiceJet","SPICEJET.BO","0","0.137776","India"
"9319","Saudi Arabian Fertilizer Company","2020.SR","0","42.3751","Saudi Arabia"
"9320","Banpu Public Company","BANPU.BK","0","0.183156","Thailand"
"9321","Vitasoy","0345.HK","0","0.820585","Hong Kong"
"9322","Diagnosticos da America (DASA)","DASA3.SA","0","0.666172","Brazil"
"9323","Alchip Technologies","3661.TW","0","103.339","Taiwan"
"9324","Global Unichip Corp.","3443.TW","0","100.174","Taiwan"
"9325","Yulon Motor Company","2201.TW","0","0.873556","Taiwan"
"9326","Com7 Public Company","COM7.BK","0","0.695053","Thailand"
"9327","Türkiye Kalkınma","KLNMA.IS","0","0.211244","Turkey"
"9328","CPFL Energia","CPFE3.SA","0","11.2427","Brazil"
"9329","Rumo","RAIL3.SA","0","3.39507","Brazil"
"9330","Siam City Cement (INSEE)","SCCC.BK","0","4.35191","Thailand"
"9331","Novatek","NVTK.ME","0","16.19","Russia"
"9332","Ma'aden","1211.SR","0","19.2687","Saudi Arabia"
"9333","Nornickel","GMKN.ME","0","1.73","Russia"
"9334","China Airlines","2610.TW","0","0.579206","Taiwan"
"9335","Nan Ya PCB","8046.TW","0","21.2692","Taiwan"
"9336","Persistent Systems","PERSISTENT.NS","0","57.7458","India"
"9337","WHA Corporation","WHA.BK","0","0.134001","Thailand"
"9338","Rosneft","ROSN.ME","0","6.12","Russia"
"9339","Formosa Sumco Technology","3532.TW","0","6.21934","Taiwan"
"9340","Evergreen Marine","2603.TW","0","6.40924","Taiwan"
"9341","Lukoil","LKOH.ME","0","72.78","Russia"
"9342","Acer","2353.TW","0","0.873556","Taiwan"
"9343","Indian Energy Exchange","IEX.NS","0","1.38678","India"
"9344","EVA Air","2618.TW","0","1.11094","Taiwan"
"9345","TISCO Financial Group","TISCO.BK","0","3.6005","Thailand"
"9346","Saudi Electricity","5110.SR","0","4.69858","Saudi Arabia"
"9347","Delta Electronics (Thailand)","DELTA.BK","0","9.92486","Thailand"
"9348","Srisawad Corporation","SAWAD.BK","0","0.742016","Thailand"
"9349","Innolux","3481.TW","0","0.881469","Taiwan"
"9350","Devsisters","194480.KQ","0","15.5598","South Korea"
"9351","Itaúsa","ITSA3.SA","0","2.95764","Brazil"
"9352","Thai Oil","TOP.BK","0","1.47151","Thailand"
"9353","Bumrungrad Hospital","BH.BK","0","5.40075","Thailand"
"9354","Land and Houses","LH.BK","0","0.118973","Thailand"
"9355","Minor International","MINT.BK","0","0.704446","Thailand"
"9356","AirTAC International","1590.TW","0","36.7147","Taiwan"
"9357","Carabao Group","CBG.BK","0","1.18973","Thailand"
"9358","Wistron Corporation","3231.TW","0","4.27283","Taiwan"
"9359","H&amp;R REIT","HR-UN.TO","0","7.66108","Canada"
"9360","City Cement Company","3003.SR","0","3.26209","Saudi Arabia"
"9361","Capstone Infrastructure","CSE-PA.TO","0","15.9031","Canada"
"9362","CapitaLand Ascott Trust","HMN.SI","0","0.71977","Singapore"
"9363","Singapore Land","U06.SI","0","3.00494","Singapore"
"9364","Infratil","IFT.NZ","0","7.12979","New Zealand"
"9365","United Electronics Company (eXtra Saudi)","4003.SR","0","21.8538","Saudi Arabia"
"9366","Dallah Healthcare","4004.SR","0","36.1388","Saudi Arabia"
"9367","Prosperity Real Estate Investment Trust","0808.HK","0","0.181218","Hong Kong"
"9368","SmartCentres REIT","SRU-UN.TO","0","20.3908","Canada"
"9369","Vector Limited","VCT.NZ","0","2.91566","New Zealand"
"9370","Seera Holding Group","1810.SR","0","6.03379","Saudi Arabia"
"9371","NetLink Trust","CJLU.SI","0","0.7945","Singapore"
"9372","Nok Air","NOKPF","0","0.0006","Thailand"
"9373","Suntec REIT","T82U.SI","0","1.20355","Singapore"
"9374","Yamama Saudi Cement Company","3020.SR","0","6.45755","Saudi Arabia"
"9375","Yanbu Cement Company","3060.SR","0","3.83775","Saudi Arabia"
"9376","Indorama Ventures","IVL.BK","0","0.767063","Thailand"
"9377","Banco de Brasília","BSLI3.SA","0","0.80061","Brazil"
"9378","Taiba Investments","4090.SR","0","11.2681","Saudi Arabia"
"9379","Prio SA (Petro Rio)","PRIO3.SA","0","13.0586","Brazil"
"9380","Locaweb","LWSA3.SA","0","0.790577","Brazil"
"9381","Emaar The Economic City","4220.SR","0","2.88897","Saudi Arabia"
"9382","Sunlight REIT","0435.HK","0","0.293522","Hong Kong"
"9383","National Industrialization Company (Saudi Arabia)","2060.SR","0","2.77704","Saudi Arabia"
"9384","SCB (Siam Commercial Bank)","SCB.BK","0","4.55542","Thailand"
"9385","Quebecor","QBR-B.TO","0","40.2152","Canada"
"9386","The Company for Cooperative Insurance","8010.SR","0","34.8062","Saudi Arabia"
"9387","Saudi Industrial Investment Group","2250.SR","0","3.76313","Saudi Arabia"
"9388","Genting Singapore","G13.SI","0","0.554577","Singapore"
"9389","Gateway Distriparks","GATEWAY.NS","0","0.604368","India"
"9390","Usiminas","USIM5.SA","0","1.4106","Brazil"
"9391","Goodman Property Trust","GMT.NZ","0","1.07891","New Zealand"
"9392","Birla Carbon (Thailand)","BCT.BK","0","1.37758","Thailand"
"9393","Celltrion","068270.KS","0","137.592","South Korea"
"9394","Naver","035420.KS","0","143.707","South Korea"
"9395","Samsung SDI","006405.KS","0","157.637","South Korea"
"9396","LG Household &amp; Health Care","051905.KS","0","74.6735","South Korea"
"9397","NCsoft","036570.KS","0","168.168","South Korea"
"9398","LG Corp","003550.KS","0","63.3264","South Korea"
"9399","SK Innovation","096775.KS","0","48.514","South Korea"
"9400","KT&amp;G (Korea Tobacco)","033780.KS","0","115.442","South Korea"
"9401","Samsung Electro-Mechanics","009155.KS","0","166.13","South Korea"
"9402","Samsung Life Insurance","032830.KS","0","173.944","South Korea"
"9403","Hana Financial Group","086790.KS","0","83.031","South Korea"
"9404","S-OIL","010950.KS","0","79.0221","South Korea"
"9405","ORION","271560.KS","0","92.9512","South Korea"
"9406","POSCO Chemical","003670.KS","0","148.124","South Korea"
"9407","United Heavy Machinery","OMZZP.ME","0","151.89","Russia"
"9408","Pearl Abyss","263750.KQ","0","38.1181","South Korea"
"9409","Doosan Fuel Cell","336260.KS","0","29.9645","South Korea"
"9410","Silergy","6415.TW","0","8.78304","China"
"9411","Synnex Technology International","2347.TW","0","2.63016","Taiwan"
"9412","X-Legend Entertainment","4994.TW","0","3.19671","Taiwan"
"9413","Pershing Square Holdings","PSHZF","0","57.45","United States"
"9414","Milkfood Limited","MLKFOOD.BO","0","0.738923","India"
"9415","Najran Cement Company","3002.SR","0","1.59906","Saudi Arabia"
"9416","Mandarin Oriental","M04.SI","0","3.34","Hong Kong"
"9417","SAPTCO (Saudi Public Transport Company)","4040.SR","0","2.97959","Saudi Arabia"
"9418","Medgulf (The Mediterranean and Gulf Cooperative Insurance and Reinsurance Company)","8030.SR","0","3.81376","Saudi Arabia"
"9419","Saudi Company for Hardware (SACO)","4008.SR","0","6.63078","Saudi Arabia"
"9420","Thob Al Aseel Company","4012.SR","0","1.00741","Saudi Arabia"
"9421","Delegat","DGL.NZ","0","2.41988","New Zealand"
"9422","Synlait Milk","SML.NZ","0","0.24789","New Zealand"
"9423","Freightways","FRW.NZ","0","7.48687","New Zealand"
"9424","Seatrium","5E2.SI","0","1.93512","Singapore"
"9425","Saudi Steel Pipes","1320.SR","0","14.1783","Saudi Arabia"
"9426","Ayyan Investment Company","2140.SR","0","2.84633","Saudi Arabia"
"9427","Saudi Printing and Packaging Company","4270.SR","0","2.17206","Saudi Arabia"
"9428","Zahrat Al Waha For Trading Company","3007.SR","0","0.663611","Saudi Arabia"
"9429","Red Sea International Company","4230.SR","0","5.83658","Saudi Arabia"
"9430","Asphere Innovations","AS.BK","0","0.0851597","Thailand"
"9431","Al Hassan Ghazi Ibrahim Shaker","1214.SR","0","4.30414","Saudi Arabia"
"9432","Takween Advanced Industries","1201.SR","0","1.4738","Saudi Arabia"
"9433","Saudi Reinsurance Company","8200.SR","0","6.96658","Saudi Arabia"
"9434","Electrical Industries Company (EIC)","1303.SR","0","4.62395","Saudi Arabia"
"9435","Basic Chemical Industries Company","1210.SR","0","6.812","Saudi Arabia"
"9436","Allianz Saudi Fransi Cooperative Insurance","8040.SR","0","2.48654","Saudi Arabia"
"9437","Al Khaleej Training and Education Company","4290.SR","0","4.29082","Saudi Arabia"
"9438","Jazan Development and Investment (JAZADCO)","6090.SR","0","2.3373","Saudi Arabia"
"9439","Al-Etihad Cooperative Insurance","8170.SR","0","1.75897","Saudi Arabia"
"9440","SAICO (Saudi Arabian Cooperative Insurance Company)","8100.SR","0","2.42524","Saudi Arabia"
"9441","Saudi Paper Manufacturing Company","2300.SR","0","16.1105","Saudi Arabia"
"9442","Tihama for Advertising, Public Relations and Marketing","4070.SR","0","3.91504","Saudi Arabia"
"9443","Saudi Cable Company","2110.SR","0","42.4284","Saudi Arabia"
"9444","Cenomi Centers (Arabian Centres Company)","4321.SR","0","4.62395","Saudi Arabia"
"9445","Vodacom","VOD.JO","0","8.8993","South Africa"
"9446","Arriyadh Development Company","4150.SR","0","4.95709","Saudi Arabia"
"9447","Eastern Province Cement Company","3080.SR","0","6.14839","Saudi Arabia"
"9448","Al Rajhi Company for Cooperative Insurance","8230.SR","0","29.3161","Saudi Arabia"
"9449","KBC Ancora","KBCA.BR","0","92.4528","Belgium"
"9450","Yanlord","Z25.SI","0","0.511312","Singapore"
"9451","First National of Nebraska","FINN","0","18600","United States"
"9452","HPH Trust (Hutchison Port)","NS8U.SI","0","0.21","Singapore"
"9453","Air Asia Company Limited (AACL)","2630.TW","0","1.48758","Taiwan"
"9454","NorthWest Healthcare Properties REIT","NWH-UN.TO","0","4.11012","Canada"
"9455","Killam Apartment REIT","KMP-UN.TO","0","12.294","Canada"
"9456","Dream Industrial REIT","DIR-UN.TO","0","9.89042","Canada"
"9457","Morguard","MRC.TO","0","84.3881","Canada"
"9458","Cymbria","CYB.TO","0","66.0088","Canada"
"9459","Corby Spirit and Wine","CSW-A.TO","0","10.5512","Canada"
"9460","Postmedia Network Canada","PNC-A.TO","0","0.682599","Canada"
"9461","Los Andes Copper","LA.V","0","8.64141","Canada"
"9462","Silver One Resources","SVE.V","0","0.42844","Canada"
"9463","IsoEnergy","ISO.TO","0","11.2266","Canada"
"9464","Arizona Metals","AMC.TO","0","0.413916","Canada"
"9465","Wolverine Energy and Infrastructure","WEII.V","0","0.03","Canada"
"9466","enCore Energy","EU","0","1.95","Canada"
"9467","Zoomd Technologies","ZOMD.V","0","0.660814","Canada"
"9468","Kuuhubb","KUU.V","0","0.01","Canada"
"9469","Playground Ventures","PLAY.CN","0","0.0217851","Canada"
"9470","Lynas","LYC.AX","0","14.9041","Australia"
"9471","PlayWay","PLW.WA","0","69.2968","Poland"
"9472","ReconAfrica","0XD.F","0","0.762972","Canada"
"9473","Alony Hetz","ALHE.TA","0","11.9217","Israel"
"9474","Empresas Copec","COPEC.SN","0","7.61546","Chile"
"9475","Compañía de Acero del Pacífico","CAP.SN","0","7.72162","Chile"
"9476","AntarChile","ANTARCHILE.SN","0","8.943","Chile"
"9477","Caledonia Mining","CMCL","0","25.79","Jersey"
"9478","SM Investments Corporation","SVTMF","0","12.52","Philippines"
"9479","Vitru","VTRU3.SA","0","2.73291","Brazil"
"9480","HYBE","352820.KS","0","172.925","South Korea"
"9481","GlobalWafers","6488.TWO","0","16.5849","Taiwan"
"9482","Vanguard International Semiconductor","5347.TWO","0","4.09875","Taiwan"
"9483","WIN Semiconductors","3105.TWO","0","14.3852","Taiwan"
"9484","Sino-American Silicon Products","5483.TWO","0","3.9405","Taiwan"
"9485","International Games System","3293.TWO","0","23.5797","Taiwan"
"9486","Soft-World International","5478.TWO","0","3.1429","Taiwan"
"9487","Chinese Gamer International","3083.TWO","0","0.862478","Taiwan"
"9488","Softstar Entertainment","6111.TWO","0","1.42586","Taiwan"
"9489","Userjoy Technology","3546.TWO","0","2.23453","Taiwan"
"9490","Alujain Corporation","2170.SR","0","7.37701","Saudi Arabia"
"9491","Gamesparcs","6542.TWO","0","1.65533","Taiwan"
"9492","Amlak International Finance Company","1182.SR","0","2.6731","Saudi Arabia"
"9493","MacroWell OMG Digital Entertainment","3687.TWO","0","2.20288","Taiwan"
"9494","Astro Corporation","3064.TWO","0","0.620351","Taiwan"
"9495","Netmarble Joybomb","6468.TWO","0","0.94","Taiwan"
"9496","InterServ International","6169.TWO","0","0.547555","Taiwan"
"9497","Placoplatre","MLPLC.PA","0","678.066","France"
"9498","Fun Yours Technology","6482.TWO","0","0.984333","Taiwan"
"9499","GAME HOURS","6626.TWO","0","0.0972769","Taiwan"
"9500","Al-Omran Industrial Trading Company","4141.SR","0","6.02313","Saudi Arabia"
"9501","Hanwha Solutions","009830.KS","0","28.9114","South Korea"
"9502","Formosa Plastics","1301.TW","0","1.67748","Taiwan"
"9503","Investec","INVR.L","0","9.09158","United Kingdom"
"9504","Tritax Big Box REIT","BBOX.L","0","2.05714","United Kingdom"
"9505","Greencoat UK Wind","UKW.L","0","1.45126","United Kingdom"
"9506","Ternium Argentina","TXAR.BA","0","0.528571","Argentina"
"9507","QNB (Qatar National Bank)","QNBK.QA","0","4.95879","Qatar"
"9508","Asia Cement","1102.TW","0","1.11727","Taiwan"
"9509","Novatek Microelectronics","3034.TW","0","12.8501","Taiwan"
"9510","BTS Group","BTS.BK","0","0.0670006","Thailand"
"9511","Aluar Aluminio Argentino","ALUA.BA","0","0.718315","Argentina"
"9512","Krungthai Card","KTC.BK","0","0.907952","Thailand"
"9513","Siam Global House","GLOBAL.BK","0","0.190983","Thailand"
"9514","Discovery Limited","DSY.JO","0","15.5023","South Africa"
"9515","Shoprite","SHP.JO","0","17.2721","South Africa"
"9516","Klabin","KLBN11.SA","0","3.91878","Brazil"
"9517","Al Meera Consumer Goods Company","MERS.QA","0","3.80769","Qatar"
"9518","SPIMACO (Saudi Pharmaceutical Industries and Medical Appliances Corporation)","2070.SR","0","8.14456","Saudi Arabia"
"9519","Gulf Warehousing Company","GWCS.QA","0","0.617033","Qatar"
"9520","Gulf International Services","GISS.QA","0","0.596703","Qatar"
"9521","Medicare Group","MCGS.QA","0","1.51209","Qatar"
"9522","Astra Industrial Group Company","1212.SR","0","38.6973","Saudi Arabia"
"9523","Sinad Holding Company","4080.SR","0","2.29998","Saudi Arabia"
"9524","Mannai Corporation","MCCS.QA","0","1.43791","Qatar"
"9525","Widam Food Company","WDAM.QA","0","0.421429","Qatar"
"9526","National Building and Marketing Company","9510.SR","0","10.2287","Saudi Arabia"
"9527","Alandalus Property Company","4320.SR","0","4.0403","Saudi Arabia"
"9528","Al Moammar Information Systems","7200.SR","0","45.973","Saudi Arabia"
"9529","Qatar Islamic Insurance Group","QISI.QA","0","2.25275","Qatar"
"9530","Walaa Cooperative Insurance Company","8060.SR","0","2.51053","Saudi Arabia"
"9531","Al-Jouf Agricultural Development","6070.SR","0","13.4721","Saudi Arabia"
"9532","Abdulmohsen Al-Hokair Group for Tourism and Development Company","1820.SR","0","0.495709","Saudi Arabia"
"9533","Lesha Bank","QFBQ.QA","0","0.514011","Qatar"
"9534","Batic Investments and Logistics Company","4110.SR","0","0.594318","Saudi Arabia"
"9535","Mepco (Middle East Company for Manufacturing and Producing Paper)","1202.SR","0","4.65061","Saudi Arabia"
"9536","Aura Energy","AURA.L","0","0.098379","Australia"
"9537","Malath Cooperative Insurance Company","8020.SR","0","2.45723","Saudi Arabia"
"9538","Doha Insurance Group","DOHI.QA","0","0.771978","Qatar"
"9539","Arabian Pipes Company","2200.SR","0","1.77496","Saudi Arabia"
"9540","Ash-Sharqiyah Development","6060.SR","0","3.45664","Saudi Arabia"
"9541","Baazeem Trading Company","4051.SR","0","1.47647","Saudi Arabia"
"9542","Buruj Cooperative Insurance Company","8270.SR","0","4.26876","Saudi Arabia"
"9543","Wataniya Insurance Company","8300.SR","0","3.37935","Saudi Arabia"
"9544","Al Khaleej Takaful Insurance Company","AKHI.QA","0","0.700824","Qatar"
"9545","Chubb Arabia Cooperative Insurance Company","8240.SR","0","4.98374","Saudi Arabia"
"9546","Nama Chemicals Company","2210.SR","0","5.38884","Saudi Arabia"
"9547","National Metal Manufacturing and Casting","2220.SR","0","3.38468","Saudi Arabia"
"9548","Raydan Food","6012.SR","0","4.79667","Saudi Arabia"
"9549","Alijarah Holding","NLCS.QA","0","0.184066","Qatar"
"9550","Dlala Brokerage and Investment Holding Company","DBIS.QA","0","0.29533","Qatar"
"9551","Arab Sea Information Systems Company","7201.SR","0","1.00208","Saudi Arabia"
"9552","SIEC (Saudi Industrial Export Company)","4140.SR","0","0.63696","Saudi Arabia"
"9553","United Cooperative Assurance Company","8190.SR","0","0.810191","Saudi Arabia"
"9554","Wafrah for Industry and Development Company","2100.SR","0","5.98049","Saudi Arabia"
"9555","Al Sagr Cooperative Insurance Company","8180.SR","0","2.70508","Saudi Arabia"
"9556","Arabia Insurance Cooperative Company","8160.SR","0","2.24402","Saudi Arabia"
"9557","Salama Cooperative Insurance Company","8050.SR","0","2.12142","Saudi Arabia"
"9558","Amana Cooperative Insurance Company","8310.SR","0","1.59373","Saudi Arabia"
"9559","Qatar Oman Investment Company","QOIS.QA","0","0.209066","Qatar"
"9560","Qatari German Company for Medical Devices","QGMD.QA","0","0.398352","Qatar"
"9561","Qatar Cinema and Film Distribution Company","QCFS.QA","0","0.756319","Qatar"
"9562","Budget Saudi (United International Transportation Company)","4260.SR","0","10.7937","Saudi Arabia"
"9563","Gasco (National Gas and Industrialization Company)","2080.SR","0","22.9732","Saudi Arabia"
"9564","Qatar National Cement Company","QNCD.QA","0","0.873626","Qatar"
"9565","Qatari Investors Group","QIGD.QA","0","0.387637","Qatar"
"9566","Baladna","BLDN.QA","0","0.347802","Qatar"
"9567","Precinct Properties","PCT.NZ","0","0.625627","New Zealand"
"9568","Grayscale Bitcoin Trust","GBTC","0","57.81","United States"
"9569","Virtual Interactive Technologies","VRVR","0","0.0005","Bermuda"
"9570","Industries Qatar","IQCD.QA","0","3.26923","Qatar"
"9571","Growthpoint Properties","GRT.JO","0","1.06581","South Africa"
"9572","Oakley Capital Investments","OCI.L","0","6.89331","Bermuda"
"9573","Qatar Islamic Bank","QIBK.QA","0","6.47253","Qatar"
"9574","Wan Hai Lines","2615.TW","0","2.44659","Taiwan"
"9575","Ferrum S.A. de Cerámica y Metalurgia","FERR.BA","0","0.0159707","Argentina"
"9576","Central Plaza Hotel","CENTEL.BK","0","1.08798","Thailand"
"9577","Santam","SNT.JO","0","24.8301","South Africa"
"9578","Masraf Al Rayan","MARK.QA","0","0.608242","Qatar"
"9579","Mesaieed Petrochemical Holding Company","MPHC.QA","0","0.342308","Qatar"
"9580","Rashtriya Chemicals and Fertilizers","RCF.NS","0","1.35532","India"
"9581","Life Healthcare Group","LHC.JO","0","0.759106","South Africa"
"9582","Ezdan Holding Group","ERES.QA","0","0.241758","Qatar"
"9583","Qatar Electricity &amp; Water Company","QEWS.QA","0","4.02473","Qatar"
"9584","Fortress REIT","FFB.JO","0","1.46924","South Africa"
"9585","Qatar Fuel Company (WOQOD)","QFLS.QA","0","4.04396","Qatar"
"9586","TOTVS","TOTS3.SA","0","6.98276","Brazil"
"9587","Qatar International Islamic Bank","QIIK.QA","0","3.04945","Qatar"
"9588","Barwa Real Estate Company","BRES.QA","0","0.648077","Qatar"
"9589","Ahli Bank","ABQK.QA","0","1.02253","Qatar"
"9590","Doha Bank","DHBK.QA","0","0.752747","Qatar"
"9591","Qatar Insurance Company","QATI.QA","0","0.625275","Qatar"
"9592","Qassim Cement Company","3040.SR","0","11.4066","Saudi Arabia"
"9593","Zad Holding Company","ZHCD.QA","0","4.08791","Qatar"
"9594","Vodafone Qatar","VFQS.QA","0","0.697802","Qatar"
"9595","Aamal Company","AHCS.QA","0","0.234341","Qatar"
"9596","SM Prime Holdings","SPHXF","0","0.361","Philippines"
"9597","Rede D'Or Sao Luiz","RDOR3.SA","0","8.50974","Brazil"
"9598","K92 Mining","KNT.TO","0","19.3742","Canada"
"9599","PlaySide Studios","PLY.AX","0","0.213832","Australia"
"9600","Playgon Games","DEAL.V","0","0.00363084","Canada"
"9601","Compagnie du Cambodge","CBDG.PA","0","122.642","France"
"9602","QLM Life &amp; Medical Insurance Company","QLMI.QA","0","0.645604","Qatar"
"9603","GO (Etihad Atheeb Telecommunication Company)","7040.SR","0","25.3718","Saudi Arabia"
"9604","SK Hynix","000660.KS","0","791.58","South Korea"
"9605","NRx Pharmaceuticals","NRXP","0","2.5","United States"
"9606","Krafton","259960.KS","0","167.149","South Korea"
"9607","Standard Lithium","SLI","0","3.49","Canada"
"9608","New Pacific Metals","NEWP","0","5.26","Canada"
"9609","Formula One Group","FWONK","0","90.77","United States"
"9610","Wayi International Digital Entertainment","3086.TWO","0","10.2453","Taiwan"
"9611","Gamania Digital","6180.TWO","0","1.30559","Taiwan"
"9612","Ngern Tid Lor","TIDLOR.BK","0","0.469631","Thailand"
"9613","TMBThanachart Bank (ttb)","TTB.BK","0","0.0745147","Thailand"
"9614","Elevate Uranium","EL8.AX","0","0.210268","Australia"
"9615","Sylogist","SYZ.TO","0","2.5779","Canada"
"9616","Triple Flag Precious Metals","TFPM","0","35.81","Canada"
"9617","Topicus","TOI.V","0","69.3874","Canada"
"9618","Centerra Gold","CGAU","0","19.79","Canada"
"9619","Cosan","CSAN","0","4.36","Brazil"
"9620","Ayala Corporation","AYALY","0","9.35","Philippines"
"9621","Gaming Technologies (Gametech)","GMGT","0","0.0006","United States"
"9622","ACRES Commercial Realty","ACR","0","19.78","United States"
"9623","AFC Gamma","AFCG","0","2.53","United States"
"9624","Slam Corp","SLMWF","0","11.14","United States"
"9625","Kakao Pay","377300.KS","0","37.5066","South Korea"
"9626","Claros Mortgage Trust","CMTG","0","2.61","United States"
"9627","Society Pass","SOPA","0","0.3455","Singapore"
"9628","Austin Gold","AUST","0","1.45","United States"
"9629","Chicago Atlantic Real Estate Finance","REFI","0","11.86","United States"
"9630","Nu Holdings","NU","0","15.35","Brazil"
"9631","CION Investment Corporation","CION","0","7.3","United States"
"9632","Americanas","AMER3.SA","0","1.45274","Brazil"
"9633","Lument Finance Trust","LFT","0","1.28","United States"
"9634","WonderPlanet","4199.T","0","5.63187","Japan"
"9635","Arabian Internet and Communications Services","7202.SR","0","57.966","Saudi Arabia"
"9636","Bafang Yunji","2753.TW","0","5.82371","Taiwan"
"9637","Imperial Petroleum","IMPP","0","4.27","Greece"
"9638","Cielo Waste Solutions","CMC.V","0","0.0508318","Canada"
"9639","NOVONIX","NVX","0","0.735","Australia"
"9640","Supermax Corporation Berhad","7106.KL","0","0.0811565","Malaysia"
"9641","Plains GP","PAGP","0","23.36","United States"
"9642","Franklin BSP Realty Trust","FBRT","0","8.83","United States"
"9643","Inter &amp; Co","INTR","0","8.4","Brazil"
"9644","Orosur Mining","OMI.V","0","0.290468","Canada"
"9645","Pestech Cambodia","PEPC.KH","0","0.69","Cambodia"
"9646","ACLEDA Bank","ABC.KH","0","1.88","Cambodia"
"9647","Sihanoukville Autonomous Port","PAS.KH","0","3.3","Cambodia"
"9648","Phnom Penh Water Supply Authority","PWSA.KH","0","1.63","Cambodia"
"9649","Grand Twins International Cambodia","GTI.KH","0","2.09","Cambodia"
"9650","Phnom Penh Autonomous Port","PPAP.KH","0","3.59","Cambodia"
"9651","Phnom Penh SEZ","PPSP.KH","0","0.52","Cambodia"
"9652","Ioneer","IONR","0","3.91","Australia"
"9653","Alamar Foods Company","6014.SR","0","11.7478","Saudi Arabia"
"9654","Hempacco","HPCO","0","0.0002","United States"
"9655","Ultimate Games","ULG.WA","0","3.72922","Poland"
"9656","NexPoint Diversified Real Estate Trust","NXDT","0","4.65","United States"
"9657","Runway Growth Finance","RWAY","0","6.49","United States"
"9658","Belpointe PREP, LLC","OZ","0","51.69","United States"
"9659","Big Cheese Studio","BCS.WA","0","1.56961","Poland"
"9660","Gaming Factory","GIF.WA","0","1.43325","Poland"
"9661","KakaoBank","323410.KS","0","17.4284","South Korea"
"9662","F&amp;F Co","383220.KS","0","43.5539","South Korea"
"9663","Lionsgate Studios","LION","0","11.09","United States"
"9664","OceanPal","SVRN","0","0.3501","Greece"
"9665","Powerchip Semiconductor Manufacturing","6770.TW","0","1.71863","Taiwan"
"9666","PChem (Petronas Chemicals Group)","5183.KL","0","1.46842","Malaysia"
"9667","PetGas (Petronas Gas)","6033.KL","0","4.59549","Malaysia"
"9668","Ayala Land","AYAAF","0","0.386","Philippines"
"9669","The Lottery Corporation","TLC.AX","0","3.99153","Australia"
"9670","Aurora Energy Metals","1AE.AX","0","0.0506069","Australia"
"9671","Sabre Resources","SBR.AX","0","0.00712774","Australia"
"9672","Superior Resources","SPQ.AX","0","0.00356387","Australia"
"9673","Investigator Resources","IVR.AX","0","0.0520325","Australia"
"9674","International Holding Company","IHC.AE","0","106.34","United Arab Emirates"
"9675","Alpha Dhabi","ALPHADHABI.AE","0","1.96","United Arab Emirates"
"9676","Multiply Group","MULTIPLY.AE","0","0.57","United Arab Emirates"
"9677","Ghitha","GHITHA.AE","0","3.11","United Arab Emirates"
"9678","TAQA","TAQA.AE","0","0.66","United Arab Emirates"
"9679","Emirates Telecom (Etisalat Group)","EAND.AE","0","5.28","United Arab Emirates"
"9680","First Abu Dhabi Bank","FAB.AE","0","5.03","United Arab Emirates"
"9681","Borouge","BOROUGE.AE","0","0.72","United Arab Emirates"
"9682","Abu Dhabi Commercial Bank (ADCB)","ADCB.AE","0","3.55","United Arab Emirates"
"9683","Abu Dhabi National Oil Company (ADNOC)","ADNOCDIST.AE","0","1.02","United Arab Emirates"
"9684","ADNOC Drilling Company","ADNOCDRILL.AE","0","1.44","United Arab Emirates"
"9685","Al Dar Properties","ALDAR.AE","0","2.29","United Arab Emirates"
"9686","Fertiglobe","FERTIGLB.AE","0","0.84","United Arab Emirates"
"9687","Abu Dhabi Islamic Bank (ADIB)","ADIB.AE","0","6.21","United Arab Emirates"
"9688","Abu Dhabi Ports","ADPORTS.AE","0","1.19","United Arab Emirates"
"9689","Americana Restaurants International","AMR.AE","0","0.5","United Arab Emirates"
"9690","Ooredoo","ORDS.AE","0","3.44","United Arab Emirates"
"9691","National Marine Dredging","NMDC.AE","0","5.01","United Arab Emirates"
"9692","Burjeel Holdings","BURJEEL.AE","0","0.3","United Arab Emirates"
"9693","SYLA Technologies","SYT","0","2.26","Japan"
"9694","Mankind Pharma","MANKIND.NS","0","22.3084","India"
"9695","Avalon Technologies","AVALON.NS","0","11.2192","India"
"9696","KFin Technologies","KFINTECH.NS","0","9.67065","India"
"9697","Lux Industries","LUXIND.NS","0","14.4461","India"
"9698","Dexco","DXCO3.SA","0","1.1337","Brazil"
"9699","Emirates NBD Bank PJSC","EMIRATESNBD.AE","0","8.16971","United Arab Emirates"
"9700","Emaar Properties","EMAAR.AE","0","3.26788","United Arab Emirates"
"9701","Merida Industry","9914.TW","0","1.91803","Taiwan"
"9702","Accton Technology","2345.TW","0","63.7759","Taiwan"
"9703","Gulf Bank","GBK.KW","0","1025.24","Kuwait"
"9704","Kuwait Finance House","KFH.KW","0","2748.04","Kuwait"
"9705","Mabanee Company","MABANEE.KW","0","2929.73","Kuwait"
"9706","Zain (Mobile Telecommunications Company)","ZAIN.KW","0","1878.53","Kuwait"
"9707","Commercial Bank of Kuwait","CBK.KW","0","1528.13","Kuwait"
"9708","Burgan Bank","BURG.KW","0","655.376","Kuwait"
"9709","Kuwait Telecommunications Company","STC.KW","0","2053.73","Kuwait"
"9710","Al Ahli Bank of Kuwait","ABK.KW","0","999.286","Kuwait"
"9711","Kuwait Projects Company Holding","KPROJ.KW","0","267.017","Kuwait"
"9712","National Mobile Telecommunications Company","OOREDOO.KW","0","4947.76","Kuwait"
"9713","Humansoft Holding Company","HUMANSOFT.KW","0","7767.18","Kuwait"
"9714","Warba Bank","WARBABANK.KW","0","989.553","Kuwait"
"9715","Boubyan Petrochemical Company","BPCC.KW","0","1959.64","Kuwait"
"9716","Jazeera Airways","JAZEERA.KW","0","5103.5","Kuwait"
"9717","Qatar Gas Transport Company","QGTS.QA","0","1.20879","Qatar"
"9718","Granules India","GRANULES.NS","0","6.79109","India"
"9719","Toro Corp.","TORO","0","3.9","Cyprus"
"9720","StealthGas","GASS","0","9.32","Greece"
"9721","Seven Hills Realty Trust","SEVN","0","8.48","United States"
"9722","PermRock Royalty Trust","PRT","0","2.95","United States"
"9723","United Homes Group","UHG","0","1.18","United States"
"9724","Horizon Technology Finance","HRZN","0","4.74","United States"
"9725","Ocean Biomedical","OCEA","0","0.0004","United States"
"9726","Pyxis Tankers","PXS","0","4.41","Greece"
"9727","Lumine Group","LMN.V","0","16.9509","Canada"
"9728","Hong Leong Financial Group","1082.KL","0","4.73751","Malaysia"
"9729","Financière Moncey Société anonyme","FMONC.PA","0","175.708","France"
"9730","Smart Good Things Holding","MLSGT.PA","0","3.24751","France"
"9731","CP Axtra","CPAXT.BK","0","0.494678","Thailand"
"9732","PTT Oil and Retail Business","OR.BK","0","0.381966","Thailand"
"9733","Thai Life Insurance","TLI.BK","0","0.338134","Thailand"
"9734","Electricity Generating Public Company","EGCO.BK","0","3.49092","Thailand"
"9735","Thai Union Group","TU.BK","0","0.356919","Thailand"
"9736","IOI Corporation Berhad","1961.KL","0","1.0804","Malaysia"
"9737","Axiata Group","6888.KL","0","0.560487","Malaysia"
"9738","Genting Malaysia Berhad","4715.KL","0","0.471722","Malaysia"
"9739","ADNOC Gas","ADNOCGAS.AE","0","0.89","United Arab Emirates"
"9740","MBME GROUP","MBME.AE","0","2.94","United Arab Emirates"
"9741","ADNOC Logistics &amp; Services","ADNOCLS.AE","0","1.45","United Arab Emirates"
"9742","Presight AI","PRESIGHT.AE","0","0.85","United Arab Emirates"
"9743","Abu Dhabi National Hotels","ADNH.AE","0","0.11","United Arab Emirates"
"9744","National Bank of Fujairah","NBF.AE","0","1.5","United Arab Emirates"
"9745","EMSTEEL Building Materials PJSC","EMSTEEL.AE","0","0.28","United Arab Emirates"
"9746","Al Seer Marine Supplies &amp; Equipment Company","ASM.AE","0","1.05","United Arab Emirates"
"9747","Sharjah Islamic Bank","SIB.AE","0","0.99","United Arab Emirates"
"9748","Dana Gas","DANA.AE","0","0.25","United Arab Emirates"
"9749","Al Yah Satellite Communications Company","YAHSAT.AE","0","0.57","United Arab Emirates"
"9750","TKO Group Holdings","TKO","0","195.37","United States"
"9751","Boursa Kuwait Securities Company","BOURSA.KW","0","9645.71","Kuwait"
"9752","Ali Al-Ghanim Sons Automotive Company","ALG.KW","0","3646.75","Kuwait"
"9753","Gulf Cable and Electrical Industries Company - KPSC","CABLE.KW","0","6287.72","Kuwait"
"9754","Salhia Real Estate Company","SRE.KW","0","1320.49","Kuwait"
"9755","Shamal Az-Zour Al-Oula Power and Water Company","AZNOULA.KW","0","460.71","Kuwait"
"9756","Arabi Group Holding","AGHC.KW","0","1254.07","Kuwait"
"9757","Kuwait Real Estate Company (AQARAT)","KRE.KW","0","1080.4","Kuwait"
"9758","Commercial Real Estate Company (Kuwait)","ALTIJARIA.KW","0","622.932","Kuwait"
"9759","National Investments Company (Kuwait)","NINV.KW","0","830.576","Kuwait"
"9760","Arzan Financial Group for Financing and Investment","ARZAN.KW","0","1135.55","Kuwait"
"9761","ACWA POWER Company","2082.SR","0","46.2395","Saudi Arabia"
"9762","Mezzan Holding Company","MEZZAN.KW","0","3877.1","Kuwait"
"9763","Tamdeen Real Estate Company","TAM.KW","0","1408.09","Kuwait"
"9764","Naqi Water Company","2282.SR","0","13.9118","Saudi Arabia"
"9765","Al-Ahleia Insurance","AINS.KW","0","2504.7","Kuwait"
"9766","National Real Estate Company - K.P.S.C.","NRE.KW","0","275.453","Kuwait"
"9767","Integrated Holding Company K.S.C.P.","INTEGRATED.KW","0","1278.31","Kuwait"
"9768","IFA Hotels and Resorts","IFAHR.KW","0","2744.79","Kuwait"
"9769","A'ayan Leasing and Investment Company","AAYAN.KW","0","739.731","Kuwait"
"9770","Kuwait National Cinema Company","KCIN.KW","0","3987.41","Kuwait"
"9771","Noor Financial Investment Company","NOOR.KW","0","1378.89","Kuwait"
"9772","Kuwait Cement Company","KCEM.KW","0","1294.53","Kuwait"
"9773","Kuwait Portland Cement","PCEM.KW","0","2037.51","Kuwait"
"9774","Commercial Facilities Company S.A.K.P.","FACIL.KW","0","957.109","Kuwait"
"9775","International Financial Advisors Holding","IFA.KW","0","1339.95","Kuwait"
"9776","Combined Group Contracting Company","CGC.KW","0","3049.77","Kuwait"
"9777","National Petroleum Services Company","NAPESCO.KW","0","5028.88","Kuwait"
"9778","United Projects Company For Aviation Services","UPAC.KW","0","541.821","Kuwait"
"9779","Kuwait Investment Company","KINV.KW","0","609.954","Kuwait"
"9780","Al-Mazaya Holding Company","MAZAYA.KW","0","246.577","Kuwait"
"9781","National International Holding Company (Kuwait)","NIH.KW","0","386.088","Kuwait"
"9782","Luberef (Saudi Aramco Base Oil Company)","2223.SR","0","29.8492","Saudi Arabia"
"9783","Saudi Tadawul Group Holding Company","1111.SR","0","38.2975","Saudi Arabia"
"9784","Arabian Drilling Company","2381.SR","0","23.3463","Saudi Arabia"
"9785","Nahdi Medical Company","4164.SR","0","28.8631","Saudi Arabia"
"9786","Dar Al Arkan Real Estate Development Company","4300.SR","0","4.7812","Saudi Arabia"
"9787","Milaha - Qatar Navigation","QNNS.QA","0","2.97802","Qatar"
"9788","Leejam Sports Company","1830.SR","0","23.3863","Saudi Arabia"
"9789","Future Care Trading Company","9544.SR","0","0.541016","Saudi Arabia"
"9790","Jamjoom Pharmaceuticals Factory Company","4015.SR","0","41.3091","Saudi Arabia"
"9791","BinDawood","4161.SR","0","1.3592","Saudi Arabia"
"9792","National Medical Care Company","4005.SR","0","35.8685","Saudi Arabia"
"9793","Qatar Aluminium Manufacturing Company","QAMC.QA","0","0.453846","Qatar"
"9794","Southern Province Cement Company","3050.SR","0","5.70066","Saudi Arabia"
"9795","Jahez International Company for Information Systems Technology","6017.SR","0","3.09152","Saudi Arabia"
"9796","Retal Urban Development Company","4322.SR","0","3.7578","Saudi Arabia"
"9797","Almunajem Foods Company","4162.SR","0","14.5914","Saudi Arabia"
"9798","Alkhorayef Water and Power Technologies Company","2081.SR","0","31.1817","Saudi Arabia"
"9799","United Development Company","UDCD.QA","0","0.241758","Qatar"
"9800","Perfect Presentation for Commercial Services CompanyPerfect Presentation for Commercial Services","7204.SR","0","1.88689","Saudi Arabia"
"9801","Saudi Chemical Holding Company","2230.SR","0","2.15607","Saudi Arabia"
"9802","Ataa Educational Company","4292.SR","0","15.2444","Saudi Arabia"
"9803","Text (LiveChat)","TXT.WA","0","10.5531","Poland"
"9804","Ladun Investment Company","9535.SR","0","0.64762","Saudi Arabia"
"9805","Theeb Rent A Car Company","4261.SR","0","7.74479","Saudi Arabia"
"9806","Jadwa Investment - Jadwa Reit Saudi Fund","4342.SR","0","3.00357","Saudi Arabia"
"9807","Development Works Food Company","6013.SR","0","25.6916","Saudi Arabia"
"9808","Tanmiah Food Company","2281.SR","0","16.3371","Saudi Arabia"
"9809","SHL Finance Company","1183.SR","0","3.89372","Saudi Arabia"
"9810","Meeza QSTP LLC (Public)","MEZA.QA","0","0.94011","Qatar"
"9811","Saudi Advanced Industries Company","2120.SR","0","4.39476","Saudi Arabia"
"9812","Nayifat Finance Company","4081.SR","0","2.64378","Saudi Arabia"
"9813","Sumou Real Estate Company","4323.SR","0","7.80875","Saudi Arabia"
"9814","Banan Real Estate Company","4324.SR","0","0.924791","Saudi Arabia"
"9815","Arabian Shield Cooperative Insurance Company","8070.SR","0","2.9556","Saudi Arabia"
"9816","Qatar Industrial Manufacturing Company","QIMD.QA","0","0.644505","Qatar"
"9817","Qatar General Insurance & Reinsurance Company","QGRI.QA","0","0.38489","Qatar"
"9818","Saudi Fisheries Company","6050.SR","0","11.5985","Saudi Arabia"
"9819","Middle East Specialized Cables Company","2370.SR","0","8.26182","Saudi Arabia"
"9820","Arabian International Healthcare Holding","9530.SR","0","5.95118","Saudi Arabia"
"9821","Morabaha Marina Financing Company","4082.SR","0","2.35595","Saudi Arabia"
"9822","Salam International Investment","SIIS.QA","0","0.207143","Qatar"
"9823","Gulf Union Alahlia Cooperative Insurance","8120.SR","0","3.06487","Saudi Arabia"
"9824","Damaan Islamic Insurance Company (Beema)","BEMA.QA","0","1.22253","Qatar"
"9825","Group Five Pipe Saudi Company","9523.SR","0","12.9577","Saudi Arabia"
"9826","Raoom trading Company","4144.SR","0","19.895","Saudi Arabia"
"9827","Liva Insurance Company","8280.SR","0","2.75305","Saudi Arabia"
"9828","Mayar Holding Company","9568.SR","0","0.325143","Saudi Arabia"
"9829","Al Kathiri Holding Company","3008.SR","0","0.5117","Saudi Arabia"
"9830","Mekdam Holding Group","MKDM.QA","0","0.659615","Qatar"
"9831","Al-Baha Investment And Development Company","4130.SR","0","0.562337","Saudi Arabia"
"9832","Al Mahhar Holding Company","MHAR.QA","0","0.664835","Qatar"
"9833","INMA Holding Company","IHGS.QA","0","0.79478","Qatar"
"9834","Al Faleh Educational Holding","FALH.QA","0","0.160989","Qatar"
"9835","Kakao Games","293490.KQ","0","8.37784","South Korea"
"9836","Al Khazna Insurance","AKIC.AE","0","0.06","United Arab Emirates"
"9837","Oman &amp; Emirates Investment Holding Co.","OEIHC.AE","0","0.19","Oman"
"9838","BILDCO (Abu Dhabi National Building Materials Co.)","BILDCO.AE","0","0.35","United Arab Emirates"
"9839","Methaq Takaful Insurance Compnay","METHAQ.AE","0","0.18","United Arab Emirates"
"9840","Insurance House","IH.AE","0","0.51","United Arab Emirates"
"9841","Fujairah Cement Industries","FCI.AE","0","0.12","United Arab Emirates"
"9842","The National Investor PRJSC","TNI.AE","0","0.16","United Arab Emirates"
"9843","Gulf Cement","GCEM.AE","0","0.24","United Arab Emirates"
"9844","Union Insurance Company","UNION.AE","0","0.38","United Arab Emirates"
"9845","Hayah Insurance Company","HAYAH.AE","0","0.35","United Arab Emirates"
"9846","Sharjah Insurance","SICO.AE","0","0.41","United Arab Emirates"
"9847","Fidelity United insurance","FIDELITYUNITED.AE","0","0.44","United Arab Emirates"
"9848","Al Fujairah National Insurance Company","AFNIC.AE","0","57.19","United Arab Emirates"
"9849","Aram Group","ARAM.AE","0","0.7","United Arab Emirates"
"9850","Fujairah Building Industries","FBI.AE","0","0.82","United Arab Emirates"
"9851","AL KHALEEJ Investment","KICO.AE","0","1.42","United Arab Emirates"
"9852","Sawaeed Holding","SAWAEED.AE","0","1.85","United Arab Emirates"
"9853","Hily Holding","HH.AE","0","0.67","United Arab Emirates"
"9854","Sudatel Telecommunications Group","SUDATEL.AE","0","0.17","Sudan"
"9855","Sharjah Cement and Industrial Development","SCIDC.AE","0","0.31","United Arab Emirates"
"9856","Foodco National Foodstuff","FNF.AE","0","0.39","United Arab Emirates"
"9857","Umm Al Qaiwain General Investment","QIC.AE","0","0.4","United Arab Emirates"
"9858","Al Dhafra Insurance","DHAFRA.AE","0","1.69","United Arab Emirates"
"9859","Ras Alkhaima National Insurance","RAKNIC.AE","0","0.82","United Arab Emirates"
"9860","Abu Dhabi National Takaful","TKFL.AE","0","1.22","United Arab Emirates"
"9861","Al Ain Alahlia Insurance","ALAIN.AE","0","8.58","United Arab Emirates"
"9862","RAK Co. for White Cement &amp; Construction Materials","RAKWCT.AE","0","0.24","United Arab Emirates"
"9863","Finance House","FH.AE","0","0.57","United Arab Emirates"
"9864","Al Buhaira National Insurance Company","ABNIC.AE","0","0.69","United Arab Emirates"
"9865","Abu Dhabi Ship Building","ADSB.AE","0","1.98","United Arab Emirates"
"9866","Response Plus Holding","RPM.AE","0","0.64","United Arab Emirates"
"9867","Riyadh Cement Company","3092.SR","0","6.3003","Saudi Arabia"
"9868","Manazel","MANAZEL.AE","0","0.07","United Arab Emirates"
"9869","Easy Lease Motorcycle Rental","EASYLEASE.AE","0","5.5","United Arab Emirates"
"9870","Emirates Insurance Company","EIC.AE","0","2.04","United Arab Emirates"
"9871","Al Wathba National Insurance","AWNIC.AE","0","0.83","United Arab Emirates"
"9872","Eshraq Investments","ESHRAQ.AE","0","0.11","United Arab Emirates"
"9873","Gulf Pharmaceutical Industries","JULPHAR.AE","0","0.29","United Arab Emirates"
"9874","Gulf Medical Projects Company","GMPC.AE","0","0.69","United Arab Emirates"
"9875","Gulf Investment House Company","GIH.KW","0","1330.22","Kuwait"
"9876","Bank of Sharjah","BOS.AE","0","0.34","United Arab Emirates"
"9877","Palms Sports","PALMS.AE","0","2.02","United Arab Emirates"
"9878","Emirates Stallions Group (ESG)","ESG.AE","0","3.54","United Arab Emirates"
"9879","E7 Group PJSC","E7.AE","0","0.29","United Arab Emirates"
"9880","RAK Properties","RAKPROP.AE","0","0.27","United Arab Emirates"
"9881","United Arab Bank","UAB.AE","0","0.35","United Arab Emirates"
"9882","RAK Ceramics","RAKCEC.AE","0","0.65","United Arab Emirates"
"9883","National Corporation for Tourism &amp; Hotels","NCTH.AE","0","0.48","United Arab Emirates"
"9884","Invictus Investment Company","INVICTUS.AE","0","0.45","United Arab Emirates"
"9885","Abu Dhabi Aviation","ADAVIATION.AE","0","1.42","United Arab Emirates"
"9886","Emirates Driving Company","DRIVE.AE","0","0.85","United Arab Emirates"
"9887","Waha Capital Company","WAHA.AE","0","0.52","United Arab Emirates"
"9888","Abu Dhabi National Insurance Company","ADNIC.AE","0","1.97","United Arab Emirates"
"9889","GFH Financial Group","GFH.AE","0","0.53","Bahrain"
"9890","National Bank of Umm Al Qaiwain","NBQ.AE","0","0.8","United Arab Emirates"
"9891","Agthia Group","AGTHIA.AE","0","1.03","United Arab Emirates"
"9892","Investcorp Capital","ICAP.AE","0","0.4","United Arab Emirates"
"9893","Apex Investment","APEX.AE","0","0.9","United Arab Emirates"
"9894","Anan Investment Holding","ANAN.AE","0","0.29","United Arab Emirates"
"9895","RAKBANK (The National Bank of Ras Al Khaimah)","RAKBANK.AE","0","2.26","United Arab Emirates"
"9896","Phoenix Group","PHX.AE","0","0.21","United Arab Emirates"
"9897","Pure Health Holding","PUREHEALTH.AE","0","0.6","United Arab Emirates"
"9898","RAPCO Investment","RAPCO.AE","0","0.57","United Arab Emirates"
"9899","flyExclusive","FLYX","0","2.22","United States"
"9900","Telomir Pharmaceuticals","TELO","0","1.31","United States"
"9901","Jio Financial Services","JIOFIN.NS","0","2.55235","India"
"9902","Dubai Refreshment","DRC.AE","0","5.62621","United Arab Emirates"
"9903","National Cement Company P.S.C.","NCC.AE","0","1.08929","United Arab Emirates"
"9904","Dubai Electricity and Water Authority (DEWA)","DEWA.AE","0","0.740721","United Arab Emirates"
"9905","Emirates Reem Investments Company","ERC.AE","0","0.629068","United Arab Emirates"
"9906","Gulf Navigation Holding","GULFNAV.AE","0","0.490183","United Arab Emirates"
"9907","Commercial Bank of Dubai","CBD.AE","0","2.45091","United Arab Emirates"
"9908","TECOM Group","TECOM.AE","0","0.931347","United Arab Emirates"
"9909","BHM Capital Financial Services","BHMCAPITAL.AE","0","0.299556","United Arab Emirates"
"9910","Al Ramz Corporation Investment and Development","ALRAMZ.AE","0","0.438441","United Arab Emirates"
"9911","Union Properties","UPP.AE","0","0.206966","United Arab Emirates"
"9912","Dubai Investments","DIC.AE","0","1.05389","United Arab Emirates"
"9913","Islamic Arab Insurance","SALAMA.AE","0","0.144332","United Arab Emirates"
"9914","Emaar Development","EMAARDEV.AE","0","4.08486","United Arab Emirates"
"9915","Dubai National Insurance & Reinsurance Company","DNIR.AE","0","0.980365","United Arab Emirates"
"9916","Mashreqbank","MASQ.AE","0","58.8219","United Arab Emirates"
"9917","SHUAA Capital","SHUAA.AE","0","0.0541924","United Arab Emirates"
"9918","National General Insurance Company","NGI.AE","0","1.63394","United Arab Emirates"
"9919","Emirates Investment Bank","EIBANK.AE","0","17.6874","United Arab Emirates"
"9920","Sukoon Insurance","SUKOON.AE","0","1.36162","United Arab Emirates"
"9921","National Central Cooling Company","TABREED.AE","0","0.751614","United Arab Emirates"
"9922","Dubai Financial Market (DFM)","DFM.AE","0","0.397593","United Arab Emirates"
"9923","Emirates Integrated Telecommunications Company","DU.AE","0","2.80493","United Arab Emirates"
"9924","Union Coop","UNIONCOOP.AE","0","0.637238","United Arab Emirates"
"9925","Takaful Emarat - Insurance","TAKAFUL-EM.AE","0","0.392146","United Arab Emirates"
"9926","Dubai Islamic Bank","DIB.AE","0","2.0043","United Arab Emirates"
"9927","Amanat Holdings","AMANAT.AE","0","0.348574","United Arab Emirates"
"9928","Bank Muscat","BKMB.OM","0","1.24416","Oman"
"9929","Omantel (Oman Telecom)","OTEL.OM","0","3.99221","Oman"
"9930","OQ Gas Network Company","OQGN.OM","0","0.711688","Oman"
"9931","Sohar International Bank","BKSB.OM","0","0.592208","Oman"
"9932","Bank Dhofar","BKDB.OM","0","0.548052","Oman"
"9933","National Bank of Oman","NBOB.OM","0","1.01818","Oman"
"9934","Ahlibank","ABOB.OM","0","0.501299","Oman"
"9935","HSBC Oman","HBMO.OM","0","0.433766","Oman"
"9936","Ominvest","OMVS.OM","0","1","Oman"
"9937","Abraj Energy Services","ABRJ.OM","0","1.21039","Oman"
"9938","Bank Nizwa","BKNZ.OM","0","0.392208","Oman"
"9939","Ooredoo Oman","ORDS.OM","0","0.948052","Oman"
"9940","Oman Cables Industry","OCAI.OM","0","7.48052","Oman"
"9941","Oman Arab Bank","OAB.OM","0","0.506494","Oman"
"9942","Oman Cement Company","OCOI.OM","0","1.40519","Oman"
"9943","Liva Group","LIVA.OM","0","0.885714","Oman"
"9944","Sembcorp Salalah Power & Water Company","SSPW.OM","0","0.581818","Oman"
"9945","Renaissance Services","RNSS.OM","0","1.07273","Oman"
"9946","National Finance","NFCI.OM","0","0.618182","Oman"
"9947","Phoenix Power Company","PHPC.OM","0","0.524675","Oman"
"9948","Dhofar International Development &amp; Investment Holding","DIDI.OM","0","0.898701","Oman"
"9949","Al-Maha Petroleum","MHAS.OM","0","3.09091","Oman"
"9950","Shell Oman Marketing Company","SOMS.OM","0","1.94805","Oman"
"9951","Oman Flour Mills","OFMI.OM","0","1.2961","Oman"
"9952","Oman Refreshment Company (Pepsi Oman)","ORCI.OM","0","3.4026","Oman"
"9953","The Pearl REIF","PRFD.OM","0","0.464935","Oman"
"9954","Aluminium Bahrain (Alba)","ALBH.BH","0","0","Bahrain"
"9955","National Bank of Bahrain","NBB.BH","0","2.37338","Bahrain"
"9956","Bank of Bahrain and Kuwait","BBK.BH","0","1.24635","Bahrain"
"9957","Batelco (Bahrain Telecommunication Company)","BEYON.BH","0","1.40546","Bahrain"
"9958","Al Salam Bank","SALAM.BH","0","1.2384","Bahrain"
"9959","United Gulf Holding Company","UGH.BH","0","0.551578","Bahrain"
"9960","Bank ABC (Arab Banking Corporation)","ABC.BH","0","0.86","Bahrain"
"9961","APM Terminals Bahrain","APMTB.BH","0","0.212145","Bahrain"
"9962","Gulf Hotels Group","GHG.BH","0","2.59878","Bahrain"
"9963","BMMI Group","BMMI.BH","0","0.981172","Bahrain"
"9964","Bahrain Duty Free Shop Complex","DUTYF.BH","0","1.35243","Bahrain"
"9965","Arab Insurance Group","ARIG.BH","0","0.075","Bahrain"
"9966","Oman Reinsurance","ORIC.OM","0","0.220779","Oman"
"9967","Taageer Finance","TFCI.OM","0","0.327273","Oman"
"9968","Oman Education and Training Investments (OETI)","OETI.OM","0","3.8961","Oman"
"9969","OQIC Oman Qatar Insurance Company","OQIC.OM","0","0.483117","Oman"
"9970","Al Jazeera Steel Products","ATMI.OM","0","2.12987","Oman"
"9971","Galfar Engineering and Contracting","GECS.OM","0","0.488312","Oman"
"9972","A'Saffa Foods","SPFI.OM","0","2.16883","Oman"
"9973","Oman Chlorine","OCHL.OM","0","0.571429","Oman"
"9974","Al Suwadi Power","SUWP.OM","0","0.516883","Oman"
"9975","SMN Power Company","SMNP.OM","0","0.587013","Oman"
"9976","Salalah Port Services Company","SPSI.OM","0","1.78442","Oman"
"9977","Oman Oil Marketing Company (oomco)","OOMS.OM","0","2.75325","Oman"
"9978","Al Batinah Power","BATP.OM","0","0.524675","Oman"
"9979","Al Omaniya Financial Services","AOFS.OM","0","0.446753","Oman"
"9980","Khaleeji Bank","KHALEEJI.BH","0","0.835322","Bahrain"
"9981","Seef Properties","SEEF.BH","0","1.02095","Bahrain"
"9982","Bahrain Islamic Bank","BISB.BH","0","1.4585","Bahrain"
"9983","Bahrain National Holding","BNH.BH","0","1.11376","Bahrain"
"9984","Mixed Martial Arts Group Limited (MMA)","MMA","0","0.4912","Australia"
"9985","Unikai Foods","UNIKAI.AE","0","1.78372","United Arab Emirates"
"9986","United Foods Company","UFC.AE","0","3.62191","United Arab Emirates"
"9987","Deyaar Development","DEYAAR.AE","0","0.245364","United Arab Emirates"
"9988","LENZ Therapeutics","LENZ","0","9.9","United States"
"9989","Agility Global","AGILITY.AE","0","0","United Arab Emirates"
"9990","Oil &amp; Gas Development Company","OGDC.PK","0","1.0751","Pakistan"
"9991","Meezan Bank","MEBL.PK","0","1.7488","Pakistan"
"9992","Mari Petroleum Company","MARI.PK","0","2.35619","Pakistan"
"9993","Nestle Pakistan","NESTLE.PK","0","26.6103","Pakistan"
"9994","Pakistan Petroleum","PPL.PK","0","0.784715","Pakistan"
"9995","United Bank (Pakistan)","UBL.PK","0","1.27711","Pakistan"
"9996","Colgate-Palmolive (Pakistan)","COLG.PK","0","3.97804","Pakistan"
"9997","Pakistan Tobacco Company","PAKT.PK","0","4.69132","Pakistan"
"9998","MCB Bank Pakistan","MCB.PK","0","1.4554","Pakistan"
"9999","Lucky Cement","LUCK.PK","0","1.55852","Pakistan"
"10000","Standard Chartered Bank (Pakistan)","SCBPL.PK","0","0.21916","Pakistan"
"10001","Engro Fertilizers","EFERT.PK","0","0.745676","Pakistan"
"10002","The Hub Power Company","HUBC.PK","0","0.764047","Pakistan"
"10003","Fauji Fertilizer Company","FFC.PK","0","1.88981","Pakistan"
"10004","Habib Bank","HBL.PK","0","1.08059","Pakistan"
"10005","Engro Corporation","ENGRO.PK","0","1.74159","Pakistan"
"10006","Pakistan Oilfields Limited","POL.PK","0","2.33724","Pakistan"
"10007","Bestway Cement","BWCL.PK","0","1.61285","Pakistan"
"10008","K-Electric","KEL.PK","0","0.0272336","Pakistan"
"10009","Allied Bank (Pakistan)","ABL.PK","0","0.639864","Pakistan"
"10010","Bank AL Habib","BAHL.PK","0","0.627377","Pakistan"
"10011","IFL (Ibrahim Fibres)","IBFL.PK","0","0.749946","Pakistan"
"10012","Millat Tractors","MTL.PK","0","1.83592","Pakistan"
"10013","Al Anwar Ceramic Tiles","AACT.OM","0","0.537662","Oman"
"10014","Raysut Cement","RCCI.OM","0","0.496104","Oman"
"10015","Oman United Insurance","OUIC.OM","0","0.924675","Oman"
"10016","Voltamp Energy","VOES.OM","0","4.85714","Oman"
"10017","Alef Education","ALEFEDT.AE","0","0.27","United Arab Emirates"
"10018","Bahrain Commercial Facilities Company","BCFC.BH","0","0.289048","Bahrain"
"10019","Bahrain Kuwait Insurance Company (GIG Bahrain)","BKIC.BH","0","1.13763","Bahrain"
"10020","Zain Bahrain","ZAINBH.BH","0","0.617873","Bahrain"
"10021","Solidarity Bahrain","SOLID.BH","0","2.51923","Bahrain"
"10022","INOVEST","INOVEST.BH","0","0.036","Bahrain"
"10023","Esterad Investment Company","ESTERAD.BH","0","0.71599","Bahrain"
"10024","Banader Hotels Company","BANADER.BH","0","0.695145","Bahrain"
"10025","Ithmaar Holding","ITHMR.BH","0","0.115","Bahrain"
"10026","National Hotels Company (Bahrain)","NHOTEL.BH","0","0.819411","Bahrain"
"10027","Systems Limited (Pakistan)","SYS.PK","0","0.545748","Pakistan"
"10028","Unilever Pakistan Foods","UPFL.PK","0","95.0305","Pakistan"
"10029","Fatima Fertilizer","FATIMA.PK","0","0.517905","Pakistan"
"10030","Bank Alfalah","BAFL.PK","0","0.435379","Pakistan"
"10031","Interloop","ILP.PK","0","0.290671","Pakistan"
"10032","Ismail Industries","ISIL.PK","0","6.777","Pakistan"
"10033","Lucky Core Industries (LCI)","LCI.PK","0","0.864263","Pakistan"
"10034","Faysal Bank","FABL.PK","0","0.332436","Pakistan"
"10035","National Bank of Pakistan","NBP.PK","0","0.676857","Pakistan"
"10036","Pakistan State Oil Company","PSO.PK","0","1.29968","Pakistan"
"10037","Dawood Hercules Corporation","DAWH.PK","0","0.987729","Pakistan"
"10038","Habib Metropolitan Bank","HMB.PK","0","0.42117","Pakistan"
"10039","Abbott Laboratories (Pakistan)","ABOT.PK","0","3.45637","Pakistan"
"10040","Rafhan Maize Products Company","RMPL.PK","0","33.9553","Pakistan"
"10041","Fauji Cement Company","FCCL.PK","0","0.185253","Pakistan"
"10042","Miahona Company","2084.SR","0","4.65061","Saudi Arabia"
"10043","Modern Mills for Food Products","2284.SR","0","7.56356","Saudi Arabia"
"10044","Al Taiseer Group TALCO Industrial Company","4143.SR","0","9.20527","Saudi Arabia"
"10045","Salik Company","SALIK.AE","0","1.55225","United Arab Emirates"
"10046","Spinneys","SPINNEYS.AE","0","0.351298","United Arab Emirates"
"10047","Parkin PJSC","PARKIN.AE","0","1.40247","United Arab Emirates"
"10048","Amlak Finance","AMLAK.AE","0","0","United Arab Emirates"
"10049","Drake and Scull International","DSI.AE","0","0","United Arab Emirates"
"10050","Dubai Islamic Insurance &amp; Reinsurance","AMAN.AE","0","0","United Arab Emirates"
"10051","Air Arabia","AIRARABIA.AE","0","0","United Arab Emirates"
"10052","Aramex","ARMX.AE","0","0","United Arab Emirates"
"10053","Dubai Taxi Company","DTC.AE","0","0","United Arab Emirates"
"10054","Emirates Central Cooling Systems","EMPOWER.AE","0","0","United Arab Emirates"
"10055","Ajman Bank","AJMANBANK.AE","0","0","United Arab Emirates"
"10056","Al Ansari Financial Services","ALANSARI.AE","0","0","United Arab Emirates"
"10057","Watania International","WATANIA.AE","0","0","United Arab Emirates"
"10058","SIA Engineering Company","S59.SI","0","2.61162","Singapore"
"10059","Sheng Siong Group","OV8.SI","0","2.44643","Singapore"
"10060","Haw Par","H02.SI","0","13.6638","Singapore"
"10061","Hotel Properties Limited","H15.SI","0","3.55558","Singapore"
"10062","Sinarmas Land","A26.SI","0","0.291963","Singapore"
"10063","Blue Owl Capital Corporation","OBDC","0","11.34","United States"
"10064","Hitachi Energy India","POWERINDIA.NS","0","304.171","India"
"10065","Bharti Hexacom","BHARTIHEXA.NS","0","16.2604","India"
"10066","Kalyan Jewellers India","KALYANKJIL.NS","0","4.7427","India"
"10067","Metro Brands","METROBRAND.NS","0","10.9609","India"
"10068","Global Health Limited (Medanta)","MEDANTA.NS","0","11.3985","India"
"10069","Star Health and Allied Insurance Company","STARHEALTH.NS","0","5.05734","India"
"10070","Embassy Office Parks REIT","EMBASSY.BO","0","4.80338","India"
"10071","Aditya Birla Fashion and Retail","ABFRL.NS","0","0.665364","India"
"10072","Narayana Hrudayalaya","NH.NS","0","18.9891","India"
"10073","SF Urban Properties (SFP)","SFPN.SW","0","134.409","Switzerland"
"10074","Burgenland Holding","BHD.VI","0","98.467","Austria"
"10075","Private Equity Holding","PEHN.SW","0","79.3651","Switzerland"
"10076","Edisun Power Europe","ESUN.SW","0","89.6057","Switzerland"
"10077","Japan Metropolitan Fund Investment","8953.T","0","753.223","Japan"
"10078","Kuwait Reinsurance Company","KUWAITRE.KW","0","1174.49","Kuwait"
"10079","United Real Estate Company","URC.KW","0","811.109","Kuwait"
"10080","Munshaat Real Estate Projects Company","MUNSHAAT.KW","0","642.398","Kuwait"
"10081","The Kuwait Company for Process Plant Construction and Contracting","KCPC.KW","0","1047.95","Kuwait"
"10082","National Consumer Holding Company","NCCI.KW","0","334.177","Kuwait"
"10083","Injazzat Real Estate Development Company","INJAZZAT.KW","0","496.399","Kuwait"
"10084","Warba Insurance and Reinsurance Company","WINSRE.KW","0","564.532","Kuwait"
"10085","Kuwait Foundry Company K.S.C.P.","KFOUC.KW","0","1625.46","Kuwait"
"10086","Livestock Transport and Trading Company","CATTL.KW","0","307.897","Kuwait"
"10087","Privatization Holding Company - K.P.S.C.","KPPC.KW","0","217.702","Kuwait"
"10088","The Securities House","SECH.KW","0","241.386","Kuwait"
"10089","Al Madar Kuwait Holding Company","MADAR.KW","0","373.11","Kuwait"
"10090","First Takaful Insurance Company","FTI.KW","0","489.91","Kuwait"
"10091","Specialities Group Holding Company","SPEC.KW","0","525.599","Kuwait"
"10092","Manazel Holding Company","MANAZEL.KW","0","149.568","Kuwait"
"10093","Kuwait Resorts Company","MUNTAZAHAT.KW","0","382.843","Kuwait"
"10094","Mubarrad Holding Company","MUBARRAD.KW","0","326.066","Kuwait"
"10095","Dar Al-Thuraya Real Estate","THURAYA.KW","0","1106.35","Kuwait"
"10096","Aqar Real Estate Investments Company","AQAR.KW","0","290.377","Kuwait"
"10097","Bayan Investment Holding Company","BAYANINV.KW","0","252.093","Kuwait"
"10098","Osoul Investment Company","OSOUL.KW","0","788.398","Kuwait"
"10099","Metal and Recycling Company K.S.C.","MRC.KW","0","379.599","Kuwait"
"10100","The Tourism Enterprise company (SHAMS)","4170.SR","0","4.12558","Saudi Arabia"
"10101","Mazaya Real Estate Development Q.P.S.C.","MRDS.QA","0","0.157967","Qatar"
"10102","Financière de Tubize","TUB.BR","0","269.104","Belgium"
"10103","Admie Holding","ADMIE.AT","0","3.60849","Greece"
"10104","Mercor","MCR.WA","0","3.43701","Poland"
"10105","Quercus TFI","QRS.WA","0","3.22828","Poland"
"10106","AS Trigon Property Development","TPD1T.TL","0","0.660377","Estonia"
"10107","Samsung C&T Corporation","028260.KS","0","210.465","South Korea"
"10108","Meritz Financial Group","138040.KS","0","81.4002","South Korea"
"10109","HD Hyundai Heavy Industries","329180.KS","0","326.484","South Korea"
"10110","SK Square","402340.KS","0","459.32","South Korea"
"10111","Samsung SDS","018260.KS","0","123.188","South Korea"
"10112","HD Hyundai Electric","267260.KS","0","725.672","South Korea"
"10113","HD Korea Shipbuilding &amp; Offshore Engineering","009540.KS","0","278.242","South Korea"
"10114","Posco International","047050.KS","0","49.2614","South Korea"
"10115","LG Innotek","011070.KS","0","259.896","South Korea"
"10116","DB Insurance","005830.KS","0","113.267","South Korea"
"10117","SK Biopharmaceuticals","326030.KS","0","70.6647","South Korea"
"10118","HD Hyundai","267250.KS","0","172.585","South Korea"
"10119","Samsung E&A","028050.KS","0","35.74","South Korea"
"10120","Hyundai Rotem Company","064350.KS","0","144.047","South Korea"
"10121","Hanjin Kal","180640.KS","0","77.935","South Korea"
"10122","GS Holdings Corp.","078930.KS","0","48.6499","South Korea"
"10123","LS Corp.","006260.KS","0","224.564","South Korea"
"10124","LG Uplus Corp.","032640.KS","0","11.8839","South Korea"
"10125","Samsung Card","029780.KS","0","36.5554","South Korea"
"10126","Korea Investment Holdings","071050.KS","0","175.982","South Korea"
"10127","ISU Petasys","007660.KS","0","85.1373","South Korea"
"10128","Hanwha Systems","272210.KS","0","89.6898","South Korea"
"10129","Kiwoom Securities","039490.KS","0","320.029","South Korea"
"10130","Nexen Tire Corporation","002350.KS","0","5.03486","South Korea"
"10131","Egypt Kuwait Holding Company","EKHOLDING.KW","0","685.921","Egypt"
"10132","Beyout Investment Group","BEYOUT.KW","0","1232.89","Kuwait"
"10133","Al-Maidan Clinic for Oral Health Services","MIDAN.KW","0","2692.88","Kuwait"
"10134","Al Eid Food Company","ALEID.KW","0","700.798","Kuwait"
"10135","Kuwait Financial Centre "Markaz”","MARKAZ.KW","0","467.199","Kuwait"
"10136","Jassim Transport &amp; Stevedoring Company","JTC.KW","0","1677.37","Kuwait"
"10137","Ajial Real Estate Entertainment Company","AREEC.KW","0","1028.49","Kuwait"
"10138","Rasiyat Holding Company","RASIYAT.KW","0","1310.75","Kuwait"
"10139","Al Soor Fuel Marketing Company K.S.C.P.","SOOR.KW","0","859.775","Kuwait"
"10140","Oula Fuel Marketing Company","OULAFUEL.KW","0","888.975","Kuwait"
"10141","Al-Deera Holding Company","ALDEERA.KW","0","1453.51","Kuwait"
"10142","Kuwait Business Town Real Estate Company","KBT.KW","0","291.999","Kuwait"
"10143","KAMCO Investment Company","KAMCO.KW","0","691.065","Kuwait"
"10144","Burgan Company for Well Drilling","ABAR.KW","0","506.132","Kuwait"
"10145","A'ayan Real Estate Company K.S.C.P.","AAYANRE.KW","0","486.665","Kuwait"
"10146","Asiya Capital Investments Company","ASIYA.KW","0","136.266","Kuwait"
"10147","Coast Investment &amp; Development Company","COAST.KW","0","202.777","Kuwait"
"10148","Sokouk Holding Company K.S.C.P.","SOKOUK.KW","0","230.355","Kuwait"
"10149","Al Safat Investment Company","ALSAFAT.KW","0","765.687","Kuwait"
"10150","Sultan Center Food Products Company","SULTAN.KW","0","0","Kuwait"
"10151","Al-Enma'a Real Estate Company","ERESCO.KW","0","269.937","Kuwait"
"10152","Al-Arabiya Real Estate Company","ARABREC.KW","0","616.443","Kuwait"
"10153","ACICO Industries Company","ACICO.KW","0","1521.64","Kuwait"
"10154","Kuwait and Middle East Financial Investment Company","KMEFIC.KW","0","493.154","Kuwait"
"10155","Automated Systems Company KPSC","ASC.KW","0","415.288","Kuwait"
"10156","KFIC Invest (K.S.C.P)","KFIC.KW","0","450.977","Kuwait"
"10157","Tijara &amp; Real Estate Investment Company","TIJARA.KW","0","282.266","Kuwait"
"10158","Al Argan International Real Estate Company","ARGAN.KW","0","373.11","Kuwait"
"10159","Sanam Real Estate Company","SANAM.KW","0","746.22","Kuwait"
"10160","First Investment Company K.S.C.P.","ALOLA.KW","0","389.332","Kuwait"
"10161","Shuaiba Industrial Company","PAPER.KW","0","678.087","Kuwait"
"10162","Al Manar Financing and Leasing Company","ALMANAR.KW","0","343.91","Kuwait"
"10163","Future Kid Entertainment and Real Estate Company","FUTUREKID.KW","0","319.252","Kuwait"
"10164","Kuwait and Gulf Link Transport Company","KGL.KW","0","233.599","Kuwait"
"10165","Mashaer Holding Company K.S.C.P.","MASHAER.KW","0","327.364","Kuwait"
"10166","Amar Finance and Leasing Company","AMAR.KW","0","343.91","Kuwait"
"10167","National Cleaning Company","CLEANING.KW","0","561.287","Kuwait"
"10168","OSOS Holding Group Company K.P.S.C.","OSOS.KW","0","596.976","Kuwait"
"10169","Kuwait Emirates Holding Company","EMIRATES.KW","0","373.11","Kuwait"
"10170","Palms Agro Production Company","PAPCO.KW","0","684.576","Kuwait"
"10171","Kuwait Hotels Company K.S.C.P.","KHOT.KW","0","626.176","Kuwait"
"10172","Dalqan Real Estate Company","DALQAN.KW","0","561.178","Kuwait"
"10173","Credit Rating And Collection Company","TAHSSILAT.KW","0","467.199","Kuwait"
"10174","Senergy Holding Company K.S.C.P.","SENERGY.KW","0","366.621","Kuwait"
"10175","Real-Estate Trade Centers Company (Marakez)","MARAKEZ.KW","0","596.976","Kuwait"
"10176","Kuwait Real Estate Holding Company","ALAQARIA.KW","0","177.146","Kuwait"
"10177","Wethaq Takaful Insurance Company K.S.C.P.","WETHAQ.KW","0","310.492","Kuwait"
"10178","The Energy House Holding Company","ENERGYH.KW","0","729.998","Kuwait"
"10179","Equipment Holding Company K.S.C.P.","EQUIPMENT.KW","0","600.221","Kuwait"
"10180","Kalmar Oyj","KALMAR.HE","0","57.5943","Finland"
"10181","Graubündner Kantonalbank","GRKP.SW","0","2880.18","Switzerland"
"10182","Phoenix Mecano","PMN.SW","0","536.354","Switzerland"
"10183","TINC NV","TINC.BR","0","13.9623","Belgium"
"10184","Novavest Real Estate AG","NREN.SW","0","55.6836","Switzerland"
"10185","Varia US Properties","VARN.SW","0","20.0973","Switzerland"
"10186","Lafinca Global Assets","YLFG.MC","0","4.97642","Spain"
"10187","Oryzon Genomics","ORY.MC","0","3.38443","Spain"
"10188","Biotalys","BTLS.BR","0","2.40566","Belgium"
"10189","Evolva Holding SA","EVE.SW","0","1.19048","Switzerland"
"10190","OceanaGold","OGC.TO","0","34.297","Canada"
"10191","Torex Gold Resources","TXG.TO","0","48.6533","Canada"
"10192","Pason Systems","PSI.TO","0","9.45472","Canada"
"10193","Primaris Real Estate Investment Trust","PMZ-UN.TO","0","13.652","Canada"
"10194","WELL Health Technologies","WELL.TO","0","2.78849","Canada"
"10195","Mattr Corp.","MATR.TO","0","7.00027","Canada"
"10196","Guardian Capital Group","GCG.TO","0","49.3577","Canada"
"10197","Sienna Senior Living","SIA.TO","0","16.484","Canada"
"10198","Ag Growth International","AFN.TO","0","13.5794","Canada"
"10199","Evertz Technologies","ET.TO","0","11.9745","Canada"
"10200","Héroux-Devtek","HRX.TO","0","18.597","Canada"
"10201","Coveo Solutions","CVO.TO","0","3.13705","Canada"
"10202","Rupert Resources","RUP.TO","0","5.03235","Canada"
"10203","Major Drilling Group International","MDI.TO","0","13.071","Canada"
"10204","DRI Healthcare Trust","DHT-UN.TO","0","12.0326","Canada"
"10205","Slate Grocery REIT","SGR-UN.TO","0","11.7422","Canada"
"10206","Wall Financial Corporation","WFC.TO","0","12.127","Canada"
"10207","Timbercreek Financial","TF.TO","0","4.99604","Canada"
"10208","Extendicare","EXE.TO","0","21.4656","Canada"
"10209","Doman Building Materials Group","DBM.TO","0","7.13824","Canada"
"10210","The Westaim Corporation","WED.V","0","17.7548","Canada"
"10211","Atrium Mortgage Investment","AI.TO","0","8.63415","Canada"
"10212","Sintana Energy","SEI.V","0","0.442963","Canada"
"10213","Real Matters","REAL.TO","0","4.12464","Canada"
"10214","Tiny Ltd.","TINY.V","0","6.19559","Canada"
"10215","Plaza Retail REIT","PLZ-UN.TO","0","3.13705","Canada"
"10216","Montage Gold Corp.","MAU.TO","0","12.3158","Canada"
"10217","Firm Capital Mortgage Investment Corporation","FC.TO","0","8.84474","Canada"
"10218","Total Energy Services","TOT.TO","0","16.3751","Canada"
"10219","Pine Cliff Energy","PNE.TO","0","0.464748","Canada"
"10220","G2 Goldfields","GTWO.TO","0","9.0045","Canada"
"10221","Medical Facilities Corporation","DR.TO","0","12.1996","Canada"
"10222","Acadian Timber","ADN.TO","0","12.3231","Canada"
"10223","Amerigo Resources","ARG.TO","0","4.61843","Canada"
"10224","BTB Real Estate Investment Trust","BTB-UN.TO","0","2.88448","Canada"
"10225","Orogen Royalties","OGN.V","0","2.84658","Canada"
"10226","European Residential REIT","ERE-UN.TO","0","0.849618","Canada"
"10227","NervGen Pharma","NGEN.V","0","3.73977","Canada"
"10228","VERSES AI","VERS.NE","0","0.537365","Canada"
"10229","Majestic Gold","MJS.V","0","0.105295","Canada"
"10230","Trigon Metals","TM.V","0","0.290468","Canada"
"10231","Renegade Gold","RAGE.V","0","0.348561","Canada"
"10232","Aris Mining","ARMN","0","19.16","Canada"
"10233","CoastalSouth Bancshares","COSO","0","25.55","United States"
"10234","Avant Technologies Inc.","AVAI","0","0.332","United States"
"10235","CS Diagnostics","CSDX","0","0.153","Germany"
"10236","Bright Minds Biosciences","DRUG","0","89.14","United States"
"10237","PVR INOX","PVRINOX.NS","0","10.039","India"
"10238","Pro Medicus","PME.AX","0","97.6072","Australia"
"10239","Whitehaven Coal","WHC.AX","0","6.01937","Australia"
"10240","IGO Limited","IGO.AX","0","5.95879","Australia"
"10241","New Hope Corporation","NHC.AX","0","3.82403","Australia"
"10242","Nickel Industries Limited","NIC.AX","0","0.69638","Australia"
"10243","Webjet Limited","WEB.AX","0","1.99577","Australia"
"10244","Champion Iron","CIA.AX","0","3.66722","Australia"
"10245","ARB Corporation Limited","ARB.AX","0","14.7901","Australia"
"10246","Pinnacle Investment Management Group","PNI.AX","0","10.9054","Australia"
"10247","Neuren Pharmaceuticals","NEU.AX","0","8.97026","Australia"
"10248","Eagers Automotive Limited","APE.AX","0","16.6718","Australia"
"10249","Guzman y Gomez","GYG.AX","0","13.9882","Australia"
"10250","Region Group","RGN.AX","0","1.62869","Australia"
"10251","HomeCo Daily Needs REIT","HDN.AX","0","0.86602","Australia"
"10252","BWP Trust","BWP.AX","0","2.70141","Australia"
"10253","Nine Entertainment Co. Holdings","NEC.AX","0","0.710635","Australia"
"10254","Bellevue Gold","BGL.AX","0","1.26517","Australia"
"10255","Codan Limited","CDA.AX","0","24.2771","Australia"
"10256","Centuria Industrial REIT","CIP.AX","0","2.11337","Australia"
"10257","Capricorn Metals","CMM.AX","0","8.59605","Australia"
"10258","GrainCorp","GNC.AX","0","4.70431","Australia"
"10259","Megaport Limited","MP1.AX","0","5.36719","Australia"
"10260","EVT Limited","EVT.AX","0","9.58324","Australia"
"10261","West African Resources","WAF.AX","0","2.4662","Australia"
"10262","Waypoint REIT","WPR.AX","0","1.73204","Australia"
"10263","Insignia Financial (IOOF)","IFL.AX","0","3.41419","Australia"
"10264","Redox Limited","RDX.AX","0","2.38779","Australia"
"10265","Abacus Storage King","ASK.AX","0","0.972936","Australia"
"10266","DroneShield","DRO.AX","0","2.60162","Australia"
"10267","Dalrymple Bay Infrastructure","DBI.AX","0","3.67791","Australia"
"10268","Regis Resources","RRL.AX","0","5.40282","Australia"
"10269","Arena REIT","ARF.AX","0","2.44125","Australia"
"10270","The Star Entertainment Group","SGR.AX","0","0.081969","Australia"
"10271","SiteMinder","SDR.AX","0","2.22385","Australia"
"10272","Resolute Mining","RSG.AX","0","1.03495","Australia"
"10273","BKI Investment Company","BKI.AX","0","1.2331","Australia"
"10274","MAAS Group Holdings","MGH.AX","0","3.16471","Australia"
"10275","Kelsian Group","KLS.AX","0","2.85466","Australia"
"10276","Regis Healthcare","REG.AX","0","4.3693","Australia"
"10277","Australian United Investment Company","AUI.AX","0","7.77636","Australia"
"10278","Vital Healthcare Property Trust","VHP.NZ","0","1.1096","New Zealand"
"10279","Silex Systems Limited","SLX.AX","0","4.11983","Australia"
"10280","Regal Partners Limited","RPL.AX","0","1.90311","Australia"
"10281","Gentrack Group","GTK.NZ","0","3.70064","New Zealand"
"10282","Cromwell Property Group","CMW.AX","0","0.281546","Australia"
"10283","Collins Foods Limited","CKF.AX","0","6.13698","Australia"
"10284","Abacus Group","ABG.AX","0","0.724891","Australia"
"10285","WA1 Resources","WA1.AX","0","10.1143","Australia"
"10286","PM Capital Global Opportunities Fund","PGF.AX","0","2.10268","Australia"
"10287","Alpha HPA Limited","A4N.AX","0","0.438356","Australia"
"10288","Supply Network Limited","SNL.AX","0","23.0796","Australia"
"10289","Argosy Property","ARG.NZ","0","0.669893","New Zealand"
"10290","FleetPartners Group","FPR.AX","0","1.73917","Australia"
"10291","Aussie Broadband Limited","ABB.AX","0","3.67078","Australia"
"10292","Australian Agricultural Company","AAC.AX","0","0.951553","Australia"
"10293","Ora Banda Mining","OBM.AX","0","0.947989","Australia"
"10294","Service Stream Limited","SSM.AX","0","1.38064","Australia"
"10295","Clinuvel Pharmaceuticals","CUV.AX","0","6.53613","Australia"
"10296","Superloop Limited","SLC.AX","0","2.36997","Australia"
"10297","Cobram Estate Olives","CBO.AX","0","2.5838","Australia"
"10298","BCI Minerals Limited","BCI.AX","0","0.274418","Australia"
"10299","Botanix Pharmaceuticals","BOT.AX","0","0.0256599","Australia"
"10300","Stride Property Group","SPG.NZ","0","0.702355","New Zealand"
"10301","Qualitas Limited","QAL.AX","0","1.71066","Australia"
"10302","Generation Development Group","GDG.AX","0","3.06493","Australia"
"10303","GWA Group Limited","GWA.AX","0","1.47901","Australia"
"10304","Myer Holdings","MYR.AX","0","0.204566","Australia"
"10305","Ridley Corporation","RIC.AX","0","1.91023","Australia"
"10306","Pepper Money Limited","PPM.AX","0","1.29368","Australia"
"10307","Mirrabooka Investments Limited","MIR.AX","0","1.88172","Australia"
"10308","Whitefield Industrials Limited","WHF.AX","0","3.54249","Australia"
"10309","Strike Energy","STX.AX","0","0.081969","Australia"
"10310","Pantoro Limited","PNR.AX","0","2.76556","Australia"
"10311","RPMGlobal Holdings Limited","RUL.AX","0","3.51956","Australia"
"10312","Cettire Limited","CTT.AX","0","0.17463","Australia"
"10313","Channel Infrastructure NZ Limited","CHI.NZ","0","1.75294","New Zealand"
"10314","Jupiter Mines Limited","JMS.AX","0","0.196013","Australia"
"10315","Develop Global Limited","DVP.AX","0","3.97728","Australia"
"10316","Civmec Limited","CVL.AX","0","1.0157","Australia"
"10317","IPD Group Limited","IPG.AX","0","3.47121","Australia"
"10318","Weebit Nano","WBT.AX","0","2.87961","Australia"
"10319","Chalice Mining","CHN.AX","0","1.17037","Australia"
"10320","SRG Global Limited","SRG.AX","0","1.93518","Australia"
"10321","Predictive Discovery Limited","PDI.AX","0","0.664305","Australia"
"10322","Kogan.com Ltd","KGN.AX","0","2.87248","Australia"
"10323","Sovereign Metals","SVM.AX","0","0.509633","Australia"
"10324","MyState Limited","MYS.AX","0","3.32153","Australia"
"10325","Emeco Holdings","EHL.AX","0","0.869584","Australia"
"10326","Grange Resources","GRR.AX","0","0.124735","Australia"
"10327","Arafura Rare Earths","ARU.AX","0","0.222385","Australia"
"10328","Kingsgate Consolidated Limited","KCN.AX","0","4.12696","Australia"
"10329","Imugene","IMU.AX","0","0.103352","Australia"
"10330","Universal Store Holdings","UNI.AX","0","5.24601","Australia"
"10331","GenusPlus Group Limited","GNP.AX","0","5.59527","Australia"
"10332","ClearView Wealth Limited","CVW.AX","0","0.450473","Australia"
"10333","ReadyTech Holdings","RDY.AX","0","0.855328","Australia"
"10334","Argo Global Listed Infrastructure","ALI.AX","0","1.72491","Australia"
"10335","Mayne Pharma Group","MYX.AX","0","1.74986","Australia"
"10336","Aurelia Metals","AMI.AX","0","0.190311","Australia"
"10337","Aspen Group","APZ.AX","0","3.47477","Australia"
"10338","Kelly Partners Group","KPG.AX","0","3.50685","Australia"
"10339","Anteris Technologies","AVR.AX","0","6.0657","Australia"
"10340","Carnarvon Energy","CVN.AX","0","0.0798306","Australia"
"10341","Rex Minerals","RXM.AX","0","0.295872","Australia"
"10342","Alkane Resources","ALK.AX","0","1.31649","Australia"
"10343","Adairs Limited","ADH.AX","0","0.919478","Australia"
"10344","DUG Technology","DUG.AX","0","1.41842","Australia"
"10345","Resimac Group Limited","RMC.AX","0","0.637932","Australia"
"10346","Syrah Resources Limited","SYR.AX","0","0.081969","Australia"
"10347","Race Oncology","RAC.AX","0","2.10981","Australia"
"10348","Metro Mining","MMI.AX","0","0.0484686","Australia"
"10349","Fenix Resources","FEX.AX","0","0.231651","Australia"
"10350","GDI Property Group","GDI.AX","0","0.4241","Australia"
"10351","Ainsworth Game Technology","AGI.AX","0","0.741285","Australia"
"10352","Magnetic Resources NL","MAU.AX","0","1.41486","Australia"
"10353","Encounter Resources","ENR.AX","0","0.20314","Australia"
"10354","29Metals","29M.AX","0","0.265152","Australia"
"10355","Millennium &amp; Copthorne Hotels New Zealand","MCK.NZ","0","1.87098","New Zealand"
"10356","Meteoric Resources","MEI.AX","0","0.122597","Australia"
"10357","LGI Limited","LGI.AX","0","2.73705","Australia"
"10358","AIC Mines Limited","A1M.AX","0","0.399153","Australia"
"10359","Frontier Energy Limited","FHE.AX","0","0.181757","Australia"
"10360","Praemium Limited","PPS.AX","0","0.495378","Australia"
"10361","Atlantic Lithium Limited","A11.AX","0","0.224524","Australia"
"10362","GreenX Metals","GRX.AX","0","0.637932","Australia"
"10363","EROAD Limited","ERD.NZ","0","0.537095","New Zealand"
"10364","VEEM Ltd","VEE.AX","0","0.367078","Australia"
"10365","Renascor Resources","RNU.AX","0","0.0484686","Australia"
"10366","Core Lithium Ltd","CXO.AX","0","0.22096","Australia"
"10367","Gold Hydrogen Limited","GHY.AX","0","0.245907","Australia"
"10368","Finbar Group Limited","FRI.AX","0","0.555963","Australia"
"10369","Fiducian Group Limited","FID.AX","0","6.36507","Australia"
"10370","Comet Ridge","COI.AX","0","0.103352","Australia"
"10371","ARN Media","A1N.AX","0","0.160374","Australia"
"10372","Solvar Limited","SVR.AX","0","1.13687","Australia"
"10373","Amaero International Ltd","3DA.AX","0","0.225949","Australia"
"10374","Cadence Capital Limited","CDM.AX","0","0.566655","Australia"
"10375","Bisalloy Steel Group","BIS.AX","0","3.32153","Australia"
"10376","Strickland Metals Limited","STK.AX","0","0.158236","Australia"
"10377","CDL Investments New Zealand Limited","CDI.NZ","0","0.407248","New Zealand"
"10378","Quantum Graphite","QGL.AX","0","0.285109","Australia"
"10379","CVC Limited","CVC.AX","0","1.50395","Australia"
"10380","FBR Limited","FBR.AX","0","0.00285109","Australia"
"10381","Aeris Resources","AIS.AX","0","0.277982","Australia"
"10382","Smart Parking Limited","SPZ.AX","0","0.69139","Australia"
"10383","XRF Scientific Limited","XRF.AX","0","1.3614","Australia"
"10384","Talga Group","TLG.AX","0","0.192449","Australia"
"10385","COSOL Limited","COS.AX","0","0.153246","Australia"
"10386","NZME Limited","NZM.NZ","0","0.637431","New Zealand"
"10387","PGG Wrightson","PGW.NZ","0","1.26896","New Zealand"
"10388","Airtasker","ART.AX","0","0.167502","Australia"
"10389","Duxton Farms","DBF.AX","0","0.470431","Australia"
"10390","Lake Resources NL","LKE.AX","0","0.0591602","Australia"
"10391","Polymetals Resources","POL.AX","0","0.630805","Australia"
"10392","Banca Sistema S.p.A.","BST.MI","0","2.01415","Italy"
"10393","Valsoia S.p.A.","VLS.MI","0","12.3231","Italy"
"10394","Defence Tech Holding S.p.A.","DTH.MI","0","3.81755","Italy"
"10395","Ratio Energies","RATI.TA","0","1.51438","Israel"
"10396","Reit 1 Ltd","RIT1.TA","0","7.87587","Israel"
"10397","Keystone Infra","KSTN.TA","0","6.98639","Israel"
"10398","Emilia Development","EMDV.TA","0","8.06173","Israel"
"10399","Reit Azorim - H.F Living","AZRT.TA","0","1.59409","Israel"
"10400","Peugeot Invest Société anonyme","PEUG.PA","0","76.7689","France"
"10401","Montepino Logística","MLMTP.PA","0","12.5","Spain"
"10402","Derichebourg","DBG.PA","0","10.7429","France"
"10403","Caisse régionale de Crédit Agricole Mutuel d'Ille-et-Vilaine","CIV.PA","0","132.075","France"
"10404","Selectirente","SELER.PA","0","98.467","France"
"10405","Fonciere Inea","INEA.PA","0","40.8019","France"
"10406","Figeac Aero","FGA.PA","0","11.6038","France"
"10407","Entech SA","ALESE.PA","0","11.3208","France"
"10408","Eurofins-Cerep","ALECR.PA","0","18632.1","France"
"10409","Pullup Entertainment","ALPUL.PA","0","16.8632","France"
"10410","Gascogne Groupe","ALBI.PA","0","2.83019","France"
"10411","Teract S.A.","TRACT.PA","0","3.67925","France"
"10412","genOway","ALGEN.PA","0","2.84198","France"
"10413","Pinewood Technologies Group","PINE.L","0","2.94458","United Kingdom"
"10414","Mercia Asset Management","MERC.L","0","0.390802","United Kingdom"
"10415","Dialight plc","DIA.L","0","4.07085","United Kingdom"
"10416","Nova Minerals","NVA","0","6.53","Australia"
"10417","Sparta AG","SPT6.F","0","27.8302","Germany"
"10418","Neon Equity AG","D77.DE","0","6.48585","Germany"
"10419","DEMIRE Deutsche Mittelstand Real Estate","DMRE.DE","0","0.495283","Germany"
"10420","029 Group","Z29.DE","0","48.5849","Germany"
"10421","MHP Hotel AG","CDZ0.F","0","1.58019","Germany"
"10422","DATRON AG","DAR.DE","0","8.54953","Germany"
"10423","SGT German Private Equity","GAI.DE","0","0.975188","Germany"
"10424","Elbstein AG","EBS.HM","0","1.06132","Germany"
"10425","Vingroup Company","VIC.VN","0","6.43888","Vietnam"
"10426","Bao Viet Holdings","BVH.VN","0","2.85877","Vietnam"
"10427","Vinh Hoan Corporation","VHC.VN","0","2.32726","Vietnam"
"10428","OS Therapies","OSTX","0","1.39","United States"
"10429","SHIFT UP","462870.KS","0","22.4904","South Korea"
"10430","Ola Electric Mobility","OLAELEC.NS","0","0.410966","India"
"10431","Fastned","FAST.AS","0","27.5943","Netherlands"
"10432","KEI Industries","KEI.NS","0","47.8802","India"
"10433","Galderma Group","GALD.SW","0","201.613","Switzerland"
"10434","SPEEH Hidroelectrica","H2O.RO","0","35.413","Romania"
"10435","Lite-On Technology","2301.TW","0","4.98497","Taiwan"
"10436","Nomura Real Estate Holdings","3231.T","0","6.61981","Japan"
"10437","KDX Realty Investment","8972.T","0","1052.12","Japan"
"10438","Daiwa House REIT Investment Corporation","8984.T","0","824.33","Japan"
"10439","Invincible Investment Corporation","8963.T","0","397.692","Japan"
"10440","Sekisui House Reit","3309.T","0","573.255","Japan"
"10441","AEON Financial Service","8570.T","0","10.1594","Japan"
"10442","Activia Properties","3279.T","0","903.616","Japan"
"10443","Mori Hills REIT Investment","3234.T","0","855.793","Japan"
"10444","NTT UD REIT Investment Corporation","8956.T","0","895.436","Japan"
"10445","Star Asia Investment Corporation","3468.T","0","359.936","Japan"
"10446","Hankyu Hanshin REIT","8977.T","0","945.777","Japan"
"10447","Samty Residential Investment Corporation","3459.T","0","678.971","Japan"
"10448","One REIT, Inc.","3290.T","0","506.554","Japan"
"10449","Arkan Al-Kuwait Real Estate Company","ARKAN.KW","0","1005.78","Kuwait"
"10450","Ekttitab Holding Company K.S.C","EKTTITAB.KW","0","109.337","Kuwait"
"10451","Gulf Franchising Holding Company","GFC.KW","0","1417.82","Kuwait"
"10452","Saudi Arabian Refineries Company","2030.SR","0","12.2861","Saudi Arabia"
"10453","Thimar Development Holding Company","4160.SR","0","9.22126","Saudi Arabia"
"10454","JK Paper","JKPAPER.NS","0","3.93248","India"
"10455","National Gas Company SAOG","NGCI.OM","0","0.275325","Oman"
"10456","Qatar Electronic Systems","TQES.QA","0","0.645055","Qatar"
"10457","Gulf International Chemicals","GICI.OM","0","0.218182","Oman"
"10458","Muscat Finance","MFCI.OM","0","0.2","Oman"
"10459","South Bow","SOBO","0","32.63","Canada"
"10460","Aduro Clean Technologies","ADUR","0","11.01","Canada"
"10461","Swiggy","SWIGGY.NS","0","2.83714","India"
"10462","Eleving Group","OT8.F","0","1.93396","Luxembourg"
"10463","Tokyo Metro","9023.T","0","10.0556","Japan"
"10464","Kumho Tire","073240.KS","0","4.17873","South Korea"
"10465","Cantourage Group SE","HIGH.DE","0","5.68396","Germany"
"10466","Diginex","DGNX","0","0.53","Hong Kong"
"10467","Chicago Atlantic BDC","LIEN","0","9.44","United States"
"10468","Beta Bionics","BBNX","0","11.81","United States"
"10469","Sionna Therapeutics","SION","0","43.3","United States"
"10470","Plutus Financial Group","PLUT","0","3.07","United States"
"10471","Titan America","TTAM","0","16.44","United States"
"10472","Infinity Natural Resources","INR","0","16.16","United States"
"10473","Cloudastructure","CSAI","0","0.6401","United States"
"10474","Maze Therapeutics","MAZE","0","27.68","United States"
"10475","Northpointe Bancshares","NPB","0","19","United States"
"10476","Wellgistics Health","WGRX","0","0.1441","United States"
"10477","Kestra Medical Technologies","KMTS","0","19.74","United States"
"10478","Skycorp Solar Group","PN","0","2.6","China"
"10479","Springer Nature AG","SPG.DE","0","21.3208","Germany"
"10480","Lucky Strike Entertainment","LUCK","0","8.21","United States"
"10481","Grace Therapeutics","GRCE","0","4.28","United States"
"10482","Rein Therapeutics","RNTX","0","1.63","United States"
"10483","Pursuit Attractions and Hospitality","PRSU","0","41.06","United States"
"10484","Vault Minerals","VAU.AX","0","3.28945","Australia"
"10485","JBT Marel Corporation","JBTM","0","131.56","United States"
"10486","NPK International","NPKI","0","15","United States"
"10487","Core Natural Resources","CNR","0","87.6","United States"
"10488","Newsmax","NMAX","0","6.2","United States"
"10489","MIXUE Group","2097.HK","0","36.8817","China"
"10490","Niagen Bioscience","NAGE","0","4.69","United States"
"10491","Energys Group","ENGS","0","1.15","United Kingdom"
"10492","GMR Airports","GMRAIRPORT.NS","0","1.01931","India"
"10493","Neuphoria Therapeutics","NEUP","0","4.71","United States"
"10494","Webull","BULL","0","5.82","United States"
"10495","Amplitude Energy","AEL.AX","0","1.26161","Australia"
"10496","Chagee","CHA","0","10.17","China"
"10497","Aditya Birla Real Estate","ABREL.NS","0","14.6442","India"
"10498","eXoZymes","EXOZ","0","11","United States"
"10499","OnKure Therapeutics","OKUR","0","4.605","United States"
"10500","Bank of Ayudhya","BAY.BK","0","0.806199","Thailand"
"10501","eToro","ETOR","0","34.72","Israel"
"10502","Claritev","CTEV","0","18.14","United States"
"10503","Arrive AI","ARAI","0","1.65","United States"
"10504","Antalpha Platform","ANTA","0","8.865","Singapore"
"10505","XPLR Infrastructure","XIFR","0","10.28","United States"
"10506","Ather Energy","ATHERENERG.NS","0","9.74904","India"
"10507","Banca Transilvania","TLV.RO","0","8.53452","Romania"
"10508","HD Hyundai Marine Solution","443060.KS","0","124.886","South Korea"
"10509","Hinge Health","HNGE","0","38.78","United States"
"10510","Aktor","AKTR.AT","0","12.9245","Greece"
"10511","Eternal (Zomato)","ETERNAL.NS","0","2.53667","India"
"10512","LuxExperience","LUXE","0","8.51","Germany"
"10513","Jason Furniture (Kuka Home)","603816.SS","0","4.53432","China"
"10514","Circle Internet Group","CRCL","0","105.49","United States"
"10515","Hanwha Corporation","000880.KS","0","85.8847","South Korea"
"10516","Hyosung Heavy Industries Corporation","298040.KS","0","2059.47","South Korea"
"10517","Auric Minerals","AUMC.CN","0","0.181542","Canada"
"10518","Bharat Heavy Electricals Limited","BHEL.NS","0","3.09025","India"
"10519","Daewoo Engineering &amp; Construction","047040.KS","0","19.4837","South Korea"
"10520","Mazagon Dock Shipbuilders Limited","MAZDOCK.NS","0","26.7917","India"
"10521","MSI (Micro-Star International)","2377.TW","0","2.80741","Taiwan"
"10522","Chicony Electronics","2385.TW","0","3.97215","Taiwan"
"10523","Warba Capital Holding Company","WARBACAP.KW","0","1907.73","Kuwait"
"10524","KIOXIA Holdings Corporation","285A.T","0","208.033","Japan"
"10525","Bangchak Corporation","BCP.BK","0","1.14277","Thailand"
"10526","HTC Corporation","2498.TW","0","1.32299","Taiwan"
"10527","Chime Financial","CHYM","0","22.26","United States"
"10528","Voyager Technologies","VOYG","0","30.14","United States"
"10529","Vend Marketplaces","VENDA.OL","0","35.6446","Norway"
"10530","DeFi Development","DFDV","0","3.96","United States"
"10531","Scienture Holdings","SCNX","0","0.337","United States"
"10532","Verve Group SE","VER.ST","0","1.74145","Sweden"
"10533","everplay group plc","EVPL.L","0","3.5145","United Kingdom"
"10534","T1 Energy","TE","0","4.86","United States"
"10535","Hiab Oyj","HIAB.HE","0","55.3302","Finland"
"10536","Heidmar Maritime Holdings","HMR","0","0.8962","Greece"
"10537","Whitehawk Therapeutics","WHWK","0","4","United States"
"10538","Enigmatig","EGG","0","6.9","Singapore"
"10539","Slide Insurance","SLDE","0","17.91","United States"
"10540","Sammaan Capital","SAMMAANCAP.NS","0","1.65385","India"
"10541","Fundamenta Real Estate AG","FREN.SW","0","23.2335","Switzerland"
"10542","Masonglory","MSGY","0","0.5082","Hong Kong"
"10543","CapsoVision","CV","0","6.44","United States"
"10544","JX Advanced Metals","5016.T","0","30.8337","Japan"
"10545","Cham Swiss Properties AG","CHAM.SW","0","33.6662","Switzerland"
"10546","HT5 AG","HT5.SW","0","4.60829","Switzerland"
"10547","China Resources Building Materials Technology","1313.HK","0","0.19398","Hong Kong"
"10548","Sun Art Retail Group Limited","6808.HK","0","0.190151","China"
"10549","Jefferson Capital","JCAP","0","20.5","United States"
"10550","Waaree Energies Limited (WEL)","WAAREEENER.NS","0","35.8111","India"
"10551","Hyundai Motor India","HYUNDAI.NS","0","18.7517","India"
"10552","The Fertilisers And Chemicals Travancore Limited","FACT.NS","0","9.15305","India"
"10553","Bajaj Housing Finance Limited (BHFL)","BAJAJHFL.NS","0","0.913103","India"
"10554","Altius Telecom Infrastructure Trust","ALTIUSINVIT.BO","0","1.6967","India"
"10555","Teads","TEAD","0","0.69","United States"
"10556","Curatis","CURN.SW","0","29.6979","Switzerland"
"10557","The Marzetti Company","MZTI","0","142.31","United States"
"10558","Brightstar Lottery","BRSL","0","12.59","United Kingdom"
"10559","Firefly Aerospace","FLY","0","36.61","United States"
"10560","MIAX (Miami International Holdings)","MIAX","0","42.91","United States"
"10561","HeartFlow","HTFL","0","29.05","United States"
"10562","WhiteFiber","WYFI","0","16.09","United States"
"10563","NusaTrip","NUTR","0","9","Indonesia"
"10564","Bora Pharmaceuticals","6472.TW","0","13.4357","Taiwan"
"10565","PharmaEssentia","6446.TW","0","20.6362","Taiwan"
"10566","Caliway Biopharmaceuticals","6919.TW","0","3.37079","Taiwan"
"10567","Elite Express","ETS","0","0.6499","United States"
"10568","BeLive Holdings","BLIV","0","2.2","Singapore"
"10569","Al Kout Industrial Projects Company","ALKOUT.KW","0","2511.19","Kuwait"
"10570","Hayat Communications Company","DIGITUS.KW","0","5239.76","Kuwait"
"10571","Al Maha Ceramics","AMCI.OM","0","0.779221","Oman"
"10572","Derayah Financial Company","4084.SR","0","5.77261","Saudi Arabia"
"10573","United International Holding Company","4083.SR","0","33.4204","Saudi Arabia"
"10574","Arabian Mills for Food Products","2285.SR","0","10.9749","Saudi Arabia"
"10575","Tamkeen Human Resources Company","1835.SR","0","11.9876","Saudi Arabia"
"10576","Flynas Company","4264.SR","0","13.712","Saudi Arabia"
"10577","Almoosa Health Company","4018.SR","0","38.1376","Saudi Arabia"
"10578","Specialized Medical Company","4019.SR","0","5.02105","Saudi Arabia"
"10579","Nice One Beauty Digital Marketing Company","4193.SR","0","3.21644","Saudi Arabia"
"10580","Fourth Milling","2286.SR","0","1.02873","Saudi Arabia"
"10581","United Carton Industries Company","1323.SR","0","6.51618","Saudi Arabia"
"10582","Al Obeikan Glass Company","4145.SR","0","7.03587","Saudi Arabia"
"10583","Dhofar Generating Company","DGEN.OM","0","0.233766","Oman"
"10584","Al Jazeira Services Co. SAOG","AJSS.OM","0","0.683117","Oman"
"10585","Omani Euro Food Industries","OEFI.OM","0","2.5974","Oman"
"10586","Dhofar Tourism","DTCS.OM","0","2.26234","Oman"
"10587","Al Anwar Investments SAOG","AAIC.OM","0","0.496104","Oman"
"10588","Global Financial Investments Holding SAOG","GFIC.OM","0","0.828571","Oman"
"10589","Arabia Falcon Insurance Company (AFIC)","AFIC.OM","0","0.363636","Oman"
"10590","Oman Chromite Company","OCCI.OM","0","9.09091","Oman"
"10591","Majan University College","BACS.OM","0","0.337662","Oman"
"10592","Oman National Engineering and Investment Co. (SAOG)","ONES.OM","0","0.405195","Oman"
"10593","UBAR Hotels & Resorts SAOG","UBAR.OM","0","0.327273","Oman"
"10594","Musandam Power","MSPW.OM","0","0.883117","Oman"
"10595","The National Detergent Company SAOG","NDTI.OM","0","1.81818","Oman"
"10596","Dhofar Insurance Company SAOG","DICS.OM","0","0.727273","Oman"
"10597","Sharqiyah Desalination Company SAOG","SHRQ.OM","0","0.428571","Oman"
"10598","Al Madina Investment Holding Co. SAOG","AMII.OM","0","0.101299","Oman"
"10599","Takaful Oman Insurance SAOG","TAOI.OM","0","0.205195","Oman"
"10600","Dhofar Food & Investment SAOG","DFIN.OM","0","0.438961","Oman"
"10601","Bahrain Family Leisure Company","FAMILY.BH","0","0.0901618","Bahrain"
"10602","United Gulf Investment Corporation","UGIC.BH","0","0.967913","Bahrain"
"10603","Bahrain Ship Repairing and Engineering Company","BASREC.BH","0","0.517104","Bahrain"
"10604","Bahrain Flour Mills Company","BFM.BH","0","0.530363","Bahrain"
"10605","Al Abraaj Restaurants Group","ABRAAJ.BH","0","2.65182","Bahrain"
"10606","Bahrain Cinema Company","CINECO.BH","0","0.405728","Bahrain"
"10607","Nass Corporation B.S.C.","NASS.BH","0","0.541114","Bahrain"
"10608","Netskope","NTSK","0","9.34","United States"
"10609","StubHub Holdings","STUB","0","6.9","United States"
"10610","WaterBridge Infrastructure","WBI","0","25.87","United States"
"10611","Pattern Group","PTRN","0","13.36","United States"
"10612","Beacon Financial Corporation","BBT","0","31.7","United States"
"10613","PFISTERER Holding SE","PFSE.DE","0","98.1132","Germany"
"10614","innoscripta SE","1INN.DE","0","82.0755","Germany"
"10615","Aumovio SE","AMV0.DE","0","42.6887","Germany"
"10616","Capital B","ALCPB.PA","0","0.801887","France"
"10617","Chery Automobile","9973.HK","0","3.97148","China"
"10618","Klarna","KLAR","0","14.26","Sweden"
"10619","Aptera Motors","SEV","0","3.13","United States"
"10620","Neptune Insurance Holdings","NP","0","26.35","United States"
"10621","Phoenix Education Partners","PXED","0","28.33","United States"
"10622","Turn Therapeutics","TTRX","0","3.38","United States"
"10623","Commercial Bancgroup","CBK","0","28.15","United States"
"10624","Fermi Inc.","FRMI","0","5.28","United States"
"10625","Alliance Laundry Holdings","ALH","0","24.98","United States"
"10626","OBOOK Holdings Inc. (OwlTing)","OWLS","0","5.77","Taiwan"
"10627","TechCreate Group","TCGL","0","172.84","Singapore"
"10628","Leifras","LFS","0","2.05","Japan"
"10629","TKMS","TKMS.DE","0","97.8774","Germany"
"10630","Röko AB","ROKO-B.ST","0","184.274","Sweden"
"10631","Hacksaw AB","HACK.ST","0","7.04095","Sweden"
"10632","Sveafastigheter AB","SVEAF.ST","0","3.92071","Sweden"
"10633","Meds Apotek AB","MEDS.ST","0","2.84252","Sweden"
"10634","NOBA Bank Group AB","NOBA.ST","0","9.4315","Sweden"
"10635","Verisure plc","VSURE.ST","0","11.4446","Switzerland"
"10636","Asmodee Group AB","ASMDEE-B.ST","0","12.5374","Sweden"
"10637","Marfrig Global Foods","MBRF3.SA","0","4.38831","Brazil"
"10638","NTPC Green Energy","NTPCGREEN.NS","0","1.11928","India"
"10639","Vishal Mega Mart Limited","VMM.NS","0","1.23","India"
"10640","99 Speed Mart Retail","5326.KL","0","0.874968","Malaysia"
"10641","Hexaware Technologies","HEXT.NS","0","5.08312","India"
"10642","LG Electronics India Ltd.","LGEINDIA.NS","0","16.1186","India"
"10643","Gemini Space Station","GEMI","0","5.1","United States"
"10644","Bgin Blockchain","BGIN","0","3.0958","Singapore"
"10645","MapLight Therapeutics","MPLT","0","27.02","United States"
"10646","Navan","NAVN","0","13.85","United States"
"10647","Charming Medical","MCTA","0","29.355","Hong Kong"
"10648","NOMADAR","NOMA","0","3.99","United States"
"10649","BETA Technologies","BETA","0","17.28","United States"
"10650","Mechanics Bancorp","MCHB","0","14.96","United States"
"10651","BillionToOne","BLLN","0","82.79","United States"
"10652","Evommune","EVMN","0","26.63","United States"
"10653","Grupo Aeromexico","AERO","0","15.46","Mexico"
"10654","Elauwit Connection","ELWT","0","6.12","United States"
"10655","Exzeo Group","XZO","0","16.18","United States"
"10656","Beetaloo Energy Australia","BTL.AX","0","0.228088","Australia"
"10657","MindWalk Holdings","HYFT","0","1.18","United States"
"10658","RideNow Group","RDNW","0","6.59","United States"
"10659","Phaos Technology Holdings","POAS","0","1.95","Singapore"
"10660","Off the Hook YS Inc","OTH","0","3.13","United States"
"10661","WeShop Holdings","WSHP","0","5.6","British Virgin Islands"
"10662","Gloo Holdings","GLOO","0","6.16","United States"
"10663","Central Bancompany","CBC","0","24.51","United States"
"10664","Park Dental Partners","PARK","0","17.36","United States"
"10665","The Payments Group Holding","PGH.DE","0","0.448113","Germany"
"10666","Andersen Group","ANDG","0","31.25","United States"
"10667","Medline","MDLN","0","47.67","United States"
"10668","Lumexa Imaging","LMRI","0","9.99","United States"
"10669","Wealthfront Corporation","WLTH","0","10.58","United States"
"10670","Regentis Biomaterials","RGNT","0","3.04","Israel"
"10671","SMJ International","SMJF","0","3.48","Singapore"
"10672","Cardinal Infrastructure Group","CDNL","0","49.78","United States"
"10673","SPACE42","SPACE42.AE","0","0.37","United Arab Emirates"
"10674","National Biscuit Industries","NBII.OM","0","14.1429","Oman"
"10675","Muscat Thread Mill","MTMI.OM","0","0.545455","Oman"
"10676","Dhofar Beverages and Foodstuff Company","DBCI.OM","0","0.472727","Oman"
"10677","Construction Materials Industries","CMII.OM","0","0.194805","Oman"
"10678","Alfajar Al Alamia Co. SAOG","AFAI.OM","0","1.28571","Oman"
"10679","Muscat Insurance","MCTI.OM","0","1.50649","Oman"
"10680","Muscat Gas Company","MGMC.OM","0","0.392208","Oman"
"10681","Financial Services Company SAOG","FSCI.OM","0","0.584416","Oman"
"10682","Sohar Power Company SAOG","SHPS.OM","0","0.488312","Oman"
"10683","Asyad Shipping Company","ASCO.OM","0","0.797403","Oman"
"10684","United Finance Co. SAOG","UFCI.OM","0","0.231169","Oman"
"10685","Muscat City Desalination Company","MCDE.OM","0","0.275325","Oman"
"10686","Gulf Mushroom Products Company SAOG","GMPI.OM","0","1.06234","Oman"
"10687","Omani Packaging Company","OPCI.OM","0","0.438961","Oman"
"10688","Barka Desalination Company","BRDE.OM","0","0.449351","Oman"
"10689","Al Sharqiya Investment Holdings Company","SIHC.OM","0","0.298701","Oman"
"10690","National Aluminium Products Company SAOG","NAPI.OM","0","0.781818","Oman"
"10691","USA TODAY Co.","TDAY","0","7.19","United States"
"10692","Fevara","FVA.L","0","1.77761","United Kingdom"
"10693","Strata Critical Medical","SRTA","0","4.33","United States"
"10694","Banqup Group SA","BANQ.BR","0","3.16038","Belgium"
"10695","Hyperion DeFi","HYPD","0","3.56","United States"
"10696","QVC Group","QVCGA","0","2.33","United States"
"10697","Sandisk","SNDK","0","944.46","United States"
"10698","Aktis Oncology","AKTS","0","17.84","United States"
"10699","Atlas Critical Minerals","ATCX","0","5.33","Brazil"
"10700","Chaince Digital Holdings","CD","0","4.74","United States"
"10701","Shoulder Innovations","SI","0","15.01","United States"
"10702","Versant Media Group","VSNT","0","41.15","United States"
"10703","Qnity Electronics","Q","0","132.77","United States"
"10704","Solstice Advanced Materials","SOLS","0","80.22","United States"
"10705","BitGo","BTGO","0","10.27","United States"
"10706","PicPay","PICS","0","13.23","Brazil"
"10707","Aura Minerals","AUGO","0","108.65","United States"
"10708","SmartStop Self Storage REIT","SMA","0","32.32","United States"
"10709","Millrose Properties","MRP","0","30.81","United States"
"10710","EquipmentShare.com","EQPT","0","20.36","United States"
"10711","GigCapital9","GIXXU","0","0","United States"
"10712","Public Policy Holding Company","PPHC","0","13.67","United States"
"10713","York Space Systems","YSS","0","34.46","United States"
"10714","Ethos Technologies","LIFE","0","14.69","United States"
"10715","Polaryx Therapeutics","PLYX","0","6.47","United States"
"10716","GenFlat Holdings","GFLT","0","9","United States"
"10717","Helus Pharma","HELP","0","5.46","Canada"
"10718","Umbrella Global Energy","UMB.MC","0","3.84434","Spain"
"10719","Veradermics","MANE","0","74.99","United States"
"10720","Once Upon A Farm","OFRM","0","15.9","United States"
"10721","Agomab Therapeutics","AGMB","0","10.47","Belgium"
"10722","SpyGlass Pharma","SGP","0","24.52","United States"
"10723","Bob's Discount Furniture","BOBS","0","11.44","United States"
"10724","Eikon Therapeutics","EIKN","0","10.61","United States"
"10725","Forgent Power Solutions","FPS","0","33.03","United States"
"10726","Perpetuals.com","PDC","0","5.17","Japan"
"10727","Grupo Casas Bahia S.A.","BHIA3.SA","0","0.587917","Brazil"
"10728","Jaguar Uranium","JAGU","0","2.29","Canada"
"10729","SOLV Energy","MWH","0","33.97","United States"
"10730","AGI Inc (Agibank)","AGBK","0","7.45","Brazil"
"10731","ARKO Petroleum","APC","0","18.72","United States"
"10732","AXIA Energia SA","AXIA3.SA","0","13.4739","Brazil"
"10733","Natura Cosméticos S.A.","NATU3.SA","0","2.0868","Brazil"
"10734","L1 Group","L1G.AX","0","0.776923","Australia"
"10735","MindMaze Therapeutics","V6M.F","0","0.356132","Switzerland"
"10736","Siljansvik AB","SIVI.ST","0","12.3738","Sweden"
"10737","maison pommery &amp; associes","POMRY.PA","0","12.5","France"
"10738","Carvolix","CVX.PA","0","3.71462","France"
"10739","BTG Consulting plc","BTG.L","0","1.56728","United Kingdom"
"10740","Generate Biomedicines","GENB","0","12.89","United States"
"10741","Atrium Therapeutics","RNA","0","15.47","United States"
"10742","BCP Investment Corporation","BCIC","0","7.8","United States"
"10743","Turk Altin Isletmeleri A.S.","TRALT.IS","0","1.02157","Turkey"
"10744","Makhazen","MKHZN.KW","0","437.999","Kuwait"
"10745","Nutun Limited","NTU.JO","0","0.0752984","South Africa"
"10746","Optimum Communications","OPTU","0","0","United States"
"10747","United Foodbrands Limited","UFBL.NS","0","3.13739","India"
"10748","Modon Holding PSC","MODON.AE","0","0.83","United Arab Emirates"
"10749","ImageneBio","IMA","0","5.73","United States"
"10750","Commerce.com","CMRC","0","2.51","United States"
"10751","Octave Specialty Group","OSG","0","4.32","United States"
"10752","Orion Digital Corp.","ORIO","0","1.04","Canada"
"10753","American Uranium Limited","AMU.AX","0","0.081969","Australia"
"10754","Bajaj Mobility AG","BMAG.VI","0","18.8679","Austria"
"10755","APB Apranga","APG1L.VS","0","4.375","Lithuania"
"10756","Abundia Global Impact Group","AGIG","0","1.12","United States"
"10757","INVL Technology UTIB","INC1L.VS","0","5.23585","Lithuania"
"10758","AB Amber Grid","AMG1L.VS","0","1.45047","Lithuania"
"10759","Novaturas AB","NTU1L.VS","0","1.04953","Lithuania"
"10760","AB Pieno Zvaigzdes","PZV1L.VS","0","1.99882","Lithuania"
"10761","Versamet Royalties Corporation","VMET","0","11.94","Canada"
"10762","Rockpoint Gas Storage","RGSI.TO","0","19.6429","Canada"
"10763","MiniMed Group","MMED","0","15.21","United States"
"10764","Gabler Group AG","XK4.F","0","50.5896","Germany"
"10765","CSG N.V. (The Czechoslovak Group)","CSG.AS","0","25.684","Czech Republic"
"10766","SWI Capital Holding","SWICH.AS","0","7.07901","Singapore"
"10767","Zijin Gold International Company Limited","2259.HK","0","23.1244","Hong Kong"
"10768","Moore Threads","688795.SS","0","93.0995","China"
"10769","BMC Minerals","BMC.AX","0","1.88885","Canada"
"10770","Epiminder","EPI.AX","0","0.399153","Australia"
"10771","GemLife Communities Group","GLF.AX","0","3.11838","Australia"
"10772","DigiCo Infrastructure REIT","DGT.AX","0","1.31863","Australia"
"10773","Snowline Gold Corp.","SGD.TO","0","11.4226","Canada"
"10774","Swarmer","SWMR","0","42.32","United States"
"10775","Princes Group plc","PRN.L","0","5.15642","United Kingdom"
"10776","HBX Group International plc","HBX.MC","0","7.94811","United Kingdom"
"10777","Janus Living","JAN","0","25.75","United States"
"10778","Merlin, Inc.","MRLN","0","10.87","United States"
"10779","Guardian Metal Resources","GMTL","0","18.58","United Kingdom"
"10780","APR Co., Ltd.","278470.KS","0","272.467","South Korea"
"10781","American Bitcoin Corp","ABTC","0","1.03","United States"
"10782","Valiant Gold","VAL.AX","0","0","Australia"
"10783","Blossom Gold Inc.","BGAU.TO","0","1.49673","Canada"
"10784","Xanadu Quantum Technologies Limited","XNDU","0","14.83","Canada"
"10785","SODITECH","ALSEC.PA","0","7.59434","France"
"10786","Capital Tankers Corp.","CAPT.OL","0","0","Greece"
"10787","Jacktel AS","JACK.OL","0","0.471095","Norway"
"10788","ASTA Energy Solutions AG","1AST.F","0","51.1792","Austria"
"10789","GCL Global Holdings Ltd","GCL","0","0.562","Singapore"
"10790","Youlife Group Inc.","YOUL","0","1.03","China"
"10791","Cyabra, Inc.","CYAB","0","1.23","United States"
"10792","Costamare Bulkers Holdings Limited","CMDB","0","17.4","Monaco"
"10793","General Oceans ASA","GENO.OL","0","3.09917","Norway"
"10794","Versigent","VGNT","0","32.92","Switzerland"
"10795","Bicecorp","BICE.SN","0","0.458157","Chile"
"10796","HMH Holding","HMH","0","18.94","United States"
